quote_date,expiry,strike,underlying_price,c_bid,c_ask,c_iv,p_bid,p_ask,p_iv,combined_futures,log_moneyness,dte,total_variance
2026-03-07,2026-03-09,2800.0,6740.02,3921.8,3949.4,4.477055184936522,0.0,0.05,2.6093784765625,6735.575000000001,-0.8777837639441405,2,0.03730880018601443
2026-03-07,2026-03-09,5500.0,6740.02,1222.3,1248.9,1.2238808337402345,0.05,0.15,0.719729365234375,6735.5,-0.20264395391806034,2,0.002838412927017405
2026-03-07,2026-03-09,6000.0,6740.02,729.8,739.5,1.0000000000000004e-05,0.35,0.5,0.5034229345703125,6734.225,-0.11544326348605406,2,0.0013886830194596445
2026-03-07,2026-03-09,6100.0,6740.02,630.3,639.5,1.0000000000000004e-05,0.55,0.7,0.4565484033203125,6734.275,-0.09892138626662503,2,0.00028554188444163445
2026-03-07,2026-03-09,6460.0,6740.02,274.7,282.5,0.2652356192016601,4.1,4.4,0.2974618594360351,6734.35,-0.041591976645691205,2,0.0004337376061167391
2026-03-07,2026-03-09,6470.0,6740.02,265.1,273.0,0.2665478619384765,4.5,4.8,0.294379614868164,6734.4,-0.040052610521359916,2,0.0004310131975844716
2026-03-07,2026-03-09,6500.0,6740.02,236.6,244.6,0.2651745846557617,5.9,6.2,0.2847361566162109,6734.55,-0.03544881558373854,2,0.0004142490731045074
2026-03-07,2026-03-09,6520.0,6740.02,217.8,225.8,0.2616345809936523,7.0,7.6,0.2805858074951171,6734.5,-0.032369192118170916,2,0.00040274376670261904
2026-03-07,2026-03-09,6550.0,6740.02,190.3,198.1,0.2558210404968262,9.4,10.0,0.272193557434082,6734.5,-0.027778518409571937,2,0.00038191700770977895
2026-03-07,2026-03-09,6575.0,6740.02,167.9,175.6,0.2506941386413574,12.0,12.5,0.2647473428344726,6734.5,-0.023968989992904265,2,0.0003639450970219157
2026-03-07,2026-03-09,6600.0,6740.02,146.1,153.8,0.2455824954223632,15.2,15.8,0.2583844914245606,6734.45,-0.020166494540632622,2,0.00034792153949529805
2026-03-07,2026-03-09,6625.0,6740.02,125.2,132.8,0.2401275328826904,19.2,19.9,0.2519758641052246,6734.45,-0.016385771700726533,2,0.00033173390866718557
2026-03-07,2026-03-09,6635.0,6740.02,117.2,124.3,0.2359161492156982,21.0,21.7,0.2488631022644042,6734.4,-0.014870051249998201,2,0.00032193277077480594
2026-03-07,2026-03-09,6640.0,6740.02,116.2,117.6,0.2203447106933593,22.0,22.7,0.2475203422546386,6734.55,-0.014139028996987456,2,0.0002998598736575793
2026-03-07,2026-03-09,6650.0,6740.02,108.3,109.7,0.2186967779541015,24.1,24.8,0.2446898651885986,6734.55,-0.012634137817567238,2,0.0002941468233466576
2026-03-07,2026-03-09,6675.0,6740.02,89.5,90.4,0.2122347454071045,30.3,31.0,0.2382049446868896,6734.3,-0.008844665504795792,2,0.00027793960878352527
2026-03-07,2026-03-09,6680.0,6740.02,85.9,86.8,0.211372632446289,31.6,32.4,0.2369232192230224,6734.35,-0.008103306891647274,2,0.000275300233731388
2026-03-07,2026-03-09,6695.0,6740.02,75.6,76.2,0.2079699565124511,36.1,36.8,0.2324753266906738,6734.45,-0.005875164429876627,2,0.00026574253081627523
2026-03-07,2026-03-09,6700.0,6740.02,72.2,72.8,0.20684081741333,37.7,38.4,0.2310562734985352,6734.45,-0.005128617176092049,2,0.0002626765236014717
2026-03-07,2026-03-09,6710.0,6740.02,65.5,66.2,0.2045520219421386,41.0,41.8,0.2282868309783935,6734.45,-0.0036371925894220507,2,0.00025664311314734526
2026-03-07,2026-03-09,6720.0,6740.02,59.1,59.8,0.201881760559082,44.6,45.4,0.2252656209564208,6734.45,-0.0021479890379543496,2,0.0002499381993637678
2026-03-07,2026-03-09,6725.0,6740.02,56.0,56.7,0.2004932246398925,46.5,47.3,0.2237550159454345,6734.45,-0.0014042180851096913,2,0.0002465569447119802
2026-03-07,2026-03-09,6740.0,6740.02,47.1,47.8,0.1960300734710693,52.3,53.4,0.219108761138916,6734.6,0.0008015080654099574,2,0.00023608253698813252
2026-03-07,2026-03-09,6745.0,6740.02,44.2,44.9,0.1941532611846924,54.5,55.6,0.2176515613555908,6734.5,0.0015579216029867028,2,0.0002323057696814166
2026-03-07,2026-03-09,6750.0,6740.02,41.5,42.1,0.1923298541259765,56.7,57.8,0.2158739302062988,6734.55,0.002291512399108419,2,0.0002282607254016312
2026-03-07,2026-03-09,6755.0,6740.02,38.8,39.4,0.1905598522949219,59.0,60.1,0.2141954801940918,6734.55,0.003031978926832164,2,0.00022442038243601647
2026-03-07,2026-03-09,6760.0,6740.02,36.2,36.8,0.188835626373291,61.4,62.5,0.2126009526824951,6734.55,0.0037718975695427283,2,0.0002207552424712499
2026-03-07,2026-03-09,6765.0,6740.02,33.6,34.2,0.1867299345397949,63.8,64.9,0.2106783644866943,6734.55,0.004511269137421388,2,0.00021634706319880473
2026-03-07,2026-03-09,6770.0,6740.02,31.2,31.8,0.1850743724822997,66.4,67.5,0.209244052658081,6734.55,0.005250094438853672,2,0.00021299591836327397
2026-03-07,2026-03-09,6775.0,6740.02,28.8,29.4,0.1830144565582274,68.9,70.1,0.207466421508789,6734.6,0.0059809499069588355,2,0.00020887029607669604
2026-03-07,2026-03-09,6780.0,6740.02,26.6,27.0,0.1805272988128662,71.7,72.8,0.2057574542236327,6734.55,0.006726109466974289,2,0.0002044053567513273
2026-03-07,2026-03-09,6785.0,6740.02,24.4,24.9,0.1789175126647949,74.5,75.6,0.2041171508026122,6734.6,0.007455876428026655,2,0.00020098021016108194
2026-03-07,2026-03-09,6790.0,6740.02,22.3,22.8,0.1768652260589599,77.4,78.5,0.2025378819274901,6734.6,0.008192524711799038,2,0.0001971872854106546
2026-03-07,2026-03-09,6795.0,6740.02,20.3,20.8,0.1748053101348877,79.9,82.3,0.2046283151245116,6734.45,0.008950904030094525,2,0.00019721900818834282
2026-03-07,2026-03-09,6800.0,6740.02,18.4,19.0,0.173210782623291,83.1,85.6,0.2041781853485107,6734.35,0.009701317741859422,2,0.00019509922348879668
2026-03-07,2026-03-09,6805.0,6740.02,16.7,17.2,0.1711356080627441,83.7,91.3,0.2145235408782958,6734.45,0.010421492530416946,2,0.00020374380707113317
2026-03-07,2026-03-09,6810.0,6740.02,15.0,15.5,0.1690451748657226,89.5,92.0,0.2012637857818603,6734.5,0.011148552104688566,2,0.00018784757032314122
2026-03-07,2026-03-09,6815.0,6740.02,13.4,13.9,0.166924224395752,92.9,95.4,0.2001804225921631,6734.5,0.011882497091763543,2,0.0001846107148494819
2026-03-07,2026-03-09,6820.0,6740.02,11.9,12.4,0.1647803859710693,96.5,99.1,0.2002185691833495,6734.35,0.012638177415169052,2,0.0001824989551559143
2026-03-07,2026-03-09,6825.0,6740.02,10.6,11.1,0.1632011170959473,100.0,102.7,0.1994022321319579,6734.5,0.013348773014290894,2,0.00018011121763190986
2026-03-07,2026-03-09,6830.0,6740.02,9.3,9.8,0.1610496493530273,103.8,106.4,0.1987384814453124,6734.45,0.014088530009686287,2,0.00017732534118268932
2026-03-07,2026-03-09,6835.0,6740.02,8.3,8.7,0.1595466736602783,107.6,110.2,0.1982425757598876,6734.6,0.014798053317107061,2,0.00017536047534335024
2026-03-07,2026-03-09,6840.0,6740.02,7.2,7.6,0.1574333525085449,111.5,114.2,0.1985172312164306,6734.55,0.015536739149129208,2,0.0001735627644577408
2026-03-07,2026-03-09,6845.0,6740.02,6.3,6.6,0.155358177947998,115.6,118.1,0.1978839978027343,6734.6,0.01626004188160656,2,0.00017093155442344005
2026-03-07,2026-03-09,6850.0,6740.02,5.4,5.8,0.1541374870300293,119.7,122.3,0.1986927055358886,6734.6,0.01699023541532814,2,0.00017053307504945577
2026-03-07,2026-03-09,6855.0,6740.02,4.6,5.0,0.1522911920166015,124.0,126.5,0.1992191284942626,6734.55,0.01772732052894767,2,0.00016925959647349367
2026-03-07,2026-03-09,6860.0,6740.02,4.0,4.3,0.1506280006408691,128.3,130.8,0.2001117587280273,6734.6,0.018449024878988248,2,0.00016851832712623473
2026-03-07,2026-03-09,6865.0,6740.02,3.3,3.7,0.1492394647216797,132.6,135.2,0.2013934841918945,6734.6,0.01917762236112863,2,0.00016841570529291665
2026-03-07,2026-03-09,6870.0,6740.02,2.85,3.1,0.1471185142517089,137.0,139.8,0.2038501246643066,6734.575,0.019909401555300004,2,0.00016873833630487735
2026-03-07,2026-03-09,6875.0,6740.02,2.4,2.65,0.1459741165161132,141.6,144.2,0.2047198669433593,6734.625,0.020629514527761784,2,0.00016847434251325037
2026-03-07,2026-03-09,6880.0,6740.02,2.0,2.2,0.1440820455932617,146.2,148.9,0.2075579733276367,6734.55,0.021367659459922354,2,0.00016938452452971205
2026-03-07,2026-03-09,6885.0,6740.02,1.65,1.85,0.1428308374023437,150.9,153.5,0.2095110787963867,6734.55,0.02209413969528825,2,0.00017006140535697693
2026-03-07,2026-03-09,6890.0,6740.02,1.45,1.6,0.1425561819458007,153.2,160.9,0.2320023089599609,6734.475,0.022831229203804187,2,0.00019218364809534452
2026-03-07,2026-03-09,6895.0,6740.02,1.2,1.3,0.1407251455688477,157.7,165.6,0.2349472257995605,6734.6,0.02353809438645947,2,0.00019332839809529207
2026-03-07,2026-03-09,6900.0,6740.02,0.95,1.1,0.1401453173828125,165.1,167.7,0.2176591906738281,6734.625,0.024259282578340615,2,0.00017537543285706106
2026-03-07,2026-03-09,6905.0,6740.02,0.75,0.9,0.1388635919189453,170.1,172.6,0.2215501429748534,6734.475,0.025005931039492522,2,0.0001779425483562978
2026-03-07,2026-03-09,6910.0,6740.02,0.65,0.8,0.139657041015625,174.9,177.5,0.225395319366455,6734.525,0.025722357501657002,2,0.00018255236413770962
2026-03-07,2026-03-09,6915.0,6740.02,0.5,0.65,0.1384363500976562,173.3,188.7,0.2769542520141601,6734.575,0.02643826043776354,2,0.00023636897578468118
2026-03-07,2026-03-09,6920.0,6740.02,0.4,0.55,0.1382532464599609,178.6,193.4,0.280005979309082,6734.475,0.02717591380781538,2,0.00023964490402865644
2026-03-07,2026-03-09,6925.0,6740.02,0.3,0.45,0.1374597973632813,183.5,198.3,0.2843852079772949,6734.475,0.02789819625163927,2,0.0002437715185353298
2026-03-07,2026-03-09,6930.0,6740.02,0.35,0.4,0.1383142810058593,188.1,203.5,0.2908396112060546,6734.575,0.02860510852285386,2,0.0002522918673981302
2026-03-07,2026-03-09,6935.0,6740.02,0.25,0.35,0.1389246264648437,193.4,208.2,0.2937082348632812,6734.5,0.02933748571006236,2,0.0002563988941109048
2026-03-07,2026-03-09,6940.0,6740.02,0.2,0.3,0.1391687646484375,198.3,213.4,0.3001321208190917,6734.4,0.030073055484544076,2,0.0002643633807843222
2026-03-07,2026-03-09,6945.0,6740.02,0.1,0.25,0.1389246264648437,203.4,219.2,0.3108589422607422,6733.875,0.030871218158272564,2,0.0002771304913637313
2026-03-07,2026-03-09,6950.0,6740.02,0.1,0.25,0.1418542846679687,214.4,217.0,0.2571790591430664,6734.475,0.031501803754937927,2,0.00021812001297673384
2026-03-07,2026-03-09,6955.0,6740.02,0.1,0.15,0.1363611755371093,219.3,221.9,0.2606275109863281,6734.525,0.032213545097484794,2,0.00021589043455836167
2026-03-07,2026-03-09,6960.0,6740.02,0.05,0.15,0.1391687646484375,214.1,237.5,0.3488834643554687,6734.3,0.03296560455521914,2,0.00032629449073381
2026-03-07,2026-03-09,6965.0,6740.02,0.05,0.1,0.135750830078125,219.1,242.2,0.3519351916503905,6734.425,0.03366517592128762,2,0.00032580500793066586
2026-03-07,2026-03-09,6970.0,6740.02,0.05,0.1,0.1384363500976562,224.2,247.3,0.3576876976013183,6734.325,0.03439764264988659,2,0.0003371768091852251
2026-03-07,2026-03-09,6975.0,6740.02,0.05,0.1,0.1411218701171875,229.1,252.3,0.3627230476379394,6734.375,0.035107320963353415,2,0.00034775301527078156
2026-03-07,2026-03-09,6980.0,6740.02,0.1,0.15,0.1501549829101562,234.1,257.6,0.3698335722351074,6734.275,0.035838759328390465,2,0.00037039465408501203
2026-03-07,2026-03-09,6985.0,6740.02,0.0,0.15,0.1528405029296875,239.1,262.6,0.3748384049987792,6734.225,0.03656225999481602,2,0.00038143154777065647
2026-03-07,2026-03-09,6990.0,6740.02,0.05,0.1,0.1489342919921875,244.2,267.3,0.3777070286560058,6734.325,0.03726297412317296,2,0.0003799329871425659
2026-03-07,2026-03-09,6995.0,6740.02,0.0,0.05,0.141610146484375,249.2,272.6,0.3848022946166991,6734.125,0.03800772503228059,2,0.00037960281937807097
2026-03-07,2026-03-09,7020.0,6740.02,0.0,0.1,0.1645591357421875,274.2,297.6,0.4093229234313965,6734.15,0.04157162252464657,2,0.0004511515312894699
2026-03-07,2026-03-09,7025.0,6740.02,0.0,0.1,0.1672446557617187,279.2,302.6,0.4141599111938476,6734.15,0.04228361970673646,2,0.0004630565348997118
2026-03-07,2026-03-09,7030.0,6740.02,0.0,0.1,0.16993017578125,284.2,306.9,0.4137479280090332,6734.5,0.04294313776584106,2,0.00046668510800578156
2026-03-07,2026-03-09,7045.0,6740.02,0.0,0.1,0.1774984594726562,299.1,321.9,0.428014753112793,6734.55,0.04506715286531362,2,0.0005022551378295225
2026-03-07,2026-03-09,7060.0,6740.02,0.0,0.1,0.1850667431640624,314.1,337.2,0.4444788218688965,6734.4,0.047216332470981684,2,0.0005429145458255718
2026-03-07,2026-03-09,7070.0,6740.02,0.0,0.1,0.190437783203125,324.1,347.1,0.453054175567627,6734.45,0.0486243363354689,2,0.0005672354808255056
2026-03-07,2026-03-09,7075.0,6740.02,0.0,0.1,0.1928791650390625,329.1,352.1,0.4577080596923829,6734.45,0.04933129995628875,2,0.0005798133383339236
2026-03-07,2026-03-09,7080.0,6740.02,0.0,0.1,0.195320546875,334.1,357.1,0.4623314265441895,6734.45,0.05003776413261596,2,0.0005924741344413072
2026-03-07,2026-03-09,7100.0,6740.02,0.0,0.05,0.1928791650390625,349.8,379.4,0.4989979299926758,6735.425,0.05271387298358592,2,0.0006557450885336398
2026-03-07,2026-03-09,7125.0,6740.02,0.0,0.05,0.2045977978515624,374.8,404.4,0.5221300228881834,6735.425,0.05622881509103034,2,0.0007234703088180003
2026-03-07,2026-03-09,7130.0,6740.02,0.0,0.1,0.2202226416015624,379.8,409.4,0.5267228724670412,6735.45,0.056926611651143544,2,0.0007642843849139871
2026-03-07,2026-03-09,7150.0,6740.02,0.0,0.05,0.2163164306640624,400.9,427.5,0.529148995666504,6735.825,0.05967205991334805,2,0.0007612584956907028
2026-03-07,2026-03-09,7175.0,6740.02,0.0,0.05,0.2280350634765625,425.9,452.5,0.5512435012817384,6735.825,0.06316246485311658,2,0.0008318836732763801
2026-03-07,2026-03-09,7275.0,6740.02,0.0,0.05,0.273444765625,525.9,553.2,0.6434514414978028,6735.475,0.07705547858489446,2,0.0011516419926523036
2026-03-07,2026-03-10,5500.0,6740.02,1224.2,1248.0,1.0402880017089848,0.3,0.45,0.70117486328125,6735.725,-0.20267735845254353,3,0.004040927579979284
2026-03-07,2026-03-10,6000.0,6740.02,725.5,749.3,0.6737398348999025,1.45,1.75,0.5031787963867188,6735.8,-0.11567711605977642,3,0.0020810046668481123
2026-03-07,2026-03-10,6100.0,6740.02,626.1,649.9,0.6033975207519533,1.95,2.3,0.4644828942871094,6735.875,-0.09915894858145073,3,0.002343223111282194
2026-03-07,2026-03-10,6200.0,6740.02,526.8,550.6,0.5321702056884765,2.65,3.1,0.418951123046875,6735.825,-0.08289100474152229,3,0.001858832428716371
2026-03-07,2026-03-10,6225.0,6740.02,502.1,525.9,0.5153246710205077,2.9,3.3,0.4063169720458984,6735.9,-0.07887798887335641,3,0.0017453903799331738
2026-03-07,2026-03-10,6400.0,6740.02,330.8,354.7,0.4027922270202637,6.7,7.3,0.3368749174499512,6735.75,-0.051131171871405534,3,0.0011241934615247706
2026-03-07,2026-03-10,6500.0,6740.02,237.1,260.0,0.3462589788818359,12.9,13.6,0.3056557472229004,6735.3,-0.0355601753985509,3,0.000873272897490849
2026-03-07,2026-03-10,6600.0,6740.02,154.0,168.9,0.2878412891387938,25.9,26.7,0.2778087356567382,6735.15,-0.020270432296858498,3,0.0006574519531873685
2026-03-07,2026-03-10,6610.0,6740.02,150.5,155.0,0.2586133709716797,27.7,28.6,0.2752071381378174,6734.6,-0.018674762995210845,3,0.0005855431560532656
2026-03-07,2026-03-10,6620.0,6740.02,142.5,147.0,0.2564237566375732,29.7,30.6,0.2724758422088622,6734.6,-0.017163046909888856,3,0.000574797504780658
2026-03-07,2026-03-10,6625.0,6740.02,138.5,143.0,0.255088625946045,30.7,31.6,0.2708965733337402,6734.6,-0.016408044986519817,3,0.0005684803353316341
2026-03-07,2026-03-10,6650.0,6740.02,120.9,122.0,0.2420424917602539,36.5,37.4,0.2641293680572509,6734.5,-0.012626713388969703,3,0.0005264588048036541
2026-03-07,2026-03-10,6660.0,6740.02,113.5,114.5,0.2395324460601806,39.0,40.0,0.2614514773559571,6734.5,-0.011124083504434739,3,0.0005157223798385477
2026-03-07,2026-03-10,6670.0,6740.02,106.2,107.3,0.2375030474090576,41.8,42.7,0.2585218191528321,6734.5,-0.009623708129200189,3,0.0005055630169474119
2026-03-07,2026-03-10,6675.0,6740.02,102.6,103.7,0.2362060633087158,43.2,44.2,0.2573774214172363,6734.45,-0.00886693928669924,3,0.0005005986090292072
2026-03-07,2026-03-10,6680.0,6740.02,99.1,100.2,0.2350998121643066,44.7,45.7,0.2560651786804199,6734.45,-0.00811815602445808,3,0.0004957048936263703
2026-03-07,2026-03-10,6700.0,6740.02,85.5,86.5,0.2299042464447021,51.0,52.1,0.2505262936401367,6734.45,-0.005128617176092049,3,0.000474274322971664
2026-03-07,2026-03-10,6710.0,6740.02,78.9,80.0,0.2274018300628662,54.4,55.5,0.2474059024810791,6734.5,-0.0036446170731420195,3,0.00046323777304833425
2026-03-07,2026-03-10,6715.0,6740.02,75.7,76.8,0.2260285527801513,56.2,57.3,0.245925814743042,6734.5,-0.002899738081531619,3,0.00045768683224154256
2026-03-07,2026-03-10,6720.0,6740.02,72.6,73.7,0.2248002325439452,58.1,59.2,0.2446135720062256,6734.5,-0.002155413521674301,3,0.0004527725751416423
2026-03-07,2026-03-10,6725.0,6740.02,69.5,70.6,0.2233582913970947,60.0,61.1,0.2431029669952392,6734.5,-0.0014116425688297447,3,0.0004470947374951226
2026-03-07,2026-03-10,6730.0,6740.02,66.4,67.5,0.2217027293395995,61.9,63.0,0.241393999710083,6734.5,-0.000668424400096072,3,0.00044066831600653763
2026-03-07,2026-03-10,6740.0,6740.02,60.5,61.6,0.2187959590911865,66.0,67.1,0.2384338242340087,6734.5,0.0008163568674831253,3,0.0004295734412868593
2026-03-07,2026-03-10,6745.0,6740.02,57.6,58.7,0.2171785436248779,68.1,69.2,0.2368164087677002,6734.5,0.0015579216029867028,3,0.00042351660985877923
2026-03-07,2026-03-10,6750.0,6740.02,54.8,55.8,0.2153322486114502,70.3,71.4,0.2353515796661376,6734.45,0.002306361311426003,3,0.00041736146521426483
2026-03-07,2026-03-10,6755.0,6740.02,52.0,53.0,0.213600393371582,72.5,73.6,0.233657871017456,6734.45,0.0030468278391496467,3,0.00041104100355676974
2026-03-07,2026-03-10,6765.0,6740.02,46.6,47.7,0.2104685582351684,77.1,78.2,0.2303238589477539,6734.5,0.004518693566018797,3,0.0003992423733821165
2026-03-07,2026-03-10,6770.0,6740.02,44.1,45.1,0.2087023710632323,79.5,80.6,0.2286682968902587,6734.55,0.005250094438853672,3,0.0003930680161357867
2026-03-07,2026-03-10,6775.0,6740.02,41.6,42.5,0.2066729724121093,82.0,83.1,0.2271424332427978,6734.5,0.005995798709032111,3,0.00038670371133602374
2026-03-07,2026-03-10,6780.0,6740.02,39.1,40.0,0.2047351255798339,84.5,85.6,0.2253724314117431,6734.5,0.006733533895571755,3,0.0003801215970847862
2026-03-07,2026-03-10,6785.0,6740.02,36.7,37.6,0.2028888305664062,87.0,88.2,0.2237244986724853,6734.55,0.007463300801502573,3,0.00037397040962525516
2026-03-07,2026-03-10,6790.0,6740.02,34.4,35.3,0.2011340873718261,89.7,90.9,0.222191005706787,6734.55,0.00819994908527489,3,0.00036822767348633517
2026-03-07,2026-03-10,6800.0,6740.02,30.0,30.8,0.1971058073425293,95.3,96.4,0.218734924545288,6734.55,0.009671619696730966,3,0.00035532228965136077
2026-03-07,2026-03-10,6805.0,6740.02,27.8,28.7,0.1952061071014404,98.1,99.3,0.2171785436248779,6734.55,0.010406643618099365,3,0.0003494406167561662
2026-03-07,2026-03-10,6810.0,6740.02,25.8,26.7,0.1933827000427246,100.1,103.7,0.2212144529724121,6734.35,0.011170825721219472,3,0.0003532002725101164
2026-03-07,2026-03-10,6815.0,6740.02,23.9,24.7,0.1912312322998047,103.1,106.7,0.2195894081878661,6734.4,0.011897346114326959,3,0.00034679506572061656
2026-03-07,2026-03-10,6820.0,6740.02,22.0,22.8,0.1891407991027832,100.7,116.1,0.2431640015411376,6734.0,0.012690151116487997,3,0.00038401528902694536
2026-03-07,2026-03-10,6825.0,6740.02,20.2,21.0,0.1871114004516602,109.4,113.2,0.2175371215820312,6734.3,0.013378471279914464,3,0.00033645293092613186
2026-03-07,2026-03-10,6830.0,6740.02,18.5,19.3,0.1851582949829101,112.7,116.5,0.2163164306640624,6734.3,0.014110803791589552,3,0.0003311957986300928
2026-03-07,2026-03-10,6835.0,6740.02,16.8,17.6,0.1828160942840576,108.5,124.4,0.2341995526123046,6735.75,0.014627307938881097,3,0.0003573329789514892
2026-03-07,2026-03-10,6840.0,6740.02,15.3,16.1,0.1810003165435791,112.0,127.8,0.2332535171508789,6735.8,0.015351146346627572,3,0.0003526155590353883
2026-03-07,2026-03-10,6845.0,6740.02,13.8,14.6,0.1787801849365234,115.5,131.3,0.2324829560089111,6735.8,0.016081873452580726,3,0.00034754254335678963
2026-03-07,2026-03-10,6850.0,6740.02,12.5,13.2,0.1766363465118408,126.4,130.1,0.2102968985748291,6734.6,0.01699023541532814,3,0.00030763836195883763
2026-03-07,2026-03-10,6855.0,6740.02,11.1,11.9,0.1745611719512939,122.8,138.6,0.2315445498657226,6735.8,0.017541727726446306,3,0.0003388805286832602
2026-03-07,2026-03-10,6860.0,6740.02,10.2,10.7,0.172585178527832,126.5,142.4,0.2314148514556885,6736.0,0.01824116479776826,3,0.0003353753922466139
2026-03-07,2026-03-10,6865.0,6740.02,9.0,9.6,0.1707236248779297,130.4,146.2,0.2310639028167725,6736.0,0.01896976227990879,3,0.0003317120905705912
2026-03-07,2026-03-10,6870.0,6740.02,8.0,8.5,0.1683737948608398,134.3,150.2,0.2314377394104004,6736.0,0.019697829294232406,3,0.0003284573895951844
2026-03-07,2026-03-10,6875.0,6740.02,7.0,7.6,0.1668021553039551,145.7,149.4,0.2070849555969238,6734.75,0.020610953904124332,3,0.00028724295554343723
2026-03-07,2026-03-10,6880.0,6740.02,6.2,6.7,0.1647422393798828,150.0,153.5,0.2068942226409912,6734.7,0.021345386504857167,3,0.0002837951915823133
2026-03-07,2026-03-10,6885.0,6740.02,5.4,5.9,0.1628806857299805,146.7,162.5,0.2329101978302002,6736.05,0.021871432465291097,3,0.00032188443186852427
2026-03-07,2026-03-10,6890.0,6740.02,4.6,5.2,0.1612785289001465,158.5,162.1,0.208092025604248,6734.6,0.022812668166761453,3,0.00028034508192099417
2026-03-07,2026-03-10,6895.0,6740.02,4.0,4.5,0.1591423197937012,155.3,171.1,0.235084553527832,6736.05,0.0233228115299381,3,0.0003193455362648058
2026-03-07,2026-03-10,6900.0,6740.02,3.4,3.9,0.1572960247802734,159.7,175.5,0.236488348083496,6736.05,0.02404771188788668,3,0.00031862903899666886
2026-03-07,2026-03-10,6905.0,6740.02,2.95,3.4,0.1558922302246093,164.2,180.0,0.2383117551422119,6736.075,0.024768375778939127,3,0.00031930845632688695
2026-03-07,2026-03-10,6910.0,6740.02,2.5,2.9,0.1539086074829102,168.7,184.6,0.2406005506134033,6736.05,0.02549593806425133,3,0.0003198030325106755
2026-03-07,2026-03-10,6915.0,6740.02,2.15,2.5,0.1524742956542969,173.3,189.2,0.2427901649475097,6736.075,0.0262155540344052,3,0.0003210287544140489
2026-03-07,2026-03-10,6920.0,6740.02,1.8,2.15,0.1511620529174805,178.0,193.8,0.2448958567810059,6736.075,0.026938358547261853,3,0.00032231890650972827
2026-03-07,2026-03-10,6925.0,6740.02,1.5,1.85,0.1500023965454102,190.2,193.9,0.2175218629455566,6734.625,0.027875923048529025,3,0.0002775494821528428
2026-03-07,2026-03-10,6930.0,6740.02,1.25,1.55,0.1482629119873047,187.4,203.2,0.2500380172729491,6736.1,0.028378690766280305,3,0.00032598006215667474
2026-03-07,2026-03-10,6935.0,6740.02,1.05,1.35,0.1477136010742187,192.2,208.0,0.2531278911590576,6736.1,0.02909993133126351,3,0.00033015185321054723
2026-03-07,2026-03-10,6940.0,6740.02,0.85,1.15,0.1467065310668945,197.0,212.8,0.2561567304992676,6736.1,0.02982065208318167,3,0.00033349070038299854
2026-03-07,2026-03-10,6945.0,6740.02,0.7,1.0,0.1463098065185546,200.2,224.0,0.2972329798889159,6733.75,0.030889781193700557,3,0.00040424014391938964
2026-03-07,2026-03-10,6950.0,6740.02,0.6,0.9,0.1467370483398437,214.3,217.8,0.2292404957580566,6734.7,0.03146839413630553,3,0.00029046393219018195
2026-03-07,2026-03-10,6955.0,6740.02,0.5,0.75,0.145516357421875,209.0,231.5,0.2918466812133787,6735.375,0.032087337775807766,3,0.0003930543032142379
2026-03-07,2026-03-10,6960.0,6740.02,0.4,0.65,0.1452111846923828,212.6,236.4,0.2956384523773193,6736.025,0.03270948601176483,3,0.0003993460325434686
2026-03-07,2026-03-10,6965.0,6740.02,0.35,0.6,0.1462487719726562,219.1,241.3,0.2993997062683105,6735.275,0.03353896672566675,3,0.00040808746470922456
2026-03-07,2026-03-10,6970.0,6740.02,0.25,0.5,0.1452722192382812,222.4,246.2,0.3031304428863525,6736.075,0.03413781369011628,3,0.0004131471521927227
2026-03-07,2026-03-10,6975.0,6740.02,0.2,0.45,0.1458215301513671,227.4,251.2,0.3074486370086668,6736.025,0.034862339372865744,3,0.00042216543377524327
2026-03-07,2026-03-10,6980.0,6740.02,0.15,0.4,0.1461267028808593,233.9,256.1,0.3111183390808105,6735.275,0.03569027626817882,3,0.0004296021131476627
2026-03-07,2026-03-10,6985.0,6740.02,0.15,0.35,0.1462487719726562,237.3,261.1,0.3153907572937011,6736.05,0.036291292993598,3,0.00043789942804369305
2026-03-07,2026-03-10,6990.0,6740.02,0.1,0.35,0.1488122229003906,242.3,266.1,0.319647916870117,6736.025,0.03701056791115539,3,0.00045093473127493866
2026-03-07,2026-03-10,6995.0,6740.02,0.1,0.3,0.148446015625,247.2,271.1,0.3238898178100585,6736.05,0.03772190840211739,3,0.00045842699906874923
2026-03-07,2026-03-10,7000.0,6740.02,0.05,0.3,0.1510094665527344,252.2,276.0,0.3274603387451171,6736.075,0.038432737972997004,3,0.00047041100256526826
2026-03-07,2026-03-10,7010.0,6740.02,0.05,0.25,0.1525963647460937,262.2,286.0,0.3358373301696777,6736.05,0.03986400133117167,3,0.0004902071390323414
2026-03-07,2026-03-10,7020.0,6740.02,0.05,0.25,0.1574791284179687,272.2,296.0,0.3441380284118652,6736.05,0.041289518322392735,3,0.0005170269288206427
2026-03-07,2026-03-10,7025.0,6740.02,0.05,0.25,0.1599205102539062,278.8,301.0,0.3482731188964844,6735.25,0.04212028652152451,3,0.0005306728041966671
2026-03-07,2026-03-10,7030.0,6740.02,0.0,0.15,0.153328779296875,282.2,306.0,0.3523776921081542,6735.975,0.042724140290860385,3,0.0005254911682621759
2026-03-07,2026-03-10,7040.0,6740.02,0.0,0.1,0.1516198120117187,292.1,316.0,0.3605639505767822,6736.0,0.04414189322992536,3,0.0005390387808068091
2026-03-07,2026-03-10,7050.0,6740.02,0.05,0.2,0.1677329321289062,303.8,325.9,0.3680025358581543,6735.275,0.045668976318075094,3,0.0005897516951903727
2026-03-07,2026-03-10,7075.0,6740.02,0.05,0.2,0.1793294958496093,327.1,350.9,0.3880371255493163,6736.125,0.049082609754329,3,0.0006614483898855447
2026-03-07,2026-03-10,7100.0,6740.02,0.0,0.15,0.1853108813476562,352.1,375.9,0.4077360252380371,6736.075,0.05261737296495343,3,0.0007226807535839589
2026-03-07,2026-03-10,7150.0,6740.02,0.0,0.15,0.2075274560546874,402.1,425.9,0.4462488236999511,6736.075,0.059634945623599875,3,0.0008782673095270177
2026-03-07,2026-03-10,7175.0,6740.02,0.0,0.15,0.2182695361328124,427.1,450.9,0.4650932397460938,6736.075,0.06312535056336854,3,0.0009595575687471043
2026-03-07,2026-03-10,7275.0,6740.02,0.0,0.15,0.2612378564453125,528.6,550.8,0.5372971075439454,6735.375,0.07707032545795782,3,0.0013102563466712168
2026-03-07,2026-03-11,2800.0,6740.02,3923.4,3946.2,3.276613136596679,0.0,0.1,2.1093797265625,6734.75,-0.8776612724673523,4,0.04876145568036041
2026-03-07,2026-03-11,5500.0,6740.02,1225.3,1249.1,0.9517216741943356,1.0,1.25,0.7050810742187501,6736.075,-0.20272931884389114,4,0.005448102150372237
2026-03-07,2026-03-11,6000.0,6740.02,727.3,751.2,0.6262549581909181,2.8,3.2,0.4983570672607422,6736.25,-0.11574392103751444,4,0.0027217508656298952
2026-03-07,2026-03-11,6100.0,6740.02,628.1,651.9,0.5618329949951173,3.5,4.0,0.4542290905761719,6736.25,-0.09921461908630383,4,0.0028284442787273366
2026-03-07,2026-03-11,6500.0,6740.02,245.4,268.8,0.3538043746185302,20.5,21.4,0.3172370523071288,6736.15,-0.03568636819904781,4,0.0012336893058915743
2026-03-07,2026-03-11,6625.0,6740.02,145.5,161.3,0.2969430657958983,42.0,43.1,0.2853999073028563,6735.85,-0.01659363641124397,4,0.0009291050364862927
2026-03-07,2026-03-11,6650.0,6740.02,133.1,134.4,0.2610623821258544,48.3,49.5,0.279029426574707,6734.85,-0.012678683231624258,4,0.0007991757858231337
2026-03-07,2026-03-11,6670.0,6740.02,118.9,120.2,0.2567518173217773,53.9,55.2,0.2737537530136107,6735.0,-0.009697949934794933,4,0.0007710579730325352
2026-03-07,2026-03-11,6675.0,6740.02,115.4,116.7,0.2555006091308594,55.5,56.7,0.27236903175354,6734.95,-0.00894118164348269,4,0.0007634146788148626
2026-03-07,2026-03-11,6700.0,6740.02,98.6,99.8,0.249107240447998,63.6,64.9,0.2657773007965088,6734.95,-0.00520285953287561,4,0.0007263180570207293
2026-03-07,2026-03-11,6710.0,6740.02,92.1,93.3,0.2463683152008056,67.1,68.4,0.2628934185028077,6734.95,-0.003711434946205477,4,0.0007105411326433149
2026-03-07,2026-03-11,6715.0,6740.02,88.9,90.2,0.2452620640563965,68.9,70.3,0.2617185034942627,6734.95,-0.002966555954595018,4,0.0007041898517095573
2026-03-07,2026-03-11,6720.0,6740.02,85.8,87.0,0.2436713512039184,70.7,72.1,0.2600782000732422,6735.0,-0.002229655327269092,4,0.0006952427682518921
2026-03-07,2026-03-11,6725.0,6740.02,82.7,83.9,0.2422484833526611,72.6,74.0,0.2586133709716797,6735.0,-0.0014858843744245515,4,0.0006872947866225129
2026-03-07,2026-03-11,6730.0,6740.02,79.7,80.9,0.2409820165252685,74.6,76.0,0.2573163868713379,6735.0,-0.0007426662056908944,4,0.0006802775310345399
2026-03-07,2026-03-11,6740.0,6740.02,73.7,74.9,0.2379608065032958,78.6,80.0,0.2542570302581787,6735.0,0.0007421150618882715,4,0.0006637764351401247
2026-03-07,2026-03-11,6745.0,6740.02,70.8,72.0,0.2365150506973266,80.6,82.1,0.2528150891113281,6735.05,0.0014762559199749021,4,0.0006560109197949522
2026-03-07,2026-03-11,6750.0,6740.02,68.0,69.1,0.2349014498901367,82.8,84.2,0.2512129322814941,6735.05,0.0022172711446940946,4,0.0006474169659016612
2026-03-07,2026-03-11,6760.0,6740.02,62.3,63.5,0.2317886880493164,87.1,88.5,0.2478331443023681,6735.1,0.003690232492824904,4,0.0006302386358038011
2026-03-07,2026-03-11,6765.0,6740.02,59.6,60.7,0.2299576516723632,89.4,90.8,0.246375944519043,6735.05,0.004437027883007046,4,0.0006216265612620209
2026-03-07,2026-03-11,6770.0,6740.02,56.9,58.0,0.2282639430236816,91.7,93.1,0.2447432704162598,6735.05,0.0051758531844392506,4,0.00061297486018142
2026-03-07,2026-03-11,6775.0,6740.02,54.3,55.4,0.2267075621032714,94.0,95.4,0.2429351219940185,6735.15,0.005899285436526298,4,0.00060428561842769
2026-03-07,2026-03-11,6780.0,6740.02,51.7,52.8,0.2249528189086914,96.4,97.8,0.2412643013000488,6735.15,0.006637020623065769,4,0.0005955024744540572
2026-03-07,2026-03-11,6785.0,6740.02,49.1,50.2,0.2229997134399414,98.9,100.3,0.2397460669708251,6735.05,0.007389059547088134,4,0.0005866675542136147
2026-03-07,2026-03-11,6790.0,6740.02,46.6,47.7,0.2211686770629882,101.4,102.8,0.2380370996856689,6735.05,0.008125707830860371,4,0.0005777258778064042
2026-03-07,2026-03-11,6795.0,6740.02,44.2,45.3,0.219459709777832,103.9,105.3,0.23613739944458,6735.15,0.00884696627386864,4,0.0005686814409090916
2026-03-07,2026-03-11,6800.0,6740.02,41.8,42.9,0.2175447509002685,106.5,107.9,0.2343750269317626,6735.15,0.009582530852822709,4,0.0005595383167006913
2026-03-07,2026-03-11,6805.0,6740.02,39.4,40.5,0.2154009124755859,109.2,110.6,0.2327423528289795,6735.05,0.01033240236368505,4,0.0005502257157201044
2026-03-07,2026-03-11,6810.0,6740.02,37.1,38.2,0.2133638845062256,111.9,113.3,0.2309113164520263,6735.05,0.011066886421676596,4,0.0005407683676342331
2026-03-07,2026-03-11,6815.0,6740.02,34.9,36.0,0.2114412963104247,114.7,116.0,0.2288666591644287,6735.1,0.011793407586448248,4,0.000531153686724508
2026-03-07,2026-03-11,6820.0,6740.02,32.7,33.8,0.2092745699310302,117.5,118.9,0.2273026489257812,6735.05,0.012534238115626432,4,0.00052219087130068
2026-03-07,2026-03-11,6825.0,6740.02,30.7,31.7,0.2072070246887206,119.0,123.5,0.2315102179336547,6734.95,0.013281955141227547,4,0.0005273227917100826
2026-03-07,2026-03-11,6830.0,6740.02,28.5,29.6,0.2048800826263427,121.9,126.4,0.2295914443969726,6734.9,0.014021711640549368,4,0.0005171657747780038
2026-03-07,2026-03-11,6835.0,6740.02,26.5,27.6,0.2026523217010497,117.9,133.8,0.243598872680664,6736.2,0.014560502465261107,4,0.0005455893931153589
2026-03-07,2026-03-11,6840.0,6740.02,24.6,25.7,0.2005161125946044,128.0,132.5,0.2261620658493042,6734.9,0.015484769692309644,4,0.0004987788163293477
2026-03-07,2026-03-11,6845.0,6740.02,22.8,23.8,0.1980823600769042,124.1,140.0,0.240592921295166,6736.25,0.01601506847484288,4,0.0005272219246215478
2026-03-07,2026-03-11,6850.0,6740.02,21.1,22.0,0.195747788696289,134.3,138.8,0.2225495836639404,6735.0,0.016930842411806608,4,0.00047937723759855456
2026-03-07,2026-03-11,6855.0,6740.02,19.3,20.3,0.1934895104980468,137.6,142.1,0.220962685470581,6734.95,0.01766792708448175,4,0.00047060444587182976
2026-03-07,2026-03-11,6860.0,6740.02,17.6,18.7,0.1913380427551269,140.9,145.3,0.2187272952270507,6735.05,0.01838220799804953,4,0.00046069474360119873
2026-03-07,2026-03-11,6865.0,6740.02,16.1,17.1,0.1888508850097656,144.4,148.8,0.2174455697631835,6735.0,0.019118229357607017,4,0.0004522652305782659
2026-03-07,2026-03-11,6870.0,6740.02,14.6,15.7,0.1869054088592529,147.9,152.3,0.2159197061157226,6735.05,0.019838872494513746,4,0.00044457006371123896
2026-03-07,2026-03-11,6875.0,6740.02,13.4,14.3,0.1846089840698241,151.4,155.9,0.2145616874694824,6735.2,0.020544138511317867,4,0.0004365403425127149
2026-03-07,2026-03-11,6880.0,6740.02,11.9,12.9,0.1819310933685302,155.1,159.5,0.2129595306396484,6735.1,0.02128599438320444,4,0.00042722905460155803
2026-03-07,2026-03-11,6885.0,6740.02,10.7,11.7,0.1798559188079833,151.8,167.7,0.2313614462280273,6736.45,0.02181205224630901,4,0.0004632869076908482
2026-03-07,2026-03-11,6890.0,6740.02,9.5,10.5,0.1773763903808593,155.7,171.5,0.2306671782684326,6736.4,0.022545427425805117,4,0.00045616316141383395
2026-03-07,2026-03-11,6895.0,6740.02,8.7,9.4,0.1750265603637695,159.6,175.4,0.2302170484924316,6736.55,0.02324858680713319,4,0.00044992433566793907
2026-03-07,2026-03-11,6900.0,6740.02,7.7,8.4,0.1728140580749512,170.6,175.0,0.2090533197021484,6735.25,0.02416648290492883,4,0.0003995142307133099
2026-03-07,2026-03-11,6905.0,6740.02,6.8,7.4,0.1701437966918945,167.6,183.4,0.2296677375793457,6736.6,0.02469044025384612,4,0.00043794318612691243
2026-03-07,2026-03-11,6910.0,6740.02,5.9,6.6,0.1683127603149414,171.8,187.6,0.2300797207641601,6736.55,0.025421713341446713,4,0.00043483991501469115
2026-03-07,2026-03-11,6915.0,6740.02,5.2,5.8,0.16602396484375,176.0,191.8,0.2303391175842285,6736.6,0.02613761850931225,4,0.0004304210770186534
2026-03-07,2026-03-11,6920.0,6740.02,4.5,5.1,0.1639945661926269,180.3,196.1,0.2309494630432129,6736.6,0.02686042302216883,4,0.0004273446198055888
2026-03-07,2026-03-11,6925.0,6740.02,3.9,4.2,0.1596611134338378,184.6,200.5,0.2319412744140624,6736.5,0.02759754985963677,4,0.000420143644296376
2026-03-07,2026-03-11,6930.0,6740.02,3.3,3.9,0.1601188725280761,196.2,200.5,0.2081530601501464,6735.25,0.028504884503526975,4,0.0003715731956124746
2026-03-07,2026-03-11,6935.0,6740.02,2.85,3.4,0.158364129333496,193.6,209.4,0.2340927421569824,6736.625,0.029021996095405022,4,0.0004219791670687503
2026-03-07,2026-03-11,6940.0,6740.02,2.4,2.9,0.1560753338623047,205.2,209.6,0.2099688378906249,6735.25,0.02994684582042824,4,0.00036709133061448826
2026-03-07,2026-03-11,6945.0,6740.02,2.05,2.5,0.1543358493041992,200.2,224.2,0.2668530346679688,6735.075,0.030693030548521925,4,0.00048602760542937085
2026-03-07,2026-03-11,6950.0,6740.02,1.7,2.15,0.1527184338378906,214.5,218.9,0.2126085820007324,6735.225,0.03139044270001077,4,0.0003656543246617905
2026-03-07,2026-03-11,6955.0,6740.02,1.45,1.85,0.1512841220092773,208.1,232.0,0.26367923828125,6736.6,0.0319054787679969,4,0.00047176600105097515
2026-03-07,2026-03-11,6960.0,6740.02,1.2,1.6,0.1500939483642578,212.9,236.7,0.2660366976165771,6736.6,0.032624127738918866,4,0.000474423875409389
2026-03-07,2026-03-11,6965.0,6740.02,1.0,1.35,0.1484154983520508,219.3,241.5,0.2688824333190917,6735.775,0.03346473346244974,4,0.00047708921582743425
2026-03-07,2026-03-11,6970.0,6740.02,0.8,1.2,0.148171360168457,224.1,246.3,0.2716823931121825,6735.8,0.0341786394846011,4,0.00048295116203791815
2026-03-07,2026-03-11,6975.0,6740.02,0.65,1.0,0.1464318756103515,228.9,251.2,0.2750011465454102,6735.775,0.03489945393811014,4,0.00048659121140640755
2026-03-07,2026-03-11,6980.0,6740.02,0.55,0.9,0.1466149792480468,232.2,256.0,0.2777324424743652,6736.625,0.035489859102891264,4,0.000493344477595777
2026-03-07,2026-03-11,6990.0,6740.02,0.35,0.65,0.1446008392333984,243.6,265.9,0.2847819325256347,6735.75,0.03705139400868709,4,0.0005051220950232053
2026-03-07,2026-03-11,7000.0,6740.02,0.2,0.5,0.1441125628662109,253.4,275.7,0.291175301208496,6735.8,0.0384735637674819,4,0.000519111026330741
2026-03-07,2026-03-11,7010.0,6740.02,0.1,0.4,0.1445398046875,261.8,285.6,0.2980569462585449,6736.55,0.039789776608366925,4,0.0005366900930082062
2026-03-07,2026-03-11,7020.0,6740.02,0.05,0.35,0.1466149792480468,271.7,295.6,0.3054497556304931,6736.55,0.04121529359958783,4,0.0005598973274542591
2026-03-07,2026-03-11,7025.0,6740.02,0.05,0.3,0.1461267028808593,276.7,300.5,0.3085243708801269,6736.575,0.041923579690152785,4,0.0005663221886904596
2026-03-07,2026-03-11,7040.0,6740.02,0.0,0.25,0.149422568359375,291.7,315.5,0.3194648132324218,6736.525,0.04406395683711634,4,0.0006023434975781131
2026-03-07,2026-03-11,7050.0,6740.02,0.05,0.25,0.1538170556640625,301.6,325.5,0.3266897776031494,6736.6,0.045472270216768036,4,0.0006325666214150251
2026-03-07,2026-03-11,7075.0,6740.02,0.05,0.2,0.1604087866210937,326.6,350.4,0.3438938902282715,6736.625,0.04900838585791151,4,0.0006967703832258501
2026-03-07,2026-03-11,7080.0,6740.02,0.0,0.2,0.1624839611816406,331.6,355.4,0.3474186352539062,6736.6,0.04971856109821906,4,0.0007123305694567455
2026-03-07,2026-03-11,7100.0,6740.02,0.0,0.2,0.1706625903320313,351.6,375.4,0.3614260635375976,6736.6,0.05253943743986049,4,0.0007756666728131335
2026-03-07,2026-03-11,7125.0,6740.02,0.0,0.2,0.1809163940429687,376.6,400.4,0.3786835813903808,6736.6,0.056054379547304974,4,0.0008579510479589188
2026-03-07,2026-03-11,7150.0,6740.02,0.0,0.1,0.1782308740234375,401.6,425.4,0.3956969610595704,6736.55,0.05956443226778443,4,0.0009024470133782694
2026-03-07,2026-03-11,7175.0,6740.02,0.0,0.15,0.195320546875,428.1,450.4,0.4124662025451659,6735.825,0.06316246485311658,4,0.0010120677610157027
2026-03-07,2026-03-11,7200.0,6740.02,0.0,0.15,0.2050860742187499,451.5,475.3,0.4282894085693359,6736.675,0.06651454626397418,4,0.001099080827937098
2026-03-07,2026-03-11,7225.0,6740.02,0.0,0.15,0.2146074633789062,476.5,500.3,0.4446161495971679,6736.675,0.06998075424046049,4,0.0011906185531650104
2026-03-07,2026-03-11,7250.0,6740.02,0.0,0.15,0.2243729907226562,501.5,525.3,0.4607597869873047,6736.675,0.07343498910854811,4,0.0012860463646371693
2026-03-07,2026-03-11,7275.0,6740.02,0.0,0.15,0.2338943798828124,526.5,550.3,0.4767050621032715,6736.675,0.07687733329952078,4,0.001383428950550504
2026-03-07,2026-03-11,7500.0,6740.02,0.0,0.15,0.3164130859374999,752.8,775.2,0.6122017539978029,6736.075,0.10742560945994843,4,0.0010971752433149775
2026-03-07,2026-03-12,2800.0,6740.02,3923.5,3947.3,3.056765053405761,0.0,0.15,1.9804688476562504,6735.325000000001,-0.8777466468992468,5,0.05372954597995721
2026-03-07,2026-03-12,3000.0,6740.02,3723.6,3747.4,2.839114230346679,0.0,0.15,1.8320320898437497,6735.425,-0.808768622395574,5,0.045977281893387074
2026-03-07,2026-03-12,4200.0,6740.02,2524.2,2548.0,1.7653209976196291,0.1,0.3,1.1826212744140625,6735.9,-0.4723669059348052,5,0.019158809297215633
2026-03-07,2026-03-12,4400.0,6740.02,2324.4,2348.2,1.6167011352539062,0.1,0.4,1.0932662524414063,6736.05,-0.4258691587911116,5,0.016373028749688722
2026-03-07,2026-03-12,5200.0,6740.02,1525.6,1549.4,1.073857169799805,1.0,1.35,0.8051777294921875,6736.325,-0.2588558984072633,5,0.008880975014660194
2026-03-07,2026-03-12,5500.0,6740.02,1226.5,1250.3,0.8884593673706053,1.75,2.15,0.688601746826172,6736.45,-0.20278498769588382,5,0.006495511859343226
2026-03-07,2026-03-12,6000.0,6740.02,729.3,753.1,0.5914042324829102,4.3,4.9,0.4881948153686524,6736.6,-0.11579587737935429,5,0.003264851750038803
2026-03-07,2026-03-12,6100.0,6740.02,630.5,654.3,0.5349320188903808,5.5,6.1,0.4473321868896484,6736.6,-0.09926657542814374,5,0.0033042567464269565
2026-03-07,2026-03-12,6400.0,6740.02,342.1,366.0,0.3920425176239013,16.8,17.9,0.348440963897705,6736.7,-0.05127220041507418,5,0.0018777937890628736
2026-03-07,2026-03-12,6425.0,6740.02,319.3,343.1,0.3822083264160155,19.0,20.1,0.3418644915771484,6736.65,-0.04736613794031498,5,0.0017954844032758953
2026-03-07,2026-03-12,6475.0,6740.02,274.6,298.4,0.3642107646942139,24.3,25.4,0.3287191762542724,6736.65,-0.039614161135997,5,0.001644355832407098
2026-03-07,2026-03-12,6600.0,6740.02,174.3,190.1,0.3097069152069092,45.1,46.4,0.2972634971618652,6736.45,-0.020463430901929185,5,0.0012616886352435617
2026-03-07,2026-03-12,6650.0,6740.02,143.0,144.4,0.2701260121917724,57.6,59.0,0.2846522341156005,6735.4,-0.012760344670766725,5,0.0010540373375886442
2026-03-07,2026-03-12,6670.0,6740.02,128.8,130.2,0.2651364380645752,63.5,64.8,0.2792659354400635,6735.35,-0.009749915919357966,5,0.0010149792612242608
2026-03-07,2026-03-12,6680.0,6740.02,121.9,123.3,0.2625958750915527,66.6,68.0,0.2768512562179565,6735.3,-0.008244364751588,5,0.0009965863269796535
2026-03-07,2026-03-12,6690.0,6740.02,115.2,116.6,0.260200269165039,69.8,71.2,0.2740055205154419,6735.4,-0.0067633251983924,5,0.0009773144716717335
2026-03-07,2026-03-12,6700.0,6740.02,108.6,110.0,0.2576291889190674,73.2,74.6,0.2713123711776733,6735.4,-0.005269672941609159,5,0.000958147856156075
2026-03-07,2026-03-12,6705.0,6740.02,105.3,106.7,0.2561643598175049,74.9,76.4,0.2700878656005859,6735.35,-0.004516259113248471,5,0.0009484294683475789
2026-03-07,2026-03-12,6710.0,6740.02,102.1,103.5,0.2548750050354004,76.7,78.1,0.2684590061569213,6735.4,-0.0037782483549390505,5,0.0009379400248994696
2026-03-07,2026-03-12,6720.0,6740.02,95.8,97.2,0.2522123729705811,80.4,81.8,0.2657238955688477,6735.4,-0.002289044803471352,5,0.0009186917063991344
2026-03-07,2026-03-12,6725.0,6740.02,92.7,94.1,0.2508390956878661,82.2,83.7,0.2643201010131836,6735.45,-0.0015526972871582692,5,0.0009088664313207904
2026-03-07,2026-03-12,6730.0,6740.02,89.6,91.0,0.2493361199951171,84.2,85.6,0.2627980520248413,6735.4,-0.0008020556818931432,5,0.00089822400736496
2026-03-07,2026-03-12,6740.0,6740.02,83.6,84.9,0.2462309874725342,88.1,89.5,0.2596662168884278,6735.45,0.000675302149154628,5,0.0008764793882884826
2026-03-07,2026-03-12,6745.0,6740.02,80.6,82.0,0.2449111154174805,90.1,91.6,0.258346344833374,6735.45,0.0014168668846582147,5,0.0008673564085552752
2026-03-07,2026-03-12,6750.0,6740.02,77.7,79.0,0.2431678162002563,92.2,93.6,0.2566068602752686,6735.45,0.002157882109377293,5,0.0008553929015281354
2026-03-07,2026-03-12,6755.0,6740.02,74.9,76.1,0.2415732886886596,94.3,95.8,0.2553175054931641,6735.45,0.0028983486371010657,5,0.0008455495251460393
2026-03-07,2026-03-12,6760.0,6740.02,72.0,73.3,0.2401275328826904,96.4,97.9,0.2536009088897706,6735.5,0.003630843898387015,5,0.0008348211445721315
2026-03-07,2026-03-12,6770.0,6740.02,66.5,67.7,0.2367935208129882,100.9,102.3,0.2503355606842041,6735.5,0.005109040767698066,5,0.0008126532261654048
2026-03-07,2026-03-12,6775.0,6740.02,63.7,65.0,0.2351989933013915,103.1,104.6,0.2487868090820312,6735.5,0.005847320609279002,5,0.0008021995099613886
2026-03-07,2026-03-12,6780.0,6740.02,61.1,62.3,0.2334442501068115,105.4,106.9,0.2470892857742309,6735.55,0.006577632469500289,5,0.0007907961613230722
2026-03-07,2026-03-12,6790.0,6740.02,55.8,57.0,0.2297554747390747,110.2,111.6,0.2435454674530029,6735.5,0.008058895414119057,5,0.0007671704858900973
2026-03-07,2026-03-12,6795.0,6740.02,53.3,54.5,0.2281113566589355,112.6,114.1,0.2419890865325928,6735.55,0.008787578120303119,5,0.0007568302283865457
2026-03-07,2026-03-12,6800.0,6740.02,50.7,52.0,0.2263032082366943,115.1,116.5,0.2399749465179443,6735.55,0.009523142699257098,5,0.0007445730054842149
2026-03-07,2026-03-12,6805.0,6740.02,48.2,49.5,0.2243119561767577,117.6,119.1,0.2384033069610595,6735.5,0.010265589946943803,5,0.000733237721714724
2026-03-07,2026-03-12,6810.0,6740.02,45.8,47.1,0.2224504025268554,120.2,121.6,0.2363624643325805,6735.55,0.010992650678617079,5,0.0007209220780677207
2026-03-07,2026-03-12,6815.0,6740.02,43.4,44.7,0.2204057452392577,122.9,124.3,0.2347641221618652,6735.45,0.011741442373434961,5,0.0007095192061299856
2026-03-07,2026-03-12,6820.0,6740.02,41.1,42.4,0.218483157043457,125.5,126.9,0.2326851329421997,6735.55,0.01246000237256681,5,0.0006970987187965125
2026-03-07,2026-03-12,6825.0,6740.02,38.8,40.1,0.2163622065734863,128.1,129.7,0.2310524588394165,6735.55,0.013192871588219508,5,0.0006855475439265058
2026-03-07,2026-03-12,6830.0,6740.02,36.6,37.9,0.2143595105361938,131.0,132.4,0.2289200643920898,6735.55,0.013925204099894771,5,0.0006729341833856158
2026-03-07,2026-03-12,6835.0,6740.02,34.4,35.7,0.2121431935882568,126.9,142.4,0.2499540947723388,6735.4,0.014679270837383258,5,0.0007312804928432036
2026-03-07,2026-03-12,6840.0,6740.02,32.3,33.6,0.210045131072998,128.4,144.2,0.2448424515533447,6736.65,0.015224962912860664,5,0.00070863942749191
2026-03-07,2026-03-12,6845.0,6740.02,30.2,31.5,0.20771818901062,138.0,143.1,0.2299423930358886,6735.3,0.016156106440269918,5,0.0006559821406756461
2026-03-07,2026-03-12,6850.0,6740.02,28.2,29.5,0.2054942427444457,140.8,146.4,0.2291184266662598,6735.25,0.01689372357584909,5,0.0006468773027818466
2026-03-07,2026-03-12,6855.0,6740.02,26.3,27.5,0.2030261582946776,137.3,153.2,0.2399291706085204,6736.65,0.017415544292679313,5,0.0006719500801497956
2026-03-07,2026-03-12,6860.0,6740.02,24.4,25.7,0.2010196475982666,140.4,156.3,0.238265979232788,6736.7,0.018137250957093457,5,0.0006608625408916183
2026-03-07,2026-03-12,6865.0,6740.02,22.6,23.8,0.1983875328063964,143.6,159.4,0.236412054901123,6736.7,0.018865848439233876,5,0.0006474338406528383
2026-03-07,2026-03-12,6870.0,6740.02,20.9,22.1,0.1962208064270019,146.8,162.7,0.2350692948913574,6736.75,0.019586493449542264,5,0.00063702449142192
2026-03-07,2026-03-12,6875.0,6740.02,19.2,20.4,0.1937794245910644,150.1,166.0,0.2335358019256591,6736.75,0.020314030767919312,5,0.0006253366534693107
2026-03-07,2026-03-12,6880.0,6740.02,17.6,18.8,0.1914448532104492,160.0,165.2,0.21660634475708,6735.6,0.021211759191235354,5,0.0005702252745299168
2026-03-07,2026-03-12,6885.0,6740.02,16.1,17.3,0.1892094629669189,156.9,172.8,0.230629031677246,6736.85,0.02175267555312804,5,0.0006036450739215016
2026-03-07,2026-03-12,6890.0,6740.02,14.6,15.8,0.1866612706756591,160.5,176.3,0.2292557543945312,6736.8,0.022486050291921824,5,0.000592421136106977
2026-03-07,2026-03-12,6895.0,6740.02,13.2,14.4,0.1842122595214843,164.0,179.9,0.228073210067749,6736.85,0.023204054617775024,5,0.0005821209192959405
2026-03-07,2026-03-12,6900.0,6740.02,11.9,13.1,0.1818776881408691,174.3,179.9,0.2120821590423583,6735.4,0.02414421226468423,5,0.0005315217849062736
2026-03-07,2026-03-12,6905.0,6740.02,10.7,11.8,0.1791769094848632,178.2,183.2,0.2088015522003173,6735.55,0.024846317378451502,5,0.0005155044066150651
2026-03-07,2026-03-12,6910.0,6740.02,9.5,10.6,0.1765829412841797,175.3,191.1,0.2249833361816406,6736.85,0.02537718115208834,5,0.0005522447780745074
2026-03-07,2026-03-12,6915.0,6740.02,8.8,9.6,0.1746603530883789,179.2,195.0,0.2242738095855712,6737.1,0.026063399846253176,5,0.0005450289936587865
2026-03-07,2026-03-12,6920.0,6740.02,7.8,8.6,0.1723715576171875,183.2,199.0,0.2238236798095702,6737.1,0.02678620435910974,5,0.0005375707745193318
2026-03-07,2026-03-12,6925.0,6740.02,6.9,7.6,0.1696402616882324,187.2,203.1,0.2236482054901122,6737.1,0.027508486802933853,5,0.0005297117069023692
2026-03-07,2026-03-12,6930.0,6740.02,6.1,6.8,0.1677405614471435,191.4,207.2,0.2233277741241454,6737.15,0.02822282636799112,5,0.0005237480927619802
2026-03-07,2026-03-12,6935.0,6740.02,5.3,6.0,0.1654136193847656,195.6,211.4,0.2233048861694335,6737.15,0.028944066932974234,5,0.0005174728649324996
2026-03-07,2026-03-12,6940.0,6740.02,4.6,5.3,0.163368962097168,200.2,222.1,0.2526014682006836,6733.8,0.030162154250585087,5,0.0005925732838430815
2026-03-07,2026-03-12,6945.0,6740.02,4.0,4.6,0.1608360284423828,200.3,224.2,0.2436065019989013,6737.05,0.030399832554271162,5,0.0005601841110607842
2026-03-07,2026-03-12,6950.0,6740.02,3.4,4.1,0.1594932684326171,204.7,228.5,0.2441176663208007,6737.15,0.031104672742880063,5,0.0005578828310018072
2026-03-07,2026-03-12,6955.0,6740.02,2.95,3.5,0.1568077484130859,209.2,233.0,0.2454604263305664,6737.125,0.03182754931637673,5,0.0005541770014095532
2026-03-07,2026-03-12,6960.0,6740.02,2.55,3.1,0.1555717988586425,213.8,237.6,0.2471999108886718,6737.125,0.03254619828729887,5,0.0005555652403177219
2026-03-07,2026-03-12,6965.0,6740.02,2.15,2.65,0.1533592965698242,218.4,242.2,0.2488783609008789,6737.1,0.03326804196130051,5,0.000554092921532598
2026-03-07,2026-03-12,6970.0,6740.02,1.85,2.3,0.1517723983764648,223.0,246.9,0.2509840527343749,6737.125,0.03398194871340308,5,0.0005555231469568431
2026-03-07,2026-03-12,6975.0,6740.02,1.55,2.0,0.1504143797302246,227.8,251.6,0.2530439686584473,6737.075,0.03470647323929213,5,0.0005574610920702566
2026-03-07,2026-03-12,6980.0,6740.02,1.3,1.75,0.1493310165405273,232.5,256.3,0.2550581086730958,6737.125,0.03541564071525164,5,0.0005600361801062992
2026-03-07,2026-03-12,6990.0,6740.02,0.9,1.3,0.1467370483398437,242.1,265.9,0.2599790189361572,6737.1,0.03685099097525051,5,0.0005664998608919743
2026-03-07,2026-03-12,6995.0,6740.02,0.75,1.15,0.1461877374267577,247.0,270.8,0.2629086771392823,6737.05,0.03757346446540848,5,0.000573150261680785
2026-03-07,2026-03-12,7000.0,6740.02,0.65,1.0,0.1453332537841797,251.8,275.7,0.2658154473876953,6737.075,0.038284294587176075,5,0.0005789152550524648
2026-03-07,2026-03-12,7010.0,6740.02,0.4,0.75,0.1436853210449218,261.6,285.5,0.2715526947021484,6737.025,0.03971926822433416,5,0.0005904883894574113
2026-03-07,2026-03-12,7020.0,6740.02,0.25,0.6,0.143563251953125,271.5,295.3,0.2772136488342284,6737.025,0.04114478521555519,5,0.000606346576151405
2026-03-07,2026-03-12,7025.0,6740.02,0.2,0.55,0.1440515283203124,276.4,300.3,0.2805552902221678,6737.025,0.041856782397645,5,0.0006174347614820776
2026-03-07,2026-03-12,7030.0,6740.02,0.15,0.45,0.1423425610351562,281.4,305.2,0.2833323620605468,6737.0,0.0425719838440508,5,0.0006205450005223721
2026-03-07,2026-03-12,7040.0,6740.02,0.1,0.4,0.1444177355957031,291.3,315.1,0.2893900407409667,6737.05,0.04398602651791502,5,0.0006444835164731716
2026-03-07,2026-03-12,7050.0,6740.02,0.05,0.2,0.1369715209960937,301.2,325.1,0.2959588837432861,6736.975,0.045416605703066514,5,0.0006418792306431617
2026-03-07,2026-03-12,7060.0,6740.02,0.05,0.3,0.1473473937988281,311.2,335.0,0.3019021226501465,6737.075,0.04681919703701344,5,0.0006911819453069777
2026-03-07,2026-03-12,7070.0,6740.02,0.0,0.1,0.1345301391601562,321.2,345.0,0.3083717845153808,6736.95,0.04825317965855344,5,0.0006717880616283942
2026-03-07,2026-03-12,7075.0,6740.02,0.0,0.3,0.153328779296875,326.2,350.0,0.3115837274932861,6737.05,0.04894529987726529,5,0.0007402179416777794
2026-03-07,2026-03-12,7100.0,6740.02,0.0,0.25,0.1596763720703125,351.1,374.9,0.3269110278320312,6737.125,0.05246150798824016,5,0.0008108469100812442
2026-03-07,2026-03-12,7150.0,6740.02,0.0,0.25,0.178719150390625,401.1,424.9,0.3580233876037598,6737.125,0.05947908064688679,5,0.00098661832908443
2026-03-07,2026-03-12,7175.0,6740.02,0.0,0.2,0.1836019140624999,426.1,449.9,0.3732667654418945,6737.1,0.06297319637521633,5,0.0010619956377156438
2026-03-07,2026-03-12,7275.0,6740.02,0.0,0.2,0.2194902270507812,526.0,549.8,0.4315852740478516,6737.2,0.07679940471546245,5,0.0014517099593521772
2026-03-07,2026-03-12,7450.0,6740.02,0.0,0.15,0.2724682128906249,700.9,724.7,0.528050373840332,6737.275,0.10055849189023634,5,0.0010169716032302862
2026-03-07,2026-03-13,2600.0,6740.02,4123.3,4147.1,3.0405297424316404,0.0,0.15,1.982421962890625,6735.125000000001,-0.9518249244250959,6,0.06460268776358002
2026-03-07,2026-03-13,2800.0,6740.02,3931.4,3948.3,2.8800687178039555,0.0,0.15,1.8320320898437497,6739.775000000001,-0.8784071243965222,6,0.05517273827206449
2026-03-07,2026-03-13,4000.0,6740.02,2724.5,2748.3,1.793458063964844,0.05,0.35,1.2001993115234375,6736.200000000001,-0.5212016065907613,6,0.02367909677887123
2026-03-07,2026-03-13,4400.0,6740.02,2325.0,2348.8,1.5130334407043455,0.35,0.65,1.076176494140625,6736.4,-0.42592111667554666,6,0.019038178299300934
2026-03-07,2026-03-13,5000.0,6740.02,1733.2,1740.2,0.70312796875,1.15,1.5,0.8580336462402343,6735.375,-0.2979355751654981,6,0.012102275146525666
2026-03-07,2026-03-13,5100.0,6740.02,1626.6,1650.0,1.0685471377563478,1.35,1.75,0.8212908496093749,6736.75,-0.2783370730544358,6,0.011087977966883652
2026-03-07,2026-03-13,5500.0,6740.02,1228.2,1252.0,0.8463150134277342,2.7,3.1,0.6723665576171877,6737.2,-0.20289631610366868,6,0.0074313992515395106
2026-03-07,2026-03-13,5550.0,6740.02,1178.4,1202.3,0.5004932763671875,2.9,3.3,0.6522251574707032,6737.25,-0.19385390203694552,6,0.0069928381814413736
2026-03-07,2026-03-13,5650.0,6740.02,1079.0,1102.8,0.5092822509765625,3.3,3.8,0.6118202880859377,6737.35,-0.17601112737809685,6,0.006153272299948927
2026-03-07,2026-03-13,5850.0,6740.02,880.4,904.2,0.6519199847412109,4.6,5.1,0.532505895690918,6737.45,-0.14123985381353518,6,0.004661301845680878
2026-03-07,2026-03-13,5900.0,6740.02,830.8,854.6,0.6242103009033204,5.0,5.5,0.5121813919067383,6737.45,-0.13272916414562658,6,0.004312270326830529
2026-03-07,2026-03-13,5950.0,6740.02,781.4,803.4,0.581486118774414,5.5,6.1,0.4978382736206055,6736.6,-0.1241641270498709,6,0.004074130630381559
2026-03-07,2026-03-13,6000.0,6740.02,740.0,745.4,0.459264440612793,6.1,6.7,0.4781546325683594,6736.3,-0.11575134353733824,6,0.0037583318243273873
2026-03-07,2026-03-13,6025.0,6740.02,707.4,731.2,0.5585371295166017,6.5,7.1,0.4691520370483398,6737.5,-0.1117714568583968,6,0.003618141926574358
2026-03-07,2026-03-13,6050.0,6740.02,682.8,705.0,0.5326889993286132,6.9,7.5,0.4597832342529296,6736.7,-0.10751191873795027,6,0.0034750787260287835
2026-03-07,2026-03-13,6100.0,6740.02,633.8,657.6,0.5207262283325195,7.9,8.5,0.4420832159423828,6737.5,-0.09940016505584996,6,0.0038095973670614217
2026-03-07,2026-03-13,6125.0,6740.02,711.8,717.9,0.8926783803558349,8.4,9.0,0.4325770854187011,6831.15,-0.10911427779544325,6,0.003075993449249395
2026-03-07,2026-03-13,6150.0,6740.02,585.1,606.9,0.4829916203308106,9.1,9.7,0.4245663012695312,6736.6,-0.0911032647889828,6,0.003384909785176159
2026-03-07,2026-03-13,6175.0,6740.02,560.9,582.6,0.4715323843383788,9.8,10.4,0.4159451716613769,6736.65,-0.08705388620755763,6,0.0032367797769998602
2026-03-07,2026-03-13,6200.0,6740.02,536.8,560.6,0.4745688529968262,10.7,11.3,0.4084379225158691,6737.7,-0.08316932834460378,6,0.003204250543567099
2026-03-07,2026-03-13,6250.0,6740.02,488.8,512.6,0.4523293903350831,12.7,13.4,0.3935302346801758,6737.65,-0.0751297356898133,6,0.002940322624236799
2026-03-07,2026-03-13,6280.0,6740.02,460.4,484.1,0.4397639031982422,14.0,15.0,0.3854126400756835,6737.75,-0.07035606081799839,6,0.002798286277682897
2026-03-07,2026-03-13,6290.0,6740.02,451.5,474.7,0.4359339854431152,14.5,15.6,0.3828491891479492,6738.05,-0.06880949484406387,6,0.002755092686274334
2026-03-07,2026-03-13,6300.0,6740.02,441.8,462.8,0.418600174407959,15.3,16.0,0.3788437970733642,6736.65,-0.06701313532411143,6,0.0026133570725420767
2026-03-07,2026-03-13,6325.0,6740.02,418.4,441.8,0.4216976776123047,16.9,17.6,0.3720002986145019,6737.85,-0.06323084832422635,6,0.0025888622361638154
2026-03-07,2026-03-13,6330.0,6740.02,414.3,437.2,0.4200497448730469,17.0,18.1,0.3715654274749755,6738.2,-0.06249259078610036,6,0.0025752927990065314
2026-03-07,2026-03-13,6340.0,6740.02,405.1,427.9,0.416174051208496,17.7,18.8,0.3687807263183594,6738.25,-0.060921478844849615,6,0.002532139737379048
2026-03-07,2026-03-13,6350.0,6740.02,394.8,418.6,0.4121839177703856,18.7,19.4,0.3652788692474364,6737.65,-0.05925638653352313,6,0.0024840344597158327
2026-03-07,2026-03-13,6375.0,6740.02,371.9,395.6,0.4028303736114502,20.7,21.5,0.3590609748840331,6737.65,-0.05532710839363362,6,0.0023855277818312297
2026-03-07,2026-03-13,6400.0,6740.02,350.6,372.9,0.3939498471832275,22.9,23.8,0.3526370889282226,6738.4,-0.051524517653390646,6,0.0022906522733107497
2026-03-07,2026-03-13,6430.0,6740.02,322.6,346.0,0.3834824225616455,25.8,27.0,0.345335831375122,6737.9,-0.04677376542553246,6,0.0021829152627593365
2026-03-07,2026-03-13,6440.0,6740.02,314.0,337.1,0.3799424188995361,27.0,28.1,0.3426197940826415,6738.0,-0.04523460486809894,6,0.0021456006231357606
2026-03-07,2026-03-13,6450.0,6740.02,305.3,325.0,0.3635317553710938,28.3,29.3,0.3401250070190429,6736.35,-0.04343810440244278,6,0.0020347924900987776
2026-03-07,2026-03-13,6470.0,6740.02,287.7,310.9,0.3702150381469726,30.7,31.9,0.3352956485748291,6738.0,-0.0405870364715519,6,0.0020455287496383627
2026-03-07,2026-03-13,6490.0,6740.02,270.8,290.2,0.3509510095977782,33.5,34.7,0.3303137037658691,6736.4,-0.03726312688376355,6,0.0019073490808539145
2026-03-07,2026-03-13,6500.0,6740.02,262.4,281.6,0.3476780320739746,35.1,36.2,0.3278418046569823,6736.35,-0.03571605830853243,6,0.0018753166430836383
2026-03-07,2026-03-13,6520.0,6740.02,251.4,259.2,0.3220587814331054,38.1,39.4,0.3228980064392089,6736.55,-0.032673548499570326,6,0.0017094627050242746
2026-03-07,2026-03-13,6530.0,6740.02,237.5,256.6,0.3393697045135497,39.8,41.1,0.3203994047164916,6736.6,-0.03114840331906961,6,0.0017888847020309676
2026-03-07,2026-03-13,6550.0,6740.02,222.0,240.0,0.3328924133300781,43.5,44.7,0.3153068347930907,6736.9,-0.028134828819090046,6,0.001726694240825101
2026-03-07,2026-03-13,6560.0,6740.02,219.0,225.7,0.3096001047515869,45.4,46.6,0.3126899786376953,6736.35,-0.026527632254126184,6,0.0015914175940464645
2026-03-07,2026-03-13,6570.0,6740.02,210.9,217.7,0.3070976883697509,47.3,48.6,0.3101341570281982,6736.35,-0.02500440271360475,6,0.001565651305369963
2026-03-07,2026-03-13,6575.0,6740.02,206.8,213.8,0.3060601010894775,48.5,49.7,0.3090660524749755,6736.2,-0.024221389646823476,6,0.001554987060817804
2026-03-07,2026-03-13,6580.0,6740.02,203.0,209.8,0.3046334185791015,49.4,50.7,0.3076088526916503,6736.35,-0.023483489872897986,6,0.0015404408167017897
2026-03-07,2026-03-13,6585.0,6740.02,195.8,211.7,0.3216620568847655,50.5,51.8,0.3063996057510376,6737.6,-0.022909443230281996,6,0.0016210744605733532
2026-03-07,2026-03-13,6590.0,6740.02,195.2,201.6,0.3009331992340088,51.6,52.9,0.3051140656280517,6736.15,-0.02193519658622349,6,0.0015094244681374705
2026-03-07,2026-03-13,6595.0,6740.02,188.0,203.6,0.3178473977661132,52.8,54.0,0.3037560469818114,6737.4,-0.02136230765513297,6,0.001587907572010217
2026-03-07,2026-03-13,6600.0,6740.02,188.7,193.5,0.297286385116577,53.9,55.2,0.3026307225418091,6736.55,-0.020478275405751988,6,0.0014790432988816588
2026-03-07,2026-03-13,6605.0,6740.02,186.5,187.9,0.2906031023406982,55.1,56.4,0.3014291049194336,6736.45,-0.019706141960020393,6,0.0014404197305478233
2026-03-07,2026-03-13,6615.0,6740.02,178.9,180.3,0.2881388325500487,57.5,58.8,0.2987893608093261,6736.45,-0.018193282367390123,6,0.0014156905650415054
2026-03-07,2026-03-13,6620.0,6740.02,175.2,176.6,0.2870898012924194,58.7,60.1,0.2976564070510863,6736.5,-0.017445132264848548,6,0.0014051840883785203
2026-03-07,2026-03-13,6625.0,6740.02,171.4,172.8,0.2856593041229247,60.0,61.3,0.2961419873809814,6736.45,-0.016682708062023203,6,0.0013910660662833415
2026-03-07,2026-03-13,6630.0,6740.02,167.7,169.1,0.284438613204956,61.3,62.6,0.2948450032806395,6736.45,-0.01592827573653796,6,0.0013790527739532756
2026-03-07,2026-03-13,6635.0,6740.02,164.1,165.5,0.2834315431976317,62.6,64.0,0.2937616400909423,6736.5,-0.015181834429594546,6,0.0013691176883621806
2026-03-07,2026-03-13,6640.0,6740.02,160.4,161.8,0.2820430072784423,63.9,65.3,0.292304440307617,6736.5,-0.014428538725422888,6,0.0013556506460902235
2026-03-07,2026-03-13,6645.0,6740.02,156.8,158.2,0.2808604629516601,65.3,66.7,0.2910532321166991,6736.5,-0.013675810048556714,6,0.0013441860600277155
2026-03-07,2026-03-13,6650.0,6740.02,153.2,154.6,0.2795901814651489,66.7,68.1,0.2897181014251708,6736.5,-0.01292364754600259,6,0.0013319667984966752
2026-03-07,2026-03-13,6655.0,6740.02,149.6,151.0,0.2782359774780273,68.1,69.5,0.2882990482330322,6736.5,-0.012172050366690402,6,0.0013190216521538252
2026-03-07,2026-03-13,6670.0,6740.02,139.1,140.5,0.2744747235870362,72.6,74.0,0.2843699493408202,6736.5,-0.009920642286232993,6,0.0012834549388760664
2026-03-07,2026-03-13,6675.0,6740.02,135.6,137.0,0.2730404117584228,74.1,75.5,0.2828860469436645,6736.5,-0.00917129792745211,6,0.0012700858663768915
2026-03-07,2026-03-13,6680.0,6740.02,132.2,133.6,0.2717968328857422,75.7,77.1,0.2815890628433227,6736.5,-0.008422514665210974,6,0.0012585039024322993
2026-03-07,2026-03-13,6685.0,6740.02,128.8,130.2,0.2704502582168579,77.3,78.7,0.2802043415832518,6736.5,-0.007674291659858827,6,0.0012461115956754207
2026-03-07,2026-03-13,6690.0,6740.02,125.4,126.8,0.2690121317291259,78.9,80.3,0.2787242538452148,6736.5,-0.0069266280736282404,6,0.001232938964720724
2026-03-07,2026-03-13,6695.0,6740.02,122.0,123.5,0.2677532942199707,80.5,82.0,0.277427269744873,6736.5,-0.0061795230706296,6,0.0012214596465411987
2026-03-07,2026-03-13,6700.0,6740.02,118.8,120.2,0.2663952755737304,82.2,83.7,0.2760311045074463,6736.55,-0.005440398041211455,6,0.0012091494978409686
2026-03-07,2026-03-13,6705.0,6740.02,115.5,116.9,0.2649380757904052,83.9,85.4,0.2745433874511719,6736.55,-0.00469440770449005,6,0.001196055818553177
2026-03-07,2026-03-13,6710.0,6740.02,112.2,113.6,0.2633816948699951,85.7,87.1,0.2729603039169311,6736.5,-0.00394155123017499,6,0.0011821756424496787
2026-03-07,2026-03-13,6715.0,6740.02,109.0,110.5,0.26226399974823,87.5,88.9,0.2715488800430297,6736.55,-0.0032040944629309087,6,0.0011710528382097446
2026-03-07,2026-03-13,6720.0,6740.02,105.8,107.3,0.2607724680328369,89.3,90.7,0.2700382750320435,6736.55,-0.002459769903073696,6,0.0011579179929579056
2026-03-07,2026-03-13,6725.0,6740.02,102.7,104.1,0.2591779405212402,91.1,92.6,0.2686955150222778,6736.55,-0.0017159989502290227,6,0.001145138568770361
2026-03-07,2026-03-13,6730.0,6740.02,99.6,101.0,0.2577436286926269,93.0,94.5,0.2672497592163085,6736.55,-0.0009727807814954553,6,0.0011326769480058984
2026-03-07,2026-03-13,6735.0,6740.02,96.5,97.9,0.2562025064086914,94.9,96.4,0.2657010076141357,6736.55,-0.00023011457580453932,6,0.0011193833340385284
2026-03-07,2026-03-13,6740.0,6740.02,93.5,94.9,0.2548215998077393,96.8,98.3,0.2640454455566406,6736.65,0.0004971562026171766,6,0.0011063959346513483
2026-03-07,2026-03-13,6745.0,6740.02,90.4,91.8,0.2530592272949219,98.8,100.3,0.2625500991821289,6736.55,0.001253565221587448,6,0.0010925464830826765
2026-03-07,2026-03-13,6750.0,6740.02,87.5,88.9,0.2517240966033935,100.8,102.3,0.2609479423522949,6736.65,0.0019797361628400606,6,0.0010801340528506147
2026-03-07,2026-03-13,6755.0,6740.02,84.5,85.9,0.2500036853408813,102.9,104.4,0.259498371887207,6736.55,0.0027350469740302923,6,0.0010668178615876197
2026-03-07,2026-03-13,6760.0,6740.02,81.6,83.0,0.2484358604431152,105.0,106.4,0.2576749648284911,6736.6,0.003467543447463318,6,0.0010526637018785196
2026-03-07,2026-03-13,6765.0,6740.02,78.8,80.1,0.2467421517944336,107.1,108.6,0.2562711702728271,6736.6,0.00420691501534209,6,0.0010398180911389385
2026-03-07,2026-03-13,6770.0,6740.02,75.9,77.3,0.245201029510498,109.2,110.7,0.2544782804870606,6736.65,0.004938318202585198,6,0.0010260797787930256
2026-03-07,2026-03-13,6775.0,6740.02,73.2,74.5,0.2435340234756469,111.4,112.9,0.25283797706604,6736.7,0.005669175985064092,6,0.0010125417654318755
2026-03-07,2026-03-13,6780.0,6740.02,70.4,71.7,0.2417411336898803,113.7,115.1,0.2510756045532226,6736.65,0.006414333230705648,6,0.0009980890581886479
2026-03-07,2026-03-13,6785.0,6740.02,67.6,69.0,0.2400893862915039,115.9,117.4,0.249458189086914,6736.65,0.007151524565234068,6,0.0009848910762694015
2026-03-07,2026-03-13,6790.0,6740.02,64.9,66.3,0.2383041258239746,118.2,119.7,0.2477187045288085,6736.65,0.0078881728490063,6,0.0009707596916060144
2026-03-07,2026-03-13,6795.0,6740.02,62.3,63.7,0.2366600077438354,120.6,122.1,0.2461165476989746,6736.65,0.008624278881508511,6,0.0009578350787064023
2026-03-07,2026-03-13,6800.0,6740.02,59.8,61.0,0.2346000918197631,123.0,124.4,0.2441138516616821,6736.7,0.009352421401360684,6,0.00094178235486393
2026-03-07,2026-03-13,6805.0,6740.02,57.1,58.5,0.2329521590805053,125.4,126.9,0.2425269534683227,6736.65,0.010094867381830967,6,0.000929097478644744
2026-03-07,2026-03-13,6810.0,6740.02,54.5,55.9,0.2308807991790771,127.9,129.3,0.2405242574310302,6736.6,0.010836773554011591,6,0.0009132440851955281
2026-03-07,2026-03-13,6815.0,6740.02,52.1,53.5,0.2292176078033447,130.4,131.8,0.2386550744628906,6736.7,0.011555874367795533,6,0.0008996089594972666
2026-03-07,2026-03-13,6820.0,6740.02,49.6,51.0,0.2271233599472045,132.9,134.4,0.2369308485412598,6736.65,0.012296703133772334,6,0.0008849848291062537
2026-03-07,2026-03-13,6825.0,6740.02,47.5,48.6,0.2251511811828613,135.5,137.0,0.2350540362548828,6736.8,0.013007306337378045,6,0.0008703651047544712
2026-03-07,2026-03-13,6830.0,6740.02,44.9,46.3,0.2233125154876708,138.2,139.6,0.2330246376037598,6736.7,0.01375448280199822,6,0.0008557956053079114
2026-03-07,2026-03-13,6835.0,6740.02,42.6,43.9,0.2210046467208862,140.9,142.3,0.2311249373626709,6736.65,0.014493701454314297,6,0.0008400869622064533
2026-03-07,2026-03-13,6840.0,6740.02,40.3,41.7,0.2191163904571533,143.6,145.1,0.2293625648498535,6736.65,0.015224962912860664,6,0.0008265755069312228
2026-03-07,2026-03-13,6845.0,6740.02,38.1,39.5,0.217056474533081,146.4,147.8,0.2271348039245605,6736.7,0.01594826795971188,6,0.0008108461309226055
2026-03-07,2026-03-13,6850.0,6740.02,36.2,37.3,0.2148058256530761,147.5,152.3,0.230201789855957,6736.85,0.016656195646643834,6,0.000813829224086447
2026-03-07,2026-03-13,6855.0,6740.02,33.9,35.2,0.2126734312057495,143.7,159.6,0.2417144310760498,6737.9,0.01723000933921725,6,0.000848499983790507
2026-03-07,2026-03-13,6860.0,6740.02,31.8,33.1,0.2103426744842529,153.5,158.4,0.2271653211975097,6736.5,0.018166939524028477,6,0.0007866297792553692
2026-03-07,2026-03-13,6865.0,6740.02,29.8,31.1,0.2081187282180785,156.3,161.6,0.2258759664154052,6736.5,0.01889553700616889,6,0.0007740468286438799
2026-03-07,2026-03-13,6870.0,6740.02,27.9,29.2,0.2060168510437011,159.3,164.3,0.2228127951431274,6736.75,0.019586493449542264,6,0.0007557323237618651
2026-03-07,2026-03-13,6875.0,6740.02,26.3,27.3,0.2036899089813232,162.5,167.4,0.2208329870605468,6736.85,0.020299186925144843,6,0.000740628859988122
2026-03-07,2026-03-13,6880.0,6740.02,24.2,25.5,0.2014774066925048,165.6,170.6,0.2189943213653564,6736.75,0.02104103916053643,6,0.000726560852449167
2026-03-07,2026-03-13,6885.0,6740.02,22.4,23.7,0.19902839553833,168.9,174.2,0.2183153120422363,6736.5,0.021804629966852705,6,0.0007157908366729858
2026-03-07,2026-03-13,6890.0,6740.02,20.8,22.0,0.1966785655212402,172.2,177.5,0.2164537583923339,6736.55,0.022523160587435427,6,0.0007014177413516314
2026-03-07,2026-03-13,6895.0,6740.02,19.2,20.4,0.1944508045959472,168.8,184.7,0.2280198048400878,6738.05,0.02302594568885213,6,0.0007334852705640607
2026-03-07,2026-03-13,6900.0,6740.02,17.9,18.7,0.1915592929840087,179.0,183.9,0.2113573738098144,6736.85,0.02392895497572349,6,0.0006671582481379917
2026-03-07,2026-03-13,6905.0,6740.02,16.2,17.3,0.1895680409240723,182.5,187.4,0.2095568547058105,6736.8,0.024660752127609934,6,0.000654660338266705
2026-03-07,2026-03-13,6910.0,6740.02,14.8,15.9,0.1872945040893555,179.3,195.1,0.2233201448059081,6738.15,0.02518423124425432,6,0.0006928947529618378
2026-03-07,2026-03-13,6915.0,6740.02,13.5,14.5,0.184731053161621,182.9,198.8,0.2222444109344482,6738.15,0.0259075585813973,6,0.0006806672399022367
2026-03-07,2026-03-13,6920.0,6740.02,12.2,13.2,0.1822744126892089,193.5,198.4,0.204788530807495,6736.75,0.026838156844862356,6,0.0006156892694315037
2026-03-07,2026-03-13,6925.0,6740.02,11.2,12.0,0.1799550999450683,197.3,202.2,0.2033160723876952,6736.85,0.027545595445912143,6,0.000603685444690401
2026-03-07,2026-03-13,6930.0,6740.02,10.2,10.9,0.1777807442474365,201.2,206.1,0.2020496055603027,6736.9,0.028259934735561206,6,0.0005928949094591899
2026-03-07,2026-03-13,6935.0,6740.02,9.2,9.8,0.1752706985473632,200.2,215.9,0.2255173884582519,6736.45,0.02904797383248585,6,0.000660127769940906
2026-03-07,2026-03-13,6940.0,6740.02,8.2,8.8,0.1729208685302734,200.2,221.8,0.2326736889648437,6737.5,0.029612838283597648,6,0.0006760559386424377
2026-03-07,2026-03-13,6945.0,6740.02,7.3,7.9,0.1707541421508789,202.3,225.9,0.2325745078277587,6738.5,0.0301846279792302,6,0.0006685232872339329
2026-03-07,2026-03-13,6950.0,6740.02,6.5,7.0,0.1682059498596191,217.4,222.3,0.1976398596191406,6736.9,0.031141781110450222,6,0.0005500403684102832
2026-03-07,2026-03-13,6955.0,6740.02,5.8,6.3,0.1665274998474121,210.7,234.5,0.2336883882904052,6738.45,0.03163089722483036,6,0.0006582442073340077
2026-03-07,2026-03-13,6960.0,6740.02,5.1,5.7,0.1652152571105957,215.0,238.8,0.234108000793457,6738.5,0.032342126119251455,6,0.0006553112231634517
2026-03-07,2026-03-13,6965.0,6740.02,4.5,5.1,0.1635825830078125,219.4,243.2,0.2348633032989502,6738.5,0.033060259004692075,6,0.0006524347574580068
2026-03-07,2026-03-13,6970.0,6740.02,3.9,4.5,0.161568442993164,223.8,247.6,0.2355346833038329,6738.5,0.03377787654535566,6,0.0006480447654034876
2026-03-07,2026-03-13,6975.0,6740.02,3.4,4.0,0.1599968034362793,239.2,244.1,0.1957783059692383,6737.05,0.03471018405539326,6,0.0005201750485171561
2026-03-07,2026-03-13,6980.0,6740.02,3.0,3.5,0.1580284393310547,232.8,256.7,0.238014211730957,6738.5,0.035211568547204225,6,0.0006445881429872315
2026-03-07,2026-03-13,6985.0,6740.02,2.7,3.1,0.156609386138916,237.4,261.3,0.2393874890136718,6738.55,0.03592022446040441,6,0.0006444391443723871
2026-03-07,2026-03-13,6990.0,6740.02,2.25,2.7,0.1548088670349121,242.1,265.9,0.2406997317504882,6738.475,0.03664691805001036,6,0.0006428508974514688
2026-03-07,2026-03-13,6995.0,6740.02,1.9,2.35,0.1531456756591797,248.6,270.6,0.2424392163085937,6737.525,0.037502961314074094,6,0.0006430989318622804
2026-03-07,2026-03-13,7000.0,6740.02,1.65,2.1,0.1523217092895508,262.5,267.3,0.1988300332641601,6736.975,0.03829913793420271,6,0.0005067433409527712
2026-03-07,2026-03-13,7005.0,6740.02,1.4,1.8,0.1504906729125977,256.3,280.1,0.2462920220184326,6738.4,0.038801671769953416,6,0.0006469993438221824
2026-03-07,2026-03-13,7010.0,6740.02,1.2,1.6,0.1497277410888672,261.1,284.9,0.2484129724884033,6738.4,0.039515193027481896,6,0.0006514357307170609
2026-03-07,2026-03-13,7015.0,6740.02,1.0,1.4,0.1486291192626953,265.9,289.8,0.2510145700073242,6738.35,0.040235625722025006,6,0.0006563633357808981
2026-03-07,2026-03-13,7020.0,6740.02,0.85,1.25,0.1481103256225586,270.8,294.6,0.2530744859313965,6738.35,0.04094813020532047,6,0.0006614352863900648
2026-03-07,2026-03-13,7025.0,6740.02,0.75,1.1,0.1473168765258789,275.7,299.5,0.2556226782226563,6738.325,0.041663837501366534,6,0.0006672340470449908
2026-03-07,2026-03-13,7030.0,6740.02,0.8,0.95,0.1461877374267577,280.6,304.4,0.2581556118774414,6738.375,0.042367907889983215,6,0.0006718912772323461
2026-03-07,2026-03-13,7035.0,6740.02,0.5,0.85,0.1458825646972656,287.0,309.3,0.2606732868957519,6737.525,0.04320504376298196,6,0.000679264358073385
2026-03-07,2026-03-13,7040.0,6740.02,0.45,0.75,0.1452722192382812,290.4,314.2,0.2631604446411133,6738.3,0.04380050257922913,6,0.0006855503051655553
2026-03-07,2026-03-13,7050.0,6740.02,0.3,0.6,0.1448449774169922,300.3,324.1,0.268638295135498,6738.25,0.045227369530193184,6,0.0007026099315645899
2026-03-07,2026-03-13,7060.0,6740.02,0.2,0.5,0.1452722192382812,310.2,334.0,0.2740551110839844,6738.25,0.04664480421116657,6,0.0007226112737884867
2026-03-07,2026-03-13,7070.0,6740.02,0.15,0.45,0.1471032556152343,320.1,343.9,0.2794108924865722,6738.3,0.048052812317759555,6,0.0007475930898534646
2026-03-07,2026-03-13,7075.0,6740.02,0.1,0.4,0.1468591174316406,325.1,348.9,0.2823558093261719,6738.25,0.04876719623531712,6,0.0007570909041851274
2026-03-07,2026-03-13,7080.0,6740.02,0.1,0.4,0.1487511883544922,330.0,353.8,0.2847208979797362,6738.35,0.04945881987322923,6,0.0007721837656066386
2026-03-07,2026-03-13,7090.0,6740.02,0.1,0.35,0.1500329138183594,340.0,363.8,0.2905496971130371,6738.325,0.05087396282559316,6,0.0007977248098155875
2026-03-07,2026-03-13,7100.0,6740.02,0.05,0.35,0.1536949865722656,349.9,373.7,0.2957605214691161,6738.4,0.05227227602825288,6,0.000830179124830424
2026-03-07,2026-03-13,7110.0,6740.02,0.05,0.15,0.1433191137695312,359.9,383.7,0.3015130274200439,6738.3,0.053694576224427706,6,0.0008131875363094602
2026-03-07,2026-03-13,7120.0,6740.02,0.05,0.3,0.1580894738769531,369.9,393.7,0.3072273867797851,6738.375,0.05508892749129394,6,0.0008898073184031876
2026-03-07,2026-03-13,7125.0,6740.02,0.05,0.3,0.1599205102539062,374.9,398.7,0.3100807518005371,6738.375,0.0557909282221239,6,0.0009078130945182307
2026-03-07,2026-03-13,7140.0,6740.02,0.05,0.3,0.1652915502929687,388.4,407.7,0.276877958831787,6742.125,0.057337619219061296,6,0.0008034816772587428
2026-03-07,2026-03-13,7150.0,6740.02,0.05,0.25,0.1654136193847656,399.8,423.6,0.3235693864440916,6738.45,0.05928242855534039,6,0.0009826207396825652
2026-03-07,2026-03-13,7170.0,6740.02,0.0,0.25,0.1723715576171875,419.8,443.6,0.3347081910705566,6738.425,0.0620794365198502,6,0.0010566981021748998
2026-03-07,2026-03-13,7175.0,6740.02,0.0,0.25,0.1740805249023437,435.4,440.5,0.2746501979064941,6737.175,0.06296206405084265,6,0.000827503814763871
2026-03-07,2026-03-13,7200.0,6740.02,0.0,0.25,0.1826253613281249,449.8,473.6,0.351195147781372,6738.425,0.066254807930331,6,0.0011710863121065307
2026-03-07,2026-03-13,7210.0,6740.02,0.0,0.25,0.1860432958984375,461.2,483.6,0.3566348516845703,6737.725,0.06774662044309618,6,0.0012102722131402388
2026-03-07,2026-03-13,7225.0,6740.02,0.0,0.25,0.1911701977539062,475.4,494.2,0.3325719819641113,6740.325,0.06943909065223731,6,0.0011272844006127952
2026-03-07,2026-03-13,7350.0,6740.02,0.0,0.2,0.2275467871093749,599.6,623.4,0.4287776849365234,6738.6,0.08684812500983691,6,0.0017702540244095633
2026-03-07,2026-03-13,7400.0,6740.02,0.0,0.2,0.2434157690429687,516.1,524.2,1.0000000000000004e-05,6879.95,0.0728686157331402,6,0.00024351823986641397
2026-03-07,2026-03-13,7425.0,6740.02,0.0,0.15,0.2446364599609375,568.8,587.0,1.0000000000000004e-05,6847.175,0.08101652623763402,6,0.0002459666727592545
2026-03-07,2026-03-13,7500.0,6740.02,0.0,0.15,0.2673413110351562,749.5,773.3,0.5022327609252931,6738.675,0.10703970248100382,6,0.0011748719438793881
2026-03-07,2026-03-13,7550.0,6740.02,0.0,0.15,0.282233740234375,799.4,823.2,0.5252580433654785,6738.775,0.11366940559722512,6,0.0013094117938633092
2026-03-07,2026-03-13,7800.0,6740.02,0.0,0.15,0.3549869189453124,1049.2,1073.0,0.6372411764526368,6738.975,0.14621589748756808,6,0.002071491166393739
2026-03-07,2026-03-13,8000.0,6740.02,0.0,0.1,0.39649041015625,1249.1,1272.9,0.7216977293395996,6739.05,0.17152257624483833,6,0.0025841859508910353
2026-03-07,2026-03-13,8200.0,6740.02,0.0,0.1,0.4482477050781249,1448.9,1472.7,0.5456588403320313,6739.25,0.19618551150201294,6,0.0033028932346488597
2026-03-07,2026-03-13,9000.0,6740.02,0.0,0.1,0.6084023535156251,2248.3,2272.1,0.6850617431640625,6739.85,0.2891869078525325,6,0.006084713815287972
2026-03-07,2026-03-16,2800.0,6740.02,3923.0,3946.8,2.345157945709228,0.0,0.4,1.646486142578125,6734.700000000001,-0.8776538482592371,9,0.06684451934059217
2026-03-07,2026-03-16,3400.0,6740.02,3323.6,3347.4,1.885010340576172,0.0,0.5,1.3212924560546877,6735.25,-0.683579497076169,9,0.04304746243792674
2026-03-07,2026-03-16,3600.0,6740.02,3123.8,3147.6,1.7479260650634765,0.0,0.6,1.2348671069335937,6735.4,-0.6264433538764651,9,0.03760019437281888
2026-03-07,2026-03-16,5500.0,6740.02,1229.3,1253.1,0.5006153454589843,3.4,4.7,0.5902750933837893,6737.15,-0.20288889459539536,9,0.008591293624173069
2026-03-07,2026-03-16,6000.0,6740.02,734.6,758.5,0.4961445649719239,8.3,9.9,0.4318141535949707,6737.45,-0.11592204582924538,9,0.004597729230697174
2026-03-07,2026-03-16,6450.0,6740.02,317.9,328.1,0.314437092514038,35.0,36.9,0.3106071747589111,6737.05,-0.04354201284435486,9,0.002408303441408904
2026-03-07,2026-03-16,6550.0,6740.02,235.3,241.9,0.2837367159271239,51.3,53.4,0.287948099594116,6736.25,-0.028038340618408892,9,0.002014665585395882
2026-03-07,2026-03-16,6575.0,6740.02,215.0,222.5,0.2792201595306396,56.5,58.6,0.2822032229614257,6736.2,-0.024221389646823476,9,0.0019429903627941694
2026-03-07,2026-03-16,6600.0,6740.02,198.5,200.9,0.2676846303558349,62.1,64.3,0.2763896824645995,6736.5,-0.02047085318138555,9,0.001824761452629624
2026-03-07,2026-03-16,6620.0,6740.02,183.5,185.9,0.2633359189605713,67.0,69.3,0.2718006475448608,6736.55,-0.01745255448921505,9,0.0017653015776034277
2026-03-07,2026-03-16,6625.0,6740.02,179.7,182.2,0.2622144091796875,68.3,70.6,0.2706295471954346,6736.5,-0.01669013034147948,9,0.0017502083127461901
2026-03-07,2026-03-16,6650.0,6740.02,161.6,163.9,0.2561491011810303,75.0,77.5,0.2647893040847778,6736.5,-0.01292364754600259,9,0.0016728708210465412
2026-03-07,2026-03-16,6675.0,6740.02,144.0,146.4,0.2503088580703735,82.5,84.9,0.2585141898345948,6736.5,-0.00917129792745211,9,0.0015959644155573386
2026-03-07,2026-03-16,6680.0,6740.02,140.5,143.0,0.2491644603347778,84.0,86.5,0.2573392748260498,6736.5,-0.008422514665210974,9,0.001581448153141663
2026-03-07,2026-03-16,6690.0,6740.02,133.7,136.2,0.2466582292938232,87.2,89.7,0.2547720092391968,6736.5,-0.0069266280736282404,9,0.0015499250390668031
2026-03-07,2026-03-16,6700.0,6740.02,127.0,129.5,0.2440871490478515,90.4,93.0,0.252147523765564,6736.55,-0.005440398041211455,9,0.0015179723661096834
2026-03-07,2026-03-16,6705.0,6740.02,123.7,126.2,0.2428054235839843,92.2,94.7,0.2508429103469848,6736.5,-0.004686985480123573,9,0.0015021904783119138
2026-03-07,2026-03-16,6710.0,6740.02,120.5,122.9,0.2414435902786255,93.9,96.4,0.2494620037460326,6736.55,-0.003948973454541426,9,0.0014855443289056999
2026-03-07,2026-03-16,6720.0,6740.02,114.0,116.5,0.2389411738967895,97.4,99.9,0.2467040052032471,6736.6,-0.002467192072351183,9,0.0014538775067451776
2026-03-07,2026-03-16,6725.0,6740.02,110.8,113.3,0.2375717112731933,99.3,101.8,0.2455443488311767,6736.5,-0.0017085767258625969,9,0.0014387740738198106
2026-03-07,2026-03-16,6730.0,6740.02,107.7,110.2,0.2363433910369873,101.1,103.6,0.2440833343887329,6736.6,-0.000980202950772878,9,0.0014228003743352897
2026-03-07,2026-03-16,6740.0,6740.02,101.4,104.0,0.2336426123809814,104.8,107.4,0.241371111755371,6736.6,0.0005045783168063951,9,0.001390919413055466
2026-03-07,2026-03-16,6750.0,6740.02,95.4,97.8,0.2306061437225341,108.8,111.3,0.2385558933258056,6736.55,0.001994580446306523,9,0.001356861063743924
2026-03-07,2026-03-16,6755.0,6740.02,92.4,94.8,0.2291794612121582,110.8,113.3,0.2371330254745483,6736.55,0.0027350469740302923,9,0.0013404287788763413
2026-03-07,2026-03-16,6760.0,6740.02,89.4,91.8,0.2276612268829345,112.8,115.3,0.2356262351226806,6736.55,0.003474965616740881,9,0.0013230941452496154
2026-03-07,2026-03-16,6765.0,6740.02,86.5,88.9,0.2262803202819824,114.8,117.4,0.2342529578399658,6736.6,0.00420691501534209,9,0.0013074096591231023
2026-03-07,2026-03-16,6770.0,6740.02,83.6,86.1,0.2250291120910644,117.0,119.5,0.2327919433975219,6736.6,0.0049457403167742645,9,0.001292055527149417
2026-03-07,2026-03-16,6775.0,6740.02,80.7,83.3,0.2236863520812987,119.0,121.6,0.2312393771362305,6736.7,0.005669175985064092,9,0.001275764912285552
2026-03-07,2026-03-16,6780.0,6740.02,77.9,80.3,0.2217942811584472,121.3,123.8,0.2298241386032104,6736.55,0.006429177514172319,9,0.0012572827216521581
2026-03-07,2026-03-16,6790.0,6740.02,72.4,74.8,0.218845549659729,125.7,128.2,0.2266999327850341,6736.65,0.0078881728490063,9,0.0012236965700975551
2026-03-07,2026-03-16,6795.0,6740.02,69.7,72.2,0.2175600095367431,127.9,130.5,0.225219845046997,6736.75,0.00860943481839131,9,0.0012085520524840973
2026-03-07,2026-03-16,6800.0,6740.02,67.0,69.5,0.2159464087295532,130.2,132.8,0.2236405761718749,6736.75,0.009344999397345321,9,0.0011911852435976407
2026-03-07,2026-03-16,6805.0,6740.02,64.4,66.7,0.2139894886016845,132.6,135.1,0.2219544968414306,6736.7,0.010087445322728966,9,0.001171523579449481
2026-03-07,2026-03-16,6810.0,6740.02,61.8,64.1,0.2123873317718505,135.0,137.8,0.2210961985397338,6736.55,0.010844195723289166,9,0.0011583368078510602
2026-03-07,2026-03-16,6815.0,6740.02,59.2,61.6,0.2109034293746948,137.5,140.0,0.2189676187515258,6736.65,0.011563296426897383,9,0.0011391110014754924
2026-03-07,2026-03-16,6820.0,6740.02,56.7,59.0,0.209068578338623,140.0,142.7,0.2179033288574218,6736.5,0.012318969641605313,9,0.001123798003980583
2026-03-07,2026-03-16,6825.0,6740.02,54.2,56.5,0.2073557963943481,142.5,145.2,0.216255396118164,6736.5,0.013051838857258125,9,0.0011061766998608584
2026-03-07,2026-03-16,6830.0,6740.02,51.8,54.1,0.2057574542236327,145.0,147.5,0.2140123765563965,6736.7,0.01375448280199822,9,0.0010862057517108555
2026-03-07,2026-03-16,6835.0,6740.02,49.4,51.7,0.2040370429611205,147.7,150.4,0.2130930437088012,6736.5,0.014515967962147588,9,0.0010725873855118545
2026-03-07,2026-03-16,6840.0,6740.02,47.1,49.3,0.2021869332885741,150.3,152.8,0.210846209487915,6736.65,0.015224962912860664,9,0.0010516215022509674
2026-03-07,2026-03-16,6845.0,6740.02,44.8,47.0,0.2004474487304687,153.0,155.7,0.209694182434082,6736.55,0.015970534302280254,9,0.0010369489168005925
2026-03-07,2026-03-16,6850.0,6740.02,42.6,44.7,0.1985744511032104,155.7,158.2,0.2074320895767211,6736.7,0.016678461493433498,9,0.0010161450682698381
2026-03-07,2026-03-16,6855.0,6740.02,40.3,42.6,0.1970676607513427,158.5,161.0,0.2057803421783447,6736.7,0.01740812223357741,9,0.001000396315876669
2026-03-07,2026-03-16,6860.0,6740.02,38.2,40.4,0.1951603311920166,160.0,165.8,0.2090838369750976,6736.4,0.018181784138031648,9,0.001007342553064451
2026-03-07,2026-03-16,6865.0,6740.02,36.1,38.3,0.19336744140625,156.4,172.3,0.2166826379394531,6737.85,0.018695156282124127,9,0.001036486032974491
2026-03-07,2026-03-16,6870.0,6740.02,34.0,36.2,0.1914219652557373,165.6,171.3,0.2049716344451904,6736.65,0.019601337512659387,9,0.0009685965568183108
2026-03-07,2026-03-16,6875.0,6740.02,32.1,34.2,0.1895832995605469,168.5,174.3,0.2033542189788818,6736.75,0.020314030767919312,9,0.0009517801652625445
2026-03-07,2026-03-16,6880.0,6740.02,30.1,32.2,0.1875767888641357,171.3,178.3,0.204273551826477,6736.35,0.02110041673512848,9,0.0009465206886946185
2026-03-07,2026-03-16,6885.0,6740.02,28.2,30.3,0.1856809032821655,168.4,184.3,0.2105067048263549,6737.9,0.021596828505557594,9,0.0009675901283347635
2026-03-07,2026-03-16,6890.0,6740.02,26.4,28.5,0.1838918281555175,176.9,186.1,0.2053454710388183,6735.95,0.022612230915941098,9,0.0009339390929841836
2026-03-07,2026-03-16,6895.0,6740.02,24.6,26.7,0.1819310933685302,174.8,190.6,0.2074206455993651,6737.95,0.02304078688802133,9,0.0009344883491341896
2026-03-07,2026-03-16,6900.0,6740.02,22.9,25.0,0.1800771690368652,184.4,190.1,0.1952595123291015,6736.7,0.0239512208225134,9,0.0008684237119242154
2026-03-07,2026-03-16,6905.0,6740.02,21.3,23.3,0.1780325117492676,181.4,197.2,0.2046206858062743,6738.0,0.02448264187689422,9,0.000902610429037894
2026-03-07,2026-03-16,6910.0,6740.02,19.7,21.7,0.1760946649169922,184.8,200.6,0.2033008137512206,6738.0,0.02520649279521734,9,0.0008873070980170827
2026-03-07,2026-03-16,6915.0,6740.02,18.2,20.2,0.1742712578582763,188.2,204.1,0.2021335280609131,6738.05,0.025922399560308538,9,0.0008733733327163266
2026-03-07,2026-03-16,6920.0,6740.02,16.7,18.7,0.1722418592071533,191.7,207.6,0.2008250999832153,6738.05,0.026645204073165153,9,0.0008579524687369406
2026-03-07,2026-03-16,6925.0,6740.02,15.3,17.3,0.1703345296478271,195.3,211.1,0.1993717148590087,6738.1,0.02736006600000162,9,0.0008425646335932427
2026-03-07,2026-03-16,6930.0,6740.02,14.0,15.9,0.1681906912231445,200.2,221.2,0.2180406565856933,6734.25,0.02865336811492125,9,0.0009195697851178652
2026-03-07,2026-03-16,6935.0,6740.02,12.7,14.6,0.1661689218902588,200.2,224.2,0.2151872915649414,6736.45,0.02904797383248585,9,0.000896502091690407
2026-03-07,2026-03-16,6940.0,6740.02,11.6,13.4,0.1642844802856445,202.5,226.3,0.2092974578857421,6738.1,0.02952378844531256,9,0.000860322726541786
2026-03-07,2026-03-16,6945.0,6740.02,10.4,12.3,0.1625526250457763,206.3,230.2,0.2088396987915038,6738.1,0.030243990132906587,9,0.0008502673451008879
2026-03-07,2026-03-16,6950.0,6740.02,9.4,11.2,0.1605690023040771,210.2,234.1,0.2082751292419433,6738.15,0.030956253041376565,9,0.0008386396851941384
2026-03-07,2026-03-16,6960.0,6740.02,7.6,9.0,0.1556938679504394,218.3,242.1,0.2074816801452636,6738.1,0.032401488272927784,9,0.0008130604853503621
2026-03-07,2026-03-16,6965.0,6740.02,6.8,8.4,0.1552284795379639,222.4,246.3,0.2076190078735351,6738.25,0.033097359937784857,9,0.0008115922548544802
2026-03-07,2026-03-16,6970.0,6740.02,6.1,7.6,0.1535576588439941,226.7,250.5,0.2076647837829589,6738.25,0.03381497747844833,9,0.000804338957203042
2026-03-07,2026-03-16,6975.0,6740.02,5.4,6.9,0.1521462349700928,239.3,250.3,0.1909413182067871,6736.35,0.034814092497305445,9,0.0007256038508932092
2026-03-07,2026-03-16,6980.0,6740.02,4.8,6.2,0.1504677849578858,235.3,259.1,0.2082369826507567,6738.3,0.03524124918355926,9,0.0007931657484565287
2026-03-07,2026-03-16,6990.0,6740.02,3.7,5.1,0.1481255842590332,244.1,267.9,0.209244052658081,6738.4,0.03665804822670195,9,0.0007872722715838563
2026-03-07,2026-03-16,6995.0,6740.02,3.2,4.6,0.1469048933410644,248.6,272.4,0.2100298724365234,6738.4,0.03737310009842764,9,0.0007853574268399407
2026-03-07,2026-03-16,7000.0,6740.02,2.85,4.2,0.1461724787902831,253.1,277.0,0.2111513822174071,6738.475,0.03807651085960463,9,0.0007870705991842384
2026-03-07,2026-03-16,7005.0,6740.02,2.45,3.8,0.1452111846923828,257.7,281.6,0.2122347454071045,6738.475,0.03879054159326179,9,0.0007876084496590331
2026-03-07,2026-03-16,7010.0,6740.02,2.15,3.4,0.1440057524108886,262.4,286.2,0.2132647033691406,6738.475,0.03950406285079012,9,0.0007868353473694712
2026-03-07,2026-03-16,7020.0,6740.02,1.6,2.75,0.1421289401245117,271.8,295.6,0.2160188872528076,6738.475,0.04092957984201121,9,0.0007907046549971555
2026-03-07,2026-03-16,7025.0,6740.02,1.35,2.5,0.1415796292114258,276.5,300.4,0.2177736304473876,6738.475,0.04164157702410085,9,0.0007960362240046102
2026-03-07,2026-03-16,7030.0,6740.02,1.15,2.3,0.1413812669372559,281.3,305.2,0.2194978563690185,6738.475,0.04235306762686485,9,0.0008028107361265387
2026-03-07,2026-03-16,7040.0,6740.02,0.8,1.9,0.1404810073852539,291.0,314.8,0.2228700150299072,6738.45,0.043778242019375205,9,0.0008138463626104699
2026-03-07,2026-03-16,7050.0,6740.02,0.55,1.65,0.1408777319335937,300.7,324.5,0.2265931223297118,6738.5,0.045190268597100416,9,0.0008324064784911175
2026-03-07,2026-03-16,7070.0,6740.02,0.25,1.3,0.1427087683105468,320.4,344.2,0.2352066226196288,6738.475,0.048026841712772765,9,0.0008803975235049088
2026-03-07,2026-03-16,7075.0,6740.02,0.2,1.25,0.1436242864990234,325.3,349.1,0.2372055039978027,6738.525,0.04872638528462048,9,0.0008940287424443205
2026-03-07,2026-03-16,7080.0,6740.02,0.15,1.15,0.143563251953125,330.3,354.1,0.2396621444702147,6738.45,0.0494439795550526,9,0.0009053118768318031
2026-03-07,2026-03-16,7100.0,6740.02,0.05,0.95,0.1463708410644531,350.1,373.9,0.2484511190795898,6738.5,0.05225743582019293,9,0.0009609311108957931
2026-03-07,2026-03-16,7150.0,6740.02,0.1,0.7,0.1565025756835937,399.9,423.7,0.2712627806091308,6738.6,0.05926016849100778,9,0.0011279786304097081
2026-03-07,2026-03-16,7200.0,6740.02,0.1,0.65,0.1707846594238281,449.8,473.6,0.2938608212280272,6738.675,0.06621770796074865,9,0.0013308621946655772
2026-03-07,2026-03-16,7225.0,6740.02,0.05,0.6,0.176766044921875,474.8,498.6,0.3051979881286621,6738.625,0.06969133582103958,9,0.001431920522184283
2026-03-07,2026-03-16,7400.0,6740.02,0.0,0.5,0.2243119561767577,649.5,673.4,0.3798737550354004,6738.8,0.09359813268021208,9,0.0022502488785592265
2026-03-07,2026-03-16,7500.0,6740.02,0.0,0.5,0.2525709509277344,749.4,773.2,0.4195462098693848,6738.95,0.10699889410415132,9,0.0015729555267749592
2026-03-07,2026-03-17,4000.0,6740.02,2724.7,2748.5,1.4356412495422364,0.15,1.05,1.0532273901367186,6736.0,-0.521171915820135,10,0.030391450283128868
2026-03-07,2026-03-17,5500.0,6740.02,1230.5,1254.3,0.5216112292480468,4.2,5.6,0.5793193923950196,6737.5,-0.2029408439966903,10,0.00919482077821739
2026-03-07,2026-03-17,6570.0,6740.02,225.8,232.8,0.2832713275146483,61.2,63.4,0.2848582257080078,6737.0,-0.025100889482003653,10,0.0022107615701710596
2026-03-07,2026-03-17,6580.0,6740.02,218.1,224.7,0.2801967122650145,63.3,65.6,0.2824931370544433,6736.95,-0.023572554912702118,10,0.002168629222788727
2026-03-07,2026-03-17,6600.0,6740.02,204.9,207.4,0.2708698707199096,67.9,70.3,0.2778850288391113,6737.05,-0.020552494619656178,10,0.002062547532808432
2026-03-07,2026-03-17,6625.0,6740.02,186.2,188.7,0.2651402527236938,74.3,76.7,0.2721744841384887,6736.95,-0.016756928377642054,10,0.0019774460715703862
2026-03-07,2026-03-17,6650.0,6740.02,168.1,170.6,0.2593801174545289,81.0,83.5,0.2660023656845092,6737.1,-0.013012710602705682,10,0.001890594202666724
2026-03-07,2026-03-17,6700.0,6740.02,133.5,136.0,0.2468413329315185,96.4,99.0,0.2534368785476685,6737.05,-0.005514617255115626,10,0.0017142348553480424
2026-03-07,2026-03-17,6710.0,6740.02,126.9,129.4,0.244247364730835,99.8,102.3,0.2505949575042724,6737.1,-0.0040306142868779555,10,0.0016771844101029715
2026-03-07,2026-03-17,6725.0,6740.02,117.1,119.7,0.2402648606109619,105.0,107.6,0.2465781214523315,6737.1,-0.001797639782565559,10,0.0016233978711252064
2026-03-07,2026-03-17,6730.0,6740.02,113.9,116.5,0.2388610660552978,106.8,109.4,0.2451705122375488,6737.1,-0.0010544216138319198,10,0.0016047025259223566
2026-03-07,2026-03-17,6750.0,6740.02,101.5,104.0,0.2331543360137939,114.4,117.0,0.239669773788452,6737.05,0.0019203612324023614,10,0.0015312509507553853
2026-03-07,2026-03-17,6770.0,6740.02,89.5,92.2,0.2276841148376464,122.4,125.0,0.2337951987457275,6737.15,0.004864100090362979,10,0.001458651759351931
2026-03-07,2026-03-17,6775.0,6740.02,86.6,89.3,0.2262154710769653,124.4,127.1,0.2323379989624023,6737.2,0.00559495842367083,10,0.0014402142800352409
2026-03-07,2026-03-17,6780.0,6740.02,83.8,86.4,0.2246629048156738,126.6,129.2,0.2308006913375854,6737.2,0.006332693610210407,10,0.0014208704617867068
2026-03-07,2026-03-17,6790.0,6740.02,78.1,80.6,0.2212869314956665,130.9,133.5,0.2276764855194091,6737.15,0.007813954736784156,10,0.001380603765875703
2026-03-07,2026-03-17,6800.0,6740.02,72.6,75.1,0.2181932429504394,135.4,138.0,0.2246323875427245,6737.15,0.009285625348240322,10,0.0013431132809703296
2026-03-07,2026-03-17,6805.0,6740.02,70.0,72.4,0.2166101594161987,137.7,140.3,0.2230836359405517,6737.2,0.010013227761335468,10,0.0013241824224330403
2026-03-07,2026-03-17,6810.0,6740.02,67.3,69.7,0.2149317094039917,140.0,142.9,0.2220994538879394,6737.05,0.010769976509385059,10,0.0013081934088239626
2026-03-07,2026-03-17,6820.0,6740.02,62.1,64.5,0.211712137107849,144.8,147.4,0.218296238746643,6737.2,0.012215063513276947,10,0.0012664876938699868
2026-03-07,2026-03-17,6825.0,6740.02,59.6,62.1,0.210396079711914,147.3,149.9,0.2168008923721313,6737.25,0.012940511275734732,10,0.001249981184642305
2026-03-07,2026-03-17,6830.0,6740.02,57.1,59.5,0.2085230820846557,149.8,152.6,0.2156564946365356,6737.1,0.013695108312230348,10,0.0012323857075847195
2026-03-07,2026-03-17,6835.0,6740.02,54.6,57.0,0.2067645242309569,152.3,154.9,0.2134973975753784,6737.2,0.01441206183381902,10,0.001209726595344892
2026-03-07,2026-03-17,6840.0,6740.02,52.2,54.6,0.2051204061508178,154.9,157.5,0.2119143140411376,6737.2,0.015143323292365205,10,0.0011912188893533052
2026-03-07,2026-03-17,6845.0,6740.02,49.9,52.2,0.2033618482971191,157.5,160.1,0.210220605392456,6737.25,0.015866628945123543,10,0.0011715783972595173
2026-03-07,2026-03-17,6850.0,6740.02,47.6,49.9,0.2017139155578613,160.2,162.8,0.2086451511764525,6737.25,0.016596822478845315,10,0.0011533874222675136
2026-03-07,2026-03-17,6855.0,6740.02,45.3,47.6,0.1999477283859252,162.9,165.5,0.2069552571868896,6737.25,0.017326483218989167,10,0.0011340413675895228
2026-03-07,2026-03-17,6860.0,6740.02,43.1,45.4,0.1982921663284301,165.7,168.6,0.2061007735443114,6737.1,0.018077876467325546,10,0.0011200934919104021
2026-03-07,2026-03-17,6865.0,6740.02,40.9,43.2,0.1965107205200195,160.7,176.6,0.2169420347595214,6738.4,0.018613531200917532,10,0.0011708437044400267
2026-03-07,2026-03-17,6870.0,6740.02,38.8,41.0,0.1945881323242187,169.4,176.3,0.2077563356018066,6737.05,0.019541962582221965,10,0.0011087744580183315
2026-03-07,2026-03-17,6875.0,6740.02,36.7,38.9,0.1927799839019775,171.7,179.3,0.2063792436599731,6737.3,0.020232392359228992,10,0.0010912882804647468
2026-03-07,2026-03-17,6880.0,6740.02,34.7,36.9,0.1910824605941772,174.7,182.4,0.2051318501281738,6737.25,0.020966822149963617,10,0.0010752450686382722
2026-03-07,2026-03-17,6885.0,6740.02,32.7,34.9,0.1892399802398681,172.5,188.3,0.2108385801696777,6738.4,0.021522624161601226,10,0.001096320921228593
2026-03-07,2026-03-17,6890.0,6740.02,30.8,33.0,0.187508125,175.5,191.4,0.2094576735687255,6738.45,0.022241156874991407,10,0.0010793277070774378
2026-03-07,2026-03-17,6895.0,6740.02,29.0,31.1,0.1856236833953857,178.6,194.5,0.2079508832168579,6738.5,0.022959163018188174,10,0.001060965338931612
2026-03-07,2026-03-17,6900.0,6740.02,27.2,29.3,0.183853681564331,187.9,194.5,0.1981128773498535,6737.05,0.023899267951177767,10,0.0009993044666352273
2026-03-07,2026-03-17,6905.0,6740.02,25.4,27.5,0.1819158347320556,185.0,200.9,0.2050860742187499,6738.5,0.024408438634178454,10,0.0010258251885723805
2026-03-07,2026-03-17,6910.0,6740.02,23.7,25.8,0.1800886130142212,188.3,204.1,0.2034534001159668,6738.55,0.025124869531057793,10,0.0010075649029860087
2026-03-07,2026-03-17,6915.0,6740.02,22.0,24.2,0.1783834603881836,191.6,207.5,0.2022403385162353,6738.55,0.025848196868200796,10,0.0009922909335098047
2026-03-07,2026-03-17,6920.0,6740.02,20.5,22.6,0.1764990187835693,195.0,210.9,0.2008975785064697,6738.6,0.02656358141466987,10,0.0009755355592198621
2026-03-07,2026-03-17,6925.0,6740.02,19.0,21.0,0.1744162149047852,200.2,215.8,0.2036975382995605,6737.0,0.02752333009487945,10,0.0009792466463169648
2026-03-07,2026-03-17,6930.0,6740.02,17.5,19.6,0.1727759114837646,200.2,224.2,0.2163240599822997,6736.35,0.02834157799168798,10,0.001036977998595151
2026-03-07,2026-03-17,6935.0,6740.02,16.1,18.2,0.1709448751068115,201.6,225.4,0.2086489658355712,6738.65,0.028721445640554427,10,0.0009869279731602118
2026-03-07,2026-03-17,6940.0,6740.02,14.8,16.8,0.1689002178192139,205.3,229.1,0.2078822193527221,6738.6,0.029449586303804686,10,0.000972363047679616
2026-03-07,2026-03-17,6945.0,6740.02,13.6,15.6,0.1673438368988037,209.0,232.8,0.2070010330963134,6738.7,0.03015494822378924,10,0.0009598224773401446
2026-03-07,2026-03-17,6950.0,6740.02,12.4,14.3,0.1652152571105957,212.8,236.6,0.2063067651367187,6738.65,0.030882051450460454,10,0.0009454014590050272
2026-03-07,2026-03-17,6955.0,6740.02,11.3,13.2,0.1635978416442871,216.6,240.4,0.2055056867218017,6738.75,0.03158637759166486,10,0.0009331329770705212
2026-03-07,2026-03-17,6960.0,6740.02,10.2,12.1,0.1617668052673339,220.5,244.4,0.2052234019470214,6738.7,0.03231244636381042,10,0.0009224781656933933
2026-03-07,2026-03-17,6970.0,6740.02,8.3,10.1,0.1581962843322754,228.6,252.4,0.204361288986206,6738.7,0.033748196789914656,10,0.0009003287258259314
2026-03-07,2026-03-17,6975.0,6740.02,7.4,9.2,0.1564873170471191,232.7,256.5,0.2041095214843749,6738.7,0.03446529972491146,10,0.0008906169860199202
2026-03-07,2026-03-17,6980.0,6740.02,6.7,8.4,0.1549995999908447,236.8,260.7,0.2041095214843749,6738.8,0.035167049244369156,10,0.0008832832953883836
2026-03-07,2026-03-17,6990.0,6740.02,5.3,7.0,0.1523369679260254,245.4,269.2,0.2042010733032226,6738.85,0.03659126902468849,10,0.0008706806496136232
2026-03-07,2026-03-17,7000.0,6740.02,4.2,5.7,0.1492394647216797,254.1,278.0,0.2050708155822753,6738.9,0.03801344219821623,10,0.0008598340734867613
2026-03-07,2026-03-17,7025.0,6740.02,2.15,3.5,0.1440362696838378,276.9,300.8,0.2092593112945556,6738.975,0.041567379011831516,10,0.0008549162160195927
2026-03-07,2026-03-17,7040.0,6740.02,1.4,2.65,0.1421289401245117,291.1,314.9,0.2129290133666992,6739.025,0.0436929144635312,10,0.0008634667831326498
2026-03-07,2026-03-17,7050.0,6740.02,1.0,2.25,0.1416254051208496,300.7,324.5,0.2160570338439941,6739.025,0.04511236111775748,10,0.000876278953039994
2026-03-07,2026-03-17,7100.0,6740.02,0.1,1.25,0.1453027365112305,349.7,373.5,0.2350311483001708,6739.075,0.05217210889745665,10,0.000990779889970769
2026-03-07,2026-03-17,7600.0,6740.02,0.0,0.5,0.2669751037597656,848.8,872.6,0.4335231208801269,6739.55,0.12015509017562516,10,0.0019527590692476051
2026-03-07,2026-03-17,7800.0,6740.02,0.0,0.45,0.3142158422851562,1048.5,1072.3,0.5028278477478028,6739.825,0.14608977350010247,10,0.002704975220355347
2026-03-07,2026-03-18,5500.0,6740.02,1232.3,1256.1,0.5410202148437502,5.4,6.9,0.5750469741821288,6738.049999999999,-0.20302247331798776,11,0.009965669171715728
2026-03-07,2026-03-18,6375.0,6740.02,389.1,413.0,0.3635622726440429,36.4,38.5,0.3341398068618774,6738.6,-0.055468097170418534,11,0.0036675822665861242
2026-03-07,2026-03-18,6475.0,6740.02,302.9,326.8,0.3363103479003906,50.0,52.4,0.3115608395385741,6738.65,-0.03991100054063901,11,0.0031624026237324077
2026-03-07,2026-03-18,6500.0,6740.02,282.2,306.0,0.3295698452377318,54.4,56.6,0.3057244110870362,6738.6,-0.036050011313317,11,0.00304081281733674
2026-03-07,2026-03-18,6620.0,6740.02,197.9,200.5,0.2729603039169311,80.3,82.8,0.2781329816818236,6737.65,-0.017615829489206546,11,0.0022881793861317377
2026-03-07,2026-03-18,6650.0,6740.02,176.1,178.7,0.2657773007965088,88.5,91.0,0.2708012068557739,6737.65,-0.013094344770360679,11,0.002169233865491684
2026-03-07,2026-03-18,6680.0,6740.02,155.1,157.8,0.2585904830169677,97.2,100.0,0.2632939577102661,6737.85,-0.00862289538925596,11,0.0020520527837020234
2026-03-07,2026-03-18,6700.0,6740.02,141.5,144.2,0.2533567707061768,103.8,106.5,0.2582166464233398,6737.7,-0.005611093998729251,11,0.0019717677892118314
2026-03-07,2026-03-18,6710.0,6740.02,134.9,137.6,0.2507933197784423,107.1,109.8,0.255428130607605,6737.8,-0.004134511161901857,11,0.001930727209000334
2026-03-07,2026-03-18,6720.0,6740.02,128.4,131.0,0.2479857306671142,110.6,113.3,0.2528074597930908,6737.75,-0.0026378867630474983,11,0.0018895424765235772
2026-03-07,2026-03-18,6750.0,6740.02,109.4,112.0,0.2396354418563842,121.6,124.3,0.2444419123458862,6737.75,0.001816463586332853,11,0.00176550666668916
2026-03-07,2026-03-18,6770.0,6740.02,97.3,99.9,0.23384478931427,129.4,132.2,0.2386665184402465,6737.8,0.004767624778691464,11,0.0016821481476128203
2026-03-07,2026-03-18,6775.0,6740.02,94.4,97.1,0.2326736889648437,131.4,134.2,0.2370910642242431,6737.95,0.005483642408520708,11,0.001662649422415644
2026-03-07,2026-03-18,6780.0,6740.02,91.5,94.2,0.2312241184997558,133.6,136.3,0.2356491230773925,6737.9,0.0062287982772436905,11,0.0016422444251426689
2026-03-07,2026-03-18,6790.0,6740.02,85.8,88.3,0.2278748477935791,137.8,140.6,0.2327385381698608,6737.85,0.007710058632794445,11,0.0015985010990518863
2026-03-07,2026-03-18,6800.0,6740.02,80.2,82.7,0.2248231204986572,142.2,144.9,0.2295113365554809,6737.9,0.009174308507000501,11,0.0015552176626941528
2026-03-07,2026-03-18,6810.0,6740.02,74.7,77.4,0.2220613072967528,146.7,149.5,0.2265778636932373,6737.95,0.01063639580417718,11,0.0015164713446660556
2026-03-07,2026-03-18,6820.0,6740.02,69.4,71.9,0.2185289329528808,151.4,154.4,0.2239419342422485,6737.75,0.012133430557265111,11,0.0014750583229318542
2026-03-07,2026-03-18,6825.0,6740.02,66.8,69.5,0.2173692765808105,153.9,156.5,0.2217446905899047,6737.95,0.012836616713779484,11,0.0014527615327455095
2026-03-07,2026-03-18,6830.0,6740.02,64.3,66.8,0.2154772056579589,156.3,159.0,0.2203103787612915,6737.9,0.013576369907638289,11,0.0014308349356668617
2026-03-07,2026-03-18,6840.0,6740.02,59.3,61.8,0.2122538187026977,161.3,164.2,0.2175981561279296,6737.8,0.015054269488966762,11,0.0013921232348792416
2026-03-07,2026-03-18,6845.0,6740.02,56.9,59.3,0.210495260848999,163.8,166.5,0.2154390590667725,6737.95,0.015762734383168244,11,0.0013668633518515193
2026-03-07,2026-03-18,6850.0,6740.02,54.5,56.9,0.2088473281097412,166.4,169.1,0.2138369022369385,6737.95,0.016492927916890058,11,0.0013460832496037087
2026-03-07,2026-03-18,6855.0,6740.02,52.1,54.5,0.2070963995742797,169.1,172.0,0.2128069442749023,6737.75,0.017252271716172083,11,0.0013284294520088823
2026-03-07,2026-03-18,6860.0,6740.02,49.8,52.2,0.2054599108123779,171.8,174.4,0.2105486660766601,6737.9,0.01795913806273334,11,0.001303900340066897
2026-03-07,2026-03-18,6865.0,6740.02,47.6,49.9,0.2037127969360351,174.5,177.4,0.2095415960693359,6737.8,0.018702577074442138,11,0.0012866925525483659
2026-03-07,2026-03-18,6870.0,6740.02,45.4,47.7,0.2020801228332519,177.3,179.9,0.2072833178710937,6737.95,0.019408381877014085,11,0.0012625771866015775
2026-03-07,2026-03-18,6875.0,6740.02,43.2,45.5,0.2003291942977905,178.8,185.2,0.2114222230148315,6737.35,0.020224971016188593,11,0.0012773503604441665
2026-03-07,2026-03-18,6880.0,6740.02,41.1,43.4,0.1986927055358886,181.0,188.1,0.2099268766403197,6737.7,0.020900031549602655,11,0.0012579928714496228
2026-03-07,2026-03-18,6890.0,6740.02,38.0,39.3,0.1952938442611694,186.9,194.1,0.2070849555969238,6738.15,0.02228567849024288,11,0.0012198600577586532
2026-03-07,2026-03-18,6895.0,6740.02,35.0,37.3,0.1935238424301147,184.0,199.9,0.2122881506347656,6739.2,0.022855287727800565,11,0.0012407651444302707
2026-03-07,2026-03-18,6900.0,6740.02,33.1,35.3,0.1916126982116699,193.4,200.0,0.2035296932983398,6737.5,0.02383247536809824,11,0.0011763784967470878
2026-03-07,2026-03-18,6910.0,6740.02,29.5,31.6,0.1881337290954589,193.4,209.2,0.2078402581024169,6739.25,0.025020995011383926,11,0.0011813351944597388
2026-03-07,2026-03-18,6915.0,6740.02,27.7,29.8,0.1863065073776245,196.6,212.4,0.2063754290008544,6739.25,0.025744322348526916,11,0.0011617740648886777
2026-03-07,2026-03-18,6920.0,6740.02,26.0,28.1,0.1846013547515868,203.9,214.1,0.2008632465744018,6738.05,0.026645204073165153,11,0.001119460649061258
2026-03-07,2026-03-18,6925.0,6740.02,24.4,26.5,0.1830182712173461,207.7,218.3,0.2017444328308105,6737.45,0.027456537016101776,11,0.0011153874812951663
2026-03-07,2026-03-18,6930.0,6740.02,22.8,24.8,0.1809926872253418,211.3,221.7,0.2004093021392821,6737.3,0.028200562008406,11,0.001095987844112479
2026-03-07,2026-03-18,6940.0,6740.02,19.8,21.8,0.1775976406097412,209.5,233.4,0.2108843560791015,6739.35,0.029338293414192657,11,0.0011370553967567465
2026-03-07,2026-03-18,6950.0,6740.02,17.0,19.0,0.1741339301300049,216.7,240.6,0.2089617678833007,6739.35,0.030778178472180135,11,0.0011057434604104931
2026-03-07,2026-03-18,6955.0,6740.02,15.7,17.7,0.1724554801177979,220.4,244.3,0.2081187282180785,6739.35,0.03149734427088564,11,0.00109123562229813
2026-03-07,2026-03-18,6960.0,6740.02,14.5,16.5,0.1709296164703369,224.2,248.0,0.2071726927566528,6739.4,0.03220857415621014,11,0.0010771061086784954
2026-03-07,2026-03-18,6970.0,6740.02,12.3,14.2,0.1676795269012451,231.9,255.7,0.2058451913833618,6739.45,0.03363690555175896,11,0.0010511834704558522
2026-03-07,2026-03-18,6975.0,6740.02,11.2,13.1,0.1659324130249023,235.8,259.6,0.2051852553558349,6739.45,0.03435400848675579,11,0.0010376791517999339
2026-03-07,2026-03-18,6980.0,6740.02,10.3,12.1,0.1643760321044922,239.8,263.6,0.2047313109207152,6739.5,0.03506317857809375,11,0.0010264674913879517
2026-03-07,2026-03-18,6990.0,6740.02,8.5,10.3,0.1614768911743164,248.0,271.8,0.2041934439849853,6739.5,0.036494818049531655,11,0.0010074402288840249
2026-03-07,2026-03-18,7000.0,6740.02,7.0,8.7,0.158638784790039,256.3,280.2,0.2039721937561034,6739.6,0.03790957307322019,11,0.000990653383139795
2026-03-07,2026-03-18,7005.0,6740.02,6.3,8.0,0.1573875765991211,260.6,284.4,0.2037433142089843,6739.65,0.038616184996483435,11,0.000982582687160557
2026-03-07,2026-03-18,7015.0,6740.02,5.1,6.7,0.1547859790802002,269.3,293.2,0.2044528408050537,6739.65,0.040042718761937456,11,0.0009723135800260605
2026-03-07,2026-03-18,7020.0,6740.02,4.5,6.2,0.1540154179382324,273.8,297.6,0.204712237625122,6739.65,0.04075522324523299,11,0.0009695485202231419
2026-03-07,2026-03-18,7040.0,6740.02,2.85,4.3,0.1496819651794433,292.0,315.8,0.2074435335540771,6739.675,0.04359646599290663,11,0.0009609074248646044
2026-03-07,2026-03-18,7100.0,6740.02,0.5,1.75,0.1466149792480468,349.4,373.2,0.2236710934448241,6739.825,0.052060823851826095,11,0.0010330339259817885
2026-03-07,2026-03-19,5500.0,6740.02,1233.6,1257.4,0.5420272848510744,6.6,8.1,0.569065588684082,6738.15,-0.20303731429689897,12,0.010646651316965286
2026-03-07,2026-03-19,6200.0,6740.02,553.0,576.8,0.4137708159637451,25.1,27.1,0.3765626309204102,6738.8,-0.08333257547886612,12,0.005133920196688684
2026-03-07,2026-03-19,6225.0,6740.02,529.7,553.5,0.4059774673843384,26.8,28.8,0.3702379261016846,6738.8,-0.07930842517914066,12,0.004952139756860231
2026-03-07,2026-03-19,6550.0,6740.02,254.9,262.2,0.2962755004501342,69.4,71.9,0.2956918576049804,6737.9,-0.028283254027899937,12,0.0028802083808445386
2026-03-07,2026-03-19,6590.0,6740.02,226.4,229.0,0.2820315633010863,78.6,81.0,0.2864832704925536,6737.9,-0.022194955160644642,12,0.0026565132841924106
2026-03-07,2026-03-19,6600.0,6740.02,218.9,221.6,0.2800670138549803,81.0,83.5,0.284251694908142,6738.0,-0.020693495951981302,12,0.002617443329260912
2026-03-07,2026-03-19,6625.0,6740.02,200.4,203.0,0.2741466629028321,87.3,90.0,0.2784381544113159,6738.05,-0.016920193684127238,12,0.002509725865694057
2026-03-07,2026-03-19,6640.0,6740.02,189.5,192.2,0.2707973921966552,91.4,94.1,0.2748218575668334,6738.1,-0.01466602258505805,12,0.0024468523209244288
2026-03-07,2026-03-19,6650.0,6740.02,182.3,185.0,0.2683216784286498,94.3,97.0,0.2725216181182861,6738.0,-0.013146290316598407,12,0.0024042038746829326
2026-03-07,2026-03-19,6700.0,6740.02,147.7,150.4,0.2557714499282837,109.6,112.4,0.2598416912078857,6738.05,-0.005663039159492671,12,0.0021851252984573205
2026-03-07,2026-03-19,6710.0,6740.02,141.0,143.9,0.2534559518432617,113.0,115.7,0.2571142099380493,6738.1,-0.0041790350898101665,12,0.0021425908775457047
2026-03-07,2026-03-19,6740.0,6740.02,121.7,124.4,0.245124736328125,123.6,126.3,0.2489546540832519,6738.1,0.00028193885081519236,12,0.0020064200879118723
2026-03-07,2026-03-19,6750.0,6740.02,115.4,118.1,0.2422561126708984,127.2,130.1,0.2462843927001953,6738.1,0.00176451881103791,12,0.001961686236067756
2026-03-07,2026-03-19,6770.0,6740.02,103.2,105.9,0.2365303093338012,135.0,137.9,0.2405700333404541,6738.1,0.004723100850783158,12,0.0018708882491497954
2026-03-07,2026-03-19,6775.0,6740.02,100.3,103.0,0.2352256959152221,137.0,139.9,0.2390746869659423,6738.2,0.005446539823579426,12,0.0018489933139826228
2026-03-07,2026-03-19,6780.0,6740.02,97.3,100.1,0.2338562332916259,139.2,141.9,0.2375106767272948,6738.15,0.006191695416980012,12,0.0018261925796776873
2026-03-07,2026-03-19,6790.0,6740.02,91.5,94.3,0.2308960578155517,143.4,146.1,0.2345695745468139,6738.15,0.0076655350352805175,12,0.0017807527800862758
2026-03-07,2026-03-19,6800.0,6740.02,85.9,88.5,0.2276421535873413,147.5,150.4,0.2315369205474853,6738.25,0.009122364888076915,12,0.0017329760722464376
2026-03-07,2026-03-19,6810.0,6740.02,80.3,82.9,0.2244759865188598,152.0,154.8,0.2284012707519531,6738.2,0.010599293219235782,12,0.0016857354259161702
2026-03-07,2026-03-19,6820.0,6740.02,74.9,77.6,0.2215997335433959,156.6,159.4,0.2253571727752685,6738.25,0.012059224561386543,12,0.001641949118679052
2026-03-07,2026-03-19,6825.0,6740.02,72.3,74.9,0.2199365421676635,158.9,162.0,0.224331029472351,6738.15,0.012806934535699225,12,0.0016222493852951951
2026-03-07,2026-03-19,6830.0,6740.02,69.7,72.4,0.2186014114761352,161.4,164.1,0.2221948203659057,6738.3,0.013517005991976907,12,0.0015969971342970598
2026-03-07,2026-03-19,6835.0,6740.02,67.1,69.7,0.2167627457809448,163.7,166.5,0.2205850342178344,6738.3,0.014248802585190961,12,0.001572107512355018
2026-03-07,2026-03-19,6840.0,6740.02,64.6,67.1,0.2150423345184326,166.2,169.2,0.2195169296646118,6738.15,0.01500232509913481,12,0.00155212400619706
2026-03-07,2026-03-19,6850.0,6740.02,59.6,62.1,0.2117388397216796,171.2,174.0,0.2158586715698242,6738.25,0.016448404980149822,12,0.001502791493117981
2026-03-07,2026-03-19,6855.0,6740.02,57.2,59.7,0.2101557561874389,173.8,176.8,0.2147371617889404,6738.15,0.017192906478953572,12,0.001483841028053278
2026-03-07,2026-03-19,6860.0,6740.02,54.8,57.3,0.2084773061752318,176.4,179.4,0.2131006730270385,6738.15,0.01792203520246969,12,0.0014607780209446835
2026-03-07,2026-03-19,6865.0,6740.02,52.5,55.0,0.2069132959365844,179.1,181.8,0.2109301319885254,6738.3,0.018628371629212527,12,0.0014350120295359428
2026-03-07,2026-03-19,6870.0,6740.02,50.2,52.7,0.205250104560852,181.8,184.5,0.2093050872039794,6738.3,0.019356438643535995,12,0.001412515126185009
2026-03-07,2026-03-19,6875.0,6740.02,48.0,50.4,0.2034762880706787,184.5,187.5,0.208244611968994,6738.2,0.020098816610449814,12,0.0013932665714751625
2026-03-07,2026-03-19,6880.0,6740.02,45.8,48.2,0.2018207260131835,185.6,192.7,0.2120058658599853,6737.85,0.02087776900744202,12,0.0014075543682851687
2026-03-07,2026-03-19,6885.0,6740.02,43.6,46.0,0.2000507241821288,182.4,198.3,0.2166368620300293,6739.45,0.021366812959944612,12,0.001427083927424504
2026-03-07,2026-03-19,6890.0,6740.02,41.5,43.9,0.1983951621246338,191.3,198.5,0.2090609490203857,6737.8,0.022337622880074844,12,0.0013645519110363487
2026-03-07,2026-03-19,6900.0,6740.02,37.4,39.8,0.1949657835769653,197.3,204.6,0.2063983169555663,6737.65,0.023810212165090203,12,0.001324053215311957
2026-03-07,2026-03-19,6910.0,6740.02,33.5,35.9,0.191513517074585,197.2,213.1,0.2090418757247924,6739.55,0.02497648066291838,12,0.0013187229263068234
2026-03-07,2026-03-19,6920.0,6740.02,29.9,32.2,0.1880383626174926,200.2,224.2,0.2177583718109131,6738.85,0.02652648240854786,12,0.0013534601890911615
2026-03-07,2026-03-19,6925.0,6740.02,28.1,30.4,0.1862187702178954,202.8,226.6,0.2145006529235839,6739.55,0.027144894956742084,12,0.001319803200680876
2026-03-07,2026-03-19,6930.0,6740.02,26.5,28.7,0.1845174322509765,206.0,229.9,0.2133028499603271,6739.65,0.027851818409324974,12,0.0013007751529206676
2026-03-07,2026-03-19,6940.0,6740.02,23.2,25.4,0.1809469113159179,212.8,236.6,0.210846209487915,6739.6,0.02930119853661996,12,0.0012616590370619735
2026-03-07,2026-03-19,6950.0,6740.02,20.2,22.4,0.1775976406097412,219.7,243.6,0.2087481469726562,6739.65,0.03073366478421383,12,0.0012268197335561337
2026-03-07,2026-03-19,6975.0,6740.02,13.9,15.9,0.1694113821411133,238.2,262.1,0.2044299528503417,6739.75,0.034309495459268945,12,0.0011486904965604925
2026-03-07,2026-03-19,6980.0,6740.02,12.8,14.8,0.1679236650848388,242.1,265.9,0.2035449519348144,6739.8,0.03501866588083949,12,0.001134155617236935
2026-03-07,2026-03-19,6990.0,6740.02,10.7,12.7,0.1647574980163574,250.0,273.8,0.2023738515853881,6739.8,0.036450305352277314,12,0.0011078254344690334
2026-03-07,2026-03-19,7000.0,6740.02,8.9,10.9,0.162018572769165,258.2,282.0,0.2017673207855224,6739.8,0.03787989816187177,12,0.0010877274768442383
2026-03-07,2026-03-19,7010.0,6740.02,7.4,9.3,0.1593788286590576,266.5,290.4,0.2014774066925048,6739.9,0.03929261302760174,12,0.0010702785418528946
2026-03-07,2026-03-19,7025.0,6740.02,5.4,7.3,0.155884600906372,279.5,303.3,0.2014774066925048,6739.95,0.04142270872073635,12,0.0010496515436309562
2026-03-07,2026-03-19,7030.0,6740.02,4.9,6.7,0.1546867979431152,283.9,307.7,0.2016910276031494,6740.0,0.042126780898357856,12,0.001043877982529456
2026-03-07,2026-03-19,7100.0,6740.02,0.8,2.3,0.1474389456176758,349.6,373.4,0.2157747490692138,6740.05,0.05202744075294416,12,0.0010843083945871318
2026-03-07,2026-03-19,7800.0,6740.02,0.0,0.5,0.2921213366699218,1047.3,1071.1,0.4533898655700684,6741.05,0.14590803455461523,12,0.0028055301480927708
2026-03-07,2026-03-20,400.0,6740.02,6318.4,6342.4,5.565432730712891,0.0,0.4,4.433598208007812,6730.2,-2.8228955927712507,13,0.700104958659318
2026-03-07,2026-03-20,600.0,6740.02,6325.7,6343.8,10.986514363899234,0.0,0.15,3.5234386914062497,6934.675,-2.4473598126999674,13,0.44216455549940165
2026-03-07,2026-03-20,800.0,6740.02,6029.2,6049.7,7.647156202774049,0.0,0.4,3.3203141992187497,6839.25,-2.1458216278139575,13,0.39265293961626685
2026-03-07,2026-03-20,1000.0,6740.02,5724.1,5738.6,1.0000000000000004e-05,0.0,0.4,2.9707056982421878,6731.150000000001,-1.9067460057305006,13,0.31431835751340237
2026-03-07,2026-03-20,1200.0,6740.02,5725.4,5743.2,7.357575265922545,0.0,0.05,2.3437541406249998,6934.275,-1.7541549493305646,13,0.19564763049879125
2026-03-07,2026-03-20,1400.0,6740.02,5321.6,5345.4,3.3543717312622063,0.0,0.4,2.4492226269531248,6733.3,-1.5705931286105332,13,0.21365202518610726
2026-03-07,2026-03-20,1800.0,6740.02,4922.2,4946.0,2.867922752075195,0.0,0.4,2.064457963867187,6733.900000000001,-1.3193678057116514,13,0.15179678602594648
2026-03-07,2026-03-20,2200.0,6740.02,4762.3,4770.1,5.0494879410743705,0.0,0.45,1.7744151904296874,6965.975,-1.1525802227129214,13,0.11214011091605235
2026-03-07,2026-03-20,2400.0,6740.02,4323.2,4347.0,2.314518373870849,0.0,0.3,1.5917989160156247,6734.950000000001,-1.031841648575896,13,0.09024577878731709
2026-03-07,2026-03-20,2500.0,6740.02,4221.6,4245.6,2.164677439880371,0.0,0.5,1.590822358398437,6733.35,-0.9907820591093557,13,0.0901350824321774
2026-03-07,2026-03-20,2600.0,6740.02,4121.8,4145.8,2.0935106256103517,0.0,0.5,1.5302757861328122,6733.55,-0.9515910484117271,13,0.08340458016744426
2026-03-07,2026-03-20,2800.0,6740.02,3923.8,3947.6,2.011845790710449,0.0,0.6,1.4375028125,6735.4,-0.8777577821573713,13,0.07359831881449405
2026-03-07,2026-03-20,2900.0,6740.02,3827.2,3841.7,1.6184101110839846,0.0,0.6,1.382327307128906,6734.15,-0.8424808585206447,13,0.06805691559574051
2026-03-07,2026-03-20,3000.0,6740.02,3724.2,3748.0,1.878418576660156,0.0,0.65,1.3378939355468746,6735.775,-0.8088205851012095,13,0.06375200650972701
2026-03-07,2026-03-20,3100.0,6740.02,3733.9,3753.0,2.9297664695358274,0.0,0.7,1.294437121582031,6843.1,-0.791838733846107,13,0.05967774521228618
2026-03-07,2026-03-20,3200.0,6740.02,3522.9,3546.9,1.7052016693115235,0.0,0.75,1.2514685864257813,6734.525,-0.7440964704722406,13,0.055781526291882357
2026-03-07,2026-03-20,3300.0,6740.02,3384.3,3408.3,1.0000000000000004e-05,0.0,0.9,1.2211953002929683,6695.85,-0.707565463030132,13,0.05311543424369652
2026-03-07,2026-03-20,3400.0,6740.02,3323.3,3347.3,1.5900289053344725,0.0,0.8,1.1611370068359377,6734.9,-0.6835275303200337,13,0.04801947652704374
2026-03-07,2026-03-20,3500.0,6740.02,3225.3,3249.1,1.5774557260131834,0.05,1.1,1.1508831518554683,6736.625,-0.654796089176022,13,0.047175113369649586
2026-03-07,2026-03-20,3550.0,6740.02,3346.5,3361.1,2.8398313916397093,0.1,1.05,1.127445769042969,6903.225,-0.665041090226944,13,0.04527326440473313
2026-03-07,2026-03-20,3700.0,6740.02,3025.8,3049.6,1.4678371334838864,0.25,1.25,1.085697930908203,6736.95,-0.5992744805997493,13,0.041982520447448206
2026-03-07,2026-03-20,3800.0,6740.02,3168.0,3175.7,2.9103649677467347,0.35,1.25,1.0468797656250002,6971.049999999999,-0.6067647923182831,13,0.039034093610344434
2026-03-07,2026-03-20,3850.0,6740.02,2874.4,2898.4,1.353213683166504,0.4,1.45,1.0393114440917972,6735.475,-0.5593151861729689,13,0.038471746881266575
2026-03-07,2026-03-20,3900.0,6740.02,2826.4,2850.2,1.364413578338623,0.5,1.5,1.02502928894043,6737.3,-0.5466826980578051,13,0.03742165907236823
2026-03-07,2026-03-20,3950.0,6740.02,2995.3,3009.7,2.6766314212226865,0.55,1.6,1.0102588549804683,6951.425,-0.5652310956178913,13,0.036350954528394
2026-03-07,2026-03-20,4000.0,6740.02,2729.8,2744.1,1.1503338381958006,0.7,1.75,1.0015919061279297,6735.725,-0.5211310895710781,13,0.035729924667048586
2026-03-07,2026-03-20,4050.0,6740.02,2683.1,2697.5,0.8491226025390625,0.75,1.75,0.9816896362304688,6739.05,-0.5092020843165498,13,0.0343240795738905
2026-03-07,2026-03-20,4100.0,6740.02,2627.0,2650.8,1.26425538772583,0.85,1.95,0.9714358325195313,6737.5,-0.4967019625248535,13,0.03361079040311751
2026-03-07,2026-03-20,4125.0,6740.02,2556.1,2567.9,1.0000000000000004e-05,0.85,1.9,0.9586185778808592,6685.625,-0.4828936792916139,13,0.032729710992214174
2026-03-07,2026-03-20,4150.0,6740.02,2577.2,2601.0,1.2405738655090328,0.95,2.0,0.9549565051269532,6737.625,-0.4845991546961019,13,0.0324801234161526
2026-03-07,2026-03-20,4200.0,6740.02,2757.6,2778.0,2.502452779521942,1.05,2.15,0.9416509741210936,6966.200000000001,-0.5059853571237615,13,0.03158132942964838
2026-03-07,2026-03-20,4250.0,6740.02,2658.7,2668.8,2.236393569183349,1.1,2.15,0.9216316430664062,6912.125,-0.4863581328926473,13,0.030252776743881334
2026-03-07,2026-03-20,4275.0,6740.02,2450.8,2474.8,1.1522564360046386,1.15,2.2,0.9139412902832031,6736.125,-0.4547007313862489,13,0.029750007855065316
2026-03-07,2026-03-20,4300.0,6740.02,2425.9,2449.9,1.1410565408325195,1.2,2.15,0.903199210205078,6736.225,-0.44888465629548063,13,0.0290547796523178
2026-03-07,2026-03-20,4400.0,6740.02,2326.3,2350.3,1.096470582122803,1.55,2.6,0.8823253955078124,6736.225,-0.425895138070782,13,0.02772732971576501
2026-03-07,2026-03-20,4450.0,6740.02,2270.2,2294.2,0.9391485577392578,1.65,2.75,0.8669446899414062,6730.0,-0.4136710474784876,13,0.026769069151859757
2026-03-07,2026-03-20,4500.0,6740.02,2226.7,2250.7,1.052189797668457,1.85,2.9,0.8535781243896485,6736.325,-0.40343712721837094,13,0.025949980788151104
2026-03-07,2026-03-20,4550.0,6740.02,2176.9,2200.9,1.0301867338562012,1.95,3.1,0.8386246606445311,6736.375,-0.3923947134489704,13,0.025048731996534287
2026-03-07,2026-03-20,4575.0,6740.02,2150.1,2174.1,0.9885255053710936,1.85,3.1,0.8260515441894529,6734.625,-0.38665543029738847,13,0.024303273965893525
2026-03-07,2026-03-20,4600.0,6740.02,2127.1,2151.1,1.0082447048950196,1.95,3.1,0.8176287768554686,6736.575,-0.38149533203460734,13,0.02381018799355673
2026-03-07,2026-03-20,4650.0,6740.02,2260.3,2265.2,1.9009328073501583,2.25,3.4,0.8079242840576171,6909.925,-0.39609156428638864,13,0.023248332695918278
2026-03-07,2026-03-20,4675.0,6740.02,1222.3,1228.4,1.0000000000000004e-05,2.2,3.4,0.7965108239746093,5897.55,-0.2323078476918188,13,0.022596118918392444
2026-03-07,2026-03-20,4700.0,6740.02,2274.3,2282.1,2.095273011341095,2.5,3.6,0.7946797875976561,6975.15,-0.3947913241365231,13,0.022492349431811852
2026-03-07,2026-03-20,4750.0,6740.02,1979.8,2003.6,0.7186307434082031,2.45,3.7,0.7745994219970704,6738.625,-0.34971128013090647,13,0.02137001490207272
2026-03-07,2026-03-20,4775.0,6740.02,1933.5,1943.4,1.0000000000000004e-05,2.55,3.8,0.7673973455810548,6710.275,-0.3402459598176491,13,0.020974473748117905
2026-03-07,2026-03-20,4800.0,6740.02,1930.1,1953.9,0.7128934960937501,2.65,3.8,0.7585473364257813,6738.775,-0.33926223974986297,13,0.02049348712543128
2026-03-07,2026-03-20,4850.0,6740.02,1880.4,1904.2,0.7053252124023439,3.0,4.3,0.7500635345458984,6738.65,-0.3288809031768486,13,0.020037641030469365
2026-03-07,2026-03-20,4875.0,6740.02,1853.6,1877.6,0.5969278588867188,2.95,4.2,0.7376124871826171,6737.025,-0.323498328372354,13,0.019377913304713543
2026-03-07,2026-03-20,4900.0,6740.02,1830.7,1854.5,0.6962920996093751,3.3,4.6,0.7371547280883789,6738.65,-0.31862440300965944,13,0.01935386907084842
2026-03-07,2026-03-20,4925.0,6740.02,1138.0,1142.7,1.0000000000000004e-05,3.0,4.4,0.7202786761474609,6061.65,-0.20765776562417626,13,0.018477857060453712
2026-03-07,2026-03-20,4950.0,6740.02,1000.0,1005.7,1.0000000000000004e-05,3.1,4.6,0.7138090142822267,5949.0,-0.18383556162516965,13,0.01814740552141735
2026-03-07,2026-03-20,4975.0,6740.02,1754.2,1778.2,0.6068764898681642,3.2,4.7,0.7059965924072267,6737.25,-0.30322645918473257,13,0.017752343699665767
2026-03-07,2026-03-20,5000.0,6740.02,1731.4,1755.2,0.6777986322021485,3.5,4.8,0.7005034832763672,6739.15,-0.2984958917775886,13,0.017477169016630708
2026-03-07,2026-03-20,5025.0,6740.02,1704.6,1728.6,0.608951664428711,3.5,4.9,0.6913483013916017,6737.4,-0.2932486398792714,13,0.017023320985977232
2026-03-07,2026-03-20,5050.0,6740.02,922.4,927.9,1.0000000000000004e-05,4.1,5.4,0.6931183032226562,5970.4,-0.1674256835477721,13,0.01711059936824466
2026-03-07,2026-03-20,5075.0,6740.02,1654.9,1678.9,0.6029702789306643,3.7,5.2,0.6763338031005861,6737.45,-0.2833549901294493,13,0.01629193526524529
2026-03-07,2026-03-20,5100.0,6740.02,1635.3,1649.5,0.6114540808105471,3.9,5.4,0.6702913830566408,6737.75,-0.2784855015678256,13,0.01600212875780766
2026-03-07,2026-03-20,5125.0,6740.02,1122.3,1126.6,1.0000000000000004e-05,4.0,5.5,0.6620517193603517,6244.7,-0.1976025789684421,13,0.015611129392887595
2026-03-07,2026-03-20,5150.0,6740.02,1668.9,1692.9,1.2182732567977903,4.6,6.1,0.663333444824219,6825.55,-0.281676209229081,13,0.015671633882988346
2026-03-07,2026-03-20,5175.0,6740.02,1785.7,1790.2,1.656961248893738,4.3,5.8,0.6473118765258788,6957.9,-0.29603836552907853,13,0.01492373877092852
2026-03-07,2026-03-20,5200.0,6740.02,1536.1,1549.4,0.5838054315185546,4.7,6.1,0.6434667001342774,6737.35,-0.2590080469490648,13,0.014746964724279587
2026-03-07,2026-03-20,5225.0,6740.02,1506.1,1530.1,0.5836223278808592,4.6,6.2,0.6331213446044923,6737.7,-0.25426382254477486,13,0.014276587071012065
2026-03-07,2026-03-20,5250.0,6740.02,1483.4,1507.2,0.6203346072387697,4.8,6.4,0.6262854754638674,6739.700000000001,-0.2497873369443101,13,0.013969960159180908
2026-03-07,2026-03-20,5275.0,6740.02,1456.5,1480.5,0.5739788696289063,5.6,7.0,0.6273840972900393,6737.2,-0.2446657289799636,13,0.014019014991566266
2026-03-07,2026-03-20,5300.0,6740.02,1662.6,1670.1,1.5692961293601988,5.7,7.2,0.6192359854125978,6959.9,-0.2724582858689421,13,0.013657237460791354
2026-03-07,2026-03-20,5325.0,6740.02,1409.1,1432.9,0.6012307943725587,6.0,7.4,0.6125221853637697,6739.3,-0.2355433503683908,13,0.013362697420045224
2026-03-07,2026-03-20,5350.0,6740.02,1428.7,1432.6,0.8666089999389649,6.2,7.6,0.6049539016723634,6773.75,-0.23595828699027166,13,0.013034520276526032
2026-03-07,2026-03-20,5375.0,6740.02,1357.5,1381.5,0.5553328158569336,5.8,7.4,0.5902140588378908,6737.9,-0.22598972966133404,13,0.01240708015958538
2026-03-07,2026-03-20,5400.0,6740.02,1338.1,1352.1,0.5559736785888674,6.6,8.1,0.5901835415649416,6737.75,-0.2213270877278769,13,0.012405797165873375
2026-03-07,2026-03-20,5425.0,6740.02,1310.2,1334.0,0.5758099060058592,6.2,8.0,0.5763592169189453,6740.0,-0.21704202549769247,13,0.011831422767277968
2026-03-07,2026-03-20,5450.0,6740.02,1288.7,1301.9,0.5392196957397463,6.4,8.1,0.5679059323120117,6738.05,-0.21215495688126046,13,0.011486912118951446
2026-03-07,2026-03-20,5475.0,6740.02,1260.7,1284.5,0.5614362704467774,7.3,8.8,0.5675092077636719,6739.55,-0.20780088141409564,13,0.011470868799055222
2026-03-07,2026-03-20,5490.0,6740.02,1245.9,1269.7,0.5576521286010744,6.8,8.6,0.5569197140502932,6740.1,-0.2051465060879646,13,0.011046779130608723
2026-03-07,2026-03-20,5500.0,6740.02,1236.0,1259.9,0.5552717813110352,6.8,8.7,0.5533491931152343,6740.2,-0.20334150583604257,13,0.010905587078840142
2026-03-07,2026-03-20,5520.0,6740.02,1216.3,1240.1,0.5498397067260744,7.1,9.0,0.5485579812622071,6740.15,-0.19970431958044685,13,0.010717551135572833
2026-03-07,2026-03-20,5525.0,6740.02,1211.4,1235.2,0.5489089299011232,7.8,9.4,0.552815140838623,6739.700000000001,-0.19873216614402595,13,0.010884546682809715
2026-03-07,2026-03-20,5550.0,6740.02,1186.7,1210.5,0.5417831466674806,8.1,9.7,0.5455520298767089,6739.7,-0.1942174857894992,13,0.010600414314887034
2026-03-07,2026-03-20,5560.0,6740.02,1176.8,1200.6,0.5386703848266602,7.5,9.4,0.5363510720825196,6740.25,-0.19249890796196445,13,0.010245868884418866
2026-03-07,2026-03-20,5575.0,6740.02,1169.4,1174.3,0.510594493713379,7.7,9.6,0.532231240234375,6738.2,-0.18950050959600281,13,0.010089071808379375
2026-03-07,2026-03-20,5600.0,6740.02,1144.8,1149.6,0.5046741427612305,8.8,10.3,0.5311326184082032,6737.65,-0.18494460169701982,13,0.010047463447624666
2026-03-07,2026-03-20,5625.0,6740.02,1112.8,1136.6,0.5215501947021484,8.3,10.2,0.5174303628540039,6740.45,-0.18090574018364478,13,0.009535737932169698
2026-03-07,2026-03-20,5630.0,6740.02,1107.9,1131.7,0.5204210556030272,8.4,10.3,0.516331741027832,6740.450000000001,-0.18001724612252967,13,0.009495287858374845
2026-03-07,2026-03-20,5650.0,6740.02,1095.0,1104.1,0.5094195787048339,8.6,10.6,0.5103198382568359,6739.95,-0.17639696134072352,13,0.009275458589425429
2026-03-07,2026-03-20,5660.0,6740.02,1085.2,1092.2,0.5294541683959962,8.8,10.7,0.5075275077819823,6738.95,-0.17448023422302178,13,0.009174230753479649
2026-03-07,2026-03-20,5670.0,6740.02,1320.5,1324.2,1.3530992428207398,8.9,10.8,0.5042316423034667,6982.5,-0.20821790109753413,13,0.009055463392604563
2026-03-07,2026-03-20,5675.0,6740.02,1070.9,1075.7,0.5096637168884277,9.8,11.4,0.5091296646118165,6737.700000000001,-0.17164805702818342,13,0.009232244383672959
2026-03-07,2026-03-20,5680.0,6740.02,1058.7,1082.5,0.5065967309570312,9.1,11.0,0.5018665536499024,6740.55,-0.17119029123575036,13,0.008970713670524917
2026-03-07,2026-03-20,5690.0,6740.02,1048.8,1072.7,0.5036518141174318,10.0,11.7,0.5049182809448242,6739.9,-0.16933483988065753,13,0.009080142782519432
2026-03-07,2026-03-20,5700.0,6740.02,1046.4,1051.1,0.5024463818359376,10.2,11.8,0.5019428468322755,6737.75,-0.16725986645760121,13,0.008973441313203177
2026-03-07,2026-03-20,5710.0,6740.02,1036.5,1041.3,0.4998676722717285,10.4,12.1,0.5070239727783203,6737.65,-0.1654921757702045,13,0.009156035662013267
2026-03-07,2026-03-20,5720.0,6740.02,1025.7,1035.7,0.5300492552185059,9.5,11.9,0.5009815527343751,6740.0,-0.16409111953250916,13,0.00893910331600518
2026-03-07,2026-03-20,5725.0,6740.02,1088.0,1091.3,0.7997075083160401,9.6,12.0,0.4996387927246094,6803.85,-0.17264607899491946,13,0.008891249319284844
2026-03-07,2026-03-20,5730.0,6740.02,1009.5,1033.4,0.5749401637268066,10.7,12.4,0.5007221559143067,6739.9,-0.16232955729224885,13,0.008929848784945552
2026-03-07,2026-03-20,5740.0,6740.02,1250.9,1258.3,1.304313323421478,9.8,12.3,0.4955342195129394,6983.55,-0.1960981731402411,13,0.008745764699199656
2026-03-07,2026-03-20,5750.0,6740.02,997.3,1002.0,0.4883779190063477,11.4,12.5,0.492741889038086,6737.7,-0.1585187655863906,13,0.008647477807579943
2026-03-07,2026-03-20,5760.0,6740.02,987.4,992.2,0.4856313644409179,10.3,12.7,0.4899342999267578,6738.3,-0.156870192882922,13,0.008549213800496957
2026-03-07,2026-03-20,5770.0,6740.02,977.6,982.3,0.4820608435058594,10.4,12.8,0.4863180030822754,6738.35,-0.15514300731239103,13,0.008423472881055112
2026-03-07,2026-03-20,5775.0,6740.02,972.8,977.5,0.481450498046875,10.5,12.9,0.4848989498901367,6738.45,-0.15429167174271857,13,0.008374386002354095
2026-03-07,2026-03-20,5790.0,6740.02,950.8,974.6,0.5526167785644531,10.9,12.9,0.4782919602966308,6740.8,-0.15204632065771115,13,0.008147730385471562
2026-03-07,2026-03-20,5800.0,6740.02,948.2,952.9,0.4735617829895019,12.3,13.5,0.4783835121154785,6737.65,-0.14985328188574978,13,0.008150849864743076
2026-03-07,2026-03-20,5810.0,6740.02,938.4,943.2,0.471410315246582,11.2,13.3,0.4724784197998046,6738.55,-0.148264197384701,13,0.007950866146013055
2026-03-07,2026-03-20,5825.0,6740.02,999.4,1002.7,0.777960136680603,12.6,14.4,0.4737601452636719,6812.55,-0.1566074999602059,13,0.007994062405817319
2026-03-07,2026-03-20,5840.0,6740.02,901.9,925.8,0.5346268461608887,12.9,14.7,0.4691367784118652,6740.05,-0.14333654645418997,13,0.00783879758674692
2026-03-07,2026-03-20,5850.0,6740.02,899.4,904.1,0.4601952174377441,13.4,14.7,0.46465073928833,6737.7,-0.14127695915188446,13,0.007689600065138332
2026-03-07,2026-03-20,5870.0,6740.02,1012.9,1020.2,0.9269263899230956,12.5,14.7,0.4556939196777344,6872.95,-0.15773878342941036,13,0.007396000903031088
2026-03-07,2026-03-20,5875.0,6740.02,867.8,891.7,0.5220308417510985,12.7,14.8,0.4541222801208496,6741.0,-0.1375022218410792,13,0.007345072846378279
2026-03-07,2026-03-20,5880.0,6740.02,863.0,886.8,0.5200701069641114,12.8,14.9,0.4525506405639649,6741.05,-0.1366589372303952,13,0.007294320738556477
2026-03-07,2026-03-20,5900.0,6740.02,850.7,855.3,0.4459131336975098,13.3,15.4,0.4468362812042237,6738.65,-0.1329072572145666,13,0.007111272900288935
2026-03-07,2026-03-20,5920.0,6740.02,967.5,974.9,0.905022617263794,13.8,16.0,0.4416025688934326,6876.3,-0.14974426769037902,13,0.006945662397514042
2026-03-07,2026-03-20,5925.0,6740.02,819.3,843.1,0.5041248318481445,13.9,16.1,0.4399622654724121,6741.2,-0.12905726359853295,13,0.006894159823328831
2026-03-07,2026-03-20,5930.0,6740.02,821.5,828.2,0.4500253362274169,15.3,17.1,0.4437769245910644,6738.65,-0.12783539511660635,13,0.007014228669571348
2026-03-07,2026-03-20,5940.0,6740.02,811.7,820.2,0.4566628430938722,15.6,17.4,0.4409693354797363,6739.45,-0.12626918584611993,13,0.006925757295437597
2026-03-07,2026-03-20,5950.0,6740.02,1002.9,1022.2,1.063900859718323,14.6,16.9,0.4334315690612793,6946.8,-0.15488990233328387,13,0.006691008289769843
2026-03-07,2026-03-20,5960.0,6740.02,792.6,797.2,0.4303645831298829,15.0,17.2,0.4306163506317139,6738.8,-0.12281138645265363,13,0.006604371886596923
2026-03-07,2026-03-20,5975.0,6740.02,778.0,782.6,0.4257946215057373,16.8,18.6,0.4316920845031738,6737.6,-0.12011968060795197,13,0.00663741020738367
2026-03-07,2026-03-20,5980.0,6740.02,773.2,777.8,0.4246273358154296,16.9,18.8,0.4304713935852051,6737.65,-0.1192906314755831,13,0.006599926216540962
2026-03-07,2026-03-20,5990.0,6740.02,763.5,768.1,0.421705306930542,16.0,18.2,0.422506385345459,6738.7,-0.11777561585515989,13,0.006357949023424414
2026-03-07,2026-03-20,6000.0,6740.02,746.9,770.7,0.4783606241607666,17.9,19.2,0.4233303517150878,6740.25,-0.11633754699640048,13,0.006382771580498245
2026-03-07,2026-03-20,6010.0,6740.02,933.8,936.0,0.976188897781372,18.0,19.9,0.4223690576171874,6925.95,-0.1418504782329291,13,0.006353816632387952
2026-03-07,2026-03-20,6025.0,6740.02,729.9,734.4,0.4124738318634032,18.6,20.5,0.4184170707702636,6737.6,-0.11178629904880763,13,0.006235471195768714
2026-03-07,2026-03-20,6030.0,6740.02,725.1,729.7,0.4117032707214356,18.8,20.7,0.417074310760498,6737.65,-0.11096418869902938,13,0.006195514380965693
2026-03-07,2026-03-20,6040.0,6740.02,861.1,865.9,0.8528075632476808,17.8,20.1,0.4092924061584472,6884.55,-0.13087575862074677,13,0.005966475503031855
2026-03-07,2026-03-20,6050.0,6740.02,706.0,710.5,0.4063780065917969,19.9,21.3,0.410589390258789,6737.65,-0.10765292739537327,13,0.006004349085233133
2026-03-07,2026-03-20,6060.0,6740.02,696.5,703.1,0.4142896096038818,18.6,20.9,0.403852702255249,6740.05,-0.10635754321310249,13,0.005808934428891146
2026-03-07,2026-03-20,6070.0,6740.02,686.8,691.3,0.4008467508697509,20.5,22.4,0.4063551186370849,6737.6,-0.10434517335411946,13,0.005881145950008963
2026-03-07,2026-03-20,6075.0,6740.02,675.1,698.9,0.4533364603424072,19.2,21.6,0.4001295949554443,6741.6,-0.10411529624939439,13,0.005702323303752611
2026-03-07,2026-03-20,6080.0,6740.02,677.2,681.8,0.3984892915344238,19.5,21.8,0.3986952831268311,6738.85,-0.1028845912429547,13,0.005661515271886554
2026-03-07,2026-03-20,6090.0,6740.02,660.8,684.7,0.4487054641723632,21.5,23.4,0.401373173828125,6740.3,-0.1014563525976089,13,0.005737823344370435
2026-03-07,2026-03-20,6100.0,6740.02,658.2,662.7,0.3931182514953613,20.4,22.8,0.3937743728637696,6738.85,-0.09960051604176473,13,0.0055134246777537015
2026-03-07,2026-03-20,6110.0,6740.02,641.9,665.7,0.4421289918518066,22.5,24.4,0.3961547201538086,6740.35,-0.09818507917584199,13,0.006257092166836214
2026-03-07,2026-03-20,6125.0,6740.02,857.8,861.3,0.981380648841858,21.7,24.1,0.387503073272705,6961.65,-0.12803775878464804,13,0.005348115653000789
2026-03-07,2026-03-20,6130.0,6740.02,623.0,646.8,0.4357470671463013,23.6,25.5,0.391134628753662,6740.35,-0.0949171024112259,13,0.006088036580265199
2026-03-07,2026-03-20,6140.0,6740.02,620.3,624.9,0.383444275970459,22.1,25.3,0.3853439762115478,6738.9,-0.09307196469804599,13,0.005262643765075236
2026-03-07,2026-03-20,6150.0,6740.02,604.2,628.0,0.4295406167602539,25.0,26.5,0.3854431573486327,6740.35,-0.09165977054091944,13,0.005914096696431465
2026-03-07,2026-03-20,6175.0,6740.02,587.5,591.9,0.3744264218139648,26.3,28.2,0.3798127204895019,6737.45,-0.08717263254325952,13,0.005065340335051163
2026-03-07,2026-03-20,6180.0,6740.02,582.8,587.3,0.3735337915802001,26.6,28.6,0.3788666850280761,6737.45,-0.08636324358770095,13,0.00504067411205801
2026-03-07,2026-03-20,6190.0,6740.02,569.8,586.7,0.4036695986175537,25.1,28.0,0.371450987701416,6741.7,-0.08537703194349006,13,0.005349695207781523
2026-03-07,2026-03-20,6200.0,6740.02,564.2,568.6,0.3685594760894776,28.2,29.8,0.373327799987793,6737.4,-0.08312480177336501,13,0.004900792804979164
2026-03-07,2026-03-20,6205.0,6740.02,559.5,564.0,0.3675600354003906,26.1,29.0,0.3677278804016113,6739.2,-0.08258580486089404,13,0.004813991882614982
2026-03-07,2026-03-20,6210.0,6740.02,554.8,559.3,0.3661562408447265,26.5,29.4,0.3666979224395752,6739.1,-0.08176548890547954,13,0.00478217665778133
2026-03-07,2026-03-20,6220.0,6740.02,545.3,549.8,0.3629214099121094,27.2,30.1,0.3642107646942139,6738.9,-0.08012680010600896,13,0.004707791501041348
2026-03-07,2026-03-20,6225.0,6740.02,541.0,545.4,0.3625857199096679,29.8,31.8,0.3678804667663575,6737.4,-0.0791006514736396,13,0.004751062361918617
2026-03-07,2026-03-20,6230.0,6740.02,737.9,743.8,0.8690046058654786,27.9,30.8,0.3616396844482421,6941.5,-0.10814155669335823,13,0.004658033966525243
2026-03-07,2026-03-20,6235.0,6740.02,531.7,536.2,0.3603541443252563,28.3,31.2,0.3605105453491211,6739.2,-0.07776264438546486,13,0.0046269840483913515
2026-03-07,2026-03-20,6240.0,6740.02,773.7,780.8,0.9621585815429688,28.6,31.6,0.3593661476135253,6987.15,-0.11309256539992471,13,0.004599650314130462
2026-03-07,2026-03-20,6250.0,6740.02,518.0,522.4,0.3568408432769775,29.4,32.4,0.3570010589599609,6739.3,-0.0753745982155694,13,0.0045372694507262055
2026-03-07,2026-03-20,6260.0,6740.02,509.4,518.1,0.3709932286071777,30.2,33.2,0.3545520478057861,6742.05,-0.07418384786933623,13,0.004687265291525432
2026-03-07,2026-03-20,6265.0,6740.02,497.6,521.3,0.3943923476409912,33.0,35.1,0.3584201121520996,6740.4,-0.07314068199621866,13,0.005046195750038637
2026-03-07,2026-03-20,6270.0,6740.02,683.8,687.9,0.8049869965362549,33.5,35.5,0.3571002400970459,6921.35,-0.09883448266301448,13,0.01202452581650567
2026-03-07,2026-03-20,6275.0,6740.02,495.1,499.6,0.3512561823272705,31.5,34.6,0.3514011393737792,6739.3,-0.071382576946032,13,0.004396202090836439
2026-03-07,2026-03-20,6280.0,6740.02,737.7,740.2,0.9332358361053468,32.0,35.1,0.3504169573211668,6985.4,-0.10645227615828423,13,0.004373415264977856
2026-03-07,2026-03-20,6290.0,6740.02,474.9,498.8,0.3878196899795532,35.3,37.4,0.3526142009735107,6740.5,-0.06917303543663254,13,0.0048816099379004226
2026-03-07,2026-03-20,6300.0,6740.02,472.4,476.8,0.3451145811462402,36.5,38.4,0.3503940693664549,6737.15,-0.06708735343633365,13,0.004307205259036899
2026-03-07,2026-03-20,6305.0,6740.02,461.4,485.0,0.3827652666473388,34.2,37.4,0.3444737184143066,6742.4,-0.06707297521084986,13,0.004709174683640683
2026-03-07,2026-03-20,6310.0,6740.02,463.4,467.8,0.3428868202209472,37.3,39.4,0.3480747566223144,6737.25,-0.06551615324216692,13,0.004251070348464688
2026-03-07,2026-03-20,6320.0,6740.02,454.2,458.6,0.3399419033813476,38.3,40.5,0.3459766941070556,6737.0,-0.06389551381975679,13,0.00418924396640134
2026-03-07,2026-03-20,6325.0,6740.02,454.5,460.8,0.359007569656372,36.3,39.5,0.3401250070190429,6744.75,-0.06425438986701358,13,0.004352207313009906
2026-03-07,2026-03-20,6330.0,6740.02,445.2,449.7,0.3378438408660889,36.7,39.9,0.3385915140533447,6739.15,-0.06263356805560412,13,0.00407420702877037
2026-03-07,2026-03-20,6340.0,6740.02,682.4,684.9,0.8937770021820067,40.5,42.7,0.3414677670288085,6982.05,-0.09646380147990984,13,0.013586154327544413
2026-03-07,2026-03-20,6345.0,6740.02,432.2,436.6,0.3352460580062865,38.3,41.6,0.3353795710754394,6739.45,-0.06031121805432256,13,0.004004522977367388
2026-03-07,2026-03-20,6350.0,6740.02,427.7,432.1,0.3339300006103516,38.9,42.2,0.3343572424316406,6739.35,-0.059508668199920296,13,0.00397664514367443
2026-03-07,2026-03-20,6355.0,6740.02,423.3,427.7,0.3328771546936035,39.4,42.7,0.3330068531036377,6739.45,-0.058736414579256144,13,0.0039480956533708995
2026-03-07,2026-03-20,6360.0,6740.02,636.2,642.6,0.8266313723754881,42.9,45.0,0.3368596588134765,6955.45,-0.08949714758380045,13,0.01205359447639937
2026-03-07,2026-03-20,6370.0,6740.02,409.8,414.3,0.3290014610290526,41.2,44.5,0.3296995436477661,6739.2,-0.05634175393339261,13,0.0038633775180200373
2026-03-07,2026-03-20,6375.0,6740.02,649.7,655.4,0.8727353424835204,41.8,45.2,0.3288259867095947,6984.05,-0.09124488668826085,13,0.01285530490517824
2026-03-07,2026-03-20,6380.0,6740.02,401.3,405.7,0.3272352738571167,42.4,45.8,0.3276434423828125,6739.4,-0.05480280283341965,13,0.0038186710471183223
2026-03-07,2026-03-20,6385.0,6740.02,390.7,414.6,0.3618990812683105,46.0,48.2,0.3314313988876342,6740.55,-0.054190034484307745,13,0.004280269185803114
2026-03-07,2026-03-20,6390.0,6740.02,386.7,410.2,0.3604113642120361,43.7,47.1,0.3254690866851806,6743.05,-0.053778076432647565,13,0.004188778019177124
2026-03-07,2026-03-20,6395.0,6740.02,382.4,405.9,0.3591563413619995,47.3,49.5,0.3291235301208495,6740.75,-0.05265475966709042,13,0.004218136547499872
2026-03-07,2026-03-20,6400.0,6740.02,377.7,401.6,0.357878430557251,48.0,50.2,0.3280630548858643,6740.55,-0.05184353360318418,13,0.004189523547174519
2026-03-07,2026-03-20,6405.0,6740.02,379.7,384.1,0.3220168201828002,48.7,50.9,0.3269796916961669,6737.1,-0.05055062992177085,13,0.003750379549043741
2026-03-07,2026-03-20,6410.0,6740.02,375.1,379.5,0.3201361932373046,49.4,51.6,0.3258619965744018,6736.8,-0.049725763801066726,13,0.0037158065726849445
2026-03-07,2026-03-20,6415.0,6740.02,370.8,375.2,0.3190375714111327,47.0,50.5,0.3199530895996093,6739.25,-0.049309644700594776,13,0.0036356286597029348
2026-03-07,2026-03-20,6420.0,6740.02,372.1,378.3,0.337119055633545,50.8,53.1,0.3238058953094481,6743.25,-0.04912388684898507,13,0.0038895090959773777
2026-03-07,2026-03-20,6425.0,6740.02,362.6,367.0,0.3177978071975708,51.4,53.8,0.3226004630279541,6737.2,-0.047447777560810304,13,0.003651663889453409
2026-03-07,2026-03-20,6430.0,6740.02,358.3,362.7,0.3166038188934326,52.3,54.5,0.321372142791748,6737.1,-0.04665502702094037,13,0.003624091273935413
2026-03-07,2026-03-20,6435.0,6740.02,353.8,358.2,0.314864334335327,49.9,53.5,0.3157493352508543,6739.3,-0.04620422091578961,13,0.003540929317463248
2026-03-07,2026-03-20,6440.0,6740.02,349.6,354.0,0.3138725229644775,50.6,54.2,0.3144981270599364,6739.4,-0.04544236007385599,13,0.0035157847668201084
2026-03-07,2026-03-20,6445.0,6740.02,345.6,350.0,0.3133537293243408,54.6,56.9,0.318267010269165,6737.05,-0.044317507260885285,13,0.003552247851301654
2026-03-07,2026-03-20,6450.0,6740.02,341.4,345.7,0.3120414865875244,55.4,57.7,0.3171683884429931,6737.0,-0.04353459117084172,13,0.0035251821019636666
2026-03-07,2026-03-20,6455.0,6740.02,337.0,341.3,0.310454588394165,53.0,56.7,0.3115646541976928,6739.3,-0.04310103766527381,13,0.003445070682198034
2026-03-07,2026-03-20,6460.0,6740.02,543.4,545.3,0.753931598892212,53.8,57.4,0.310191376914978,6948.75,-0.07293246949103167,13,0.01008263712282859
2026-03-07,2026-03-20,6465.0,6740.02,328.9,333.3,0.3091728629302979,54.6,58.3,0.3092834880447388,6739.65,-0.04160498256866609,13,0.003405717366299761
2026-03-07,2026-03-20,6470.0,6740.02,324.5,328.8,0.307250274734497,58.7,61.0,0.3127128665924072,6736.8,-0.04040892622083618,13,0.003422332777980136
2026-03-07,2026-03-20,6475.0,6740.02,316.0,338.2,0.3383206732559203,56.3,60.0,0.3071167616653442,6743.95,-0.040697199088841486,13,0.0037093584049113972
2026-03-07,2026-03-20,6480.0,6740.02,316.5,320.9,0.3059990665435791,57.1,60.8,0.3058655534744263,6739.75,-0.039302321883977004,13,0.0033335055287582976
2026-03-07,2026-03-20,6485.0,6740.02,312.1,316.5,0.3042366940307617,58.0,61.7,0.3048241515350341,6739.45,-0.0384865014522663,13,0.003303024984121361
2026-03-07,2026-03-20,6490.0,6740.02,308.2,312.5,0.3034050983428955,58.9,62.6,0.3037484176635742,6739.6,-0.037738045266094526,13,0.0032823699287583825
2026-03-07,2026-03-20,6495.0,6740.02,304.2,308.6,0.3027642356109619,59.8,63.5,0.3026345372009277,6739.75,-0.03699018212559743,13,0.0032634244956081127
2026-03-07,2026-03-20,6500.0,6740.02,301.4,307.7,0.3090584231567382,64.0,66.3,0.3059189587020874,6739.4,-0.03616872328852677,13,0.003367509138748743
2026-03-07,2026-03-20,6505.0,6740.02,295.8,300.2,0.2999795344543457,61.6,65.4,0.3005441040039062,6739.5,-0.035414626231718725,13,0.003211076934597798
2026-03-07,2026-03-20,6510.0,6740.02,292.8,300.4,0.3086273666763305,62.7,66.5,0.2997926161575317,6742.0,-0.03501716059139111,13,0.0032960776586645505
2026-03-07,2026-03-20,6515.0,6740.02,287.7,292.1,0.2977555881881712,66.7,69.2,0.302653610496521,6736.95,-0.033500089673119494,13,0.0032098532029092635
2026-03-07,2026-03-20,6520.0,6740.02,284.8,292.5,0.3066590025711059,67.8,70.2,0.3015702473068237,6739.65,-0.03313361885392527,13,0.00329401141458349
2026-03-07,2026-03-20,6525.0,6740.02,279.9,284.2,0.2958482586288452,68.7,71.2,0.3004525521850586,6737.1,-0.031988612061711275,13,0.003166075712811746
2026-03-07,2026-03-20,6530.0,6740.02,275.9,280.2,0.2947229341888426,66.6,70.5,0.2955011246490479,6739.5,-0.03157879490784764,13,0.00310187514739997
2026-03-07,2026-03-20,6535.0,6740.02,272.0,276.4,0.2940134075927734,70.7,73.2,0.2981141661453246,6737.25,-0.030479482719103397,13,0.0031219149496935386
2026-03-07,2026-03-20,6540.0,6740.02,268.5,276.5,0.3018563467407227,71.8,74.3,0.2971147254562377,6739.45,-0.03004115375156625,13,0.003194494855667186
2026-03-07,2026-03-20,6545.0,6740.02,263.9,268.2,0.2911447839355467,72.9,75.3,0.2958558879470825,6736.95,-0.02890590088806469,13,0.003068087160464765
2026-03-07,2026-03-20,6550.0,6740.02,260.2,264.5,0.2905344384765624,73.9,76.4,0.2947801540756224,6737.2,-0.028179358694933244,13,0.003050487150211569
2026-03-07,2026-03-20,6555.0,6740.02,462.3,467.0,0.7027465028381348,75.1,77.5,0.2936700882720947,6943.35,-0.0575562497702884,13,0.008840409794189378
2026-03-07,2026-03-20,6560.0,6740.02,255.7,258.4,0.2919916382598876,76.2,78.6,0.2925180612182616,6739.65,-0.027017391836489157,13,0.0030421031878030635
2026-03-07,2026-03-20,6565.0,6740.02,248.6,252.9,0.2873759007263183,77.2,79.7,0.2913317022323607,6737.3,-0.02590674343864641,13,0.002982008470129001
2026-03-07,2026-03-20,6570.0,6740.02,244.6,248.9,0.2859606621932982,78.4,80.9,0.2903208175659179,6737.1,-0.025115732773949295,13,0.0029570578567637896
2026-03-07,2026-03-20,6575.0,6740.02,244.2,246.9,0.2887491780090331,76.3,80.3,0.2854533125305175,6742.25,-0.025119119045428972,13,0.0029357606177011614
2026-03-07,2026-03-20,6580.0,6740.02,240.4,243.0,0.2874521939086913,80.7,83.2,0.2879671728897093,6739.75,-0.023988086910934462,13,0.0029482169999498226
2026-03-07,2026-03-20,6585.0,6740.02,233.2,237.6,0.2829699694442748,81.9,84.4,0.2868380337905883,6737.25,-0.022857494600044343,13,0.0028909966350387146
2026-03-07,2026-03-20,6590.0,6740.02,229.4,233.7,0.2816157654571533,83.2,85.6,0.2856707481002807,6737.15,-0.02208363831940485,13,0.002865467020571187
2026-03-07,2026-03-20,6595.0,6740.02,229.0,231.7,0.2841639577484129,81.0,85.0,0.2807307645416259,6742.35,-0.022096742673957608,13,0.0028413552154279596
2026-03-07,2026-03-20,6600.0,6740.02,225.3,227.9,0.2829165642166137,81.5,87.1,0.2813601832962036,6742.3,-0.021331463971364106,13,0.002835141932320116
2026-03-07,2026-03-20,6605.0,6740.02,218.0,222.3,0.2779346194076538,86.8,89.4,0.2823405506896972,6737.05,-0.019795205677747382,13,0.0027950736033965765
2026-03-07,2026-03-20,6610.0,6740.02,217.8,220.5,0.2807155059051512,88.2,90.7,0.2812152262496947,6739.7,-0.019431759684247433,13,0.002811616383987024
2026-03-07,2026-03-20,6615.0,6740.02,210.8,215.1,0.2760921390533447,85.3,90.9,0.2778125503158569,6739.85,-0.01869787191676791,13,0.0027318734683338987
2026-03-07,2026-03-20,6620.0,6740.02,207.0,211.2,0.274497611541748,86.6,92.2,0.2766185620117187,6739.7,-0.0179200435989255,13,0.002704436628615611
2026-03-07,2026-03-20,6625.0,6740.02,206.8,209.5,0.2773013859939575,92.1,94.6,0.2775951147460937,6739.8,-0.017179879021155666,13,0.002741665510230273
2026-03-07,2026-03-20,6630.0,6740.02,199.7,204.0,0.2723995490264892,93.4,96.0,0.2765041222381591,6737.15,-0.016032182636049472,13,0.002682765838535287
2026-03-07,2026-03-20,6635.0,6740.02,196.0,200.3,0.2710796769714356,90.6,96.2,0.2729717478942871,6739.75,-0.01566416446398943,13,0.002635544786081849
2026-03-07,2026-03-20,6640.0,6740.02,195.9,198.6,0.2737041624450683,91.9,97.6,0.2718044622039794,6742.5,-0.015318812543405457,13,0.0026496819002496184
2026-03-07,2026-03-20,6645.0,6740.02,188.8,193.0,0.2685162260437011,93.3,98.1,0.2688061401367187,6740.2,-0.01422490590925919,13,0.002570752895596183
2026-03-07,2026-03-20,6650.0,6740.02,185.2,189.5,0.2674633801269531,98.9,101.6,0.2717014664077758,6737.1,-0.013012710602705682,13,0.002588413364797693
2026-03-07,2026-03-20,6655.0,6740.02,181.7,185.9,0.2661663960266113,96.1,101.0,0.2664563101196289,6740.25,-0.012728564377380527,13,0.002525979665981557
2026-03-07,2026-03-20,6660.0,6740.02,178.1,182.4,0.2650219982910156,101.8,104.5,0.2692333819580078,6737.1,-0.011510080718170673,13,0.0025414894159077875
2026-03-07,2026-03-20,6665.0,6740.02,178.1,180.8,0.2675473026275635,103.4,106.0,0.2680241350173949,6739.75,-0.011152878617488307,13,0.0025540259881329714
2026-03-07,2026-03-20,6670.0,6740.02,174.7,177.3,0.2662960944366456,104.9,107.5,0.2667729268264771,6739.8,-0.010410390965909153,13,0.002530214766161305
2026-03-07,2026-03-20,6675.0,6740.02,167.6,171.9,0.2613065203094482,106.3,109.1,0.2656666756820678,6737.05,-0.009252939365722839,13,0.0024726779046682647
2026-03-07,2026-03-20,6680.0,6740.02,164.1,168.4,0.2599713896179199,104.3,108.5,0.2602536743927002,6739.85,-0.008919681935132505,13,0.002409755838303492
2026-03-07,2026-03-20,6685.0,6740.02,164.3,167.1,0.2628361986160279,105.8,110.0,0.2588689531326295,6742.8,-0.008609058370109269,13,0.002423487294311072
2026-03-07,2026-03-20,6690.0,6740.02,160.9,163.6,0.2613942574691772,107.4,111.6,0.2576291889190674,6742.75,-0.007853979439306104,13,0.0023986365703489746
2026-03-07,2026-03-20,6695.0,6740.02,153.9,158.1,0.2560575493621826,112.7,115.4,0.2605702910995482,6736.95,-0.006246321106792145,13,0.00237654536439861
2026-03-07,2026-03-20,6700.0,6740.02,154.1,156.8,0.2587468840408325,114.2,117.0,0.2592199017715454,6739.85,-0.005930143086766498,13,0.002388879921686627
2026-03-07,2026-03-20,6705.0,6740.02,147.2,151.4,0.2535169863891602,112.5,116.7,0.2541807370758057,6739.7,-0.005161896814200498,13,0.002295096383116176
2026-03-07,2026-03-20,6710.0,6740.02,147.4,150.3,0.2564695325469971,113.8,118.1,0.2523535153579712,6742.9,-0.004891148464610493,13,0.0023052819335828223
2026-03-07,2026-03-20,6715.0,6740.02,144.1,146.8,0.2547758238983154,119.2,122.0,0.2552450269699097,6739.85,-0.0036938395084859564,13,0.002316148279564745
2026-03-07,2026-03-20,6720.0,6740.02,140.9,143.6,0.2536047235488892,120.9,123.7,0.2538793790054321,6739.95,-0.002964351964014955,13,0.002293165401705304
2026-03-07,2026-03-20,6725.0,6740.02,134.0,138.2,0.2481879076004028,119.0,123.3,0.2484663777160644,6739.95,-0.002220581011170287,13,0.002196336457946397
2026-03-07,2026-03-20,6730.0,6740.02,130.7,135.0,0.2469099967956542,120.8,125.0,0.2469958266258239,6739.95,-0.0014773628424366134,13,0.002172094870770841
2026-03-07,2026-03-20,6735.0,6740.02,127.5,131.8,0.2455748661041259,122.6,126.9,0.2458495215606689,6739.9,-0.0007272781565697987,13,0.0021503240234879047
2026-03-07,2026-03-20,6740.0,6740.02,128.0,130.8,0.2483633819198608,128.1,130.8,0.2484473044204712,6739.95,7.4184251426963635e-06,13,0.0021977199690447757
2026-03-07,2026-03-20,6745.0,6740.02,121.2,125.4,0.2427329450607299,126.2,130.5,0.2430114151763916,6739.95,0.0007489831606460526,13,0.002100903140772751
2026-03-07,2026-03-20,6750.0,6740.02,118.0,122.2,0.2412261547088623,128.0,132.3,0.2415046248245239,6739.95,0.0014899983853653444,13,0.0020749158024766018
2026-03-07,2026-03-20,6755.0,6740.02,118.6,121.4,0.2442206621170044,130.0,134.3,0.240318265838623,6742.85,0.0018002871985608152,13,0.002090488798052776
2026-03-07,2026-03-20,6760.0,6740.02,115.5,118.3,0.2427825356292724,135.4,138.3,0.2428702727890014,6740.05,0.0029555467605470957,13,0.0021001112700131746
2026-03-07,2026-03-20,6765.0,6740.02,112.4,115.2,0.2412871892547607,137.4,140.2,0.2413749264144897,6740.0,0.0037023366985357406,13,0.0020743255703630954
2026-03-07,2026-03-20,6770.0,6740.02,105.8,110.0,0.2357330455780029,139.3,142.2,0.2400092784500122,6737.15,0.004864100090362979,13,0.0020152738803633557
2026-03-07,2026-03-20,6775.0,6740.02,106.4,109.2,0.2384910441207885,137.7,142.0,0.2343864709091186,6742.95,0.004741852137949543,13,0.001991075941692589
2026-03-07,2026-03-20,6780.0,6740.02,99.0,104.0,0.2327957580566406,139.7,144.0,0.2328834952163696,6739.65,0.005969107159817317,13,0.0019309199795039785
2026-03-07,2026-03-20,6785.0,6740.02,100.5,103.3,0.2356300497817993,145.4,148.2,0.2355270539855957,6740.1,0.0066395316774287725,13,0.001976614529860437
2026-03-07,2026-03-20,6790.0,6740.02,93.1,98.6,0.2307472861099243,147.6,150.3,0.2340927421569824,6736.9,0.007851063104354152,13,0.001923966626321453
2026-03-07,2026-03-20,6795.0,6740.02,94.7,97.5,0.2326965769195556,146.0,150.3,0.2285576717758178,6742.95,0.007689532975291962,13,0.0018943981268588585
2026-03-07,2026-03-20,6800.0,6740.02,91.8,94.5,0.2309342044067382,148.1,152.4,0.2269745882415771,6742.9,0.008432512733860071,13,0.0018670178157536243
2026-03-07,2026-03-20,6805.0,6740.02,89.0,91.8,0.2296829962158203,153.9,156.7,0.2295800004196166,6740.1,0.009582874494025657,13,0.0018780770554940392
2026-03-07,2026-03-20,6810.0,6740.02,86.2,88.8,0.2277794813156127,152.5,156.8,0.2239838954925536,6742.85,0.00990943594781954,13,0.001817241049401729
2026-03-07,2026-03-20,6815.0,6740.02,79.1,84.9,0.2240411153793334,154.8,159.1,0.2225724716186523,6740.05,0.011058721854170386,13,0.0017760466090312981
2026-03-07,2026-03-20,6820.0,6740.02,80.7,83.4,0.2249108576583862,160.6,163.4,0.2250024094772338,6740.05,0.011792128561045088,13,0.0018023872077263154
2026-03-07,2026-03-20,6825.0,6740.02,78.0,80.8,0.2235642829895019,162.9,165.7,0.2234574725341796,6740.1,0.012517579461619648,13,0.0017792944170199746
2026-03-07,2026-03-20,6830.0,6740.02,75.4,78.0,0.2217446905899047,165.2,168.0,0.2218362424087524,6740.1,0.013249911973294958,13,0.001752008612027033
2026-03-07,2026-03-20,6835.0,6740.02,68.6,74.2,0.2178537382888793,167.6,170.6,0.2207299912643432,6737.3,0.014397218982507084,13,0.0017127561245031402
2026-03-07,2026-03-20,6840.0,6740.02,66.0,71.2,0.215454317703247,170.0,173.0,0.2191469077301025,6737.1,0.015158166363990758,13,0.0016817924157028752
2026-03-07,2026-03-20,6845.0,6740.02,64.4,68.3,0.2131578929138183,172.5,175.3,0.2172815394210815,6737.45,0.015836943683111827,13,0.0016497365505577259
2026-03-07,2026-03-20,6850.0,6740.02,65.2,67.7,0.2154390590667725,171.6,175.9,0.2118761674499511,6742.7,0.015788214094250973,13,0.0016258752990202085
2026-03-07,2026-03-20,6855.0,6740.02,59.5,63.4,0.2101176095962524,177.4,180.4,0.2143061053085326,6737.55,0.017281955656420493,13,0.0016039461418195322
2026-03-07,2026-03-20,6860.0,6740.02,57.1,61.0,0.2085650433349609,180.0,182.8,0.2123758877944946,6737.65,0.017996242299670437,13,0.0015777304640422801
2026-03-07,2026-03-20,6865.0,6740.02,54.7,58.6,0.2069247399139404,179.4,183.8,0.2074359042358398,6740.05,0.01836869592560877,13,0.0015287888112759382
2026-03-07,2026-03-20,6870.0,6740.02,55.5,58.0,0.208969397201538,185.2,188.2,0.2094843761825561,6740.05,0.019096762939932278,13,0.0015591412917616632
2026-03-07,2026-03-20,6875.0,6740.02,53.2,55.6,0.2071688780975341,187.9,190.6,0.2072680592346191,6740.15,0.019809463683184245,13,0.001529351832416655
2026-03-07,2026-03-20,6880.0,6740.02,48.0,51.8,0.2022632264709472,190.6,193.4,0.2057956008148193,6737.9,0.020870348270191772,13,0.001482641153997161
2026-03-07,2026-03-20,6885.0,6740.02,45.8,49.6,0.2006534403228759,190.4,194.8,0.2011874925994873,6740.1,0.021270370571214472,13,0.0014378012053663683
2026-03-07,2026-03-20,6890.0,6740.02,43.7,47.4,0.198940658378601,193.1,197.4,0.1990436541748046,6740.3,0.021966650706152648,13,0.001410335390069787
2026-03-07,2026-03-20,6895.0,6740.02,41.7,45.3,0.1973385015487671,193.1,207.1,0.212436922340393,6738.4,0.022974003226248357,13,0.0014951415577438567
2026-03-07,2026-03-20,6900.0,6740.02,39.6,43.3,0.1958545991516113,199.0,203.4,0.1961864744949341,6740.25,0.023424395378758272,13,0.001368527838724088
2026-03-07,2026-03-20,6905.0,6740.02,37.7,41.2,0.1940311920928955,202.0,206.4,0.1945995763015747,6740.25,0.024148770636799984,13,0.001344822167025611
2026-03-07,2026-03-20,6910.0,6740.02,38.2,40.5,0.1953434348297119,205.0,209.4,0.1928944236755371,6742.15,0.02459077262428336,13,0.0013421042822586594
2026-03-07,2026-03-20,6915.0,6740.02,36.2,38.6,0.1937984978866577,208.2,212.5,0.1913113401412963,6742.05,0.02532893213537826,13,0.0013205648188335073
2026-03-07,2026-03-20,6920.0,6740.02,34.4,36.7,0.1921353065109253,211.4,215.8,0.190086834564209,6741.95,0.026066569042183654,13,0.0013008348949758756
2026-03-07,2026-03-20,6925.0,6740.02,32.5,34.8,0.1903462313842773,214.5,218.9,0.1882596128463745,6741.95,0.02678885148600763,13,0.001276336307337575
2026-03-07,2026-03-20,6930.0,6740.02,28.6,31.9,0.1859326707839965,217.8,222.1,0.1865506455612182,6740.3,0.02775537888239724,13,0.0012353901865903292
2026-03-07,2026-03-20,6935.0,6740.02,29.0,31.2,0.1868787062454224,211.7,235.5,0.2098086222076416,6741.5,0.028298601674802675,13,0.0014011581337109436
2026-03-07,2026-03-20,6940.0,6740.02,27.4,29.5,0.1851964415740966,224.5,228.8,0.1834989182662963,6741.8,0.02897482293474946,13,0.0012103914306725195
2026-03-07,2026-03-20,6945.0,6740.02,25.6,27.9,0.1836400606536865,228.6,235.4,0.1903004554748535,6739.75,0.029999143958146846,13,0.001245075085501524
2026-03-07,2026-03-20,6950.0,6740.02,24.5,26.3,0.1819463520050049,231.4,235.7,0.1804433763122558,6741.85,0.03040729160325781,13,0.001169343902375448
2026-03-07,2026-03-20,6955.0,6740.02,20.8,24.0,0.1781545808410644,225.1,249.0,0.2048571946716308,6740.35,0.03134897301606036,13,0.0013062152481904338
2026-03-07,2026-03-20,6960.0,6740.02,21.1,23.2,0.1783987190246582,238.4,242.8,0.1773840196990966,6741.55,0.03188960553482512,13,0.0011270942762048508
2026-03-07,2026-03-20,6965.0,6740.02,20.0,21.8,0.1768194501495361,232.2,256.1,0.2026523217010497,6741.75,0.03257807209228769,13,0.0012821813241154104
2026-03-07,2026-03-20,6970.0,6740.02,18.5,20.5,0.1753889529800415,236.0,259.7,0.201530811920166,6741.65,0.03331052268692903,13,0.0012649935748229864
2026-03-07,2026-03-20,6975.0,6740.02,15.6,18.5,0.1716276990890503,249.5,253.8,0.1727148769378662,6740.4,0.034213057363179075,13,0.001055776387426771
2026-03-07,2026-03-20,6980.0,6740.02,16.0,17.9,0.1720663848876953,243.3,267.1,0.1995128572463989,6741.75,0.03472938163479973,13,0.001229400500961864
2026-03-07,2026-03-20,6985.0,6740.02,14.8,16.7,0.170479486694336,247.1,270.9,0.1986316709899901,6741.75,0.035445457569443894,13,0.00121312301880262
2026-03-07,2026-03-20,6990.0,6740.02,13.7,15.6,0.1690604335021973,250.9,274.8,0.1979374030303955,6741.8,0.03615360466175523,13,0.0011992714768868822
2026-03-07,2026-03-20,6995.0,6740.02,11.3,14.0,0.1656959041595459,265.2,269.6,0.1679923289489746,6740.25,0.037098591892989155,13,0.000991453342394604
2026-03-07,2026-03-20,7000.0,6740.02,10.4,13.0,0.1642272603988647,269.2,276.2,0.1757742335510254,6739.0,0.03799860309123336,13,0.0010293241140726323
2026-03-07,2026-03-20,7005.0,6740.02,9.5,12.1,0.1629646082305908,262.9,286.7,0.1958774871063232,6741.0,0.03841589791766861,13,0.0011465612616542668
2026-03-07,2026-03-20,7010.0,6740.02,9.9,11.6,0.1631324532318115,267.0,290.8,0.1954159133529663,6741.85,0.03900333307305578,13,0.0011446850036629854
2026-03-07,2026-03-20,7015.0,6740.02,7.9,10.4,0.1603324934387207,271.1,294.9,0.1948666024398803,6741.15,0.0398201800392813,13,0.0011233994316908785
2026-03-07,2026-03-20,7020.0,6740.02,7.2,9.6,0.1589592161560059,285.8,290.2,0.1617515466308593,6740.4,0.040643947693469615,13,0.0009158356943666628
2026-03-07,2026-03-20,7025.0,6740.02,6.6,8.8,0.1573952059173584,286.1,298.2,0.1759115612792968,6740.55,0.04133369125099905,13,0.0009891878176493897
2026-03-07,2026-03-20,7030.0,6740.02,6.9,8.5,0.1579902927398681,283.8,307.7,0.1943592527770996,6741.95,0.04183750523517891,13,0.0011054470061220396
2026-03-07,2026-03-20,7035.0,6740.02,5.4,7.5,0.1550911518096924,288.2,312.0,0.1941532611846924,6741.35,0.04263748896294461,13,0.0010860490274666448
2026-03-07,2026-03-20,7040.0,6740.02,4.5,7.0,0.1544502890777588,292.6,316.4,0.1942295543670654,6741.25,0.043362802500651255,13,0.0010825405698090358
2026-03-07,2026-03-20,7045.0,6740.02,5.6,6.7,0.154755461807251,297.9,321.9,0.1982044291687011,6741.25,0.0440727776813438,13,0.0011092800686923478
2026-03-07,2026-03-20,7050.0,6740.02,3.9,5.9,0.1521538642883301,311.8,318.7,0.1670462934875488,6739.65,0.04501962203169035,13,0.0009072285132971903
2026-03-07,2026-03-20,7055.0,6740.02,4.2,5.8,0.1534203311157226,306.0,329.9,0.1951832191467285,6742.05,0.045372552323433915,13,0.0010820668892620607
2026-03-07,2026-03-20,7060.0,6740.02,3.1,5.0,0.1503151985931396,310.6,334.4,0.1953892107391357,6741.55,0.046155182693647705,13,0.0010641438371322641
2026-03-07,2026-03-20,7065.0,6740.02,3.4,4.9,0.151451967010498,316.4,340.2,0.2005771471405029,6740.85,0.04696698640417667,13,0.0011034373039241093
2026-03-07,2026-03-20,7070.0,6740.02,2.5,4.3,0.149147912902832,320.9,344.9,0.2015384412384033,6740.5,0.04772637375949974,13,0.0010950355799666674
2026-03-07,2026-03-20,7075.0,6740.02,2.2,3.9,0.1479577392578125,325.6,349.6,0.2024768473815917,6740.45,0.04844075525517277,13,0.0010934638312812951
2026-03-07,2026-03-20,7080.0,6740.02,1.95,3.6,0.1473473937988281,329.2,353.0,0.1981052480316162,6741.675,0.04896549733600357,13,0.001062594425150159
2026-03-07,2026-03-20,7085.0,6740.02,2.15,3.6,0.1490411024475098,335.1,359.1,0.2046512030792236,6740.775,0.04980496966551054,13,0.001113888500585349
2026-03-07,2026-03-20,7090.0,6740.02,1.9,3.4,0.1490868783569335,339.9,363.9,0.2059100405883788,6740.75,0.05051414584613957,13,0.0011221209328689313
2026-03-07,2026-03-20,7095.0,6740.02,1.7,3.2,0.1490563610839843,344.7,368.7,0.2071383608245849,6740.75,0.05121911591410942,13,0.0011297060540423273
2026-03-07,2026-03-20,7100.0,6740.02,1.5,2.2,0.1409998010253906,354.2,368.4,0.1848073463439941,6740.55,0.05195326007845936,13,0.0009451738798634844
2026-03-07,2026-03-20,7105.0,6740.02,1.05,2.5,0.1457452369689941,353.1,376.9,0.203483917388916,6741.775,0.052475518180465974,13,0.0010859541296548174
2026-03-07,2026-03-20,7110.0,6740.02,0.9,2.3,0.145241701965332,359.2,383.2,0.2111437528991698,6740.4,0.053382973470899174,13,0.001130916234045693
2026-03-07,2026-03-20,7115.0,6740.02,1.0,2.4,0.1478814460754394,362.8,386.6,0.2060931442260741,6742.0,0.05384861472994664,13,0.0011156672174853538
2026-03-07,2026-03-20,7120.0,6740.02,0.9,2.25,0.147820411529541,369.0,393.0,0.2142946613311767,6740.575,0.05476249256579365,13,0.0011675720807589026
2026-03-07,2026-03-20,7125.0,6740.02,0.6,1.9,0.1452722192382812,372.5,396.3,0.2086413365173339,6741.85,0.05527535818127138,13,0.001115282509807245
2026-03-07,2026-03-20,7130.0,6740.02,0.5,1.8,0.145516357421875,377.4,401.2,0.2101137949371337,6741.85,0.05597686645276165,13,0.0011261277181298579
2026-03-07,2026-03-20,7135.0,6740.02,0.45,1.7,0.1456994610595703,383.7,407.7,0.2189409161376952,6740.375,0.056896689570123414,13,0.0011839136033378992
2026-03-07,2026-03-20,7140.0,6740.02,0.5,1.75,0.1478661874389648,387.8,407.9,0.1969913675689697,6743.275,0.057167064396395836,13,0.0010589366658894912
2026-03-07,2026-03-20,7145.0,6740.02,0.3,1.55,0.1465844619750976,391.9,412.1,0.1941608905029297,6743.925,0.05777071174055631,13,0.0010338329712738874
2026-03-07,2026-03-20,7150.0,6740.02,0.25,1.45,0.1465539447021484,397.0,420.8,0.215904447479248,6741.95,0.058763156118521745,13,0.00116978706768178
2026-03-07,2026-03-20,7155.0,6740.02,0.2,1.4,0.1472558419799804,403.4,427.4,0.225418207321167,6740.4,0.059692142664164005,13,0.0012366556926662207
2026-03-07,2026-03-20,7160.0,6740.02,0.15,1.35,0.147896704711914,406.9,430.7,0.2192155715942382,6741.95,0.06016078038515966,13,0.001200019523555411
2026-03-07,2026-03-20,7165.0,6740.02,0.15,1.3,0.1485070501708984,411.8,435.6,0.2206193661499023,6742.025,0.06084773637665411,13,0.0012132233191341655
2026-03-07,2026-03-20,7170.0,6740.02,0.1,1.25,0.1490868783569335,416.8,440.6,0.2225038077545165,6741.975,0.061552745905022146,13,0.0012294762288096682
2026-03-07,2026-03-20,7175.0,6740.02,0.05,1.2,0.1496361892700195,423.2,447.2,0.2322159298706054,6740.425,0.06247978232961709,13,0.0012983174873961766
2026-03-07,2026-03-20,7180.0,6740.02,0.05,1.15,0.1501549829101562,428.2,452.2,0.2341385180664062,6740.4,0.06318011271588259,13,0.0013149722147991103
2026-03-07,2026-03-20,7185.0,6740.02,0.0,1.1,0.1506127420043945,433.1,457.1,0.2355728298950195,6740.45,0.06386883125685956,13,0.0013279526351113746
2026-03-07,2026-03-20,7190.0,6740.02,0.0,1.1,0.1519860192871094,239.6,247.5,1.0000000000000004e-05,6947.0,0.034381260022211486,13,0.00020570977289633926
2026-03-07,2026-03-20,7195.0,6740.02,0.0,1.05,0.1524132611083984,443.1,467.1,0.2393798596954345,6740.425,0.06526336102326344,13,0.0013667972901504712
2026-03-07,2026-03-20,7200.0,6740.02,0.0,1.0,0.152779468383789,446.5,470.4,0.2326889476013183,6742.05,0.0657169930406662,13,0.0013230251345115616
2026-03-07,2026-03-20,7205.0,6740.02,0.0,1.0,0.1541527456665039,453.0,477.0,0.2426833544921874,6740.5,0.06664112330250378,13,0.0014022092979856613
2026-03-07,2026-03-20,7210.0,6740.02,0.0,1.0,0.1555260229492187,458.0,482.0,0.2445677960968017,6740.5,0.06733484514787597,13,0.0014253259126745111
2026-03-07,2026-03-20,7215.0,6740.02,0.0,0.95,0.1558006784057617,468.9,477.6,0.1817098431396484,6742.225,0.06777220308444376,13,0.0010142969712329533
2026-03-07,2026-03-20,7220.0,6740.02,0.0,0.95,0.1571739556884765,262.2,267.8,1.0000000000000004e-05,6955.475,0.03732583367161555,13,0.0002199920185180824
2026-03-07,2026-03-20,7225.0,6740.02,0.0,0.9,0.1573875765991211,472.9,496.9,0.2496946979522704,6740.55,0.06940571002968553,13,0.0014755532310281835
2026-03-07,2026-03-20,7230.0,6740.02,0.0,0.9,0.1587608538818359,477.9,501.9,0.2515562516021729,6740.55,0.07009751220186299,13,0.0014990970217027928
2026-03-07,2026-03-20,7240.0,6740.02,0.0,0.85,0.1602256829833984,486.3,510.1,0.2457198231506348,6742.225,0.07123121725623455,13,0.0014673238365448032
2026-03-07,2026-03-20,7250.0,6740.02,0.15,0.85,0.1629112030029297,497.8,521.8,0.2584607846069336,6740.7,0.07283769176842593,13,0.0015809634077052933
2026-03-07,2026-03-20,7260.0,6740.02,0.0,0.8,0.1642539630126953,284.8,292.3,1.0000000000000004e-05,6971.85,0.04049921604032155,13,0.0002402564685481299
2026-03-07,2026-03-20,7275.0,6740.02,0.0,0.8,0.1682212084960938,521.2,545.0,0.257720740737915,6742.3,0.07604270005381236,13,0.0016154418311811439
2026-03-07,2026-03-20,7280.0,6740.02,0.0,0.75,0.1681601739501953,533.5,542.2,0.1961445132446289,6742.525,0.0766963783602131,13,0.0011817347715462627
2026-03-07,2026-03-20,7290.0,6740.02,0.0,0.75,0.1707236248779297,537.7,561.7,0.272544506072998,6740.675,0.07834347774291164,13,0.0017495385389845715
2026-03-07,2026-03-20,7300.0,6740.02,0.15,0.75,0.1733481103515625,552.2,566.6,0.244422839050293,6741.05,0.07965864901341477,13,0.001554057095981959
2026-03-07,2026-03-20,7310.0,6740.02,0.0,0.75,0.1759115612792968,556.1,579.9,0.2694927787780761,6742.375,0.08083103701932871,13,0.0017664420135926509
2026-03-07,2026-03-20,7320.0,6740.02,0.05,0.7,0.1769491485595703,567.6,591.6,0.2827830511474609,6740.775,0.08243542449608703,13,0.0018819164663130496
2026-03-07,2026-03-20,7325.0,6740.02,0.0,0.7,0.1782308740234375,571.1,594.9,0.2747341204071044,6742.35,0.08288462605989538,13,0.0018269210413239664
2026-03-07,2026-03-20,7330.0,6740.02,0.05,0.7,0.1795125994873047,577.6,601.6,0.2863459427642822,6740.775,0.08380061242142683,13,0.0019324070945575728
2026-03-07,2026-03-20,7340.0,6740.02,0.0,0.7,0.182076050415039,587.5,611.5,0.2893290061950683,6740.85,0.08515281289411021,13,0.0019786955179236436
2026-03-07,2026-03-20,7350.0,6740.02,0.0,0.7,0.1845784667968749,596.0,619.8,0.2827830511474609,6742.45,0.08627695286750857,13,0.0019448960615876972
2026-03-07,2026-03-20,7370.0,6740.02,0.05,0.7,0.1896443341064453,383.6,391.3,1.0000000000000004e-05,6982.925,0.05394982276449385,13,0.0003202698382121023
2026-03-07,2026-03-20,7375.0,6740.02,0.0,0.7,0.1909260595703125,406.7,409.3,1.0000000000000004e-05,6967.35,0.0568609506089552,13,0.00032461337327061165
2026-03-07,2026-03-20,7380.0,6740.02,0.0,0.65,0.190437783203125,393.4,401.1,1.0000000000000004e-05,6983.075,0.05528427443669148,13,0.00032295524359643733
2026-03-07,2026-03-20,7390.0,6740.02,0.05,0.65,0.1929401995849609,637.4,661.4,0.3062508340454102,6740.95,0.09192687041345378,13,0.0022188300991372997
2026-03-07,2026-03-20,7400.0,6740.02,0.05,0.65,0.1954426159667968,645.9,669.7,0.2992013439941405,6742.55,0.09304180855885666,13,0.0021785920634492363
2026-03-07,2026-03-20,7410.0,6740.02,0.05,0.65,0.1978839978027343,657.4,681.4,0.3131629963684082,6740.95,0.09462957476133904,13,0.002325477666621697
2026-03-07,2026-03-20,7420.0,6740.02,0.05,0.65,0.2003864141845703,667.4,691.4,0.3165961895751953,6740.95,0.09597819263263258,13,0.002379810386077362
2026-03-07,2026-03-20,7425.0,6740.02,0.0,0.65,0.201607105102539,669.4,690.9,0.2791820129394531,6745.175,0.09602525022106205,13,0.0020582577317525726
2026-03-07,2026-03-20,7430.0,6740.02,0.05,0.65,0.2028277960205077,677.3,701.3,0.3194037786865233,6741.05,0.09731015958873697,13,0.0024283805678580878
2026-03-07,2026-03-20,7450.0,6740.02,0.0,0.65,0.2077105596923827,697.3,721.3,0.3262091305541992,6741.025,0.10000204187847499,13,0.0015366240983572532
2026-03-07,2026-03-20,7475.0,6740.02,0.0,0.6,0.2118609088134765,722.2,746.2,0.3340062937927246,6741.1,0.10334100292120597,13,0.0015986454270754482
2026-03-07,2026-03-20,7480.0,6740.02,0.05,0.6,0.2130205651855468,725.7,749.5,0.324454387359619,6742.725,0.10376864609984933,13,0.0016161942342345405
2026-03-07,2026-03-20,7500.0,6740.02,0.05,0.6,0.2178422943115234,751.8,766.2,0.3050911776733398,6741.325,0.10664652740175488,13,0.001690187527347422
2026-03-07,2026-03-20,7510.0,6740.02,0.0,0.6,0.2202226416015624,755.8,772.1,0.2592847509765625,6746.35,0.10723384788534562,13,0.001727326450305788
2026-03-07,2026-03-20,7520.0,6740.02,0.05,0.6,0.2226029888916015,767.2,791.2,0.348990274810791,6741.125,0.10933931301952808,13,0.0017648689825347065
2026-03-07,2026-03-20,7525.0,6740.02,0.05,0.6,0.2237626452636718,770.6,794.4,0.3383550051879882,6742.825,0.10975183405925751,13,0.0017833051463017689
2026-03-07,2026-03-20,7530.0,6740.02,0.05,0.6,0.2249833361816406,777.1,800.2,0.3455875988769531,6741.675,0.11058663144217724,13,0.0018028151240341765
2026-03-07,2026-03-20,7540.0,6740.02,0.05,0.6,0.2273636834716796,785.6,809.4,0.3431767343139648,6742.825,0.11174320544418277,13,0.0018411648748041956
2026-03-07,2026-03-20,7550.0,6740.02,0.05,0.6,0.2297440307617187,795.6,819.4,0.3463810479736328,6742.825,0.11306858668525152,13,0.0018799182348447675
2026-03-07,2026-03-20,7560.0,6740.02,0.0,0.55,0.2298660998535156,805.6,829.4,0.3495701029968261,6742.775,0.11439962893283871,13,0.00188191646631305
2026-03-07,2026-03-20,7570.0,6740.02,0.05,0.55,0.2321854125976562,815.5,839.4,0.3527591580200195,6742.85,0.115710383235756,13,0.0019200845361667673
2026-03-07,2026-03-20,7575.0,6740.02,0.0,0.55,0.2333450689697265,820.5,844.3,0.3535983830261229,6742.875,0.11636695955765852,13,0.00193931226236253
2026-03-07,2026-03-20,7600.0,6740.02,0.0,0.55,0.2391433508300781,627.0,634.5,1.0000000000000004e-05,6969.525,0.08660117405301984,13,0.0005092645395700736
2026-03-07,2026-03-20,7650.0,6740.02,0.0,0.55,0.2506178454589843,895.4,919.2,0.3763032341003418,6742.975,0.12620442564144146,13,0.0022370437205823106
2026-03-07,2026-03-20,7700.0,6740.02,0.0,0.5,0.2594068200683594,836.7,858.6,1.0000000000000004e-05,6852.6,0.11659218655715879,13,0.0023966977475992236
2026-03-07,2026-03-20,7750.0,6740.02,0.0,0.5,0.270515107421875,995.2,1019.1,0.405981282043457,6743.1,0.1391730835285013,13,0.0026063548040139496
2026-03-07,2026-03-20,7800.0,6740.02,0.0,0.5,0.2815013256835937,1045.2,1069.0,0.4200497448730469,6743.15,0.14559655889911077,13,0.002822353295071422
2026-03-07,2026-03-20,7850.0,6740.02,0.0,0.45,0.2893137475585937,845.5,853.5,1.0000000000000004e-05,7000.725,0.11449981667358236,13,0.0029811829557347116
2026-03-07,2026-03-20,8000.0,6740.02,0.0,0.45,0.3210517114257812,1250.9,1265.3,0.4376887286376953,6742.125,0.17106638454740436,13,0.0036711359406095896
2026-03-07,2026-03-20,8100.0,6740.02,0.0,0.4,0.3377751770019531,1346.2,1370.2,0.5168505346679688,6742.0,0.18350744486652418,13,0.004063553185159204
2026-03-07,2026-03-20,8200.0,6740.02,0.0,0.4,0.3579165771484375,1451.7,1460.4,0.3620669262695312,6744.15,0.19545869182512005,13,0.0045626180563547785
2026-03-07,2026-03-20,8300.0,6740.02,0.0,0.4,0.3776917700195312,1544.5,1562.8,0.4707999697875976,6746.55,0.2072242516910326,13,0.005080723152948832
2026-03-07,2026-03-20,8400.0,6740.02,0.0,0.4,0.3969786865234375,1364.1,1374.9,1.0000000000000004e-05,7030.7,0.17794543172631413,13,0.005612868515617417
2026-03-07,2026-03-20,8500.0,6740.02,0.0,0.35,0.4108945629882812,1744.1,1767.9,0.5985147570800782,6744.175,0.23138699414168934,13,0.00601327793044739
2026-03-07,2026-03-20,8600.0,6740.02,0.0,0.35,0.4294490649414063,1851.0,1859.8,1.0000000000000004e-05,6744.775,0.2429940721991297,13,0.006568615046377058
2026-03-07,2026-03-20,8800.0,6740.02,0.0,0.1,0.41992767578125,1899.5,1916.9,1.0000000000000004e-05,6891.85,0.24441216741980532,13,0.006280576130223437
2026-03-07,2026-03-20,9000.0,6740.02,0.0,0.35,0.5007374145507812,2243.3,2267.1,0.7064848687744141,6744.975,0.28842679413259065,13,0.008930393036446608
2026-03-07,2026-03-20,9200.0,6740.02,0.0,0.35,0.5048877636718749,2209.2,2231.0,1.0000000000000004e-05,6980.075000000001,0.27614382235276697,13,0.00907904520759625
2026-03-07,2026-03-20,9400.0,6740.02,0.0,0.3,0.5297898583984376,2876.6,2910.2,1.737794279785156,6506.75,0.36786958966408606,13,0.009996725541928425
2026-03-07,2026-03-20,9600.0,6740.02,0.0,0.3,0.56055126953125,2843.9,2867.9,0.8483291534423827,6744.25,0.3530728084731737,13,0.011191316260411642
2026-03-07,2026-03-20,9800.0,6740.02,0.0,0.3,0.5898478515625001,3043.6,3067.6,0.8844005700683593,6744.55,0.3736476143284137,13,0.012391688613445652
2026-03-07,2026-03-20,10000.0,6740.02,0.0,0.3,0.6191444335937502,3241.8,3265.6,0.8868724691772459,6746.450000000001,0.39356865238308203,13,0.013653199412196258
2026-03-07,2026-03-20,10200.0,6740.02,0.0,0.3,0.647464462890625,3443.0,3467.0,0.951874260559082,6745.15,0.41356399218245254,13,0.01493077534022244
2026-03-07,2026-03-20,10400.0,6740.02,0.0,0.3,0.6748079394531252,3642.7,3666.7,0.9833680862426758,6745.450000000001,0.4329376026270372,13,0.01621850634777163
2026-03-07,2026-03-20,10800.0,6740.02,0.0,0.1,0.6738313867187502,4040.6,4064.4,1.000920522766113,6747.55,0.4703666580956983,13,0.016171598877959124
2026-03-07,2026-03-20,11000.0,6740.02,0.0,0.1,0.6992217578125001,4241.8,4265.8,1.0693405908203126,6746.25,0.488908477847655,13,0.017413270865148583
2026-03-07,2026-03-20,11200.0,6740.02,0.0,0.1,0.7226590234375,4440.0,4463.8,1.0483446020507814,6748.150000000001,0.5066453850558473,13,0.0186001885863653
2026-03-07,2026-03-20,11400.0,6740.02,0.0,0.3,0.8037129003906249,4641.2,4665.2,1.1198774475097657,6746.95,0.5245228044836732,13,0.023006596003578184
2026-03-07,2026-03-20,11600.0,6740.02,0.0,0.3,0.8271501660156249,4840.9,4864.9,1.143131725769043,6747.25,0.5418700836482332,13,0.02436796208990626
2026-03-07,2026-03-20,11800.0,6740.02,0.0,0.3,0.8510757080078125,5040.6,5064.6,1.165012719879151,6747.549999999999,0.5589200554371434,13,0.025798049835323265
2026-03-07,2026-03-20,12000.0,6740.02,0.0,0.3,0.8740246972656249,5240.3,5264.3,1.1854899124145506,6747.849999999999,0.5756827141598779,13,0.027208080078338286
2026-03-07,2026-03-20,12400.0,6740.02,0.0,0.3,0.918946123046875,5644.2,5658.6,1.0000000000000004e-05,6748.75,0.6083391700606315,13,0.03007672795018485
2026-03-07,2026-03-23,5500.0,6740.02,1237.3,1261.1,0.5169726037597657,8.6,10.3,0.5199175205993651,6739.75,-0.20327474000973508,16,0.011849390826353591
2026-03-07,2026-03-23,6000.0,6740.02,749.5,773.3,0.4441889077758788,20.0,22.0,0.3974135576629638,6740.4,-0.11635980111619523,16,0.0069232892411762795
2026-03-07,2026-03-23,6375.0,6740.02,404.3,428.1,0.3422383281707762,49.2,51.5,0.3143340967178344,6740.85,-0.05580193868782423,16,0.0047242449219080575
2026-03-07,2026-03-23,6400.0,6740.02,382.7,406.6,0.3362722013092041,52.7,55.0,0.3093254492950439,6740.8,-0.05188062187698885,16,0.004567630974966846
2026-03-07,2026-03-23,6575.0,6740.02,249.9,252.7,0.2731319635772705,85.0,87.7,0.2732273300552367,6739.95,-0.024777928435244827,16,0.003271325783436847
2026-03-07,2026-03-23,6600.0,6740.02,231.0,233.9,0.2679325831985473,91.0,93.8,0.2678410313796997,6740.05,-0.020997694261945758,16,0.0031457903131861917
2026-03-07,2026-03-23,6625.0,6740.02,212.6,215.4,0.2624051421356201,97.6,100.3,0.2623174049758912,6740.05,-0.017216971422039738,16,0.003017356180243203
2026-03-07,2026-03-23,6650.0,6740.02,194.5,197.4,0.2568586277770996,104.5,107.3,0.2567708906173706,6740.05,-0.013450488626562899,16,0.0028911263799028526
2026-03-07,2026-03-23,6700.0,6740.02,159.8,162.7,0.2450713311004639,119.6,122.6,0.2449874085998535,6740.15,-0.005974653472530488,16,0.00263186376281275
2026-03-07,2026-03-23,6725.0,6740.02,143.2,146.1,0.2388686953735351,127.9,131.0,0.2387847728729248,6740.2,-0.0022576725865649638,16,0.002500305049072569
2026-03-07,2026-03-23,6740.0,6740.02,133.6,136.5,0.2352066226196288,133.2,136.3,0.2349510404586792,6740.3,-4.450939519884144e-05,16,0.002422446335904173
2026-03-07,2026-03-23,6750.0,6740.02,127.2,130.1,0.2325211026000976,136.7,139.9,0.2322636131095886,6740.35,0.0014306525250925336,16,0.0023673954187105072
2026-03-07,2026-03-23,6760.0,6740.02,121.0,123.9,0.2299767249679565,140.6,143.7,0.2297192354774475,6740.3,0.0029184557354582905,16,0.0023158397375323
2026-03-07,2026-03-23,6770.0,6740.02,114.9,117.7,0.2272206337547301,144.6,147.5,0.2269631442642211,6740.25,0.004404070699728107,16,0.0022606345667459493
2026-03-07,2026-03-23,6775.0,6740.02,111.8,114.8,0.2261086606216431,146.4,149.5,0.2256776041412353,6740.35,0.005127514406418768,16,0.0022368310030508897
2026-03-07,2026-03-23,6780.0,6740.02,108.8,111.8,0.2247659006118774,148.4,151.5,0.2243386587905883,6740.35,0.005865249592958346,16,0.002210355126313237
2026-03-07,2026-03-23,6790.0,6740.02,102.9,105.8,0.2219163502502441,152.5,155.5,0.2214852937698364,6740.35,0.0073390892112588525,16,0.002154575538846139
2026-03-07,2026-03-23,6800.0,6740.02,97.1,100.1,0.2193548066520691,156.7,159.7,0.218746368522644,6740.4,0.008803341837810827,16,0.0021033713938571476
2026-03-07,2026-03-23,6810.0,6740.02,91.5,94.3,0.2163774652099609,161.0,164.0,0.2159425940704345,6740.4,0.010272849817170762,16,0.0020482261222597763
2026-03-07,2026-03-23,6820.0,6740.02,85.9,88.7,0.2134973975753784,165.5,168.4,0.2130587117767333,6740.35,0.01174761949602489,16,0.001993973856719021
2026-03-07,2026-03-23,6825.0,6740.02,83.2,86.1,0.2123186679077148,167.8,170.7,0.2116968784713744,6740.4,0.012473070726773233,16,0.001970292422697617
2026-03-07,2026-03-23,6830.0,6740.02,80.5,83.4,0.2108919853973388,170.0,172.9,0.2100909069824218,6740.5,0.013190567433716948,16,0.0019422092676868942
2026-03-07,2026-03-23,6840.0,6740.02,75.2,78.1,0.2080176397514342,174.8,177.6,0.2072070246887206,6740.45,0.014661043360330438,16,0.0018894413365417992
2026-03-07,2026-03-23,6850.0,6740.02,70.1,72.8,0.2048571946716308,179.5,182.4,0.2042201465988158,6740.5,0.01611454612515213,16,0.0018339098207221635
2026-03-07,2026-03-23,6860.0,6740.02,65.1,67.9,0.2021335280609131,184.5,187.4,0.2013019323730468,6740.55,0.01756591776898359,16,0.0017836731039513557
2026-03-07,2026-03-23,6870.0,6740.02,60.2,62.9,0.1989139557647704,189.6,192.5,0.1982578343963623,6740.5,0.01903000008527635,16,0.0017287170509566992
2026-03-07,2026-03-23,6875.0,6740.02,57.9,60.5,0.1973690188217163,192.2,195.1,0.1967052681350707,6740.55,0.01975011958382473,16,0.0017018580124986316
2026-03-07,2026-03-23,6880.0,6740.02,55.5,58.1,0.1957401593780517,194.9,197.8,0.1952633269882202,6740.45,0.020491963671123627,16,0.001675438096992651
2026-03-07,2026-03-23,6890.0,6740.02,51.0,53.6,0.1928028718566894,200.3,203.2,0.1921200478744507,6740.55,0.02192956105675695,16,0.00162373319599283
2026-03-07,2026-03-23,6900.0,6740.02,46.6,49.2,0.1897053686523437,203.6,211.3,0.1940121187973022,6740.45,0.023394723329085026,16,0.0016135792895854153
2026-03-07,2026-03-23,6910.0,6740.02,42.4,44.9,0.18643239112854,209.4,217.3,0.1914601118469238,6740.3,0.02486520346016394,16,0.0015649615759458732
2026-03-07,2026-03-23,6920.0,6740.02,38.4,40.9,0.1833768491744994,215.8,223.4,0.1887593331909179,6740.05,0.02634842633525267,16,0.0015176475421973385
2026-03-07,2026-03-23,6925.0,6740.02,36.5,39.0,0.1819082054138183,209.0,232.9,0.2007907680511474,6741.8,0.026811100489438428,16,0.0016050247045604224
2026-03-07,2026-03-23,6930.0,6740.02,34.6,37.1,0.1803365658569335,212.1,236.0,0.1994975986099243,6741.8,0.027532861617848056,16,0.001581084849273819
2026-03-07,2026-03-23,6940.0,6740.02,31.0,33.4,0.1770750323104858,218.5,242.3,0.1968578544998169,6741.8,0.02897482293474946,16,0.0015323375763099906
2026-03-07,2026-03-23,6950.0,6740.02,27.6,30.0,0.1740385636520385,225.0,248.9,0.1945118391418457,6741.85,0.03040729160325781,16,0.0014885413632825676
2026-03-07,2026-03-23,6960.0,6740.02,24.4,26.8,0.1709982803344726,231.8,255.6,0.1920246813964844,6741.9,0.03183769003840886,16,0.0014442265287004478
2026-03-07,2026-03-23,6975.0,6740.02,20.1,22.4,0.1664893532562256,242.3,266.2,0.1888737729644775,6742.0,0.03397571089556045,16,0.0013839227559161794
2026-03-07,2026-03-23,6990.0,6740.02,16.3,18.5,0.16211775390625,253.4,277.3,0.1861119597625732,6742.05,0.03611652326437556,16,0.0013289198189794034
2026-03-07,2026-03-23,7000.0,6740.02,14.0,16.2,0.1593673846817016,261.1,284.9,0.1843266992950439,6742.1,0.03753869995949475,16,0.001294527379294402
2026-03-07,2026-03-23,7010.0,6740.02,12.0,14.1,0.1566627913665771,269.0,292.9,0.1832585947418212,6742.1,0.0389662519506801,16,0.0012662635477682716
2026-03-07,2026-03-23,7025.0,6740.02,9.4,11.4,0.1530159772491455,281.3,305.1,0.1816106620025634,6742.2,0.041088934060034964,16,0.0012271231528426666
2026-03-07,2026-03-23,7050.0,6740.02,6.0,7.9,0.1478280408477783,302.7,326.5,0.1805578160858154,6742.35,0.044619087980941725,16,0.0011817783127014865
2026-03-07,2026-03-23,7075.0,6740.02,3.6,5.4,0.1436090278625488,325.3,349.1,0.1819692399597168,6742.3,0.048166330525557424,16,0.001161657079212569
2026-03-07,2026-03-23,7100.0,6740.02,2.05,3.8,0.1412973444366455,348.6,372.4,0.1848531222534179,6742.425,0.05167513154791085,16,0.001165743856681054
2026-03-07,2026-03-23,7200.0,6740.02,0.1,1.3,0.1438379074096679,446.3,470.1,0.2097475876617431,6742.5,0.06565024999026163,16,0.0013701118063002172
2026-03-07,2026-03-23,7300.0,6740.02,0.0,0.9,0.1609886148071289,545.8,569.6,0.2397842135620116,6742.75,0.07940649457490216,16,0.0017602066844821982
2026-03-07,2026-03-23,7400.0,6740.02,0.0,0.75,0.1804281176757812,645.5,669.3,0.2691799767303466,6742.975,0.09297877801312106,16,0.002215314395128872
2026-03-07,2026-03-24,5500.0,6740.02,1238.7,1262.5,0.5155077746582031,9.3,11.1,0.5123034609985352,6740.4,-0.20337117810582506,17,0.012223923875529646
2026-03-07,2026-03-24,6300.0,6740.02,474.2,498.1,0.3605563212585449,43.6,45.9,0.3294859227371215,6741.4,-0.06771798509045827,17,0.005544308955120391
2026-03-07,2026-03-24,6475.0,6740.02,331.2,339.2,0.3004105909347534,68.6,71.2,0.2943490975952147,6740.3,-0.040155826733813085,17,0.004118879781304453
2026-03-07,2026-03-24,6500.0,6740.02,310.5,318.9,0.2951082147598267,73.2,75.8,0.2890276481246947,6740.2,-0.03628742117287634,17,0.003973047950159833
2026-03-07,2026-03-24,6550.0,6740.02,274.1,277.2,0.280444665107727,83.5,86.2,0.2786517753219604,6740.8,-0.02871356259545448,17,0.003639732948575
2026-03-07,2026-03-24,6725.0,6740.02,147.9,150.9,0.2401923820877075,132.0,135.1,0.2389411738967895,6740.85,-0.0023541042444113094,17,0.002673063284928723
2026-03-07,2026-03-24,6750.0,6740.02,131.9,135.0,0.2341728499984741,140.8,143.9,0.2324200141334533,6741.1,0.0013193885288942074,17,0.0025349666538357534
2026-03-07,2026-03-24,6760.0,6740.02,125.6,128.7,0.2315369205474853,144.5,147.6,0.2297821773529052,6741.1,0.0027997736993285896,17,0.00247798648732172
2026-03-07,2026-03-24,6770.0,6740.02,119.4,122.4,0.228704536151886,148.3,151.4,0.2271157306289672,6741.05,0.0042853877832528565,17,0.0024192643598211364
2026-03-07,2026-03-24,6775.0,6740.02,116.3,119.4,0.2274628646087646,150.2,153.4,0.2258721517562866,6741.05,0.005023667624833874,17,0.0023929553630588508
2026-03-07,2026-03-24,6800.0,6740.02,101.5,104.5,0.2206365321159362,160.4,163.5,0.2190324679565429,6741.05,0.008706913041130294,17,0.0022508562353564876
2026-03-07,2026-03-24,6810.0,6740.02,95.8,98.7,0.2177888890838623,164.6,167.7,0.2161752882766723,6741.1,0.010169003805876773,17,0.0021928242622928046
2026-03-07,2026-03-24,6825.0,6740.02,87.4,90.3,0.2135813200759888,171.2,174.3,0.2119524606323242,6741.1,0.012369224715479155,17,0.0021084540924016988
2026-03-07,2026-03-24,6840.0,6740.02,79.3,82.2,0.2093356044769287,178.0,181.5,0.2082064653778075,6741.0,0.014579449763157238,17,0.0020300023710108327
2026-03-07,2026-03-24,6850.0,6740.02,74.1,76.9,0.2063525410461425,182.9,185.9,0.2046779056930541,6741.1,0.01602553591858971,17,0.0019671797797894525
2026-03-07,2026-03-24,6860.0,6740.02,69.0,71.8,0.2034419561386108,187.7,191.1,0.2022861144256591,6741.0,0.017499159866492087,17,0.0019167531117429372
2026-03-07,2026-03-24,6870.0,6740.02,64.1,66.9,0.2006076644134521,192.7,195.8,0.1987041495132446,6741.25,0.018918738564958203,17,0.0018566087127426646
2026-03-07,2026-03-24,6875.0,6740.02,61.7,64.4,0.1989864342880248,195.3,198.7,0.197800075302124,6741.05,0.019675944411704276,17,0.0018332000556688121
2026-03-07,2026-03-24,6880.0,6740.02,59.3,62.1,0.1976551182556152,197.9,201.3,0.1962742116546631,6741.1,0.020395535589707983,17,0.0018068941016305036
2026-03-07,2026-03-24,6890.0,6740.02,54.7,57.4,0.1945728736877441,203.3,206.3,0.1925968802642822,6741.25,0.021825717356267392,17,0.0017454158303970096
2026-03-07,2026-03-24,6900.0,6740.02,50.2,52.9,0.1915325903701782,206.4,214.2,0.1941380025482178,6741.25,0.023276043933913977,17,0.0017319251411742884
2026-03-07,2026-03-24,6910.0,6740.02,45.9,48.5,0.1883397206878662,212.1,220.0,0.1913990773010254,6741.15,0.024739104264435735,17,0.0016790591985389176
2026-03-07,2026-03-24,6920.0,6740.02,41.8,44.4,0.185368101234436,218.1,225.9,0.1885113803482055,6741.1,0.026192653274033903,17,0.001627643653920946
2026-03-07,2026-03-24,6925.0,6740.02,39.8,42.4,0.1838460522460937,221.1,229.0,0.1872372842025756,6741.05,0.02692235293247149,17,0.0016033892630328065
2026-03-07,2026-03-24,6930.0,6740.02,37.9,40.4,0.1822210074615478,224.1,232.1,0.1858716362380981,6741.05,0.027644114060881197,17,0.0015776488382729492
2026-03-07,2026-03-24,6940.0,6740.02,34.1,36.7,0.1792989785766601,220.9,244.7,0.1963047289276123,6742.6,0.028856167302917356,17,0.0016426907305111202
2026-03-07,2026-03-24,6950.0,6740.02,30.6,33.1,0.1761747727584838,227.3,251.1,0.1937450926589966,6742.65,0.030288636851366808,17,0.0015933506959714217
2026-03-07,2026-03-24,6960.0,6740.02,27.2,29.7,0.1730543815994262,233.9,257.7,0.1912579349136353,6742.65,0.03172645162099433,17,0.001545410196830769
2026-03-07,2026-03-24,6975.0,6740.02,22.7,25.1,0.1686713382720947,244.2,268.1,0.1879735134124755,6742.75,0.033864474127986106,17,0.0014810440780567496
2026-03-07,2026-03-24,7000.0,6740.02,16.1,18.4,0.1613395634460449,262.6,286.4,0.182976309967041,6742.75,0.03744229547587001,17,0.0013804165422134764
2026-03-07,2026-03-24,7020.0,6740.02,12.0,14.1,0.1560791485214233,278.3,302.1,0.1800771690368652,6742.85,0.0402805338241182,17,0.0013157658816328292
2026-03-07,2026-03-24,7025.0,6740.02,11.0,13.2,0.1549805266952514,282.3,306.1,0.1793409398269653,6742.9,0.040985115771608675,17,0.0013014413223415182
2026-03-07,2026-03-24,7030.0,6740.02,10.2,12.3,0.1537483917999267,286.4,310.2,0.1788030728912353,6742.95,0.04168919119475848,17,0.0012876973310685148
2026-03-07,2026-03-24,7050.0,6740.02,7.2,9.2,0.1492013181304931,303.3,327.1,0.1773763903808593,6743.0,0.04452268707173238,17,0.0012418499964663968
2026-03-07,2026-03-24,7100.0,6740.02,2.65,4.5,0.1419763537597656,348.5,372.4,0.1796575565338134,6743.125,0.05157131672380226,17,0.001204535841275717
2026-03-07,2026-03-24,7800.0,6740.02,0.0,0.6,0.2531812963867187,1043.9,1067.7,0.3602664071655272,6744.5,0.1453963757679487,17,0.0029855152610438677
2026-03-07,2026-03-25,2800.0,6740.02,3924.2,3948.0,1.7390149768066403,0.0,0.8,1.263187277832031,6735.7,-0.8778023219499717,18,0.07868919939665901
2026-03-07,2026-03-25,3200.0,6740.02,3525.2,3549.0,1.5189843386840818,0.0,1.15,1.1147505200195311,6736.525,-0.7443934035271539,18,0.06128229313399636
2026-03-07,2026-03-25,5200.0,6740.02,1536.0,1559.8,0.5858806060791015,6.8,8.6,0.5840037937927245,6740.2,-0.25943097248708613,18,0.016819418523170714
2026-03-07,2026-03-25,5400.0,6740.02,1338.4,1362.3,0.5370834866333009,8.9,10.7,0.532307533416748,6740.55,-0.22174257039858164,18,0.013973489266794523
2026-03-07,2026-03-25,5500.0,6740.02,1240.0,1263.8,0.5127459614562988,10.2,12.1,0.5069019036865234,6740.75,-0.2034231024594712,18,0.012671484162461333
2026-03-07,2026-03-25,5600.0,6740.02,1141.8,1165.6,0.559223768157959,11.8,13.7,0.4885457640075684,6740.95,-0.18543426680555308,18,0.01177037080420629
2026-03-07,2026-03-25,6000.0,6740.02,754.6,778.4,0.4380167893218994,23.9,26.1,0.3930038117218017,6741.5,-0.11652298286393722,18,0.007616810763018018
2026-03-07,2026-03-25,6300.0,6740.02,478.0,501.9,0.3600070103454589,46.8,49.3,0.3293829269409178,6741.9,-0.06779215091043246,18,0.005859351192719767
2026-03-07,2026-03-25,6500.0,6740.02,314.9,322.8,0.2947572661209106,77.1,79.9,0.2892756009674072,6740.35,-0.036309675457754535,18,0.0042052732993898695
2026-03-07,2026-03-25,6600.0,6740.02,240.5,243.4,0.2700916802597046,99.3,102.2,0.268088984222412,6741.2,-0.021168301587347987,18,0.0035708847241119348
2026-03-07,2026-03-25,6625.0,6740.02,222.0,225.0,0.2646977522659302,105.7,108.8,0.2627332028198242,6741.25,-0.017394995797013757,18,0.003429658508827451
2026-03-07,2026-03-25,6650.0,6740.02,203.9,207.0,0.2591626818847656,112.6,115.6,0.2568929597091675,6741.35,-0.013643346935644899,18,0.0032833162013538807
2026-03-07,2026-03-25,6700.0,6740.02,169.1,172.3,0.2476080794143677,127.6,130.8,0.2452315467834472,6741.5,-0.006174925695071795,18,0.002994545307338653
2026-03-07,2026-03-25,6720.0,6740.02,155.7,158.9,0.242710057106018,134.1,137.4,0.2403449684524536,6741.55,-0.003201714276444881,18,0.0028768211225420007
2026-03-07,2026-03-25,6725.0,6740.02,152.4,155.5,0.2413024478912353,135.8,139.1,0.2391052042388915,6741.5,-0.002450526604089405,18,0.0028453748082556555
2026-03-07,2026-03-25,6730.0,6740.02,149.1,152.2,0.2400169077682494,137.6,140.8,0.2378196641159057,6741.45,-0.0016998916608367838,18,0.00281500014365755
2026-03-07,2026-03-25,6750.0,6740.02,136.2,139.4,0.2350979048347473,144.7,147.9,0.2327423528289795,6741.5,0.0012600527924462091,18,0.002698452822216111
2026-03-07,2026-03-25,6770.0,6740.02,123.7,126.8,0.2297898066711425,152.1,155.3,0.2274285326766967,6741.55,0.004211218112680534,18,0.002577311628115017
2026-03-07,2026-03-25,6775.0,6740.02,120.6,123.8,0.2285881890487671,154.1,157.3,0.2262269150543212,6741.5,0.004956914673772424,18,0.002550289055181818
2026-03-07,2026-03-25,6780.0,6740.02,117.6,120.7,0.2271767651748656,156.0,159.2,0.2248116765213012,6741.55,0.005687233140801037,18,0.0025186876203320036
2026-03-07,2026-03-25,6790.0,6740.02,111.6,114.7,0.2245293917465209,160.0,163.2,0.2221566737747192,6741.55,0.007161072759101743,18,0.002459939685174809
2026-03-07,2026-03-25,6800.0,6740.02,105.7,108.8,0.2218438717269897,164.1,167.3,0.219459709777832,6741.55,0.008632743370557926,18,0.002401013232110747
2026-03-07,2026-03-25,6810.0,6740.02,99.9,103.1,0.219272791481018,168.3,171.5,0.2167131552124023,6741.6,0.010094834685414476,18,0.0023434982348320837
2026-03-07,2026-03-25,6825.0,6740.02,91.5,94.6,0.2150919250869751,174.8,178.0,0.2125055862045288,6741.65,0.012287638985519878,18,0.002254187239676973
2026-03-07,2026-03-25,6830.0,6740.02,88.7,91.8,0.2136385399627685,177.0,180.2,0.2110407571029662,6741.65,0.013019971497195115,18,0.0022235240386386562
2026-03-07,2026-03-25,6840.0,6740.02,83.3,86.3,0.2107165110778808,181.5,185.1,0.2087748495864868,6741.5,0.014505279542466975,18,0.002169530157600524
2026-03-07,2026-03-25,6850.0,6740.02,78.0,81.1,0.2080615083312987,186.2,189.4,0.205238660583496,6741.75,0.015929117134652622,18,0.0021059633789383297
2026-03-07,2026-03-25,6860.0,6740.02,72.9,75.9,0.2051471087646484,191.1,194.2,0.2022937437438964,6741.75,0.0173879065983126,18,0.002046674567994531
2026-03-07,2026-03-25,6870.0,6740.02,67.9,70.8,0.2021411573791504,196.0,199.2,0.1994174907684326,6741.75,0.01884457109477676,18,0.0019880056590671634
2026-03-07,2026-03-25,6875.0,6740.02,65.4,68.4,0.2007945827102661,198.6,201.7,0.197876368484497,6741.75,0.019572108413153693,18,0.0019595160903271708
2026-03-07,2026-03-25,6880.0,6740.02,63.0,65.9,0.1992000551986694,201.1,204.3,0.1964344273376465,6741.75,0.020299116805770907,18,0.001929780539652063
2026-03-07,2026-03-25,6890.0,6740.02,58.4,61.2,0.1963276168823242,206.4,209.9,0.194057894706726,6741.65,0.021766382940063726,18,0.0018789145601750684
2026-03-07,2026-03-25,6900.0,6740.02,53.8,56.6,0.1933292948150634,211.8,215.3,0.1910137967300415,6741.65,0.02321670951771017,18,0.0018212006961178633
2026-03-07,2026-03-25,6910.0,6740.02,49.4,52.1,0.1901898303604126,215.0,223.0,0.1920017934417725,6741.75,0.024650102640097277,18,0.001800868405124601
2026-03-07,2026-03-25,6920.0,6740.02,45.1,47.9,0.1872830601119995,220.8,228.8,0.1891407991027832,6741.7,0.026103650989583435,18,0.001746923693253911
2026-03-07,2026-03-25,6925.0,6740.02,43.1,45.8,0.1856999765777587,223.8,231.8,0.1877789657974243,6741.65,0.026833349987898745,18,0.001719696826820777
2026-03-07,2026-03-25,6930.0,6740.02,41.1,43.8,0.1842198888397216,226.7,234.8,0.1863255806732177,6741.7,0.027547694561817083,18,0.0016927883627247695
2026-03-07,2026-03-25,6940.0,6740.02,37.3,39.9,0.1811834201812744,223.5,247.4,0.1964687592697143,6743.15,0.02877459972227776,18,0.001758343175064022
2026-03-07,2026-03-25,6950.0,6740.02,33.6,36.2,0.1781660248184204,229.8,253.7,0.1939243816375732,6743.15,0.03021448478026534,18,0.0017069334728620252
2026-03-07,2026-03-25,6960.0,6740.02,30.1,32.7,0.1751715174102783,236.3,260.1,0.1912464909362793,6743.2,0.03164488464519297,18,0.0016552868651587963
2026-03-07,2026-03-25,6970.0,6740.02,26.9,29.4,0.1721884539794922,243.0,266.8,0.1888546996688843,6743.25,0.03307322022157764,18,0.0016070814098182009
2026-03-07,2026-03-25,6975.0,6740.02,25.3,27.9,0.1708800259017944,246.4,270.2,0.1876378234100341,6743.3,0.03378290836183449,18,0.0015846786773652203
2026-03-07,2026-03-25,7000.0,6740.02,18.3,20.8,0.1635940269851685,264.3,288.1,0.1822553393936157,6743.35,0.0373533149699572,18,0.0014746658329061076
2026-03-07,2026-03-25,7025.0,6740.02,12.8,15.1,0.1569298175048828,283.6,307.4,0.1780859169769287,6743.45,0.040903551819864034,18,0.0013837258645938199
2026-03-07,2026-03-25,7050.0,6740.02,8.6,10.7,0.1510170958709717,304.2,328.0,0.1753775090026855,6743.55,0.044441124329547804,18,0.0013134259490625718
2026-03-07,2026-03-25,7060.0,6740.02,7.2,9.3,0.1490105851745605,312.8,336.6,0.1748358274078369,6743.55,0.04585855901052113,18,0.0012929979321676648
2026-03-07,2026-03-25,7100.0,6740.02,3.3,5.4,0.1434945880889892,348.7,372.6,0.1756102032089233,6743.7,0.051486048322922334,18,0.0012554120691281622
2026-03-07,2026-03-25,7500.0,6740.02,0.0,0.75,0.1919026123046875,743.9,767.7,0.2727276097106933,6744.575,0.10616454250450416,18,0.0018161069232014728
2026-03-07,2026-03-25,7600.0,6740.02,0.0,0.7,0.2109453906249999,843.7,867.5,0.298011170349121,6744.75,0.11938382281168801,18,0.0021944198379912554
2026-03-07,2026-03-26,2800.0,6740.02,3924.6,3948.4,1.7064223663330076,0.0,0.9,1.2436561254882812,6736.05,-0.8778542825341689,19,0.0805121386597971
2026-03-07,2026-03-26,5500.0,6740.02,1241.5,1265.3,0.5113116496276855,11.0,13.1,0.5013325013732912,6741.35,-0.20351210936498246,19,0.013083154141728273
2026-03-07,2026-03-26,6000.0,6740.02,757.3,781.1,0.4357585111236572,25.8,28.1,0.3907379042053222,6742.25,-0.11663422788120223,19,0.007947523522938583
2026-03-07,2026-03-26,6625.0,6740.02,226.7,229.8,0.2659985510253906,109.7,112.9,0.2629277504348755,6741.95,-0.017498828715108775,19,0.0036407517912001985
2026-03-07,2026-03-26,6700.0,6740.02,173.8,177.1,0.2490290399360656,131.6,134.9,0.2455939393997192,6742.2,-0.006278754762854231,19,0.0031838259877076413
2026-03-07,2026-03-26,6750.0,6740.02,140.8,144.2,0.2367706328582763,148.4,151.9,0.2332077412414551,6742.35,0.0011339760412029348,19,0.0028744614865117224
2026-03-07,2026-03-26,6775.0,6740.02,125.2,128.4,0.2301254966735839,157.7,161.2,0.2267113767623901,6742.35,0.0048308379225291105,19,0.002715957979235868
2026-03-07,2026-03-26,6800.0,6740.02,110.2,113.4,0.2236100588989257,167.7,171.1,0.2200090206909179,6742.4,0.008506667554328226,19,0.0025610684025662053
2026-03-07,2026-03-26,6820.0,6740.02,98.6,101.8,0.2181512817001342,176.1,179.5,0.2145082822418212,6742.4,0.011443527227637933,19,0.0024360901829715183
2026-03-07,2026-03-26,6825.0,6740.02,95.8,99.0,0.2168161510086059,178.4,181.6,0.212997677230835,6742.4,0.012176396443290684,19,0.0024041497342267323
2026-03-07,2026-03-26,6830.0,6740.02,93.0,96.2,0.2154276150894165,180.6,183.9,0.2117579130172729,6742.35,0.012916144739463193,19,0.0023748370089397477
2026-03-07,2026-03-26,6840.0,6740.02,87.6,90.7,0.2126429139328002,185.1,188.3,0.2087786642456054,6742.45,0.014364371277222322,19,0.0023111827291323163
2026-03-07,2026-03-26,6850.0,6740.02,82.2,85.4,0.2099612085723876,189.7,192.9,0.2058909672927856,6742.5,0.015817876242386012,19,0.0022504983638795754
2026-03-07,2026-03-26,6860.0,6740.02,77.0,80.1,0.2070391796874999,194.5,197.7,0.2030910074996947,6742.45,0.017284081380557103,19,0.002188992218083468
2026-03-07,2026-03-26,6870.0,6740.02,72.0,75.0,0.2042010733032226,199.3,202.6,0.2002033105468749,6742.55,0.018725914582990513,19,0.0021282980875797003
2026-03-07,2026-03-26,6875.0,6740.02,69.5,72.5,0.202770576133728,201.8,205.1,0.1987422961044311,6742.55,0.01945345190136756,19,0.0020979720170450616
2026-03-07,2026-03-26,6880.0,6740.02,67.0,70.1,0.2014468894195556,204.3,207.6,0.1972126177978515,6742.6,0.02017304472945639,19,0.0020682593501381453
2026-03-07,2026-03-26,6890.0,6740.02,62.3,65.2,0.1984180500793457,209.5,212.8,0.1942867742538452,6742.6,0.021625477809771285,19,0.0020069345904360847
2026-03-07,2026-03-26,6900.0,6740.02,57.6,60.5,0.1954502452850341,214.8,218.1,0.1912426762771606,6742.6,0.023075804387417766,19,0.0019459567781779507
2026-03-07,2026-03-26,6910.0,6740.02,53.1,56.0,0.1925472896957397,217.9,225.9,0.1924690891838073,6742.65,0.02451661505424456,19,0.0019291196082909991
2026-03-07,2026-03-26,6920.0,6740.02,48.8,51.6,0.1895108210372925,223.5,231.6,0.1896176314926147,6742.65,0.025962746904244233,19,0.001870568004682685
2026-03-07,2026-03-26,6925.0,6740.02,46.7,49.5,0.1880574359130859,226.4,234.5,0.1881642463684081,6742.65,0.026685029348068125,19,0.0018419947466819392
2026-03-07,2026-03-26,6930.0,6740.02,44.6,47.4,0.1865163136291504,229.4,237.5,0.1868214863586426,6742.55,0.027421621550544513,19,0.001813863798010124
2026-03-07,2026-03-26,6940.0,6740.02,40.6,43.4,0.1835637674713134,235.4,243.4,0.183678207244873,6742.6,0.028856167302917356,19,0.001755114172517423
2026-03-07,2026-03-26,6950.0,6740.02,36.8,39.6,0.1806493679046631,232.3,256.2,0.1939625282287598,6743.95,0.03009585290225786,19,0.0018262653299786923
2026-03-07,2026-03-26,6960.0,6740.02,33.2,35.9,0.1775594940185547,238.7,262.5,0.1912922668457031,6743.95,0.03153366767188541,19,0.0017705348002469924
2026-03-07,2026-03-26,6975.0,6740.02,28.2,30.8,0.173123045463562,248.5,272.4,0.187584418182373,6744.05,0.033671693037730974,19,0.0016932106933341003
2026-03-07,2026-03-26,7000.0,6740.02,20.8,23.4,0.1660926287078858,266.0,289.9,0.1818471708679199,6744.15,0.03723468661022583,19,0.0015754657386631403
2026-03-07,2026-03-26,7025.0,6740.02,14.8,17.2,0.1591690224075317,284.9,308.7,0.1769491485595703,6744.2,0.04079233896947528,19,0.0014702281316651576
2026-03-07,2026-03-26,7050.0,6740.02,10.1,12.4,0.1531761929321289,305.0,328.9,0.1735464726257324,6744.3,0.04432991312824089,19,0.0013891823997229092
2026-03-07,2026-03-26,7075.0,6740.02,6.6,8.9,0.148522308807373,326.4,350.2,0.1713873755645752,6744.45,0.04784749907717834,19,0.001331850628043994
2026-03-07,2026-03-26,7100.0,6740.02,4.1,6.3,0.1445855805969238,348.8,372.6,0.171169939994812,6744.5,0.05136742611967231,19,0.0012974859088349343
2026-03-07,2026-03-26,7150.0,6740.02,1.35,3.4,0.1412744564819336,395.9,419.7,0.1760717769622803,6744.575,0.058373878668155556,19,0.0013105917847557262
2026-03-07,2026-03-26,7400.0,6740.02,0.0,0.9,0.1701132794189453,643.3,667.1,0.2351608467102051,6745.25,0.09264144674505978,19,0.0021374624855377967
2026-03-07,2026-03-26,7500.0,6740.02,0.0,0.8,0.188484677734375,743.0,766.9,0.260398631439209,6745.45,0.10603481702197513,19,0.0018493232906081993
2026-03-07,2026-03-26,7600.0,6740.02,0.0,0.75,0.2072222833251952,842.8,866.6,0.2838358970642089,6745.675,0.11924668851066329,19,0.0022352888203387455
2026-03-07,2026-03-27,5000.0,6740.02,1737.1,1760.9,0.642627475128174,6.2,7.9,0.6185340881347658,6741.95,-0.29891128815329426,20,0.020963529763545548
2026-03-07,2026-03-27,5450.0,6740.02,1293.1,1317.0,0.5293778752136231,11.1,13.1,0.5078479391479492,6742.95,-0.2128819059526624,20,0.014132029002565431
2026-03-07,2026-03-27,5500.0,6740.02,1244.1,1267.9,0.5169726037597657,11.9,14.0,0.5036518141174318,6743.05,-0.2037642525836657,20,0.013899460266508493
2026-03-07,2026-03-27,5800.0,6740.02,952.0,975.9,0.4931615015411378,19.1,21.4,0.4326838958740234,6743.7,-0.1507508181719737,20,0.010258375547875218
2026-03-07,2026-03-27,5850.0,6740.02,903.9,927.7,0.4784750639343262,20.9,23.2,0.421430651473999,6743.75,-0.1421744887805426,20,0.009731714739824614
2026-03-07,2026-03-27,5875.0,6740.02,879.9,903.8,0.4716391947937011,21.9,24.2,0.4159375423431396,6743.8,-0.1379175042390741,20,0.009479673377011017
2026-03-07,2026-03-27,5900.0,6740.02,856.0,879.9,0.46465073928833,22.9,25.3,0.4106351661682129,6743.85,-0.13367862754764132,20,0.009239519983232646
2026-03-07,2026-03-27,5925.0,6740.02,832.2,856.0,0.4575135120773316,24.0,26.3,0.4046995565795898,6743.95,-0.12946511965324808,20,0.008974341429902279
2026-03-07,2026-03-27,5950.0,6740.02,808.4,832.2,0.4505441298675536,25.2,27.5,0.3993361458587646,6743.95,-0.12525458711690463,20,0.008738046980237398
2026-03-07,2026-03-27,6000.0,6740.02,761.1,784.9,0.4370249779510498,27.7,30.1,0.3886016950988769,6744.1,-0.11690857935682078,20,0.00827459054431345
2026-03-07,2026-03-27,6050.0,6740.02,714.1,738.0,0.423921623878479,30.7,33.1,0.3781800463867187,6744.15,-0.10861719040233726,20,0.007836720410140312
2026-03-07,2026-03-27,6100.0,6740.02,667.6,691.4,0.4107953818511963,34.0,36.5,0.3678880960845948,6744.25,-0.1004015188213513,20,0.007415980889904002
2026-03-07,2026-03-27,6150.0,6740.02,621.5,645.3,0.3980544203948974,37.8,40.3,0.3575351112365723,6744.35,-0.09225303551786676,20,0.007820760826178955
2026-03-07,2026-03-27,6200.0,6740.02,576.0,599.8,0.3857597740554809,42.2,44.7,0.3475101870727538,6744.45,-0.084170652401077,20,0.007365545697164423
2026-03-07,2026-03-27,6250.0,6740.02,531.1,554.9,0.3736901926040649,47.2,49.8,0.337809508934021,6744.5,-0.07614589417928719,20,0.006934682538202539
2026-03-07,2026-03-27,6275.0,6740.02,508.9,532.8,0.3679605746078491,50.0,52.7,0.3332052153778077,6744.5,-0.07215387290974971,20,0.006734705000633013
2026-03-07,2026-03-27,6300.0,6740.02,486.9,510.8,0.3620898142242431,53.0,55.6,0.3281698653411864,6744.55,-0.0681851379506256,20,0.006526827742928347
2026-03-07,2026-03-27,6325.0,6740.02,465.1,489.0,0.3562800883865356,56.1,58.8,0.3233862828063964,6744.6,-0.06423215010008546,20,0.006328032549733815
2026-03-07,2026-03-27,6350.0,6740.02,443.5,467.4,0.3504970651626586,59.4,62.2,0.3185798123168945,6744.65,-0.06029478511966817,20,0.006132381753120394
2026-03-07,2026-03-27,6375.0,6740.02,422.1,446.0,0.3447178565979004,63.0,65.8,0.3137237512588501,6744.65,-0.0563655069797786,20,0.005938977410369628
2026-03-07,2026-03-27,6400.0,6740.02,401.0,424.8,0.3389119454193114,66.7,69.6,0.3087913970184326,6744.75,-0.05246643411497136,20,0.005746844106918158
2026-03-07,2026-03-27,6425.0,6740.02,380.0,403.9,0.3332433619689942,70.9,73.7,0.3039505945968627,6744.65,-0.04855296724298494,20,0.0055618649080006995
2026-03-07,2026-03-27,6470.0,6740.02,348.8,357.4,0.3055756393814087,78.7,81.6,0.2948907791900634,6742.95,-0.041321406115005926,20,0.004939176984000689
2026-03-07,2026-03-27,6475.0,6740.02,344.8,353.5,0.3048127075576782,79.6,82.5,0.293818859977722,6743.1,-0.04057115225115278,20,0.004909037721231375
2026-03-07,2026-03-27,6480.0,6740.02,340.8,349.5,0.3038437841415405,80.6,83.5,0.2929071564483642,6743.1,-0.039799249472570936,20,0.004878242261574466
2026-03-07,2026-03-27,6490.0,6740.02,332.7,341.2,0.3012879625320435,82.4,85.4,0.2908281672286986,6743.05,-0.03824981410609234,20,0.004802760426340272
2026-03-07,2026-03-27,6500.0,6740.02,324.7,333.2,0.2991937146759033,84.5,87.4,0.2888369151687621,6743.0,-0.03670275285085345,20,0.004736712625144025
2026-03-07,2026-03-27,6520.0,6740.02,309.3,317.3,0.2948984085083007,88.5,91.5,0.2847476005935668,6743.3,-0.03367504340703336,20,0.0046025958338044145
2026-03-07,2026-03-27,6525.0,6740.02,305.0,313.4,0.2938989678192137,89.6,92.5,0.2836184614944457,6743.15,-0.03288622158767818,20,0.004568854536452843
2026-03-07,2026-03-27,6550.0,6740.02,288.8,291.9,0.2850985492324828,94.9,98.0,0.2784858376502991,6743.9,-0.029173342947202884,20,0.004351059741617002
2026-03-07,2026-03-27,6560.0,6740.02,281.1,284.3,0.2831492584228515,97.1,100.3,0.2764240143966674,6744.0,-0.027662617743556682,20,0.004289345858273256
2026-03-07,2026-03-27,6575.0,6740.02,269.6,272.8,0.2798572076034545,100.6,103.8,0.2732158860778808,6744.0,-0.0253786426357261,20,0.004190271876085522
2026-03-07,2026-03-27,6580.0,6740.02,265.8,269.1,0.278930245437622,101.8,105.0,0.2721496888542175,6744.05,-0.024625889332472513,20,0.004160124575056139
2026-03-07,2026-03-27,6590.0,6740.02,258.3,261.4,0.2764964929199218,104.2,107.4,0.2699352792358398,6744.05,-0.023107286155282514,20,0.004090242213990222
2026-03-07,2026-03-27,6600.0,6740.02,250.8,253.9,0.2742839906311035,106.7,109.9,0.2677723675155639,6744.05,-0.021590985637318517,20,0.004025001306948329
2026-03-07,2026-03-27,6610.0,6740.02,243.3,246.5,0.2721287082290649,109.3,112.5,0.2656628610229492,6744.0,-0.02006956683595938,20,0.003961914684363615
2026-03-07,2026-03-27,6620.0,6740.02,236.0,239.1,0.2698551713943481,111.8,115.1,0.2634389147567749,6744.1,-0.01857267863595896,20,0.0038959257852570063
2026-03-07,2026-03-27,6625.0,6740.02,232.3,235.6,0.2690025950813293,113.1,116.4,0.2622811657142639,6744.2,-0.017832504378048272,20,0.0038666086915768354
2026-03-07,2026-03-27,6630.0,6740.02,228.6,231.9,0.2677952554702759,114.5,117.8,0.2612569297409057,6744.1,-0.01706324438710469,20,0.003834194721598991
2026-03-07,2026-03-27,6650.0,6740.02,214.2,217.5,0.2633092163467407,120.0,123.3,0.2566869681167602,6744.2,-0.014066021582571408,20,0.003704055230912317
2026-03-07,2026-03-27,6660.0,6740.02,207.0,210.5,0.261199709854126,122.7,126.2,0.2544553925323487,6744.3,-0.012578219143638594,20,0.0036424682824274753
2026-03-07,2026-03-27,6670.0,6740.02,200.0,203.3,0.2586477029037475,125.7,129.1,0.2520941185379028,6744.25,-0.011070430073084536,20,0.0035733864132812968
2026-03-07,2026-03-27,6675.0,6740.02,196.5,199.7,0.2573240161895752,127.2,130.6,0.2509439988136291,6744.2,-0.010313671964020952,20,0.003538854453086267
2026-03-07,2026-03-27,6695.0,6740.02,182.6,185.9,0.2526472441101074,133.3,136.7,0.2461585089492798,6744.25,-0.007329310857481118,20,0.003408317524454005
2026-03-07,2026-03-27,6700.0,6740.02,179.2,182.6,0.2516249154663086,134.9,138.3,0.2449950379180908,6744.3,-0.006590177299015915,20,0.0033785120287605896
2026-03-07,2026-03-27,6705.0,6740.02,175.8,179.1,0.250259267501831,136.4,139.9,0.2437934202957153,6744.3,-0.00584418696229452,20,0.0033436720317805446
2026-03-07,2026-03-27,6710.0,6740.02,172.5,175.8,0.2491682749938965,138.1,141.5,0.2425574707412719,6744.35,-0.005106166352702863,20,0.0033122494386138004
2026-03-07,2026-03-27,6725.0,6740.02,162.4,165.8,0.2455271828651428,143.0,146.5,0.2389373592376708,6744.35,-0.0028731918483905095,20,0.0032151492130806686
2026-03-07,2026-03-27,6730.0,6740.02,159.1,162.5,0.2442931406402587,144.7,148.1,0.2375507306480407,6744.4,-0.00213738726505198,20,0.003180459127371168
2026-03-07,2026-03-27,6740.0,6740.02,152.6,155.9,0.2417068017578125,148.2,151.6,0.2351303294372558,6744.35,-0.0006451924120776715,20,0.003114707529949901
2026-03-07,2026-03-27,6745.0,6740.02,149.3,152.7,0.2405128134536743,149.8,153.3,0.2337818474388122,6744.45,8.154520759638291e-05,20,0.0030815811691934075
2026-03-07,2026-03-27,6750.0,6740.02,146.1,149.5,0.2392806785583495,151.7,155.1,0.2325478052139282,6744.4,0.000829973962749928,20,0.0030496180561485823
2026-03-07,2026-03-27,6755.0,6740.02,142.9,146.3,0.2380065824127196,153.5,156.9,0.2312756163978576,6744.4,0.0015704404904737076,20,0.0030167915358971244
2026-03-07,2026-03-27,6760.0,6740.02,139.8,143.1,0.2366943396759033,155.4,158.7,0.2299614663314819,6744.4,0.0023103591331843066,20,0.0029831183737041417
2026-03-07,2026-03-27,6770.0,6740.02,133.5,136.8,0.234096556816101,158.9,162.4,0.2273560541534423,6744.5,0.0037737289965863352,20,0.0029169659201453237
2026-03-07,2026-03-27,6775.0,6740.02,130.4,133.7,0.2328148313522338,160.9,164.3,0.2260686067008972,6744.45,0.004519422313641601,20,0.002884575475609065
2026-03-07,2026-03-27,6780.0,6740.02,127.3,130.7,0.2316437310028076,162.7,166.2,0.2247353833389281,6744.55,0.005242330604191628,20,0.0028531766576348917
2026-03-07,2026-03-27,6785.0,6740.02,124.3,127.6,0.2302742683792114,164.6,168.1,0.2233563840675353,6744.6,0.005972108573163157,20,0.0028189146416337137
2026-03-07,2026-03-27,6790.0,6740.02,121.2,124.6,0.2290154308700561,166.7,170.1,0.2220880099105834,6744.5,0.006723583643007534,20,0.002787593346357971
2026-03-07,2026-03-27,6800.0,6740.02,115.3,118.6,0.2263604281234741,170.7,174.1,0.2194101192092895,6744.55,0.008187840833948553,20,0.0027220737105390627
2026-03-07,2026-03-27,6810.0,6740.02,109.4,112.7,0.2236787227630614,174.8,178.2,0.216694081916809,6744.55,0.009657348813308372,20,0.0026565507822139075
2026-03-07,2026-03-27,6815.0,6740.02,106.4,109.8,0.2223435920715331,176.8,180.3,0.2153398779296875,6744.55,0.010391293800383446,20,0.0026242030124973884
2026-03-07,2026-03-27,6820.0,6740.02,103.6,106.9,0.2209588708114623,179.0,182.4,0.2139360833740234,6744.55,0.01112470050725816,20,0.002590871522958845
2026-03-07,2026-03-27,6825.0,6740.02,100.7,104.1,0.2196847746658325,181.1,184.5,0.2124788835906982,6744.6,0.011850156357354034,20,0.00255843051394065
2026-03-07,2026-03-27,6830.0,6740.02,97.9,101.2,0.218197057609558,183.3,186.7,0.2111246796035766,6744.55,0.012589902234586179,20,0.002524892521146627
2026-03-07,2026-03-27,6835.0,6740.02,95.2,98.4,0.2168199656677246,185.4,188.9,0.2097189777183532,6744.65,0.01330687215164429,20,0.0024922667154097487
2026-03-07,2026-03-27,6840.0,6740.02,92.4,95.7,0.2155458695220947,187.7,191.1,0.20825605594635,6744.65,0.014038133610190568,20,0.0024603845483665908
2026-03-07,2026-03-27,6845.0,6740.02,89.7,92.9,0.2140619671249389,189.9,193.3,0.2067378216171264,6744.7,0.014761447460501172,20,0.002425650167196805
2026-03-07,2026-03-27,6850.0,6740.02,87.0,90.2,0.2126810605239868,192.3,195.6,0.2053225830841064,6744.65,0.015499054249865528,20,0.0023935211790361882
2026-03-07,2026-03-27,6855.0,6740.02,84.3,87.6,0.2114069643783568,194.6,198.0,0.20401034034729,6744.65,0.016228714990009167,20,0.0023639936584317926
2026-03-07,2026-03-27,6860.0,6740.02,81.7,84.9,0.2099116180038451,197.0,200.3,0.2024730327224731,6744.65,0.016957843713525374,20,0.0023296041117077735
2026-03-07,2026-03-27,6865.0,6740.02,79.1,82.3,0.2085230820846557,199.4,202.7,0.2010425355529785,6744.65,0.017686441195665956,20,0.002297862947272559
2026-03-07,2026-03-27,6870.0,6740.02,76.6,79.7,0.2070754189491271,201.7,205.1,0.1995433745193481,6744.75,0.01839968175366038,20,0.002264915660298061
2026-03-07,2026-03-27,6875.0,6740.02,74.0,77.2,0.2057307516098022,204.3,207.5,0.1979831789398193,6744.7,0.019134632272723988,20,0.0022326703797236245
2026-03-07,2026-03-27,6880.0,6740.02,71.5,74.7,0.2043269570541381,206.8,210.0,0.1965221644973754,6744.7,0.01986164066534133,20,0.002201096140392055
2026-03-07,2026-03-27,6885.0,6740.02,69.1,72.2,0.202858313293457,209.3,212.5,0.1949924861907958,6744.75,0.020580707700020663,20,0.002168291214387111
2026-03-07,2026-03-27,6890.0,6740.02,66.7,69.7,0.2013248203277587,211.7,215.1,0.1935658036804199,6744.8,0.021299247399238337,20,0.00213614527300779
2026-03-07,2026-03-27,6895.0,6740.02,64.3,67.3,0.1998905084991455,214.3,217.7,0.1920666426467895,6744.8,0.022024673618936296,20,0.0021045261415676346
2026-03-07,2026-03-27,6900.0,6740.02,61.9,64.9,0.1983913474655151,217.1,220.3,0.1904950030899048,6744.7,0.022764400323302687,20,0.0020716793650453823
2026-03-07,2026-03-27,6905.0,6740.02,59.6,62.6,0.196998996887207,219.6,223.3,0.1895527822875977,6744.65,0.0234961888369869,20,0.002046880520317904
2026-03-07,2026-03-27,6910.0,6740.02,57.3,60.3,0.1955303531265259,222.4,226.0,0.1880116600036621,6744.6,0.024227453065909055,20,0.0020151298059720175
2026-03-07,2026-03-27,6915.0,6740.02,55.1,58.0,0.1939930455017089,213.6,237.5,0.2020686788558959,6746.0,0.02474322847726313,20,0.002148834102755059
2026-03-07,2026-03-27,6920.0,6740.02,52.9,55.8,0.1925549190139771,225.4,233.5,0.1885075656890869,6744.9,0.025629105876648885,20,0.0019891591403845593
2026-03-07,2026-03-27,6925.0,6740.02,50.7,53.6,0.1910443140029907,228.2,236.3,0.1869473701095581,6744.9,0.026351388320472947,20,0.001957228948743025
2026-03-07,2026-03-27,6930.0,6740.02,48.6,51.5,0.189636704788208,231.0,239.2,0.1854901703262328,6744.95,0.027065736468011626,20,0.0019276735949743183
2026-03-07,2026-03-27,6935.0,6740.02,46.5,49.4,0.1881528023910522,224.9,248.8,0.1964077247238159,6746.1,0.027616493638034846,20,0.0020258465618474683
2026-03-07,2026-03-27,6940.0,6740.02,44.5,47.4,0.1867718957901001,236.9,245.2,0.1827054691696166,6744.9,0.02851511076578386,20,0.0018700482632544617
2026-03-07,2026-03-27,6945.0,6740.02,42.5,45.3,0.1851201483917236,230.8,254.7,0.1935886916351318,6746.15,0.029050004415296614,20,0.0019646628152669363
2026-03-07,2026-03-27,6950.0,6740.02,40.5,43.4,0.183765944404602,243.0,251.1,0.1793790864181518,6744.9,0.029954995823771403,20,0.0018064974439898473
2026-03-07,2026-03-27,6955.0,6740.02,38.6,41.5,0.1823240032577514,236.9,260.8,0.1908383224105834,6746.2,0.030481441977077438,20,0.0019075359081945254
2026-03-07,2026-03-27,6960.0,6740.02,36.8,39.6,0.1807943249511718,240.1,263.9,0.1894383425140381,6746.2,0.03120009094799946,20,0.0018777017542247216
2026-03-07,2026-03-27,6970.0,6740.02,33.2,36.0,0.1778608520889282,246.5,270.3,0.1867871544265747,6746.2,0.032635841374103865,20,0.0018214817624072636
2026-03-07,2026-03-27,6975.0,6740.02,31.5,34.3,0.1764608721923828,249.7,273.6,0.1855397608947753,6746.25,0.033345532756713925,20,0.0017951295665137436
2026-03-07,2026-03-27,6980.0,6740.02,29.9,32.6,0.1749617111587524,253.0,276.9,0.184204630203247,6746.3,0.034054710326109475,20,0.0017671295995529354
2026-03-07,2026-03-27,6985.0,6740.02,28.3,31.0,0.1735808045578002,256.4,280.2,0.1827817623519897,6746.35,0.03476337481822748,20,0.0017396476588292394
2026-03-07,2026-03-27,6990.0,6740.02,26.7,29.4,0.1721007168197632,259.8,283.7,0.1816983991622924,6746.3,0.035486349797547424,20,0.0017147097872559456
2026-03-07,2026-03-27,7000.0,6740.02,23.9,26.4,0.1692740544128418,266.8,290.6,0.1790472110748291,6746.45,0.03689370844434978,20,0.001662023342341541
2026-03-07,2026-03-27,7005.0,6740.02,22.5,25.0,0.1679312944030762,270.4,294.2,0.177918071975708,6746.45,0.03760773917800669,20,0.001638517592117897
2026-03-07,2026-03-27,7010.0,6740.02,21.0,23.6,0.1664855385971069,274.0,297.8,0.1767011957168579,6746.4,0.03832867176820394,20,0.001613385405603889
2026-03-07,2026-03-27,7020.0,6740.02,18.4,21.0,0.1637427986907959,281.4,305.2,0.1744543614959717,6746.4,0.03975418875942502,20,0.0015668125912108785
2026-03-07,2026-03-27,7025.0,6740.02,17.3,19.8,0.1624610732269287,285.2,309.0,0.1734396621704101,6746.45,0.04045877460884602,20,0.0015456069046640138
2026-03-07,2026-03-27,7030.0,6740.02,16.1,18.7,0.1613319341278076,289.0,312.8,0.1723295963668823,6746.5,0.04116285393386849,20,0.0015250687250966972
2026-03-07,2026-03-27,7040.0,6740.02,14.0,16.5,0.158737965927124,296.8,320.6,0.1703421589660644,6746.55,0.04257690705843126,20,0.0014834757342426911
2026-03-07,2026-03-27,7050.0,6740.02,12.1,14.5,0.1562355495452881,304.8,328.6,0.168526381225586,6746.6,0.04398894254476863,20,0.0014447987901099455
2026-03-07,2026-03-27,7060.0,6740.02,10.4,12.8,0.1541947069168091,313.0,336.9,0.1672065091705322,6746.65,0.045398966112778126,20,0.0014150512561975595
2026-03-07,2026-03-27,7070.0,6740.02,8.8,11.2,0.1520165365600586,321.4,345.3,0.165848490524292,6746.65,0.046814394516108915,20,0.0013840845951141772
2026-03-07,2026-03-27,7075.0,6740.02,8.1,10.4,0.1507271817779541,325.7,349.5,0.1650397827911377,6746.65,0.047521358136928905,20,0.001365873642646275
2026-03-07,2026-03-27,7080.0,6740.02,7.5,9.7,0.1496819651794433,330.0,353.8,0.1644637692642211,6746.7,0.048220411255216096,20,0.0013518841434130042
2026-03-07,2026-03-27,7090.0,6740.02,6.3,8.6,0.1484231276702881,344.0,359.7,0.1530998997497559,6745.6,0.049794900059239346,20,0.0012454265214321726
2026-03-07,2026-03-27,7100.0,6740.02,5.2,7.5,0.146744677658081,347.7,371.5,0.1631095652770996,6746.75,0.05103387659374109,20,0.0013152007104785467
2026-03-07,2026-03-27,7120.0,6740.02,3.6,5.8,0.1444024769592285,365.9,389.7,0.162544995727539,6746.9,0.053824585290538886,20,0.0012906404245040255
2026-03-07,2026-03-27,7125.0,6740.02,3.2,5.4,0.1436776917266845,370.6,394.4,0.1628730564117431,6746.8,0.054541407752991725,20,0.0012873063175921871
2026-03-07,2026-03-27,7130.0,6740.02,2.95,5.0,0.1428308374023437,375.2,399.0,0.1627357286834717,6746.875,0.055231799705169435,20,0.0012790537850613285
2026-03-07,2026-03-27,7140.0,6740.02,2.4,4.5,0.1426172164916992,384.6,408.4,0.1631629705047607,6746.95,0.05662222543471645,20,0.0012808427775286302
2026-03-07,2026-03-27,7150.0,6740.02,1.9,3.9,0.141434672164917,394.1,418.0,0.1643531441497802,6746.85,0.058036627410921825,20,0.0012809066932398766
2026-03-07,2026-03-27,7160.0,6740.02,1.5,3.4,0.1405267832946777,403.7,427.5,0.1649558602905273,6746.85,0.05943425167755973,20,0.0012783513086548682
2026-03-07,2026-03-27,7175.0,6740.02,1.05,2.85,0.1400385069274902,418.2,442.0,0.1668479312133789,6746.85,0.0615270323506902,20,0.0012901272043121849
2026-03-07,2026-03-27,7200.0,6740.02,0.5,2.15,0.139733334197998,442.6,466.4,0.1708228060150146,6746.825,0.06500900216678608,20,0.0013211659756712923
2026-03-07,2026-03-27,7225.0,6740.02,0.2,1.75,0.1412439392089844,467.1,491.0,0.1755453540039062,6746.925,0.06846038846656964,20,0.0013747322780044216
2026-03-07,2026-03-27,7250.0,6740.02,0.0,1.45,0.1431054928588867,491.8,515.7,0.1805959626770019,6746.975,0.07190721257868601,20,0.0014353785248774362
2026-03-07,2026-03-27,7300.0,6740.02,0.0,1.15,0.1496361892700195,541.5,565.3,0.1914143359375,6747.175,0.07875044939174387,20,0.0015933624759496565
2026-03-07,2026-03-27,7350.0,6740.02,0.0,1.0,0.1576317147827148,591.2,615.0,0.2023395196533202,6747.4,0.08554306772836069,20,0.001775058761937025
2026-03-07,2026-03-27,7400.0,6740.02,0.0,0.9,0.16602396484375,641.0,664.8,0.2135393588256836,6747.55,0.09230052417564828,20,0.0019735385845888655
2026-03-07,2026-03-27,7425.0,6740.02,0.2,0.85,0.1699912103271484,665.9,689.7,0.2190019506835937,6747.725,0.09564727365110913,20,0.0020728175248373856
2026-03-07,2026-03-27,7500.0,6740.02,0.0,0.8,0.1839681213378906,740.7,764.5,0.235710157623291,6747.8,0.1056864947091505,20,0.0018544805297859089
2026-03-07,2026-03-27,7650.0,6740.02,0.0,0.7,0.2102129760742187,890.2,914.1,0.2671887246704102,6748.2,0.1254298451825506,20,0.00242134220876603
2026-03-07,2026-03-27,7700.0,6740.02,0.0,0.65,0.2179033288574218,940.1,963.9,0.2764049411010741,6748.325,0.13192600291719397,20,0.002601745793268258
2026-03-07,2026-03-27,7800.0,6740.02,0.0,0.6,0.23438265625,1039.9,1063.7,0.2962411685180663,6748.5,0.14480347572834643,20,0.0030101495644277074
2026-03-07,2026-03-30,6025.0,6740.02,740.7,764.5,0.4111081838989258,31.6,34.1,0.3667093664169311,6744.75,-0.11284694510387877,23,0.008473814977018799
2026-03-07,2026-03-30,6050.0,6740.02,717.3,741.2,0.4050505052185058,33.2,35.7,0.3617312362670898,6744.8,-0.10871356558357882,23,0.008245310158082999
2026-03-07,2026-03-30,6325.0,6740.02,469.5,493.4,0.3418950088500976,59.8,62.6,0.3103973685073852,6745.25,-0.06432851885148044,23,0.0067028513341435385
2026-03-07,2026-03-30,6350.0,6740.02,448.0,471.9,0.3364514902877807,63.2,66.1,0.3058502948379517,6745.3,-0.060391153156688866,23,0.006499100282904904
2026-03-07,2026-03-30,6500.0,6740.02,329.7,338.3,0.2883944147109984,88.7,91.8,0.2776141880416869,6743.75,-0.036813973122716316,23,0.005046857522582936
2026-03-07,2026-03-30,6525.0,6740.02,313.3,316.7,0.2803111520385741,93.8,97.0,0.2727161657333373,6744.6,-0.03310123150491229,23,0.004818015018250602
2026-03-07,2026-03-30,6550.0,6740.02,293.9,297.1,0.2750125905227661,99.2,102.5,0.2677456649017333,6744.65,-0.029284548377107988,23,0.004640746608303604
2026-03-07,2026-03-30,6600.0,6740.02,255.9,259.4,0.2650372569274902,111.1,114.5,0.2575872276687622,6744.85,-0.021709601684726056,23,0.00430283294088251
2026-03-07,2026-03-30,6625.0,6740.02,237.4,240.8,0.2595021865463257,117.6,121.0,0.2523268127441406,6744.8,-0.017921465754042933,23,0.00412690771495729
2026-03-07,2026-03-30,6650.0,6740.02,219.3,222.8,0.2542112543487549,124.5,127.9,0.246990104637146,6744.85,-0.014162396049343207,23,0.003957304418996041
2026-03-07,2026-03-30,6690.0,6740.02,191.2,194.6,0.2451666975784301,136.2,139.7,0.2380733389472961,6744.95,-0.008180202593663127,23,0.003678754422419082
2026-03-07,2026-03-30,6700.0,6740.02,184.3,187.9,0.2431201329612731,139.3,142.8,0.2357559335327148,6745.05,-0.006701376133766796,23,0.0036126113715050337
2026-03-07,2026-03-30,6720.0,6740.02,170.8,174.4,0.2384986734390258,145.7,149.3,0.2311707132720947,6745.1,-0.0037281608116465836,23,0.003475037434734796
2026-03-07,2026-03-30,6740.0,6740.02,157.6,161.2,0.2337837547683715,152.5,156.0,0.2263318181800842,6745.15,-0.0007638031835572235,23,0.0033350998841114865
2026-03-07,2026-03-30,6750.0,6740.02,151.1,154.6,0.2312183965110779,156.1,159.5,0.2239152316284179,6745.05,0.000733602353751435,23,0.003263268662779917
2026-03-07,2026-03-30,6770.0,6740.02,138.4,141.9,0.2263795014190673,163.2,166.8,0.2190667998886108,6745.15,0.0036773588164107354,23,0.0031258324445341693
2026-03-07,2026-03-30,6775.0,6740.02,135.3,138.8,0.2251855131149291,165.1,168.7,0.217868996925354,6745.15,0.004415638657991762,23,0.003092354708179323
2026-03-07,2026-03-30,6780.0,6740.02,132.2,135.7,0.2239514708900451,167.0,170.5,0.2164804610061645,6745.2,0.005145961138411764,23,0.003055853830532898
2026-03-07,2026-03-30,6790.0,6740.02,126.1,129.6,0.2215119963836669,170.7,174.4,0.2140238205337524,6745.3,0.006604975509315576,23,0.0029882899313782513
2026-03-07,2026-03-30,6800.0,6740.02,120.1,123.6,0.2190553559112548,174.7,178.3,0.2113955204010009,6745.35,0.00806923357949325,23,0.002918919869255989
2026-03-07,2026-03-30,6810.0,6740.02,114.2,117.6,0.2164289631080627,178.9,182.4,0.208881660041809,6745.25,0.00955356669635662,23,0.0028496232203938632
2026-03-07,2026-03-30,6820.0,6740.02,108.3,111.8,0.2139246393966674,182.9,186.5,0.2061885107040404,6745.35,0.011006093252802888,23,0.0027804016126119296
2026-03-07,2026-03-30,6825.0,6740.02,105.5,108.9,0.2126047673416137,185.1,188.7,0.2049945223999023,6745.3,0.011746375009734359,23,0.0027472266001576907
2026-03-07,2026-03-30,6830.0,6740.02,102.6,106.1,0.2113878910827636,187.2,190.8,0.2036021718215942,6745.35,0.012471294980130812,23,0.0027130036322707846
2026-03-07,2026-03-30,6840.0,6740.02,97.0,100.5,0.2088129961776733,191.6,195.2,0.2009700570297241,6745.35,0.01393435303189117,23,0.0026453489493201807
2026-03-07,2026-03-30,6850.0,6740.02,91.6,95.0,0.2061923253631591,196.1,199.6,0.1981319506454467,6745.45,0.015380448753844204,23,0.0025753402492515853
2026-03-07,2026-03-30,6860.0,6740.02,86.2,89.6,0.2035239713096618,200.7,204.2,0.1953815814208984,6745.45,0.01683923821750419,23,0.0025067737808104765
2026-03-07,2026-03-30,6870.0,6740.02,81.0,84.3,0.2007983973693847,205.4,209.0,0.1927151346969604,6745.45,0.018295902713968356,23,0.0024394634918798626
2026-03-07,2026-03-30,6875.0,6740.02,78.4,81.8,0.1995853357696533,208.0,211.4,0.1912960815048218,6745.4,0.019030852463733944,23,0.002406938694877777
2026-03-07,2026-03-30,6880.0,6740.02,75.9,79.2,0.1981605605888366,210.3,214.2,0.1904454125213623,6745.3,0.01977268588396315,23,0.0023789971601022373
2026-03-07,2026-03-30,6890.0,6740.02,71.0,74.2,0.1954540599441528,215.3,219.2,0.1876263794326782,6745.35,0.0212177064229993,23,0.002311824883398874
2026-03-07,2026-03-30,6900.0,6740.02,66.2,69.4,0.19282957447052,220.5,224.0,0.1842237034988403,6745.55,0.02263838338497685,23,0.0022396513779665158
2026-03-07,2026-03-30,6910.0,6740.02,61.5,64.7,0.1901211664962768,225.8,229.3,0.181356987171173,6745.55,0.024086609561341683,23,0.002173909882876768
2026-03-07,2026-03-30,6920.0,6740.02,57.0,60.1,0.1873173920440674,228.4,237.7,0.1834188104248046,6745.5,0.025540153732843414,23,0.002165234679372555
2026-03-07,2026-03-30,6925.0,6740.02,54.8,57.9,0.185982261352539,231.2,239.7,0.1806875144958495,6745.9,0.026203139142984333,23,0.0021179963451892275
2026-03-07,2026-03-30,6930.0,6740.02,52.6,55.7,0.1845784667968749,234.0,242.8,0.1797376643753052,6745.75,0.026947136246979725,23,0.0020908928759877385
2026-03-07,2026-03-30,6940.0,6740.02,48.4,51.5,0.181900576095581,239.8,248.4,0.1765867559432983,6745.85,0.028374273525219464,23,0.0020245224974959827
2026-03-07,2026-03-30,6950.0,6740.02,44.3,47.4,0.1791044309616088,245.8,254.5,0.1740080463790893,6745.7,0.029836394723607097,23,0.0019642696561881887
2026-03-07,2026-03-30,6960.0,6740.02,40.5,43.5,0.1763578763961792,243.1,267.0,0.1828504262161254,6746.95,0.031088923429551607,23,0.0020326739091158217
2026-03-07,2026-03-30,6975.0,6740.02,35.0,38.0,0.1722838204574585,252.6,276.4,0.1788869953918457,6747.0,0.03323436606214102,23,0.0019427271669850113
2026-03-07,2026-03-30,7000.0,6740.02,26.9,29.8,0.1656653868865967,269.3,293.1,0.1726767303466797,6747.15,0.036789955553997625,23,0.0018033794046298714
2026-03-07,2026-03-30,7010.0,6740.02,24.0,26.8,0.1629531642532349,276.3,300.2,0.1704718573760986,6747.15,0.03821750754518297,23,0.0017513435863808187
2026-03-07,2026-03-30,7025.0,6740.02,20.0,22.8,0.1592682035446166,287.2,311.1,0.167076810760498,6747.25,0.040340200755723664,23,0.0016777565563846067
2026-03-07,2026-03-30,7050.0,6740.02,14.3,17.0,0.1531876369094849,306.4,330.2,0.1617973225402831,6747.35,0.043877781616979236,23,0.001562984292897367
2026-03-07,2026-03-30,7150.0,6740.02,2.6,4.8,0.1377268235015869,394.1,417.9,0.153328779296875,6747.7,0.057910650627535316,23,0.0013345255960059235
2026-03-07,2026-03-31,2200.0,6740.02,4523.6,4547.4,1.8832403298950195,0.0,0.7,1.375003125,6735.15,-1.1188827209649683,24,0.12431563356228596
2026-03-07,2026-03-31,2400.0,6740.02,4512.5,4530.2,3.2818163706588743,0.05,0.8,1.292484006347656,6920.925,-1.0590806938628015,24,0.10984207605465122
2026-03-07,2026-03-31,2700.0,6740.02,4239.6,4255.5,3.0747703794860834,0.0,1.05,1.171879140625,6947.025000000001,-0.9450617373696727,24,0.09029922543991156
2026-03-07,2026-03-31,3000.0,6740.02,3726.1,3749.9,1.448611155395508,0.0,1.4,1.0703171484375005,6737.3,-0.8090469625252963,24,0.07532572919930185
2026-03-07,2026-03-31,3200.0,6740.02,3526.8,3550.6,1.356051803741455,0.25,1.6,1.015629921875,6737.775,-0.7445789419230017,24,0.06782492963558259
2026-03-07,2026-03-31,3400.0,6740.02,3282.5,3322.5,1.0000000000000004e-05,0.55,1.9,0.9643558251953124,6701.275,-0.6785223751778031,24,0.06114951173182236
2026-03-07,2026-03-31,3500.0,6740.02,3187.4,3226.0,1.0000000000000004e-05,0.75,2.05,0.9389654541015624,6705.299999999999,-0.6501352899666542,24,0.057971909523034736
2026-03-07,2026-03-31,3600.0,6740.02,3089.7,3129.1,1.0000000000000004e-05,0.95,2.3,0.9155281884765626,6707.775,-0.6223334558969953,24,0.05511398557118967
2026-03-07,2026-03-31,3700.0,6740.02,2991.2,3030.0,1.0000000000000004e-05,1.15,2.5,0.889527471923828,6708.775,-0.5950835513283959,24,0.052027997148966346
2026-03-07,2026-03-31,3750.0,6740.02,2944.0,2982.0,1.0000000000000004e-05,1.25,2.65,0.8775036663818359,6711.05,-0.5819995816205061,24,0.050630971036508335
2026-03-07,2026-03-31,3800.0,6740.02,2895.9,2935.3,1.0000000000000004e-05,1.4,2.75,0.8652357226562499,6713.525000000001,-0.5691230816313761,24,0.049225174077401616
2026-03-07,2026-03-31,3900.0,6740.02,2799.7,2838.7,1.0000000000000004e-05,1.7,3.1,0.8429581134033204,6716.799999999999,-0.5436352975085759,24,0.046722962035231894
2026-03-07,2026-03-31,3950.0,6740.02,2751.3,2790.2,0.6362341064453125,1.8,3.2,0.8288591333007811,6718.25,-0.5311121250410529,24,0.04517309344807377
2026-03-07,2026-03-31,4000.0,6740.02,2730.6,2754.4,0.8092060095214844,1.95,3.3,0.8156756713867187,6739.875,-0.5217470176382807,24,0.04374751567510187
2026-03-07,2026-03-31,4100.0,6740.02,2632.8,2653.3,0.7930928894042968,2.25,3.7,0.7922384057617188,6740.075000000001,-0.4970840787484815,24,0.04126959067817225
2026-03-07,2026-03-31,4150.0,6740.02,2557.5,2597.4,0.8738415936279296,2.4,3.8,0.7785666674804688,6724.35,-0.4826269322988775,24,0.03985749407419021
2026-03-07,2026-03-31,4200.0,6740.02,2805.1,2814.9,1.994091063480377,2.55,4.0,0.7663597583007813,7006.725,-0.5117858768610937,24,0.03861746492993963
2026-03-07,2026-03-31,4225.0,6740.02,2780.3,2707.5,1.858490697784424,2.65,4.1,0.7605004418945314,6965.525,-0.4999537204663594,24,0.038029211317596325
2026-03-07,2026-03-31,4300.0,6740.02,1805.5,1858.8,1.0000000000000004e-05,2.95,4.4,0.7425562854003906,6128.475,-0.3543309197896221,24,0.03625577010329598
2026-03-07,2026-03-31,4350.0,6740.02,2656.5,2583.8,1.7764369698715208,3.2,4.7,0.7321193780517576,6966.200000000001,-0.4708940373124914,24,0.035243755641790185
2026-03-07,2026-03-31,4375.0,6740.02,2631.8,2641.8,1.873818074760437,3.3,4.8,0.7258938543701172,7007.75,-0.47111015967221587,24,0.034646918650672105
2026-03-07,2026-03-31,4400.0,6740.02,2554.6,2564.9,1.7134947797012328,3.4,4.9,0.7196072961425781,6955.6,-0.45794254960156133,24,0.034049402344874434
2026-03-07,2026-03-31,4425.0,6740.02,2528.7,2539.1,1.6945739758682252,3.5,5.0,0.71329022064209,6954.65,-0.45214022214097566,24,0.0334542206376093
2026-03-07,2026-03-31,4450.0,6740.02,2269.5,2308.6,0.8866588482666016,3.6,5.2,0.708010732421875,6734.65,-0.41436174499901157,24,0.03296082392709434
2026-03-07,2026-03-31,4500.0,6740.02,2233.8,2257.6,0.7152433261108398,3.9,5.4,0.696139513244629,6741.049999999999,-0.4041383023646565,24,0.031864781714003435
2026-03-07,2026-03-31,4550.0,6740.02,2150.5,2168.4,1.0000000000000004e-05,4.1,5.7,0.6840546731567384,6704.549999999999,-0.3876591674245713,24,0.030768052331018442
2026-03-07,2026-03-31,4575.0,6740.02,2159.4,2183.2,0.6992827923583984,4.3,5.9,0.6793244958496094,6741.200000000001,-0.3876312518922433,24,0.030344006838004995
2026-03-07,2026-03-31,4600.0,6740.02,2134.6,2158.4,0.6937896832275392,4.4,6.0,0.6726717303466798,6741.3,-0.38219648116881005,24,0.029752586748992633
2026-03-07,2026-03-31,4625.0,6740.02,2332.3,2343.2,1.5755636456298825,4.5,6.2,0.6668734484863283,6957.4,-0.40832947037142814,24,0.029241875920836005
2026-03-07,2026-03-31,4650.0,6740.02,2334.3,2343.9,1.6281222817611691,4.7,6.3,0.6610141320800782,6983.6,-0.4066973235292173,24,0.028730280513506568
2026-03-07,2026-03-31,4675.0,6740.02,2060.3,2084.1,0.6781953567504884,4.8,6.5,0.6550937811279298,6741.549999999999,-0.36606070607085267,24,0.028217941615725235
2026-03-07,2026-03-31,4700.0,6740.02,2035.5,2059.3,0.6723360403442384,5.0,6.7,0.6499058447265625,6741.55,-0.36072736009549017,24,0.027772774159544992
2026-03-07,2026-03-31,4750.0,6740.02,1982.7,2021.8,0.7109709078979493,5.3,7.0,0.6377599700927734,6746.1,-0.35081994208221007,24,0.026744401936618208
2026-03-07,2026-03-31,4775.0,6740.02,2185.4,2194.1,1.4862391410827636,5.5,7.2,0.6323278955078125,6958.4,-0.3765555889285433,24,0.026290755119167498
2026-03-07,2026-03-31,4800.0,6740.02,1936.5,1960.3,0.6506687765502931,5.8,7.4,0.6275366836547852,6741.8,-0.3397110336701184,24,0.025893849161585488
2026-03-07,2026-03-31,4850.0,6740.02,1887.0,1910.8,0.6393010923767088,6.2,7.8,0.6162300340270996,6741.9,-0.32936307935852766,24,0.024969169633120458
2026-03-07,2026-03-31,4900.0,6740.02,1837.5,1861.3,0.6276129768371583,6.6,8.3,0.6052590744018557,6741.95,-0.3191139954708137,24,0.024088014058901326
2026-03-07,2026-03-31,4925.0,6740.02,2036.2,2045.3,1.3962775852775575,6.6,8.5,0.5981027738952638,6958.2,-0.34559654558452335,24,0.023521770617504153
2026-03-07,2026-03-31,4975.0,6740.02,1768.6,1808.5,0.7131681515502931,7.0,8.9,0.5861400028991699,6755.6,-0.3059464199510732,24,0.022590253347855704
2026-03-07,2026-03-31,5000.0,6740.02,1738.6,1762.4,0.6043740734863283,7.4,9.2,0.5817760328674317,6742.2,-0.29894836872567426,24,0.022255124542617008
2026-03-07,2026-03-31,5025.0,6740.02,932.5,971.7,1.0000000000000004e-05,7.6,9.4,0.5756115437316895,5968.6,-0.1720869400959255,24,0.02178599337712956
2026-03-07,2026-03-31,5050.0,6740.02,1696.9,1735.8,0.7004653366851807,7.8,9.6,0.5693860200500489,6757.65,-0.2912869531931036,24,0.021317289194198445
2026-03-07,2026-03-31,5075.0,6740.02,1673.4,1713.6,0.7025176232910157,8.1,9.9,0.5641523077392578,6759.5,-0.2866223978944719,24,0.02092719953934445
2026-03-07,2026-03-31,5100.0,6740.02,1639.8,1663.7,0.5813182737731935,8.2,10.2,0.5578047149658205,6742.55,-0.27919765192098733,24,0.02045892164634084
2026-03-07,2026-03-31,5125.0,6740.02,1294.6,1302.9,1.0000000000000004e-05,8.6,10.4,0.5524031576538085,6414.25,-0.22439155272419195,24,0.02006460812619606
2026-03-07,2026-03-31,5150.0,6740.02,1590.5,1614.3,0.5695233477783204,8.9,10.7,0.5468947898864747,6742.6,-0.2694488925401511,24,0.019666448955943314
2026-03-07,2026-03-31,5170.0,6740.02,1570.8,1594.6,0.5650373086547852,9.0,10.9,0.5415847843933106,6742.75,-0.26559516505910546,24,0.0192864051738969
2026-03-07,2026-03-31,5175.0,6740.02,1565.8,1589.7,0.5636945486450197,9.0,11.0,0.5403793521118166,6742.75,-0.2646285144280104,24,0.0192006472891257
2026-03-07,2026-03-31,5180.0,6740.02,1560.9,1584.7,0.5623670472717286,9.1,11.1,0.539616420288086,6742.700000000001,-0.26365538190849136,24,0.019146468890599115
2026-03-07,2026-03-31,5190.0,6740.02,1551.1,1574.9,0.5604902349853516,9.2,11.2,0.5371750384521485,6742.8,-0.2617415717462186,24,0.018973612401275652
2026-03-07,2026-03-31,5195.0,6740.02,1546.1,1570.0,0.559147474975586,9.2,11.2,0.5354965884399415,6742.85,-0.26078605966241075,24,0.018855228245313934
2026-03-07,2026-03-31,5200.0,6740.02,1541.2,1565.0,0.5578047149658205,9.4,11.3,0.5351608984375,6742.75,-0.2598092279920616,24,0.018831595871765403
2026-03-07,2026-03-31,5220.0,6740.02,1521.5,1545.3,0.5531813481140138,9.6,11.6,0.5306596006774902,6742.8,-0.25597786702946845,24,0.018516138857503122
2026-03-07,2026-03-31,5225.0,6740.02,1742.0,1749.7,1.228324933834076,9.7,11.6,0.5294083924865725,6960.2,-0.28675341171477714,24,0.018428925766699182
2026-03-07,2026-03-31,5250.0,6740.02,1716.2,1724.9,1.2129174486160277,10.0,11.9,0.5235643347167969,6959.6,-0.28189392482689174,24,0.01802430329342085
2026-03-07,2026-03-31,5275.0,6740.02,1467.3,1491.2,0.540364093475342,10.4,12.3,0.5184679501342774,6742.9,-0.2455114200860706,24,0.017675113335875473
2026-03-07,2026-03-31,5300.0,6740.02,1442.8,1466.6,0.5348404670715332,10.7,12.6,0.5124560473632812,6743.049999999999,-0.24080552426401472,24,0.017267585784933533
2026-03-07,2026-03-31,5325.0,6740.02,1660.6,1670.1,1.2115861259269711,11.1,13.0,0.5071460418701172,6978.3,-0.2703926225063458,24,0.01691159064884559
2026-03-07,2026-03-31,5350.0,6740.02,1393.6,1417.4,0.5228319201660157,11.5,13.4,0.5017292259216308,6743.05,-0.23141578391417575,24,0.016552255308093296
2026-03-07,2026-03-31,5375.0,6740.02,1369.1,1392.9,0.5173388110351562,11.9,13.8,0.5029651754760743,6743.15,-0.22676860078270877,24,0.016633904728219937
2026-03-07,2026-03-31,5400.0,6740.02,1344.5,1368.4,0.5114337187194824,12.3,14.1,0.496449737701416,6743.25,-0.22214305098062617,24,0.01620574303981182
2026-03-07,2026-03-31,5425.0,6740.02,1320.0,1343.9,0.5057269886779785,12.7,14.5,0.4905446453857423,6743.35,-0.21753893465883287,24,0.015822512818627305
2026-03-07,2026-03-31,5450.0,6740.02,1295.5,1319.4,0.5610242872619629,13.5,14.5,0.4819540330505371,6743.45,-0.21295605472479265,24,0.015273185094159659
2026-03-07,2026-03-31,5475.0,6740.02,1271.1,1294.9,0.5536848831176758,13.4,15.6,0.4803366175842284,6743.5,-0.20838680227221074,24,0.015170844900312806
2026-03-07,2026-03-31,5495.0,6740.02,1252.9,1270.8,0.5274171404266358,13.8,16.1,0.4764609239196777,6741.9,-0.2045031964523348,24,0.014927014489143641
2026-03-07,2026-03-31,5500.0,6740.02,1246.6,1270.4,0.546299703063965,14.5,15.4,0.4704642797851562,6743.55,-0.2038384002562043,24,0.014553641987096924
2026-03-07,2026-03-31,5525.0,6740.02,1222.2,1246.0,0.5392807302856447,14.4,16.6,0.4689994506835938,6743.6,-0.1993106595556926,24,0.014463155161085766
2026-03-07,2026-03-31,5550.0,6740.02,1197.8,1221.6,0.5322007229614257,15.5,16.5,0.4597374583435059,6743.7,-0.19481080796600425,24,0.013897547217806911
2026-03-07,2026-03-31,5575.0,6740.02,1418.1,1427.8,1.0791672018432616,15.5,17.8,0.4583336637878418,6981.299999999999,-0.2249428285047256,24,0.013812805305941022
2026-03-07,2026-03-31,5600.0,6740.02,1149.1,1172.9,0.5182314412689208,16.7,17.7,0.4490487834930419,6743.8,-0.1858569665281931,24,0.013258836819062847
2026-03-07,2026-03-31,5625.0,6740.02,1169.9,1209.4,0.6430852342224123,16.7,19.0,0.4471338246154785,6796.8,-0.18923096509488946,24,0.013145993892510607
2026-03-07,2026-03-31,5645.0,6740.02,1105.4,1129.2,0.5058948336791992,17.3,19.6,0.4431208032226562,6743.85,-0.17786078085768964,24,0.012911082493064677
2026-03-07,2026-03-31,5650.0,6740.02,1100.5,1124.4,0.5047199186706541,18.0,19.0,0.4383295913696289,6743.95,-0.17699026151609337,24,0.01263339160571611
2026-03-07,2026-03-31,5670.0,6740.02,1081.2,1105.0,0.4992191802215576,18.0,20.3,0.4377116165924073,6743.95,-0.1734566889347823,24,0.01259779458410555
2026-03-07,2026-03-31,5675.0,6740.02,1076.3,1100.2,0.4980213772583008,18.2,20.5,0.4368952795410156,6743.9,-0.17256782922689712,24,0.012550848347521456
2026-03-07,2026-03-31,5700.0,6740.02,1052.1,1076.0,0.4912236547088623,19.4,20.5,0.428014753112793,6744.1,-0.16820187374437134,24,0.012045805734720338
2026-03-07,2026-03-31,5725.0,6740.02,1028.0,1051.8,0.4843267510223389,19.7,22.1,0.4264812601470948,6744.0,-0.16381067125925103,24,0.011959644838793684
2026-03-07,2026-03-31,5750.0,6740.02,1225.9,1233.7,0.942131621170044,21.1,22.2,0.417951682357788,6958.15,-0.1907137796070648,24,0.011486045509197062
2026-03-07,2026-03-31,5760.0,6740.02,1216.3,1223.0,0.9361006451034544,20.9,23.3,0.4191494853210449,6957.55,-0.18888992617368625,24,0.011551975301582256
2026-03-07,2026-03-31,5770.0,6740.02,1234.4,1242.7,0.9845887771606446,21.3,23.7,0.4172345264434813,6986.05,-0.19124322301050548,24,0.011446661921524345
2026-03-07,2026-03-31,5775.0,6740.02,979.9,1003.7,0.4712768021774292,21.5,23.9,0.4162656030273437,6744.1,-0.15512979217701858,24,0.011393559600902011
2026-03-07,2026-03-31,5790.0,6740.02,1215.0,1223.2,0.9738047358322144,22.0,24.4,0.4129010736846923,6985.9,-0.18776154035431344,24,0.011210123615340604
2026-03-07,2026-03-31,5800.0,6740.02,955.9,979.7,0.4647422911071777,22.9,24.0,0.4076139561462402,6744.35,-0.15084719978391958,24,0.010924874777765851
2026-03-07,2026-03-31,5820.0,6740.02,944.2,951.8,0.4298991947174073,23.2,25.7,0.4071867143249512,6743.55,-0.1472862307512831,24,0.010901984897934206
2026-03-07,2026-03-31,5825.0,6740.02,937.5,945.2,0.4222088419342041,23.4,25.9,0.4061414977264403,6741.7,-0.14615311918823054,24,0.010846087638935416
2026-03-07,2026-03-31,5830.0,6740.02,927.2,951.0,0.4570633823013306,23.6,26.1,0.4050886518096923,6744.25,-0.1456732896382159,24,0.010789927615890023
2026-03-07,2026-03-31,5850.0,6740.02,908.1,931.9,0.4519402951049804,24.9,26.1,0.3977416183471679,6744.5,-0.14228569668383217,24,0.010402086244301863
2026-03-07,2026-03-31,5875.0,6740.02,884.3,908.1,0.4456461075592041,25.6,28.0,0.3956435558319092,6744.4,-0.1380064708914658,24,0.010292634954826326
2026-03-07,2026-03-31,5890.0,6740.02,870.0,893.8,0.4417437112808227,26.3,28.7,0.3926070871734619,6744.4,-0.13545653325819307,24,0.010135254239923086
2026-03-07,2026-03-31,5900.0,6740.02,860.5,884.3,0.4392107776260376,27.2,28.5,0.388151565322876,6744.55,-0.13378242043643873,24,0.009906518640828416
2026-03-07,2026-03-31,5920.0,6740.02,908.6,947.8,0.5881961041641237,27.8,30.2,0.3866409603118895,6819.2,-0.14140571402624655,24,0.009829560472826307
2026-03-07,2026-03-31,5925.0,6740.02,1057.4,1064.9,0.8531279946136474,28.0,30.5,0.3857902913284301,6956.9,-0.16055328580521555,24,0.009786354995064655
2026-03-07,2026-03-31,5930.0,6740.02,900.0,939.3,0.5865062101745604,28.3,30.7,0.3845886737060546,6820.15,-0.13985725273876648,24,0.009725486988031702
2026-03-07,2026-03-31,5950.0,6740.02,813.2,837.1,0.427038200378418,29.8,31.1,0.3783707793426513,6744.7,-0.12536579172237255,24,0.009413552657119911
2026-03-07,2026-03-31,5960.0,6740.02,875.1,914.2,0.5825694819641114,29.9,32.4,0.3788666850280761,6823.5,-0.13530205561877304,24,0.00943824427556143
2026-03-07,2026-03-31,5975.0,6740.02,789.7,813.5,0.4207020515823364,30.8,33.3,0.3760362079620362,6744.55,-0.12115067353053816,24,0.009297746610310206
2026-03-07,2026-03-31,5980.0,6740.02,924.7,933.4,0.6804383763122559,31.1,33.6,0.3750710992050171,6876.7,-0.13971831775050533,24,0.009250081937020916
2026-03-07,2026-03-31,5990.0,6740.02,775.6,799.5,0.4172535997390746,31.7,34.2,0.3731141790771484,6744.6,-0.11865077258631145,24,0.009153809794745053
2026-03-07,2026-03-31,6000.0,6740.02,766.3,790.1,0.4147359247207642,32.8,34.1,0.3689447566604614,6744.75,-0.11700495525254251,24,0.008950371515654601
2026-03-07,2026-03-31,6010.0,6740.02,756.9,780.8,0.41245475856781,32.9,35.4,0.3690782697296143,6744.7,-0.11533226273279479,24,0.008956850576653538
2026-03-07,2026-03-31,6020.0,6740.02,882.9,892.6,0.6567226405715944,33.6,36.1,0.3673082678985596,6872.9,-0.13249888302570897,24,0.008871147199998246
2026-03-07,2026-03-31,6025.0,6740.02,742.9,766.8,0.4088422763824463,33.9,36.4,0.3662554219818115,6744.7,-0.11283953190319228,24,0.008820363888070672
2026-03-07,2026-03-31,6030.0,6740.02,738.3,762.1,0.4075376629638672,34.2,36.7,0.3651949467468262,6744.75,-0.11201741374150337,24,0.008769359942756199
2026-03-07,2026-03-31,6040.0,6740.02,817.9,825.1,0.5572248867797852,34.9,37.4,0.3633333930969238,6825.35,-0.12223960986070256,24,0.008680185503955535
2026-03-07,2026-03-31,6050.0,6740.02,940.2,946.3,0.7930356695175169,36.1,37.5,0.3596942082977294,6956.45,-0.1396110147087529,24,0.008507173050932406
2026-03-07,2026-03-31,6060.0,6740.02,717.4,725.2,0.3769669847869873,36.3,38.9,0.3597628721618652,6743.7,-0.10689893564312422,24,0.008510421316349888
2026-03-07,2026-03-31,6070.0,6740.02,781.2,821.3,0.5613561626052856,37.0,39.6,0.35776780544281,6832.95,-0.11839789327034331,24,0.008416293870336284
2026-03-07,2026-03-31,6075.0,6740.02,696.6,720.4,0.3969557985687255,37.4,40.0,0.3568942485046386,6744.8,-0.10458984839971674,24,0.00837524413911391
2026-03-07,2026-03-31,6080.0,6740.02,691.9,715.8,0.3958190301513672,37.8,40.4,0.3560092475891113,6744.75,-0.10375972850252185,24,0.008333758972205927
2026-03-07,2026-03-31,6090.0,6740.02,900.4,906.5,0.7699684258270264,38.6,41.1,0.353926443710327,6953.6,-0.13261142935816783,24,0.00823653222295491
2026-03-07,2026-03-31,6100.0,6740.02,673.5,697.4,0.3911880339813232,39.9,41.3,0.3504551039123534,6744.85,-0.10049047953784043,24,0.00807575538793765
2026-03-07,2026-03-31,6110.0,6740.02,664.4,688.2,0.3888153160095215,40.1,42.7,0.3501651898193358,6744.9,-0.09885989056942544,24,0.00897685788485053
2026-03-07,2026-03-31,6120.0,6740.02,655.2,679.1,0.3866409603118895,41.0,43.6,0.3484791104888916,6744.85,-0.09721715419287123,24,0.00888331263278047
2026-03-07,2026-03-31,6125.0,6740.02,869.3,875.5,0.7560868812942506,41.4,44.0,0.3474872991180419,6954.7,-0.12703893357864127,24,0.007939556584001195
2026-03-07,2026-03-31,6130.0,6740.02,886.8,893.3,0.7910158075141908,41.8,44.4,0.3464802291107176,6976.95,-0.12941710857940217,24,0.00789360323274183
2026-03-07,2026-03-31,6140.0,6740.02,818.2,840.9,0.7002135691833495,42.7,45.3,0.3446873393249511,6925.55,-0.1203927291432321,24,0.0078121224257039325
2026-03-07,2026-03-31,6150.0,6740.02,761.8,768.2,0.6001169139099123,44.1,45.7,0.3415898361206054,6870.1,-0.11072658035065028,24,0.007672347362689448
2026-03-07,2026-03-31,6160.0,6740.02,817.0,841.0,0.7213925566101074,44.5,47.1,0.3409527880477905,6943.2,-0.11968598580246949,24,0.0076437569541410325
2026-03-07,2026-03-31,6165.0,6740.02,812.3,836.3,0.7189549894332886,44.9,47.6,0.3401097483825683,6943.05,-0.11885302262680969,24,0.007606003788154778
2026-03-07,2026-03-31,6175.0,6740.02,821.2,828.6,0.7306736222457885,45.9,48.6,0.3383855224609374,6952.65,-0.11861399935223675,24,0.007529080228679116
2026-03-07,2026-03-31,6180.0,6740.02,841.0,847.4,0.7676834450149538,46.4,49.1,0.3375005215454102,6976.45,-0.12122191993733372,24,0.007489749175458009
2026-03-07,2026-03-31,6185.0,6740.02,596.3,620.1,0.3718591562271118,46.9,49.5,0.3363599384689331,6745.0,-0.08667448381526796,24,0.008245056757678115
2026-03-07,2026-03-31,6190.0,6740.02,683.3,721.0,0.5380829273223878,47.4,50.1,0.3356885584640502,6843.4,-0.10034959745998427,24,0.007409543558378436
2026-03-07,2026-03-31,6195.0,6740.02,587.3,611.2,0.3698144989395142,47.9,50.5,0.3345250874328613,6745.05,-0.0850663874495814,24,0.008154974020786996
2026-03-07,2026-03-31,6200.0,6740.02,582.8,606.7,0.3686701012039185,48.9,50.6,0.3326482751464844,6745.0,-0.08425219760867335,24,0.00808516380833039
2026-03-07,2026-03-31,6220.0,6740.02,565.0,588.8,0.3641802474212646,50.5,53.2,0.3301573027420044,6745.05,-0.081038995779599,24,0.007925007675069533
2026-03-07,2026-03-31,6225.0,6740.02,798.9,805.1,0.7448622468376159,51.0,53.7,0.3291502327346801,6974.65,-0.11370870488616962,24,0.0071237178548576915
2026-03-07,2026-03-31,6230.0,6740.02,556.1,579.9,0.3619753744506836,51.6,54.3,0.3283567836380004,6745.05,-0.07943256973132534,24,0.007833838166981587
2026-03-07,2026-03-31,6240.0,6740.02,761.2,767.6,0.6992217578125001,52.7,55.4,0.3264952299880981,6950.35,-0.10781183563958704,24,0.0070092582052590285
2026-03-07,2026-03-31,6250.0,6740.02,538.4,562.2,0.3576266630554199,54.4,56.2,0.3239203350830077,6745.0,-0.07622002591140913,24,0.007635720175421949
2026-03-07,2026-03-31,6260.0,6740.02,626.7,665.4,0.5247278057479858,55.0,57.8,0.3230391488265989,6849.65,-0.09001737096622739,24,0.011814391385238343
2026-03-07,2026-03-31,6270.0,6740.02,643.9,634.0,0.5241937534713744,56.2,59.0,0.3212195564270019,6851.35,-0.08866935850350594,24,0.011748882157041007
2026-03-07,2026-03-31,6275.0,6740.02,516.4,540.3,0.3523662481307982,56.8,59.6,0.320284964942932,6745.15,-0.07225024308992536,24,0.007437692949855794
2026-03-07,2026-03-31,6280.0,6740.02,748.2,754.4,0.7179879733467103,57.4,60.2,0.3193389294815063,6972.5,-0.10460386003939963,24,0.0067053601237738805
2026-03-07,2026-03-31,6290.0,6740.02,660.7,672.8,0.592262530784607,58.7,61.5,0.3176070742416382,6896.65,-0.09207471574768315,24,0.013608701887407374
2026-03-07,2026-03-31,6295.0,6740.02,617.4,679.3,0.5674786904907226,59.3,62.1,0.3166114482116699,6882.65,-0.08924808470692264,24,0.012848471890698338
2026-03-07,2026-03-31,6300.0,6740.02,494.6,518.5,0.3469761347961425,60.5,62.4,0.3149864034271239,6745.1,-0.06826668194921784,24,0.007203195649495715
2026-03-07,2026-03-31,6310.0,6740.02,720.9,727.0,0.7035971718215943,61.3,64.1,0.3139526308059692,6971.25,-0.09965887216850468,24,0.017020398917710577
2026-03-07,2026-03-31,6320.0,6740.02,580.2,617.9,0.5133448629379271,62.5,65.4,0.3120300426101684,6855.1,-0.0812736926411591,24,0.011198527145893604
2026-03-07,2026-03-31,6325.0,6740.02,473.0,496.8,0.3414448790740967,63.3,66.1,0.3111450416946411,6745.2,-0.06432110620030859,24,0.007000661994886807
2026-03-07,2026-03-31,6330.0,6740.02,678.2,684.2,0.6554638030624391,64.0,66.8,0.3102447821426391,6945.8,-0.0928369242010105,24,0.015330297066391128
2026-03-07,2026-03-31,6340.0,6740.02,568.2,572.2,0.490853632774353,65.4,68.3,0.3085854054260253,6843.35,-0.07639860937093425,24,0.01050579905422596
2026-03-07,2026-03-31,6345.0,6740.02,455.9,479.8,0.337447116317749,66.1,69.0,0.3076355553054809,6745.3,-0.06117886489493823,24,0.006840520327044884
2026-03-07,2026-03-31,6350.0,6740.02,451.6,475.5,0.3363179772186279,67.4,69.4,0.3060868037033081,6745.15,-0.060368915203172606,24,0.0067838449734470225
2026-03-07,2026-03-31,6360.0,6740.02,443.1,466.8,0.3338346341323853,68.2,71.2,0.3048737421035767,6745.25,-0.05881017611303356,24,0.006706000929435274
2026-03-07,2026-03-31,6370.0,6740.02,434.7,458.5,0.3320226710510254,69.8,72.7,0.3030083737945557,6745.35,-0.057253909018495856,24,0.006629004294537048
2026-03-07,2026-03-31,6375.0,6740.02,430.4,454.1,0.3306417644500732,70.6,73.5,0.3021462608337402,6745.2,-0.05644704976940264,24,0.006582257834672679
2026-03-07,2026-03-31,6380.0,6740.02,657.8,663.7,0.6702990123748781,71.4,74.3,0.3012650745773315,6967.9,-0.08814579077020047,24,0.015516768905018309
2026-03-07,2026-03-31,6390.0,6740.02,417.8,441.4,0.3273134743690491,73.0,75.9,0.2994454821777343,6745.15,-0.054089459718329444,24,0.006457426678547059
2026-03-07,2026-03-31,6395.0,6740.02,572.9,580.6,0.554094958972931,73.8,76.7,0.2985108906936645,6896.5,-0.07549760150263155,24,0.011949644957025163
2026-03-07,2026-03-31,6400.0,6740.02,409.9,433.1,0.3253126856613159,75.1,77.3,0.2971948332977294,6745.3,-0.052547975695663,24,0.006370119635515825
2026-03-07,2026-03-31,6405.0,6740.02,405.5,429.2,0.3247214134979247,75.4,78.3,0.2965883024978637,6745.5,-0.051796680548037176,24,0.006345628983957818
2026-03-07,2026-03-31,6410.0,6740.02,401.6,425.0,0.3235922743988035,76.2,79.1,0.2956003057861328,6745.65,-0.05103858176383668,24,0.006302456734620472
2026-03-07,2026-03-31,6420.0,6740.02,562.6,570.6,0.5619226394844057,77.8,80.8,0.2937463814544676,6907.3,-0.07316070565891995,24,0.01203566257634778
2026-03-07,2026-03-31,6425.0,6740.02,512.8,518.5,0.4920247331237793,78.8,81.7,0.2928804538345336,6860.4,-0.06556911829450526,24,0.010127279219409271
2026-03-07,2026-03-31,6430.0,6740.02,390.2,399.2,0.3034203569793701,79.6,82.6,0.2919973602485656,6743.6,-0.04761936870998114,24,0.005827763145023441
2026-03-07,2026-03-31,6435.0,6740.02,585.0,594.0,0.6105919678497317,80.4,83.5,0.2910932860374449,6942.55,-0.07591730114135778,24,0.013364980225932854
2026-03-07,2026-03-31,6440.0,6740.02,605.1,611.0,0.643125288143158,81.4,84.4,0.2901682312011718,6965.15,-0.07839060313629696,24,0.014318413039728077
2026-03-07,2026-03-31,6445.0,6740.02,372.5,395.6,0.3152419855880736,82.3,85.3,0.2892260103988647,6745.25,-0.04553391707391369,24,0.006006272189136416
2026-03-07,2026-03-31,6450.0,6740.02,374.3,382.7,0.2992852664947509,83.7,86.1,0.2880930566406249,6743.6,-0.044513776151827944,24,0.005671451416262891
2026-03-07,2026-03-31,6455.0,6740.02,365.0,387.4,0.3130485565948486,84.1,87.1,0.2872843489074706,6745.6,-0.044035416186190945,24,0.005924376944035997
2026-03-07,2026-03-31,6460.0,6740.02,521.5,529.0,0.5351399178123475,85.0,88.0,0.2862849082183838,6898.75,-0.06571091797706356,24,0.011091595805253979
2026-03-07,2026-03-31,6465.0,6740.02,357.2,379.2,0.3107864637374877,85.9,89.0,0.2854342392349242,6745.75,-0.04250966473101133,24,0.005843492492924663
2026-03-07,2026-03-31,6470.0,6740.02,358.1,366.5,0.2953657042503356,86.9,89.9,0.2843966519546508,6743.9,-0.04146228408155428,24,0.00552533243297026
2026-03-07,2026-03-31,6475.0,6740.02,353.9,362.5,0.2944215761184692,87.9,90.9,0.2835059290504455,6743.8,-0.0406749566836952,24,0.005490414266807112
2026-03-07,2026-03-31,6480.0,6740.02,544.4,549.4,0.5854686228942871,88.7,91.9,0.2825961328506469,6936.6,-0.06809123056301067,24,0.012386900057531703
2026-03-07,2026-03-31,6485.0,6740.02,345.2,358.9,0.2996934350204467,89.8,92.8,0.281497511024475,6745.75,-0.039420859186425,24,0.00555259587558232
2026-03-07,2026-03-31,6490.0,6740.02,340.5,353.3,0.2960504355621338,90.7,93.8,0.2805457535743713,6744.65,-0.038487067308269826,24,0.005465147923179291
2026-03-07,2026-03-31,6495.0,6740.02,333.5,354.9,0.3040764783477783,91.8,94.8,0.2795749228286743,6745.9,-0.03790226280785511,24,0.005599708900195668
2026-03-07,2026-03-31,6500.0,6740.02,334.0,342.4,0.2892412690353393,93.3,95.8,0.2785812041282653,6743.65,-0.036799144467823265,24,0.00530009360596656
2026-03-07,2026-03-31,6505.0,6740.02,325.2,346.9,0.3018563467407227,93.7,96.8,0.2775684121322632,6745.8,-0.03634897703716335,24,0.005518899471698924
2026-03-07,2026-03-31,6510.0,6740.02,325.9,334.5,0.2872614609527587,94.7,97.9,0.276696762523651,6743.9,-0.03529893637388558,24,0.005228200731397282
2026-03-07,2026-03-31,6515.0,6740.02,489.9,513.8,0.5478408253479006,95.9,98.9,0.2756420092773437,6919.45,-0.06022907612529937,24,0.011147243489135794
2026-03-07,2026-03-31,6520.0,6740.02,321.4,324.7,0.2821612617111205,96.8,100.0,0.2747264910888671,6744.65,-0.03387522208570691,24,0.005097928261128001
2026-03-07,2026-03-31,6525.0,6740.02,317.5,320.8,0.2811923382949828,98.0,101.1,0.2737880849456786,6744.6,-0.03310123150491229,24,0.005063067455020005
2026-03-07,2026-03-31,6530.0,6740.02,313.6,316.9,0.2802005269241332,99.0,102.2,0.2728306055068969,6744.65,-0.03234265473592878,24,0.005027563289390921
2026-03-07,2026-03-31,6535.0,6740.02,522.1,527.5,0.5983659853744507,100.1,103.3,0.2718502381134032,6958.1,-0.06273410149625115,24,0.012448377133503491
2026-03-07,2026-03-31,6540.0,6740.02,305.8,309.0,0.2779956539535522,101.1,104.4,0.2708469827651977,6744.65,-0.030812432555161116,24,0.004951697093924213
2026-03-07,2026-03-31,6545.0,6740.02,301.9,305.1,0.2769389933776855,102.3,105.5,0.2698208394622802,6744.6,-0.030040785351806074,24,0.004914185996830474
2026-03-07,2026-03-31,6550.0,6740.02,298.1,301.3,0.2760196605300903,104.0,106.6,0.2687718082046509,6744.4,-0.029247481274527865,24,0.004878867031334081
2026-03-07,2026-03-31,6555.0,6740.02,294.2,297.4,0.2749210387039185,104.5,107.8,0.267860104675293,6744.65,-0.028521480808605306,24,0.004842926623693875
2026-03-07,2026-03-31,6560.0,6740.02,290.4,293.7,0.2741085163116455,105.7,108.9,0.2667672048377991,6744.75,-0.02777382152459982,24,0.004808984313352302
2026-03-07,2026-03-31,6565.0,6740.02,286.6,289.8,0.2729679332351684,106.8,110.1,0.2658078180694581,6744.75,-0.027011916725837956,24,0.004771714688118324
2026-03-07,2026-03-31,6570.0,6740.02,282.7,286.1,0.2721096349334716,108.0,111.3,0.2648236360168457,6744.75,-0.02625059198407829,24,0.0047391343143025795
2026-03-07,2026-03-31,6575.0,6740.02,279.0,282.3,0.2710739549827576,109.2,112.5,0.2638165660095214,6744.8,-0.025497259562500638,24,0.004703143059409177
2026-03-07,2026-03-31,6580.0,6740.02,275.2,278.5,0.2700153870773315,110.4,113.7,0.2627847007179261,6744.8,-0.024737092289103025,24,0.004666453702267961
2026-03-07,2026-03-31,6585.0,6740.02,271.4,274.6,0.2687832521820068,111.6,114.9,0.2617299474716186,6744.75,-0.023970089285353095,24,0.004626480904220177
2026-03-07,2026-03-31,6590.0,6740.02,267.6,271.0,0.2679821737670897,112.8,116.2,0.2608029853057861,6744.8,-0.023218489111913064,24,0.004596390319820162
2026-03-07,2026-03-31,6595.0,6740.02,263.9,267.1,0.2667042629623413,114.1,117.4,0.2597005488204956,6744.75,-0.022452638311319592,24,0.0045551017950924465
2026-03-07,2026-03-31,6600.0,6740.02,260.5,263.6,0.2660042730140686,115.9,118.7,0.2587239960861206,6744.75,-0.021694775448217622,24,0.0045261329818007765
2026-03-07,2026-03-31,6605.0,6740.02,256.4,259.7,0.2646786789703369,116.6,119.9,0.2575719690322876,6744.8,-0.020944899652040192,24,0.004483491605575253
2026-03-07,2026-03-31,6610.0,6740.02,252.7,256.0,0.2636296477127076,117.9,121.2,0.2565458257293701,6744.8,-0.020188183762734003,24,0.004447931887737365
2026-03-07,2026-03-31,6615.0,6740.02,454.1,459.4,0.5614057531738281,119.2,122.5,0.2554967944717408,6950.9,-0.04953135002872407,24,0.010969804476983357
2026-03-07,2026-03-31,6620.0,6740.02,245.4,248.7,0.2616040637207031,120.5,123.9,0.2545679249763489,6744.85,-0.018683880768189144,24,0.004379729127377581
2026-03-07,2026-03-31,6625.0,6740.02,241.7,245.0,0.2604825539398193,121.8,125.2,0.253463581161499,6744.85,-0.017928878844820043,24,0.004342037749899986
2026-03-07,2026-03-31,6630.0,6740.02,238.0,241.5,0.2596280702972412,123.2,126.5,0.2523363493919372,6744.9,-0.017181859555158205,24,0.004308617540180994
2026-03-07,2026-03-31,6635.0,6740.02,234.4,237.8,0.2584531552886964,124.5,127.9,0.2513292793846129,6744.9,-0.01642799596875856,24,0.004271969271804606
2026-03-07,2026-03-31,6640.0,6740.02,230.8,234.2,0.2574003093719482,125.9,129.3,0.2502955067634582,6744.9,-0.015674700264586842,24,0.0042370691789818575
2026-03-07,2026-03-31,6645.0,6740.02,227.2,230.6,0.2563188535118103,127.2,130.7,0.2492350315284728,6744.95,-0.01492938456859155,24,0.004201392833084774
2026-03-07,2026-03-31,6650.0,6740.02,224.1,227.1,0.2553594667434693,129.2,132.1,0.2481459463500976,6744.95,-0.01417722206603743,24,0.004167414263252439
2026-03-07,2026-03-31,6655.0,6740.02,223.3,225.0,0.2564123126602173,130.0,133.5,0.2470320658874512,6747.4,-0.01378879364930962,24,0.004166403982869833
2026-03-07,2026-03-31,6660.0,6740.02,216.5,219.8,0.252919992237091,131.5,134.9,0.2458876681518554,6744.95,-0.012674592181502435,24,0.00409001230787991
2026-03-07,2026-03-31,6665.0,6740.02,216.0,217.5,0.2536199821853638,133.0,136.4,0.2448634321784973,6747.05,-0.012235418688209525,24,0.004084696675000321
2026-03-07,2026-03-31,6670.0,6740.02,209.4,212.9,0.2509535354614257,134.4,137.9,0.2438086789321899,6745.0,-0.011181629732186803,24,0.004023939432191901
2026-03-07,2026-03-31,6675.0,6740.02,205.9,209.4,0.2498549136352539,135.9,139.3,0.2425803586959838,6745.05,-0.010439698244373909,24,0.003986178040042853
2026-03-07,2026-03-31,6680.0,6740.02,202.4,205.9,0.2487295891952514,137.4,140.8,0.241470292892456,6745.05,-0.00969091498213274,24,0.003950069990117296
2026-03-07,2026-03-31,6685.0,6740.02,198.9,202.4,0.2475737474822998,138.9,142.3,0.240329709815979,6745.05,-0.008942691976780671,24,0.003913147128388164
2026-03-07,2026-03-31,6690.0,6740.02,195.5,199.0,0.2465361602020263,140.4,143.9,0.2393016591835021,6745.1,-0.008202441206567771,24,0.0038800830697855115
2026-03-07,2026-03-31,6695.0,6740.02,192.0,195.5,0.2453230986022949,142.0,145.4,0.2381000415611266,6745.05,-0.0074479233875512675,24,0.0038416098484185704
2026-03-07,2026-03-31,6700.0,6740.02,189.2,192.1,0.244224476776123,144.0,147.0,0.2370109563827514,6745.15,-0.006716201710852513,24,0.0038069185007278267
2026-03-07,2026-03-31,6705.0,6740.02,185.2,188.7,0.2430934303474426,145.1,148.6,0.2358932612609863,6745.1,-0.005962798613062904,24,0.0037714232998025446
2026-03-07,2026-03-31,6710.0,6740.02,181.8,185.2,0.2417907242584228,146.7,150.2,0.2347431415367126,6745.05,-0.005209951547096671,24,0.003732896305473799
2026-03-07,2026-03-31,6715.0,6740.02,178.4,182.0,0.2408866500473022,148.3,151.8,0.2335605972099304,6745.15,-0.0044798981325720475,24,0.003700277102958338
2026-03-07,2026-03-31,6720.0,6740.02,175.1,178.5,0.239522909412384,150.0,153.5,0.2324905853271484,6745.05,-0.0037207479956289573,24,0.003662412151499614
2026-03-07,2026-03-31,6725.0,6740.02,171.7,175.2,0.2384109362792968,151.7,155.1,0.2312431917953491,6745.05,-0.002976977042784292,24,0.0036258904112474936
2026-03-07,2026-03-31,6730.0,6740.02,168.4,172.0,0.2374114955902099,153.4,156.8,0.2301064233779907,6745.1,-0.002241171690068366,24,0.0035929808968168265
2026-03-07,2026-03-31,6735.0,6740.02,165.1,168.6,0.2360954381942748,155.1,158.5,0.2289353230285644,6745.05,-0.0014910926683598248,24,0.003554853844660163
2026-03-07,2026-03-31,6740.0,6740.02,161.8,165.3,0.2348861912536621,156.8,160.2,0.2277298907470702,6745.05,-0.0007489776064714288,24,0.003518032427271917
2026-03-07,2026-03-31,6745.0,6740.02,158.6,162.2,0.2339306191444397,158.5,161.9,0.2264920338630676,6745.2,-2.9651154173290496e-05,24,0.0034847510038762426
2026-03-07,2026-03-31,6750.0,6740.02,156.1,158.8,0.2325134732818603,160.2,163.7,0.2253609874343872,6745.5,0.0006668889877037743,24,0.0034462852894716896
2026-03-07,2026-03-31,6755.0,6740.02,152.1,155.6,0.231348094921112,161.9,165.5,0.2241937017440795,6745.15,0.0014592433043893452,24,0.0034112601946676814
2026-03-07,2026-03-31,6760.0,6740.02,148.9,152.5,0.230289527015686,163.6,167.2,0.2228509417343139,6745.3,0.0021769239935836,24,0.0033753909767501858
2026-03-07,2026-03-31,6765.0,6740.02,145.8,149.2,0.2289086204147338,165.4,169.1,0.221752319908142,6745.25,0.00292370815768692,24,0.0033385525994416216
2026-03-07,2026-03-31,6770.0,6740.02,142.6,146.2,0.2279206237030029,167.4,170.9,0.2204782237625122,6745.25,0.0036625334591193623,24,0.003305120982055927
2026-03-07,2026-03-31,6775.0,6740.02,139.5,143.1,0.2267552453422546,169.1,172.8,0.2193052160835266,6745.35,0.00438598816319671,24,0.0032707386616007807
2026-03-07,2026-03-31,6780.0,6740.02,136.4,139.8,0.2252675282859801,171.0,174.6,0.2179529194259643,6745.3,0.005131135891015112,24,0.0032292224427941324
2026-03-07,2026-03-31,6785.0,6740.02,133.3,136.8,0.2241689064598083,172.9,176.5,0.216705525894165,6745.35,0.0058609146842645374,24,0.0031951276455359696
2026-03-07,2026-03-31,6790.0,6740.02,130.3,133.7,0.2228890883255004,174.8,178.5,0.2155573134994506,6745.35,0.006597562968037034,24,0.003160031462025967
2026-03-07,2026-03-31,6795.0,6740.02,127.2,130.7,0.2217141733169555,176.9,180.4,0.2142298121261596,6745.3,0.007341081541817804,24,0.003124062878531949
2026-03-07,2026-03-31,6800.0,6740.02,125.1,127.6,0.2203580620002746,178.9,182.4,0.2130033992195129,6745.7,0.0080173473289675,24,0.0030871587299268386
2026-03-07,2026-03-31,6805.0,6740.02,121.2,124.6,0.2191049464797974,180.8,184.4,0.211735025062561,6745.3,0.008811670042140292,24,0.003051338319100606
2026-03-07,2026-03-31,6810.0,6740.02,118.3,121.7,0.2179529194259643,182.9,186.4,0.2104246896553039,6745.35,0.009538741558853193,24,0.003016559604857816
2026-03-07,2026-03-31,6815.0,6740.02,115.3,118.8,0.2167589311218261,184.8,188.4,0.2090704856681823,6745.45,0.010257861628206145,24,0.002980778501978937
2026-03-07,2026-03-31,6820.0,6740.02,112.4,115.8,0.2153818391799927,186.9,190.5,0.207817370147705,6745.4,0.010998680766469678,24,0.0029440696565850165
2026-03-07,2026-03-31,6825.0,6740.02,109.5,113.0,0.2142488854217529,189.1,192.6,0.2065184787178039,6745.4,0.011731549982122417,24,0.0029103316393142534
2026-03-07,2026-03-31,6830.0,6740.02,106.7,110.1,0.2129290133666992,191.2,194.7,0.205173811378479,6745.45,0.012456470062408872,24,0.0028735885818065294
2026-03-07,2026-03-31,6835.0,6740.02,103.8,107.2,0.2115652727317809,193.4,196.9,0.2039302325057983,6745.35,0.01320309157334498,24,0.0028378605184542116
2026-03-07,2026-03-31,6840.0,6740.02,101.1,104.4,0.2103007132339477,195.5,199.1,0.2026370630645751,6745.45,0.013919528114169324,24,0.0028030291577156525
2026-03-07,2026-03-31,6845.0,6740.02,98.3,101.6,0.2089922851562499,197.7,201.3,0.2012981177139282,6745.45,0.014650255220122576,24,0.0027672035291075015
2026-03-07,2026-03-31,6850.0,6740.02,96.4,98.7,0.2074854948043822,200.0,203.5,0.1999057671356201,6745.8,0.015328563272502076,24,0.002728235183097001
2026-03-07,2026-03-31,6855.0,6740.02,92.8,96.2,0.2065242007064818,202.2,205.8,0.1986164123535156,6745.5,0.016102697117542957,24,0.002698173967407625
2026-03-07,2026-03-31,6860.0,6740.02,90.1,93.5,0.2052195872879028,204.6,208.1,0.1972717450141906,6745.45,0.01683923821750419,24,0.0026630017410133834
2026-03-07,2026-03-31,6865.0,6740.02,87.5,90.8,0.2038653833007812,207.0,210.4,0.1958755797767639,6745.45,0.017567835699644624,24,0.002626731576364327
2026-03-07,2026-03-31,6870.0,6740.02,84.9,88.2,0.2026103604507446,209.2,213.1,0.1950306327819824,6745.4,0.018303315145357105,24,0.0025992059095744048
2026-03-07,2026-03-31,6875.0,6740.02,82.3,85.6,0.2013019323730468,211.6,215.5,0.1936802434539795,6745.4,0.019030852463733944,24,0.002564563055688525
2026-03-07,2026-03-31,6880.0,6740.02,79.7,83.0,0.1999439137268066,214.2,217.5,0.1916603814506531,6745.5,0.01974303604851756,24,0.002520886421941396
2026-03-07,2026-03-31,6885.0,6740.02,77.2,80.5,0.1986850762176513,216.5,220.0,0.1903462313842773,6745.6,0.020454691695821273,24,0.0024878689034706805
2026-03-07,2026-03-31,6890.0,6740.02,74.7,78.0,0.1973690188217163,219.0,222.5,0.1889729541015625,6745.6,0.0211806445407703,24,0.002453591014393175
2026-03-07,2026-03-31,6895.0,6740.02,72.3,75.5,0.1959995561981201,221.5,225.0,0.1875405496025085,6745.65,0.021898658548849807,24,0.0024181317165625866
2026-03-07,2026-03-31,6900.0,6740.02,70.7,72.7,0.1941036706161499,224.2,227.9,0.1866765293121337,6745.65,0.0226235589067984,24,0.0023834557916288814
2026-03-07,2026-03-31,6905.0,6740.02,67.4,70.6,0.1932453723144531,226.7,230.1,0.1846452233314514,6745.6,0.02335534637645873,24,0.0023474186675772574
2026-03-07,2026-03-31,6910.0,6740.02,65.1,68.2,0.1918549290657043,229.3,233.1,0.1838231642913818,6745.45,0.024101434259288904,24,0.0023200114492342274
2026-03-07,2026-03-31,6915.0,6740.02,62.8,65.9,0.1905636669540405,231.8,235.4,0.1818090242767333,6745.75,0.024780288161889368,24,0.002279365827525192
2026-03-07,2026-03-31,6920.0,6740.02,60.5,63.6,0.1892132776260376,234.8,238.2,0.1805349281311035,6745.55,0.02553274141134135,24,0.002247349079352742
2026-03-07,2026-03-31,6925.0,6740.02,58.3,61.3,0.1877980390930175,234.8,243.1,0.1826635079193115,6745.85,0.026210551079908634,24,0.0022560288955852286
2026-03-07,2026-03-31,6930.0,6740.02,56.0,59.1,0.1864800743675231,237.6,245.9,0.1812921379661559,6745.8,0.02693972420018006,24,0.0022233928794215116
2026-03-07,2026-03-31,6935.0,6740.02,53.9,56.9,0.1850972604370117,231.6,255.4,0.1910099820709228,6746.9,0.0274979136334494,24,0.0023253149238398173
2026-03-07,2026-03-31,6940.0,6740.02,51.7,54.8,0.1838155349731445,243.3,251.5,0.1783376844787598,6745.85,0.028374273525219464,24,0.002155971852482945
2026-03-07,2026-03-31,6945.0,6740.02,49.6,52.6,0.1822934859848022,237.3,261.1,0.1883397206878662,6746.9,0.02893883607296157,24,0.002258120118714492
2026-03-07,2026-03-31,6950.0,6740.02,48.4,50.2,0.1803518244934082,249.1,257.6,0.1759516152000427,6745.95,0.029799334764294652,24,0.002086884511847418
2026-03-07,2026-03-31,6955.0,6740.02,45.6,48.5,0.1795469314193725,243.1,267.0,0.1857419378280639,6747.0,0.030362863730117966,24,0.0021934678026751344
2026-03-07,2026-03-31,6960.0,6740.02,43.6,46.6,0.1783300551605225,255.1,263.7,0.173275631828308,6745.7,0.0312742094932346,24,0.0020322174102392456
2026-03-07,2026-03-31,6965.0,6740.02,41.6,44.6,0.1768575967407226,250.0,273.0,0.183041159172058,6746.6,0.03185893295236035,24,0.002129212841220283
2026-03-07,2026-03-31,6970.0,6740.02,39.8,42.7,0.1754881341171264,253.2,276.1,0.1817594337081909,6746.6,0.03257655049302374,24,0.0020979587624729533
2026-03-07,2026-03-31,6975.0,6740.02,37.9,40.9,0.1742254819488525,256.3,279.3,0.1805883333587646,6746.6,0.03329365342802067,24,0.0020694714005448957
2026-03-07,2026-03-31,6980.0,6740.02,36.2,39.1,0.1728827219390869,258.6,282.5,0.1793447544860839,6747.1,0.033936133836723975,24,0.002039411427104289
2026-03-07,2026-03-31,6985.0,6740.02,34.4,37.3,0.1714560394287109,262.4,285.7,0.1780248824310303,6746.8,0.03469667430720267,24,0.002007730105379746
2026-03-07,2026-03-31,6990.0,6740.02,32.8,35.6,0.1701399820327759,265.1,289.0,0.1768156354904174,6747.15,0.03536036274440328,24,0.0019788197347545265
2026-03-07,2026-03-31,6995.0,6740.02,31.1,34.0,0.1689345497512818,268.5,292.3,0.1755300953674316,6747.15,0.036075414616128856,24,0.0019505078093714167
2026-03-07,2026-03-31,7000.0,6740.02,30.4,31.9,0.1666304956436157,271.9,295.7,0.1743589950180054,6747.35,0.036760313848115095,24,0.0019113506752055634
2026-03-07,2026-03-31,7005.0,6740.02,28.0,30.8,0.1662642883682251,275.3,299.1,0.173111601486206,6747.2,0.03749657577881196,24,0.0018933040210600595
2026-03-07,2026-03-31,7010.0,6740.02,26.5,29.3,0.1650016361999511,278.8,302.6,0.171982462387085,6747.2,0.03821009703634036,24,0.001866711496446859
2026-03-07,2026-03-31,7015.0,6740.02,25.0,27.8,0.1636474322128296,282.3,306.1,0.1707732154464721,6747.2,0.0389231095442659,24,0.0018384192259868514
2026-03-07,2026-03-31,7020.0,6740.02,23.6,26.4,0.1624152973175049,285.9,309.7,0.1696898522567749,6747.2,0.03963561402756139,24,0.0018130492664178866
2026-03-07,2026-03-31,7025.0,6740.02,22.3,25.0,0.1610877959442138,289.5,313.3,0.168526381225586,6747.25,0.040340200755723664,24,0.0017859535198573833
2026-03-07,2026-03-31,7030.0,6740.02,21.0,23.7,0.159889992980957,293.1,317.0,0.1674926086044311,6747.3,0.0410442809594748,24,0.0017618526217120596
2026-03-07,2026-03-31,7035.0,6740.02,19.7,22.4,0.1585968235397338,296.9,320.7,0.1663787281417847,6747.25,0.04176267610226663,24,0.0017360401510801197
2026-03-07,2026-03-31,7040.0,6740.02,18.5,21.2,0.1574371671676635,300.6,324.5,0.1654059900665283,6747.3,0.04246574530685239,24,0.0017133321233908127
2026-03-07,2026-03-31,7045.0,6740.02,17.4,20.0,0.1561783296585083,304.5,328.3,0.1643493294906616,6747.3,0.04317572048754484,24,0.0016888435114462428
2026-03-07,2026-03-31,7050.0,6740.02,17.2,18.4,0.1537789090728759,308.3,332.1,0.1632049317550659,6747.6,0.04384073072015801,24,0.0016517055673320646
2026-03-07,2026-03-31,7055.0,6740.02,15.2,17.8,0.153855202255249,312.2,336.1,0.1624610732269287,6747.35,0.04458675009757913,24,0.0016447559364643882
2026-03-07,2026-03-31,7060.0,6740.02,14.2,16.8,0.1528061709976196,316.2,340.0,0.1613853393554687,6747.4,0.04528780600876608,24,0.0016227337837472018
2026-03-07,2026-03-31,7065.0,6740.02,13.3,15.8,0.1516503292846679,320.2,344.0,0.1604736358261108,6747.45,0.04598836040583146,24,0.001601447171448897
2026-03-07,2026-03-31,7070.0,6740.02,12.4,14.9,0.150673776550293,324.3,348.1,0.1597412212753295,6747.45,0.04669582417782226,24,0.0015839584253438007
2026-03-07,2026-03-31,7075.0,6740.02,11.5,14.0,0.149598042678833,328.4,352.2,0.1589286988830566,6747.45,0.04740278779864216,24,0.0015647465795966635
2026-03-07,2026-03-31,7080.0,6740.02,10.7,13.2,0.1487130417633056,332.5,356.3,0.1580322539901733,6747.55,0.048094431671152696,24,0.0015467289282228363
2026-03-07,2026-03-31,7085.0,6740.02,9.9,12.4,0.147732674369812,336.7,360.5,0.1573341713714599,6747.55,0.04880039710816793,24,0.0015298484444470515
2026-03-07,2026-03-31,7090.0,6740.02,9.2,11.6,0.1466378672027587,341.0,364.8,0.1568497096633911,6747.5,0.0495132746340134,24,0.0015140500160891043
2026-03-07,2026-03-31,7095.0,6740.02,8.5,10.9,0.145768124923706,345.2,369.1,0.1562965840911865,6747.55,0.050210834577530304,24,0.0014998863851876983
2026-03-07,2026-03-31,7100.0,6740.02,8.4,10.1,0.144440623550415,349.6,373.4,0.1556633506774902,6747.75,0.05088566806406887,24,0.0014804777317378062
2026-03-07,2026-03-31,7105.0,6740.02,7.2,9.7,0.144440623550415,190.3,190.9,1.0000000000000004e-05,6922.85,0.02597122699531639,24,0.00034300245442362267
2026-03-07,2026-03-31,7110.0,6740.02,6.9,9.1,0.143639545135498,358.3,382.1,0.1544884356689453,6747.8,0.05228571798203525,24,0.0014610459113183754
2026-03-07,2026-03-31,7115.0,6740.02,6.1,8.5,0.1427240269470214,362.8,386.6,0.1542977027130127,6747.6,0.05301834543779645,24,0.0014502231434011792
2026-03-07,2026-03-31,7120.0,6740.02,5.9,8.0,0.1421060521697998,367.2,391.1,0.1540383058929443,6747.8,0.053691199590770046,24,0.001441668177737996
2026-03-07,2026-03-31,7125.0,6740.02,5.5,7.5,0.1413965255737305,371.7,395.6,0.1537255038452148,6747.85,0.05438579052659186,24,0.0014317317081921663
2026-03-07,2026-03-31,7130.0,6740.02,4.7,7.1,0.1410303182983398,376.3,400.1,0.1533440379333496,6747.7,0.05510952834782359,24,0.0014244864921669296
2026-03-07,2026-03-31,7135.0,6740.02,4.3,6.7,0.1405801885223388,380.9,404.7,0.1532753740692139,6747.7,0.05581054485041876,24,0.0014194699999890074
2026-03-07,2026-03-31,7140.0,6740.02,3.9,6.3,0.1400461362457275,385.5,409.3,0.153153304977417,6747.7,0.05651107027311204,24,0.0014131382849353012
2026-03-07,2026-03-31,7145.0,6740.02,3.6,5.9,0.1394281614685059,390.1,413.9,0.152977830657959,6747.75,0.05720369539863,24,0.001405500233941845
2026-03-07,2026-03-31,7150.0,6740.02,3.3,5.5,0.1387033762359619,394.7,418.5,0.1527489511108398,6747.8,0.05789583087280187,24,0.0013963472731375439
2026-03-07,2026-03-31,7155.0,6740.02,3.0,5.2,0.138405832824707,399.4,423.2,0.152878649520874,6747.8,0.05859488717529998,24,0.0013947394463890372
2026-03-07,2026-03-31,7160.0,6740.02,2.7,4.9,0.1380396255493164,404.1,427.9,0.1529625720214844,6747.8,0.05929345513943995,24,0.0013920374628663352
2026-03-07,2026-03-31,7165.0,6740.02,2.45,4.6,0.1375971250915527,408.8,432.7,0.1534508483886719,6747.775,0.05999524036511442,24,0.0013924754443881454
2026-03-07,2026-03-31,7170.0,6740.02,2.2,4.3,0.1370478141784668,413.6,437.4,0.1534584777069092,6747.75,0.06069653862832829,24,0.00138729707876698
2026-03-07,2026-03-31,7175.0,6740.02,2.0,4.1,0.1370478141784668,418.4,442.2,0.1538780902099609,6747.75,0.06139364566248403,24,0.0013913076467543764
2026-03-07,2026-03-31,7180.0,6740.02,1.8,3.8,0.1363382875823975,423.2,447.0,0.1542824440765381,6747.7,0.06209767698175187,24,0.0013883902959447951
2026-03-07,2026-03-31,7190.0,6740.02,1.45,3.4,0.1359949682617187,269.9,275.7,1.0000000000000004e-05,6919.625,0.038329594323193945,24,0.0003040660502773334
2026-03-07,2026-03-31,7200.0,6740.02,1.15,3.1,0.1361475546264648,442.4,466.3,0.1560905924987793,6747.775,0.06486820510698879,24,0.0014038871446881503
2026-03-07,2026-03-31,7205.0,6740.02,1.0,2.85,0.1353541055297852,447.9,466.6,0.1241847836303711,6749.675,0.06528087387435438,24,0.0011072948216956913
2026-03-07,2026-03-31,7210.0,6740.02,0.9,2.75,0.1356897955322266,452.2,476.0,0.1571129211425781,6747.725,0.06626354025920338,24,0.0014093166721996595
2026-03-07,2026-03-31,7215.0,6740.02,0.8,2.6,0.1355524678039551,286.2,291.9,1.0000000000000004e-05,6927.65,0.04064154187234472,24,0.00030209067414408276
2026-03-07,2026-03-31,7220.0,6740.02,0.7,2.45,0.1353693641662598,461.9,485.7,0.1580436979675293,6747.775,0.06764213198971404,24,0.0014151982196831797
2026-03-07,2026-03-31,7225.0,6740.02,0.6,2.35,0.1355677264404297,466.8,490.6,0.1587455952453613,6747.775,0.06833441308347514,24,0.0014238958573434062
2026-03-07,2026-03-31,7230.0,6740.02,0.55,2.25,0.135750830078125,300.6,305.4,1.0000000000000004e-05,6928.4,0.04261012985668542,24,0.0003029753915096142
2026-03-07,2026-03-31,7240.0,6740.02,0.4,2.05,0.1359644509887695,481.5,505.3,0.1607902525329589,6747.825,0.0704009756601435,24,0.0014476167791057904
2026-03-07,2026-03-31,7250.0,6740.02,0.3,1.9,0.1365442791748047,491.3,515.2,0.1626670648193359,6747.85,0.07177753323846107,24,0.0014716837541059716
2026-03-07,2026-03-31,7255.0,6740.02,0.25,1.85,0.137078331451416,496.3,520.1,0.1632926689147949,6747.85,0.07246695070802874,24,0.0014831134990849028
2026-03-07,2026-03-31,7260.0,6740.02,0.2,1.75,0.137002038269043,501.2,525.0,0.1639106436920166,6747.875,0.07315218833166758,24,0.0014884675424383196
2026-03-07,2026-03-31,7265.0,6740.02,0.15,1.7,0.1374903146362305,507.2,527.8,0.1492699819946289,6748.425,0.07375915269759863,24,0.001351750154364139
2026-03-07,2026-03-31,7270.0,6740.02,0.1,1.65,0.1379480737304687,304.2,310.8,1.0000000000000004e-05,6963.375,0.043092020938695706,24,0.0003128618647795305
2026-03-07,2026-03-31,7280.0,6740.02,0.05,1.55,0.1387872987365723,519.9,540.1,0.1066983862304687,6750.8,0.07546984582840237,24,0.0009906282990203392
2026-03-07,2026-03-31,7290.0,6740.02,0.0,1.5,0.1402216105651855,530.9,554.7,0.1692587957763672,6747.95,0.07726479096714152,24,0.0015744348807013575
2026-03-07,2026-03-31,7300.0,6740.02,0.0,1.4,0.140908249206543,540.8,564.6,0.170983021697998,6748.0,0.07862818347062352,24,0.0015990602443799963
2026-03-07,2026-03-31,7305.0,6740.02,0.0,1.4,0.1419458364868164,355.3,361.7,1.0000000000000004e-05,6947.2,0.05022034450082713,24,0.00033125686870145353
2026-03-07,2026-03-31,7340.0,6740.02,0.0,1.2,0.1460046337890624,579.3,598.4,1.0000000000000004e-05,6751.75,0.08353711208460063,24,0.000350470245707737
2026-03-07,2026-03-31,7360.0,6740.02,0.0,1.15,0.149147912902832,599.2,618.9,1.0000000000000004e-05,6751.525,0.08629152744783922,24,0.00036572191202513126
2026-03-07,2026-03-31,7375.0,6740.02,0.0,1.1,0.1512230874633789,615.3,639.1,0.1848531222534179,6748.35,0.08879787166730231,24,0.001856666609385343
2026-03-07,2026-03-31,7400.0,6740.02,0.0,1.05,0.1551903329467773,542.1,563.0,1.0000000000000004e-05,6847.975,0.07752701207828139,24,0.0003959530413171046
2026-03-07,2026-03-31,7425.0,6740.02,0.0,1.0,0.1590049920654297,556.7,575.7,1.0000000000000004e-05,6859.3,0.0792472889738143,24,0.00041565645536825215
2026-03-07,2026-03-31,7450.0,6740.02,0.0,0.95,0.1627280993652343,690.0,713.8,0.1992420164489746,6748.575,0.09888266090522813,24,0.0021537922971378376
2026-03-07,2026-03-31,7475.0,6740.02,0.0,0.9,0.1663291375732422,715.5,734.8,1.0000000000000004e-05,6750.3,0.10197717093549225,24,0.0018190936113441222
2026-03-07,2026-03-31,7500.0,6740.02,0.0,0.9,0.1710287976074219,739.8,763.6,0.2083819396972655,6748.75,0.105545717991905,24,0.0019233435360684152
2026-03-07,2026-03-31,7550.0,6740.02,0.05,0.85,0.1790243231201171,789.6,813.4,0.217155655670166,6748.95,0.1121606260320707,24,0.0021073780779364004
2026-03-07,2026-03-31,7570.0,6740.02,0.0,0.85,0.1826558786010741,710.2,719.7,1.0000000000000004e-05,6855.475,0.09914546434845749,24,0.0005484957239194905
2026-03-07,2026-03-31,7600.0,6740.02,0.05,0.75,0.1853108813476562,622.9,630.3,1.0000000000000004e-05,6973.8,0.08598797739670523,24,0.0005645560941940613
2026-03-07,2026-03-31,7650.0,6740.02,0.05,0.65,0.1910481286621093,655.9,661.7,1.0000000000000004e-05,6991.55,0.09000337082409117,24,0.0006000527429238429
2026-03-07,2026-03-31,7700.0,6740.02,0.0,0.55,0.1960529614257812,939.2,963.0,0.2436904244995117,6749.175,0.13180005366716635,24,0.0025273488449634313
2026-03-07,2026-03-31,7750.0,6740.02,0.0,0.55,0.2044757287597655,749.8,757.1,1.0000000000000004e-05,6996.825,0.10223636863314868,24,0.0027491719661481987
2026-03-07,2026-03-31,7760.0,6740.02,0.0,0.7,0.2116778051757812,999.8,1020.4,0.2028888305664062,6750.25,0.139402792959506,24,0.002946246128484557
2026-03-07,2026-03-31,7800.0,6740.02,0.0,0.5,0.2107012524414062,1038.9,1062.7,0.2595899237060547,6749.45,0.1446627136123853,24,0.002919124456791924
2026-03-07,2026-03-31,7830.0,6740.02,0.0,0.65,0.2216874707031249,1068.8,1092.6,0.2640149282836914,6749.625,0.14847556221709587,24,0.0032314740602793763
2026-03-07,2026-03-31,7840.0,6740.02,0.0,0.65,0.2233964379882812,1078.8,1102.6,0.2659069992065429,6749.625,0.14975188657670063,24,0.0032814883401108145
2026-03-07,2026-03-31,7850.0,6740.02,0.05,0.2,0.2002033105468749,989.3,998.8,1.0000000000000004e-05,6856.075,0.13537841123545188,24,0.0026354870501213213
2026-03-07,2026-03-31,7875.0,6740.02,0.0,0.55,0.2251054052734374,1113.7,1137.5,0.2711254528808594,6749.675,0.15419882913456573,24,0.0033318866947935444
2026-03-07,2026-03-31,7900.0,6740.02,0.0,0.6,0.2313309289550781,917.7,927.1,1.0000000000000004e-05,6977.9,0.12411474756487742,24,0.0035187286810664797
2026-03-07,2026-03-31,8000.0,6740.02,0.0,0.6,0.2474440490722656,1238.3,1262.1,0.2877878839111327,6750.1,0.1698842220903208,24,0.004025987337289498
2026-03-07,2026-03-31,8200.0,6740.02,0.0,0.5,0.2736889038085937,1211.4,1235.4,1.0000000000000004e-05,6976.85,0.16153662875591485,24,0.004925300782550113
2026-03-07,2026-03-31,8400.0,6740.02,0.0,0.5,0.3035347967529296,1396.0,1407.5,1.0000000000000004e-05,6998.5,0.18253586547070438,24,0.006058084789469081
2026-03-07,2026-03-31,8500.0,6740.02,0.0,0.45,0.3148261877441405,1495.4,1506.9,1.0000000000000004e-05,6999.075,0.1942881660297369,24,0.006517185434926606
2026-03-07,2026-04-01,6675.0,6740.02,209.5,213.3,0.2505262936401367,138.6,142.4,0.2422637419891357,6745.9,-0.010565708644104695,25,0.00415825375369006
2026-03-07,2026-04-01,6725.0,6740.02,175.4,179.1,0.2392272733306884,154.4,158.1,0.2309437410545349,6746.0,-0.0031178111515557257,25,0.0037852873761648953
2026-03-07,2026-04-01,6750.0,6740.02,159.0,162.6,0.2332916637420654,162.8,166.6,0.2250272047615051,6746.1,0.0005779447556783941,25,0.003596852486753307
2026-03-07,2026-04-01,6770.0,6740.02,146.2,149.9,0.2286549455833435,170.0,173.8,0.2202417148971557,6746.15,0.003529115133173268,25,0.003450483078605215
2026-03-07,2026-04-01,6775.0,6740.02,143.1,146.8,0.2275143625068664,171.8,175.7,0.21909731716156,6746.2,0.004259983367435841,25,0.0034154450756207723
2026-03-07,2026-04-01,6800.0,6740.02,127.8,131.4,0.221412815246582,181.4,185.3,0.2129442720031738,6746.25,0.00793581723134549,25,0.003230583548700205
2026-03-07,2026-04-01,6810.0,6740.02,121.8,125.4,0.2189332868194579,185.6,189.2,0.2102892692565918,6746.2,0.009412736763092283,25,0.003154657579528384
2026-03-07,2026-04-01,6825.0,6740.02,113.0,116.7,0.2153398779296875,191.7,195.5,0.2066348258209228,6746.25,0.01160554612030789,25,0.0030490179898187554
2026-03-07,2026-04-01,6850.0,6740.02,99.0,102.5,0.2089426945877074,202.6,206.3,0.2000850561141967,6746.3,0.015254445825962255,25,0.0028647893980181336
2026-03-07,2026-04-01,6860.0,6740.02,93.6,97.1,0.2064765174674987,207.1,210.8,0.1973919067764282,6746.4,0.01669841245949913,25,0.002792974385295762
2026-03-07,2026-04-01,6875.0,6740.02,85.7,89.1,0.2025683992004394,214.1,218.2,0.1939358256149292,6746.25,0.018904848601919426,25,0.0026920479502814446
2026-03-07,2026-04-01,6880.0,6740.02,83.1,86.6,0.2014144648170471,216.6,220.2,0.1919846274757385,6746.45,0.019602211334288695,25,0.002650048729739514
2026-03-07,2026-04-01,6900.0,6740.02,73.1,76.5,0.1961406985855102,226.5,230.2,0.1866002361297607,6746.45,0.022504970992250076,25,0.002508401080594508
2026-03-07,2026-04-01,6925.0,6740.02,61.5,64.7,0.1895680409240723,239.7,243.7,0.1800847983551025,6746.4,0.026129022795107384,25,0.002339781191560881
2026-03-07,2026-04-01,6930.0,6740.02,59.2,62.5,0.1883282767105102,240.1,248.4,0.1818376342201232,6746.6,0.026821138922403242,25,0.002346280849573726
2026-03-07,2026-04-01,6950.0,6740.02,50.7,53.8,0.1829114607620239,251.0,260.0,0.1766287171936035,6746.75,0.029680752123172116,25,0.00221351266377336
2026-03-07,2026-04-01,7000.0,6740.02,32.2,35.2,0.1698767705535888,273.8,297.6,0.1746145771789551,6748.0,0.036663984371591525,25,0.0020320939839483638
2026-03-07,2026-04-01,7300.0,6740.02,0.0,1.55,0.1402063519287109,540.0,563.8,0.1621330125427246,6748.875,0.07849852382700585,25,0.0015652241662498546
2026-03-07,2026-04-01,7325.0,6740.02,0.0,1.4,0.1432275619506836,564.8,588.6,0.1662681030273438,6749.0,0.08189880914186165,25,0.0016401980589073862
2026-03-07,2026-04-02,5900.0,6740.02,866.7,890.5,0.4399088602447509,30.0,32.6,0.3872360471343994,6747.3,-0.13419007395142493,26,0.010681494962211355
2026-03-07,2026-04-02,5950.0,6740.02,819.6,843.5,0.4278697960662841,32.8,35.4,0.3775468129730224,6747.45,-0.12577343617312076,26,0.010153647933255466
2026-03-07,2026-04-02,6520.0,6740.02,329.8,333.3,0.2846808440589904,102.0,105.5,0.2728420494842528,6747.8,-0.03434214989455274,26,0.005535360409209311
2026-03-07,2026-04-02,6670.0,6740.02,217.9,221.6,0.2535894649124146,139.6,143.2,0.2419929011917114,6748.35,-0.011678170631048866,26,0.004373732137964016
2026-03-07,2026-04-02,6675.0,6740.02,214.3,218.1,0.2525080090522766,141.0,144.7,0.2409343332862853,6748.35,-0.010928826272267957,26,0.004336040394196389
2026-03-07,2026-04-02,6700.0,6740.02,197.0,200.8,0.246990104637146,148.6,152.3,0.2353725602912902,6748.45,-0.00720532248896823,26,0.004143504968108515
2026-03-07,2026-04-02,6720.0,6740.02,183.4,187.2,0.2424125136947631,154.8,158.7,0.2308483745765686,6748.55,-0.0042395124585583996,26,0.0039886113544874095
2026-03-07,2026-04-02,6750.0,6740.02,163.6,167.5,0.2356300497817993,165.0,168.8,0.2238313091278075,6748.65,0.00020002000266702272,26,0.0037593994853476888
2026-03-07,2026-04-02,6770.0,6740.02,150.8,154.7,0.2309494630432129,172.2,176.0,0.2191373710823058,6748.65,0.003158602042412305,26,0.003607556242863998
2026-03-07,2026-04-02,6775.0,6740.02,147.7,151.4,0.2295590197944641,173.9,177.8,0.2178785335731506,6748.7,0.0038894730222535727,26,0.0035652119645572075
2026-03-07,2026-04-02,6780.0,6740.02,144.6,148.4,0.2285462277984619,176.0,179.7,0.2167207845306396,6748.65,0.004634617070532827,26,0.003530705834918212
2026-03-07,2026-04-02,6790.0,6740.02,138.4,142.1,0.226009479484558,179.8,183.5,0.2142946613311767,6748.6,0.0061158656054644735,26,0.003452439141716808
2026-03-07,2026-04-02,6800.0,6740.02,132.3,136.0,0.2236062442398071,183.5,187.3,0.2117197664260864,6748.75,0.007565309631701304,26,0.0033748130990543302
2026-03-07,2026-04-02,6810.0,6740.02,126.3,130.0,0.2211953796768188,187.4,191.3,0.2092669406127929,6748.8,0.009027408859102526,26,0.003299823999258235
2026-03-07,2026-04-02,6820.0,6740.02,120.4,124.1,0.2187730711364746,191.5,195.7,0.2072070246887206,6748.65,0.01051698697359936,26,0.003231462392479661
2026-03-07,2026-04-02,6825.0,6740.02,117.5,121.2,0.2175752681732178,193.7,197.4,0.2054217642211914,6748.8,0.011227629768705031,26,0.0031863621402578074
2026-03-07,2026-04-02,6830.0,6740.02,114.6,118.3,0.2163355039596557,195.7,199.5,0.2041495754051208,6748.85,0.01195255358331062,26,0.0031486303090263444
2026-03-07,2026-04-02,6840.0,6740.02,108.9,112.6,0.2138788634872436,200.1,203.8,0.2016147344207763,6748.8,0.01342302033214055,26,0.003074320669497489
2026-03-07,2026-04-02,6850.0,6740.02,103.3,107.0,0.2113955204010009,204.4,208.2,0.1990436541748046,6748.85,0.014876532274745967,26,0.0029999782306083436
2026-03-07,2026-04-02,6860.0,6740.02,97.9,101.5,0.2088854747009276,208.9,212.6,0.1962837483024597,6748.95,0.0163205045089312,26,0.002923434644519441
2026-03-07,2026-04-02,6870.0,6740.02,92.5,96.2,0.2064822394561767,213.5,217.3,0.1937603512954712,6748.95,0.01777716900539529,26,0.0028527722039324447
2026-03-07,2026-04-02,6875.0,6740.02,89.9,93.5,0.2051413867759704,215.9,219.6,0.1923508347511291,6748.95,0.018504706323772296,26,0.0028136998085878545
2026-03-07,2026-04-02,6880.0,6740.02,87.3,90.9,0.2038978079032898,218.4,222.0,0.1910366846847534,6748.9,0.019239123303683308,26,0.002777605883102845
2026-03-07,2026-04-02,6890.0,6740.02,82.2,85.8,0.2014125574874877,223.1,226.8,0.1882443542098998,6749.05,0.020669330786776963,26,0.002703866595665881
2026-03-07,2026-04-02,6900.0,6740.02,77.3,80.8,0.1988796238327025,228.2,231.8,0.1855283169174194,6749.05,0.022119657364423437,26,0.0026315110189763556
2026-03-07,2026-04-02,6910.0,6740.02,72.5,75.9,0.1962875629615783,233.3,237.0,0.1828847581481933,6749.05,0.02356788354078825,26,0.0025603170386918257
2026-03-07,2026-04-02,6920.0,6740.02,67.8,71.2,0.1937870539093017,238.5,242.5,0.1804662642669678,6749.0,0.025021423868308728,26,0.002494317945420992
2026-03-07,2026-04-02,6925.0,6740.02,65.5,68.8,0.1923756300354004,241.2,245.2,0.1790891723251342,6748.95,0.025751114844539597,26,0.0024572867015147442
2026-03-07,2026-04-02,6930.0,6740.02,63.2,66.5,0.1910633872985839,243.9,247.9,0.1776453238487243,6748.95,0.026472875972949252,26,0.0024209581887490667
2026-03-07,2026-04-02,6940.0,6740.02,58.8,62.1,0.1885762295532226,246.3,256.4,0.1795774486923217,6749.1,0.027892611857286944,26,0.002413674932156724
2026-03-07,2026-04-02,6950.0,6740.02,54.5,57.8,0.1860089639663696,252.0,262.1,0.1768099135017395,6749.1,0.02933249691527461,26,0.0023442301260463614
2026-03-07,2026-04-02,6960.0,6740.02,50.3,53.6,0.1833539612197876,258.4,267.6,0.1734186815452575,6748.95,0.03079253711746559,26,0.0022667497837427506
2026-03-07,2026-04-02,6975.0,6740.02,44.5,47.6,0.1793752717590331,267.2,276.4,0.1686637089538574,6749.25,0.032900940107398746,26,0.0021571297496488784
2026-03-07,2026-04-02,6980.0,6740.02,42.6,45.8,0.1782537619781494,261.7,285.5,0.1778570374298095,6750.6,0.03341752695133697,26,0.002258347560157098
2026-03-07,2026-04-02,7000.0,6740.02,35.5,38.6,0.1730810842132568,274.5,298.3,0.1726576570510865,6750.65,0.036271352510769364,26,0.0021287104160872365
2026-03-07,2026-04-02,7020.0,6740.02,29.2,32.2,0.1681830619049072,288.0,311.9,0.1677291174697876,6750.75,0.03910960821455242,26,0.0020094258894237573
2026-03-07,2026-04-02,7040.0,6740.02,23.6,26.6,0.1636092856216431,302.3,326.2,0.1628997590255737,6750.85,0.04193974728759049,26,0.0018985014124297212
2026-03-07,2026-04-02,7050.0,6740.02,21.1,24.0,0.1612441969680786,309.7,333.6,0.1605003384399414,6750.9,0.0433517874945044,26,0.0018434987655397183
2026-03-07,2026-04-02,7070.0,6740.02,16.5,19.4,0.1568306363677979,325.1,348.9,0.1557549024963379,6750.95,0.04617724418635121,26,0.0017400360936859832
2026-03-07,2026-04-02,7200.0,6740.02,2.05,4.4,0.1395960064697265,439.9,463.7,0.1356745368957519,6751.425,0.06432743230727493,26,0.0013493977213444308
2026-03-07,2026-04-02,7250.0,6740.02,0.7,2.65,0.1385126432800293,488.3,512.1,0.1341639318847656,6751.475,0.07124046933532024,26,0.0013240858772148312
2026-03-07,2026-04-02,7350.0,6740.02,0.0,1.5,0.1468591174316406,586.9,610.7,0.1345911737060547,6751.95,0.0848689611717782,26,0.0014106650177526227
2026-03-07,2026-04-06,6600.0,6740.02,272.9,276.8,0.2566411922073364,124.6,128.3,0.2453116546249389,6748.4,-0.02223579071730282,30,0.005177191652938881
2026-03-07,2026-04-06,6625.0,6740.02,254.5,258.3,0.2515562516021729,131.1,134.9,0.2405223501014709,6748.4,-0.018455067877396723,30,0.004975507197012602
2026-03-07,2026-04-06,6750.0,6740.02,168.1,172.1,0.2257691559600829,169.2,173.2,0.2145120969009399,6748.9,0.00016297624286940686,30,0.003983169485360382
2026-03-07,2026-04-06,6800.0,6740.02,136.8,140.6,0.2145845754241943,187.7,191.7,0.2032512231826782,6749.0,0.007528266420791589,30,0.003587399067070744
2026-03-07,2026-04-06,6825.0,6740.02,121.9,125.8,0.2090132657814025,197.9,201.8,0.197437682685852,6749.0,0.011197995309753975,30,0.0033945693186972076
2026-03-07,2026-04-06,6850.0,6740.02,107.8,111.6,0.2033370530128478,208.6,212.5,0.1914505751991272,6749.15,0.014832081244956493,30,0.0032025466723815737
2026-03-07,2026-04-06,6875.0,6740.02,94.3,98.0,0.1974929952430725,220.2,223.8,0.1852117002105712,6749.15,0.018475072523457543,30,0.0030095113134712232
2026-03-07,2026-04-06,6900.0,6740.02,81.5,85.2,0.1916813620758057,232.1,236.1,0.1791730948257446,6749.25,0.022090024003183228,30,0.0028260211274741876
2026-03-07,2026-04-06,6925.0,6740.02,69.6,73.1,0.18569616191864,245.0,249.2,0.1729914397239685,6749.25,0.025706664473371617,30,0.0026436327857286284
2026-03-07,2026-04-06,6950.0,6740.02,58.4,61.8,0.179596521987915,255.8,266.0,0.170983021697998,6749.2,0.02931768023465541,30,0.002525466091459377
2026-03-07,2026-04-06,6975.0,6740.02,48.1,51.5,0.1736075071716308,270.6,280.9,0.1647880152893066,6749.05,0.03293057346863892,30,0.0023529766360604956
2026-03-07,2026-04-06,7050.0,6740.02,23.9,26.9,0.1564796877288818,312.4,336.2,0.1552132209014892,6751.1,0.043322162253797064,30,0.001996283615557414
2026-03-07,2026-04-07,6825.0,6740.02,125.2,129.1,0.2099268766403197,200.4,204.4,0.1976513035964965,6749.75,0.011086873909510077,31,0.003527204906273831
2026-03-07,2026-04-07,6850.0,6740.02,111.0,114.7,0.2041419460868835,211.1,215.0,0.1916851767349243,6749.8,0.014735777458291206,31,0.0033267482506870584
2026-03-07,2026-04-07,6925.0,6740.02,72.4,76.0,0.1868329303359985,247.2,251.1,0.1729819030761719,6750.05,0.025588139808991092,31,0.002748950784004291
2026-03-07,2026-04-07,7050.0,6740.02,26.0,29.1,0.1583488706970214,313.8,337.6,0.1555679841995239,6751.85,0.04321107541710267,31,0.0020923681818029445
2026-03-07,2026-04-10,5000.0,6740.02,1747.6,1771.4,0.5721936091613771,11.5,13.7,0.5276994252014162,6746.9,-0.2996452276992452,34,0.0259393622853939
2026-03-07,2026-04-10,6000.0,6740.02,785.3,809.2,0.3911994779586791,45.4,48.2,0.3463314574050903,6750.45,-0.11784970010092664,34,0.011173003466310553
2026-03-07,2026-04-10,6050.0,6740.02,739.6,763.4,0.3807396826553345,49.4,52.3,0.3379392073440551,6750.65,-0.10958052450179384,34,0.010638079088359344
2026-03-07,2026-04-10,6100.0,6740.02,694.2,718.1,0.370550728149414,53.9,56.8,0.329524069328308,6750.8,-0.10137224520092665,34,0.010114870731691443
2026-03-07,2026-04-10,6200.0,6740.02,605.1,629.0,0.350558099708557,64.4,67.5,0.3131591817092896,6751.1,-0.0851561625193344,34,0.010258699594651848
2026-03-07,2026-04-10,6300.0,6740.02,518.4,542.3,0.3310346743392944,77.3,80.5,0.2966264490890502,6751.45,-0.06920766323236757,34,0.009174375698187177
2026-03-07,2026-04-10,6475.0,6740.02,379.9,388.5,0.2847094540023803,107.1,110.5,0.2670170650100708,6750.4,-0.04165315480233563,34,0.007088817233270057
2026-03-07,2026-04-10,6500.0,6740.02,363.3,366.8,0.2774806749725341,112.2,115.7,0.2626645389556885,6751.1,-0.03790327766878882,34,0.006794337652332344
2026-03-07,2026-04-10,6575.0,6740.02,305.7,309.4,0.2638585272598266,129.3,132.9,0.2492712707901,6751.45,-0.02648271856602636,34,0.006131694827390267
2026-03-07,2026-04-10,6600.0,6740.02,287.0,290.9,0.2592923802947998,135.6,139.2,0.2446612552452087,6751.55,-0.0227024591208403,34,0.005914352787887479
2026-03-07,2026-04-10,6625.0,6740.02,268.7,272.4,0.2542780108833313,142.1,145.8,0.2399596878814696,6751.6,-0.018929141960349852,34,0.005688500478034991
2026-03-07,2026-04-10,6650.0,6740.02,250.7,254.4,0.2494200424957275,149.1,152.8,0.23526002784729,6751.6,-0.015162659164872912,34,0.005470617945193303
2026-03-07,2026-04-10,6675.0,6740.02,233.0,236.9,0.244680328540802,156.2,160.1,0.2304077814483642,6751.8,-0.011439931715556115,34,0.005256230285345654
2026-03-07,2026-04-10,6700.0,6740.02,215.8,219.6,0.2396659591293334,163.9,167.7,0.2253724314117431,6751.9,-0.007716420360519784,34,0.00503620819110903
2026-03-07,2026-04-10,6710.0,6740.02,209.0,212.9,0.2377738882064818,166.9,170.9,0.2233926233291626,6752.05,-0.006247211495917256,34,0.004952695031716774
2026-03-07,2026-04-10,6720.0,6740.02,202.2,206.1,0.2356701037025451,170.1,174.1,0.2213174487686157,6752.05,-0.004758007944449535,34,0.0048633419081245115
2026-03-07,2026-04-10,6725.0,6740.02,198.8,202.7,0.2345848331832885,171.9,175.8,0.2203637839889525,6751.9,-0.00399202126953745,34,0.004820041304846415
2026-03-07,2026-04-10,6750.0,6740.02,182.4,186.3,0.2295285025215148,180.2,184.2,0.215097647075653,6752.15,-0.0003184678022641992,34,0.004603795916979797
2026-03-07,2026-04-10,6760.0,6740.02,175.9,179.8,0.2274094593811035,183.7,187.7,0.2129786039352417,6752.15,0.0011619173681699845,34,0.004516449297665564
2026-03-07,2026-04-10,6775.0,6740.02,166.4,170.2,0.2242184970283508,189.2,193.1,0.2097742902755737,6752.15,0.003378394079061955,34,0.00438622680868644
2026-03-07,2026-04-10,6790.0,6740.02,157.0,160.9,0.2211534184265136,194.6,198.6,0.2064364635467528,6752.35,0.0055603491275221925,34,0.0042577572901650726
2026-03-07,2026-04-10,6800.0,6740.02,150.8,154.7,0.2189714334106445,198.4,202.5,0.2043460303497314,6752.3,0.007039424595824296,34,0.004173096543995607
2026-03-07,2026-04-10,6810.0,6740.02,144.8,148.6,0.2168008923721313,202.3,206.4,0.2021335280609131,6752.35,0.008501527718338425,34,0.0040871271597269915
2026-03-07,2026-04-10,6820.0,6740.02,138.8,142.6,0.2146341659927368,206.3,210.3,0.1997951420211792,6752.4,0.009961474610274315,34,0.003999695990130391
2026-03-07,2026-04-10,6825.0,6740.02,135.8,139.7,0.2136270959854126,208.5,212.3,0.1986354856491088,6752.35,0.010701748627940906,34,0.003957982761193599
2026-03-07,2026-04-10,6830.0,6740.02,132.9,136.8,0.2125914160346984,210.4,214.4,0.1975673810958862,6752.45,0.011419271590418723,34,0.0039176904940840225
2026-03-07,2026-04-10,6840.0,6740.02,127.1,130.9,0.2103045278930664,214.6,219.0,0.1958202672195435,6752.2,0.012919353926411286,34,0.0038410067623142596
2026-03-07,2026-04-10,6850.0,6740.02,121.4,125.2,0.2081358941841125,218.9,222.8,0.1929516435623169,6752.45,0.014343250281853882,34,0.0037463159176758737
2026-03-07,2026-04-10,6860.0,6740.02,115.8,119.6,0.2059615384864807,223.2,227.1,0.1905522229766846,6752.55,0.015787230415635782,34,0.0036613613308278843
2026-03-07,2026-04-10,6870.0,6740.02,110.3,114.1,0.2037776461410522,227.7,231.6,0.1882519835281372,6752.55,0.017243894912099825,34,0.0035790176974733567
2026-03-07,2026-04-10,6875.0,6740.02,107.6,111.4,0.2026942829513549,230.1,234.2,0.1874852370452881,6752.35,0.01800105110955256,34,0.003545316415098333
2026-03-07,2026-04-10,6880.0,6740.02,105.0,108.7,0.2015784951591491,232.3,236.5,0.1863026927185058,6752.45,0.018713249952972372,34,0.003503672425286946
2026-03-07,2026-04-10,6890.0,6740.02,99.7,103.4,0.1993640855407714,237.0,240.8,0.1834302544021606,6752.65,0.0201360645928441,34,0.003412377553109404
2026-03-07,2026-04-10,6900.0,6740.02,94.6,98.2,0.1971267879676819,241.8,246.0,0.1815419981384277,6752.5,0.02160860491858021,34,0.0033392203324770797
2026-03-07,2026-04-10,6910.0,6740.02,89.5,93.2,0.1949963008499145,246.8,250.5,0.1785703786849975,6752.7,0.023027212873813145,34,0.0032498425876692797
2026-03-07,2026-04-10,6920.0,6740.02,84.6,88.2,0.1927075053787231,251.8,255.9,0.1766001072502136,6752.55,0.024495558307420135,34,0.00317616152969403
2026-03-07,2026-04-10,6925.0,6740.02,82.2,85.8,0.1916317715072631,254.4,258.1,0.174877788658142,6752.75,0.025188222749420508,34,0.0031282155901025455
2026-03-07,2026-04-10,6930.0,6740.02,79.8,83.4,0.1905178910446167,256.9,260.7,0.1736380244445801,6752.8,0.025902579514438615,34,0.003088167155285172
2026-03-07,2026-04-10,6940.0,6740.02,75.2,78.7,0.1882939447784423,262.3,266.0,0.1711432373809814,6752.8,0.027344540831339963,34,0.003008652732353444
2026-03-07,2026-04-10,6950.0,6740.02,70.6,74.1,0.1860280372619628,267.6,271.4,0.1685797864532471,6752.85,0.02877702158076032,34,0.002928348009425528
2026-03-07,2026-04-10,6960.0,6740.02,66.2,69.7,0.1838574962234497,271.2,279.5,0.1696517056655884,6752.6,0.03025185844147386,34,0.0029102312999230414
2026-03-07,2026-04-10,6970.0,6740.02,62.0,65.4,0.1816411792755126,276.4,285.3,0.1672923390007019,6752.85,0.03165058677649218,34,0.002835381100003417
2026-03-07,2026-04-10,6975.0,6740.02,59.9,63.3,0.1805311134719848,279.5,288.2,0.1660277795028686,6752.75,0.032382498383447464,34,0.002796920722053768
2026-03-07,2026-04-10,6980.0,6740.02,57.9,61.2,0.1793714570999145,282.5,291.2,0.1648528644943237,6752.7,0.033106491868515664,34,0.0027593650969989455
2026-03-07,2026-04-10,6990.0,6740.02,53.9,57.2,0.1771913794136047,288.5,297.4,0.1626289182281494,6752.6,0.0345529403408645,34,0.0026892098489296108
2026-03-07,2026-04-10,7000.0,6740.02,50.0,53.3,0.1749521745109558,294.6,303.6,0.1601608337783813,6752.55,0.03598993773315511,34,0.002615222440438902
2026-03-07,2026-04-10,7025.0,6740.02,41.1,44.4,0.1697108328819275,301.4,325.2,0.1630256427764892,6754.45,0.03927366829203479,34,0.002578261038316343
2026-03-07,2026-04-10,7050.0,6740.02,33.3,36.5,0.1646697608566284,318.4,342.2,0.1572388048934936,6754.6,0.04280386256131873,34,0.002413187835556316
2026-03-07,2026-04-10,7075.0,6740.02,26.5,29.6,0.1598671050262451,336.4,360.3,0.1516808465576172,6754.7,0.04632888465036344,34,0.002260350882621521
2026-03-07,2026-04-10,7100.0,6740.02,20.8,23.7,0.1553886952209472,355.5,379.3,0.1459893751525878,6754.85,0.049834018655160385,34,0.0021151898659387434
2026-03-07,2026-04-10,7125.0,6740.02,15.9,18.8,0.1513833031463623,375.5,399.3,0.1404047142028808,6754.95,0.05333415669444673,34,0.001982718082419503
2026-03-07,2026-04-10,7150.0,6740.02,12.0,14.8,0.1478738167572021,396.4,420.2,0.1347895359802246,6755.1,0.056814581554329266,34,0.0018606516529766708
2026-03-07,2026-04-10,7175.0,6740.02,8.9,11.6,0.144890753326416,418.1,441.9,0.1289454782104492,6755.25,0.060282781295859914,34,0.0017462558752593127
2026-03-07,2026-04-10,7200.0,6740.02,6.3,9.1,0.1425256646728515,440.5,464.3,0.1225521095275879,6755.3,0.06375364404900882,34,0.0016363367785972673
2026-03-07,2026-04-10,7400.0,6740.02,0.2,1.85,0.1417016983032226,633.1,656.9,1.0000000000000004e-05,6756.025,0.09104530085697055,34,0.0004676677978242753
2026-03-07,2026-04-10,7500.0,6740.02,0.0,1.35,0.1521691229248047,732.3,756.1,1.0000000000000004e-05,6756.475,0.10440171619371182,34,0.0021569452795560193
2026-03-07,2026-04-17,200.0,6740.02,6514.0,6538.0,1.0000000000000004e-05,0.0,0.05,2.7968780078125004,6725.975,-3.515414808825853,41,0.8786947677095728
2026-03-07,2026-04-17,400.0,6740.02,6314.9,6338.9,1.0000000000000004e-05,0.0,0.25,2.472660068359376,6726.775,-2.8223865630563325,41,0.6867834530411471
2026-03-07,2026-04-17,600.0,6740.02,6324.2,6335.0,6.279497389888763,0.0,0.5,2.2187544531249994,6929.35,-2.4465916374749725,41,0.5529800664486099
2026-03-07,2026-04-17,800.0,6740.02,6181.6,6192.3,5.885058185672761,0.0,0.5,1.9501955615234376,6986.700000000001,-2.167151893079927,41,0.427215813303053
2026-03-07,2026-04-17,1000.0,6740.02,5717.7,5741.7,2.062260703735351,0.0,0.55,1.7578137109375,6729.425,-1.9064897016707643,41,0.34708567325138207
2026-03-07,2026-04-17,1200.0,6740.02,5726.5,5750.5,4.276753311290741,0.0,0.55,1.5898458007812497,6938.225,-1.7547244213228876,41,0.28392327802940465
2026-03-07,2026-04-17,1400.0,6740.02,5321.4,5345.2,1.9271854226684573,0.0,0.65,1.468264377441406,6732.974999999999,-1.5705448598799356,41,0.24215838784821747
2026-03-07,2026-04-17,1600.0,6740.02,5388.6,5399.4,3.841484466114044,0.0,0.75,1.361331318359375,6993.625,-1.474995390571654,41,0.20817025011558635
2026-03-07,2026-04-17,1800.0,6740.02,4921.7,4945.7,1.6446550970458984,0.0,0.9,1.270999738769531,6733.25,-1.3192712745227204,41,0.1814604212987421
2026-03-07,2026-04-17,2000.0,6740.02,4722.8,4746.8,1.5529197158813473,0.0,1.05,1.1875040625,6734.275000000001,-1.2140629768859454,41,0.1584021968126415
2026-03-07,2026-04-17,2200.0,6740.02,4763.6,4775.1,2.928202447566986,0.0,1.35,1.1218305627441407,6968.675,-1.1529677459063692,41,0.14136618156652123
2026-03-07,2026-04-17,2400.0,6740.02,4325.0,4349.0,1.3821747200012204,0.4,1.65,1.0786178881835935,6735.975,-1.0319938281778132,41,0.13068514656738367
2026-03-07,2026-04-17,2600.0,6740.02,4258.9,4279.7,2.142033453521728,0.55,1.9,1.0161182006835938,6868.074999999999,-0.9713724181578355,41,0.11597902495391517
2026-03-07,2026-04-17,2700.0,6740.02,4254.1,4265.5,2.41566863368988,0.7,2.2,0.9945068908691408,6958.35,-0.9466906042652385,41,0.11109808820666961
2026-03-07,2026-04-17,3000.0,6740.02,3730.5,3754.4,0.9346930358886718,1.4,2.9,0.9235847485351564,6740.299999999999,-0.8094921456513047,41,0.0958174254706758
2026-03-07,2026-04-17,3200.0,6740.02,3530.3,3554.3,0.8585829571533203,1.85,3.2,0.8699964172363281,6739.775,-0.7448757317719995,41,0.0850209435785368
2026-03-07,2026-04-17,3400.0,6740.02,3338.9,3356.5,0.9244392321777344,2.5,3.9,0.8264787860107421,6744.5,-0.6849519263054816,41,0.07672809461029421
2026-03-07,2026-04-17,3500.0,6740.02,2551.0,2613.3,1.0000000000000004e-05,2.9,4.5,0.8081684222412109,6078.450000000001,-0.5519867607709317,41,0.07336598396444322
2026-03-07,2026-04-17,3550.0,6740.02,3152.1,3176.1,1.0000000000000004e-05,3.1,4.7,0.7972432385253907,6710.2,-0.6366811533113826,41,0.0713958028393221
2026-03-07,2026-04-17,3800.0,6740.02,2252.5,2289.1,1.0000000000000004e-05,4.1,5.9,0.7428004235839842,6065.8,-0.4676653713343892,41,0.061977674631064114
2026-03-07,2026-04-17,3850.0,6740.02,2202.9,2242.4,1.0000000000000004e-05,4.4,6.2,0.7330654135131834,6067.35,-0.4548487881344731,41,0.060363783342628596
2026-03-07,2026-04-17,3900.0,6740.02,2199.5,2221.5,1.0000000000000004e-05,4.6,6.4,0.7213467807006836,6105.0,-0.4481315544270673,41,0.058449283011279024
2026-03-07,2026-04-17,3950.0,6740.02,2842.7,2866.7,1.0987288716125492,4.9,6.4,0.7087431469726562,6799.049999999999,-0.5430673176269016,41,0.05642463228385991
2026-03-07,2026-04-17,4000.0,6740.02,2739.1,2762.9,0.7638115660095215,5.2,7.1,0.7018157260131835,6744.85,-0.5224848895972153,41,0.055327007793029834
2026-03-07,2026-04-17,4025.0,6740.02,2736.7,2749.6,0.8906108351135253,5.3,7.1,0.6950714086914063,6761.95,-0.5187863991257771,41,0.05426875285038491
2026-03-07,2026-04-17,4050.0,6740.02,2019.2,2058.2,1.0000000000000004e-05,5.5,7.4,0.6913788186645509,6082.25,-0.40665781219164593,41,0.05369367536114407
2026-03-07,2026-04-17,4100.0,6740.02,1975.5,2012.6,1.0000000000000004e-05,5.7,7.2,0.6764253549194338,6087.6,-0.3952669416682455,41,0.051396169018885364
2026-03-07,2026-04-17,4150.0,6740.02,2590.7,2614.5,0.7317684294128417,6.1,8.0,0.6701082794189455,6745.549999999999,-0.4857746939756297,41,0.05044068315610575
2026-03-07,2026-04-17,4200.0,6740.02,1678.1,1689.1,1.0000000000000004e-05,6.4,8.0,0.6573520593261719,5876.4,-0.33585980422481226,41,0.048538577879218406
2026-03-07,2026-04-17,4300.0,6740.02,2527.6,2535.1,1.0428133186721804,7.1,8.7,0.6368444519042968,6823.45,-0.46175018635187604,41,0.04555727422677439
2026-03-07,2026-04-17,4400.0,6740.02,2617.5,2628.3,1.4547985634231568,7.9,9.8,0.6185493467712404,7014.05,-0.4663107393683055,41,0.042977356356263714
2026-03-07,2026-04-17,4500.0,6740.02,2243.4,2267.4,0.6458012715148926,8.8,10.7,0.5988504470825197,6745.65,-0.4048204559201414,41,0.04028355116933776
2026-03-07,2026-04-17,4550.0,6740.02,2194.1,2218.1,0.6355779850769043,9.3,11.1,0.5887492297363282,6745.9,-0.3938076799675589,41,0.03893603253731481
2026-03-07,2026-04-17,4575.0,6740.02,2166.6,2190.6,0.60957726852417,9.4,11.4,0.5834239656066895,6743.2,-0.38792789097365077,41,0.03823486156003743
2026-03-07,2026-04-17,4600.0,6740.02,2144.8,2168.8,0.6251715950012209,9.7,11.5,0.5780681842041016,6746.200000000001,-0.38292307990327945,41,0.03753609821684962
2026-03-07,2026-04-17,4650.0,6740.02,2095.6,2119.6,0.6152534812927246,10.2,12.2,0.5689740368652343,6746.4,-0.3721418096790298,41,0.036364355177248106
2026-03-07,2026-04-17,4700.0,6740.02,2046.4,2070.4,0.6051370053100588,10.7,12.7,0.5588423022460938,6746.7,-0.3614909877343994,41,0.03508080402731039
2026-03-07,2026-04-17,4725.0,6740.02,2021.8,2045.8,0.60001010345459,10.8,13.0,0.5533186758422851,6746.9,-0.3562155791876395,41,0.03439075024238425
2026-03-07,2026-04-17,4800.0,6740.02,1948.0,1972.0,0.5843547424316407,12.0,13.9,0.5399673689270021,6747.05,-0.34048945440503636,41,0.03275110997190114
2026-03-07,2026-04-17,4825.0,6740.02,1945.4,1969.4,0.6773103558349609,12.2,14.2,0.5346726220703125,6769.2,-0.33857217676084433,41,0.03211196527247472
2026-03-07,2026-04-17,4850.0,6740.02,1898.8,1922.8,0.5737118434906006,12.8,14.6,0.5310868424987794,6747.1,-0.3301340779881653,41,0.03168269206928288
2026-03-07,2026-04-17,4875.0,6740.02,1882.3,1906.3,0.6075936457824709,12.6,15.0,0.5246782151794434,6755.5,-0.3262368834680663,41,0.030922675092710513
2026-03-07,2026-04-17,4900.0,6740.02,1849.7,1873.7,0.5634351518249512,13.3,15.2,0.5206194178771972,6747.45,-0.31992945061407824,41,0.03044610331260948
2026-03-07,2026-04-17,4925.0,6740.02,1861.7,1866.3,0.6667513793945314,13.3,15.7,0.5151720846557617,6774.5,-0.3188412886802965,41,0.02981231054561944
2026-03-07,2026-04-17,4950.0,6740.02,1134.1,1145.9,1.0000000000000004e-05,13.9,16.1,0.5112811323547364,6075.0,-0.20479441264601328,41,0.029363682872272874
2026-03-07,2026-04-17,4975.0,6740.02,1788.4,1812.4,0.6010553200531007,14.3,16.5,0.5066730241394042,6760.0,-0.3065975194443167,41,0.02883676627126942
2026-03-07,2026-04-17,5000.0,6740.02,1753.5,1777.3,0.5512358719635011,14.6,16.9,0.5017139672851563,6749.65,-0.3000527392541324,41,0.02827504959925875
2026-03-07,2026-04-17,5025.0,6740.02,1475.6,1489.9,1.0000000000000004e-05,14.8,17.2,0.502980434112549,6491.75,-0.25610668603164455,41,0.028417978085210897
2026-03-07,2026-04-17,5050.0,6740.02,1122.5,1131.3,1.0000000000000004e-05,15.8,17.6,0.4980595238494874,6160.2,-0.19872100126356848,41,0.027864643455299456
2026-03-07,2026-04-17,5075.0,6740.02,1721.4,1725.9,0.645488469467163,15.5,18.0,0.4930852083587647,6781.9,-0.2899307737538835,41,0.027310832687097154
2026-03-07,2026-04-17,5100.0,6740.02,1653.8,1677.8,0.5228242908477784,16.7,18.5,0.4885915399169922,6748.2,-0.28003526292561387,41,0.026815313446621285
2026-03-07,2026-04-17,5125.0,6740.02,1036.4,1046.2,1.0000000000000004e-05,16.6,19.0,0.4840139489746094,6148.5,-0.182077624605893,41,0.026315204424333775
2026-03-07,2026-04-17,5150.0,6740.02,1848.1,1850.8,1.031605794143677,17.1,19.5,0.479375323486328,6981.15,-0.30421694497477475,41,0.02581322940129448
2026-03-07,2026-04-17,5175.0,6740.02,1056.8,1061.5,1.0000000000000004e-05,17.5,19.9,0.4741797577667237,6215.45,-0.1831987886607276,41,0.025256723697819342
2026-03-07,2026-04-17,5200.0,6740.02,1799.4,1802.0,1.0101386926174163,18.0,20.5,0.4698844515991212,6981.45,-0.29459800600236813,41,0.024801225512435292
2026-03-07,2026-04-17,5225.0,6740.02,988.8,998.2,1.0000000000000004e-05,18.7,21.1,0.4655052229309083,6198.6,-0.1708686622504431,41,0.024341094837299012
2026-03-07,2026-04-17,5250.0,6740.02,1507.5,1531.5,0.5346115875244142,19.2,21.7,0.4610497010803223,6749.05,-0.25117367763525794,41,0.023877369593195714
2026-03-07,2026-04-17,5275.0,6740.02,1483.2,1507.2,0.5288667108917237,19.4,22.3,0.4565026274108887,6749.35,-0.24646752458922597,41,0.023408713978506388
2026-03-07,2026-04-17,5300.0,6740.02,1466.1,1478.5,0.5090610007476808,19.9,22.9,0.4518868898773194,6750.9,-0.24196900877159666,41,0.022937732084829753
2026-03-07,2026-04-17,5325.0,6740.02,1474.9,1479.3,0.5692105457305908,21.0,23.5,0.4471948591613769,6779.85,-0.24154226621827318,41,0.022463871025958662
2026-03-07,2026-04-17,5350.0,6740.02,1410.4,1434.4,0.5116816715621948,21.2,24.1,0.4424341645812988,6749.75,-0.23240890625359825,41,0.021988130382298146
2026-03-07,2026-04-17,5375.0,6740.02,1489.8,1495.9,0.6965743843841554,22.3,24.9,0.4383829965972901,6844.25,-0.24165030969507326,41,0.021587303342275082
2026-03-07,2026-04-17,5400.0,6740.02,1369.2,1381.9,0.488309255142212,22.6,25.5,0.4334620863342285,6751.5,-0.22336574884873128,41,0.021105382443446872
2026-03-07,2026-04-17,5425.0,6740.02,1580.3,1583.6,0.91533745552063,23.8,26.3,0.4292278147125244,6981.9,-0.2523031866100687,41,0.020695060805036868
2026-03-07,2026-04-17,5450.0,6740.02,1321.0,1333.2,0.4763960747146606,24.1,27.0,0.4245205253601075,6751.55,-0.21415649947806747,41,0.020243629409679144
2026-03-07,2026-04-17,5475.0,6740.02,1511.1,1516.3,0.8635839752578736,24.7,27.8,0.4200955207824707,6962.45,-0.2403391481965062,41,0.019823808520113166
2026-03-07,2026-04-17,5500.0,6740.02,1267.5,1291.3,0.4827741847610474,26.5,28.6,0.4155751497268677,6751.85,-0.2050684491686494,41,0.019399481939426984
2026-03-07,2026-04-17,5525.0,6740.02,1322.8,1333.2,0.6099625490951539,27.1,29.7,0.4119702968597412,6824.6,-0.21125048389107956,41,0.019064385055569406
2026-03-07,2026-04-17,5550.0,6740.02,1226.5,1233.4,0.4455354824447632,28.3,30.4,0.4069196881866456,6750.6,-0.195833462064601,41,0.018599805309563264
2026-03-07,2026-04-17,5575.0,6740.02,1306.2,1312.1,0.6479031486892701,28.9,31.6,0.4033873138427735,6853.9,-0.2065255159793732,41,0.018278285818467993
2026-03-07,2026-04-17,5600.0,6740.02,1178.7,1185.6,0.4357813990783691,29.1,32.5,0.3987792056274414,6751.35,-0.1869758871460012,41,0.017863065886232824
2026-03-07,2026-04-17,5625.0,6740.02,1150.3,1160.6,0.4279079426574707,30.1,33.5,0.3943770890045166,6748.65,-0.18212153679128756,41,0.017470862524928035
2026-03-07,2026-04-17,5650.0,6740.02,1131.1,1138.0,0.4261799020767212,32.3,34.5,0.3898719765853882,6751.15,-0.1780573155850759,41,0.01707399036490547
2026-03-07,2026-04-17,5675.0,6740.02,1220.2,1228.1,0.6334417759704589,32.3,35.8,0.3861145373535155,6865.1,-0.19038004238876446,41,0.016746470888176688
2026-03-07,2026-04-17,5700.0,6740.02,1076.5,1100.4,0.4394930624008178,33.4,37.1,0.3822083264160155,6753.2,-0.16955029178039702,41,0.016409346290550655
2026-03-07,2026-04-17,5720.0,6740.02,1274.3,1280.0,0.7657398761940004,34.4,38.0,0.3786072882080078,6960.95,-0.19634715389300236,41,0.016101596235761868
2026-03-07,2026-04-17,5725.0,6740.02,1052.9,1076.7,0.4341105783843995,35.6,38.2,0.3776269208145141,6752.9,-0.1651294928093808,41,0.016018317107610692
2026-03-07,2026-04-17,5750.0,6740.02,1243.9,1251.1,0.7527185372924804,35.9,39.7,0.3739801066970825,6959.7,-0.19093651515981294,41,0.015710427201127697
2026-03-07,2026-04-17,5775.0,6740.02,1005.8,1029.6,0.423734705581665,38.2,40.9,0.3694139597320557,6753.15,-0.1564708062882236,41,0.015329133203949567
2026-03-07,2026-04-17,5780.0,6740.02,1001.1,1024.9,0.4226971183013915,38.5,41.2,0.3686357692718506,6753.15,-0.15560538001179477,41,0.015264617933842773
2026-03-07,2026-04-17,5790.0,6740.02,991.7,1015.5,0.4206066851043701,39.1,41.8,0.3670641297149658,6753.15,-0.15387677111117698,41,0.015134737228108536
2026-03-07,2026-04-17,5800.0,6740.02,989.5,996.2,0.397356337776184,38.7,42.4,0.3654696022033691,6752.3,-0.15202527003386315,41,0.015003532152115733
2026-03-07,2026-04-17,5810.0,6740.02,978.6,986.2,0.3941062482070923,40.3,43.0,0.3638521867370606,6750.75,-0.15007303895934737,41,0.014871027302813625
2026-03-07,2026-04-17,5820.0,6740.02,1197.1,1209.0,0.7572427230072023,40.8,43.6,0.3622080686569213,6980.85,-0.18187042412107618,41,0.014736937219197964
2026-03-07,2026-04-17,5825.0,6740.02,1196.2,1199.2,0.7544503925323486,40.1,44.1,0.3618571200180053,6980.6,-0.18097587351356445,41,0.014708393390730764
2026-03-07,2026-04-17,5850.0,6740.02,942.7,949.4,0.3879036124801636,41.6,45.7,0.3578402839660644,6752.4,-0.1434563360013314,41,0.014383661430097141
2026-03-07,2026-04-17,5875.0,6740.02,914.1,926.6,0.3842300957489013,43.2,47.3,0.3536708615493774,6750.1,-0.1388512595592924,41,0.014050427974444474
2026-03-07,2026-04-17,5880.0,6740.02,914.7,921.5,0.3823723567581176,43.5,47.7,0.352995666885376,6752.5,-0.13835604477409805,41,0.01399683171077782
2026-03-07,2026-04-17,5900.0,6740.02,896.3,902.9,0.3785767709350586,46.4,48.7,0.3489063523101806,6752.05,-0.13489381156783398,41,0.013674414657474602
2026-03-07,2026-04-17,5910.0,6740.02,887.0,893.7,0.3768487303543091,45.6,49.8,0.3481472351455688,6752.65,-0.13328918901471634,41,0.013614976413478527
2026-03-07,2026-04-17,5920.0,6740.02,877.7,884.4,0.3748994395446777,46.3,50.5,0.3464802291107176,6752.65,-0.13159857153680882,41,0.013484905522600626
2026-03-07,2026-04-17,5925.0,6740.02,871.7,879.1,0.3726373466873169,46.6,50.8,0.3455303789901733,6751.7,-0.1306136380057417,41,0.013411071109613162
2026-03-07,2026-04-17,5930.0,6740.02,1096.7,1099.7,0.7135629687690735,47.0,51.2,0.3447865204620362,6979.1,-0.16289575562311254,41,0.013353390499685045
2026-03-07,2026-04-17,5950.0,6740.02,850.1,856.8,0.3695016968917846,48.5,52.8,0.3417424224853516,6752.8,-0.12656601412983481,41,0.01311863894896553
2026-03-07,2026-04-17,5975.0,6740.02,827.2,833.9,0.3650309164047241,50.4,54.8,0.3377751770019531,6752.95,-0.12239534863103103,41,0.012815821583963645
2026-03-07,2026-04-17,5990.0,6740.02,1040.7,1043.5,0.6909744647979738,51.6,56.0,0.3353109072113036,6978.3,-0.1527139219744766,41,0.01262950571038237
2026-03-07,2026-04-17,6000.0,6740.02,797.3,821.2,0.3786759520721435,54.1,56.6,0.3332357326507569,6753.9,-0.11836064658484571,41,0.012473666285278783
2026-03-07,2026-04-17,6010.0,6740.02,788.2,812.1,0.3767304759216308,53.3,57.8,0.3323163998031616,6754.6,-0.11679900571574231,41,0.012404936363571296
2026-03-07,2026-04-17,6020.0,6740.02,1012.6,1015.3,0.6794599162483216,54.1,58.6,0.3305769152450561,6977.6,-0.14761775878563532,41,0.012275410883864158
2026-03-07,2026-04-17,6025.0,6740.02,776.1,786.1,0.3520381874465942,55.9,58.8,0.3293142630767822,6748.75,-0.11343982317364104,41,0.012181817091775255
2026-03-07,2026-04-17,6030.0,6740.02,775.5,783.6,0.354803815307617,55.0,59.5,0.3290052756881713,6752.3,-0.11313617684714268,41,0.012158968023716804
2026-03-07,2026-04-17,6040.0,6740.02,768.1,774.7,0.3533008396148681,57.3,60.2,0.3270254676055908,6752.65,-0.11153100848599953,41,0.012013073739640735
2026-03-07,2026-04-17,6050.0,6740.02,759.1,765.7,0.3515880576705932,58.6,61.1,0.3253966081619263,6752.55,-0.10986193927940802,41,0.01189370152530064
2026-03-07,2026-04-17,6075.0,6740.02,731.1,740.9,0.3432415835189819,60.6,63.6,0.3216467982482909,6748.9,-0.10519753941495683,41,0.01162115938563958
2026-03-07,2026-04-17,6100.0,6740.02,714.0,720.5,0.3422764747619628,61.6,66.3,0.3180457600402831,6753.3,-0.1017425031268248,41,0.011362403629215494
2026-03-07,2026-04-17,6110.0,6740.02,705.2,711.8,0.3408974754905701,64.2,67.2,0.3162280749702453,6752.8,-0.10003046050386927,41,0.011232898661301014
2026-03-07,2026-04-17,6120.0,6740.02,696.3,702.9,0.3391560836029051,63.7,68.4,0.3149024809265136,6753.55,-0.09850619603556078,41,0.012013353999455913
2026-03-07,2026-04-17,6125.0,6740.02,691.9,698.5,0.3383550051879882,64.2,69.0,0.3142234716033935,6753.6,-0.09769693961530664,41,0.011959044796729969
2026-03-07,2026-04-17,6130.0,6740.02,687.5,694.0,0.3373822671127319,64.7,69.5,0.3133651733016967,6753.65,-0.09688834952946775,41,0.011892028410577498
2026-03-07,2026-04-17,6150.0,6740.02,669.6,676.2,0.3337468969726562,68.9,71.6,0.310021624584198,6752.65,-0.0934829386142966,41,0.011638324851539325
2026-03-07,2026-04-17,6170.0,6740.02,652.2,658.7,0.3304624754714965,69.2,74.0,0.3070404684829711,6753.85,-0.09041387473815768,41,0.011412883661352832
2026-03-07,2026-04-17,6175.0,6740.02,647.8,654.3,0.3295812892150878,71.5,74.6,0.306273722000122,6753.0,-0.08947796807866398,41,0.011353955758073474
2026-03-07,2026-04-17,6180.0,6740.02,643.4,649.9,0.3286924736404418,70.3,75.1,0.305331501197815,6753.95,-0.08880924744594165,41,0.011288659196888906
2026-03-07,2026-04-17,6190.0,6740.02,634.7,641.2,0.327044540901184,73.2,76.4,0.3039124480056763,6753.15,-0.08707397599957616,41,0.011179709312237591
2026-03-07,2026-04-17,6200.0,6740.02,619.0,642.9,0.3410100079345703,74.8,77.6,0.302291217880249,6754.75,-0.08569666905374147,41,0.01162143503597864
2026-03-07,2026-04-17,6210.0,6740.02,617.2,623.8,0.3236456796264647,75.8,78.9,0.3007958715057373,6753.15,-0.08384816675069344,41,0.010950011836983563
2026-03-07,2026-04-17,6220.0,6740.02,608.6,615.1,0.3218947510910033,77.1,80.2,0.2992585638809203,6753.2,-0.08224655986981343,41,0.010834992512825343
2026-03-07,2026-04-17,6225.0,6740.02,604.2,610.8,0.3210822286987304,77.8,80.8,0.2984002655792236,6753.2,-0.08144302427013018,41,0.01077678149958236
2026-03-07,2026-04-17,6230.0,6740.02,599.9,606.4,0.320109490623474,78.4,81.5,0.2976831096649168,6753.2,-0.08064013382153971,41,0.010718065462886813
2026-03-07,2026-04-17,6240.0,6740.02,591.3,597.8,0.3184386699295043,79.8,82.9,0.2962240025520324,6753.2,-0.07903628423956519,41,0.010609738519608178
2026-03-07,2026-04-17,6250.0,6740.02,582.7,589.2,0.3167335173034667,81.3,84.2,0.2945703478240966,6753.2,-0.07743500287259134,41,0.01049410207966837
2026-03-07,2026-04-17,6260.0,6740.02,574.1,580.6,0.3149902180862426,82.5,85.6,0.2930311328697204,6753.3,-0.07585108919408323,41,0.010381704446541703
2026-03-07,2026-04-17,6270.0,6740.02,565.6,572.1,0.3133537293243408,83.9,87.1,0.2915987283706664,6753.35,-0.07426232342163099,41,0.010277168848575621
2026-03-07,2026-04-17,6275.0,6740.02,554.5,578.3,0.3272963084030151,82.6,87.5,0.2903475201797484,6756.35,-0.07390931838808171,41,0.010712904012631053
2026-03-07,2026-04-17,6280.0,6740.02,557.1,563.6,0.3116810013008118,85.4,88.5,0.2899774982452392,6753.4,-0.07267610129190757,41,0.010165555447339878
2026-03-07,2026-04-17,6290.0,6740.02,548.6,555.1,0.3099701266860962,86.7,90.0,0.2884592639160155,6753.5,-0.07109981830633266,41,0.010056730929447262
2026-03-07,2026-04-17,6300.0,6740.02,533.2,557.1,0.3227721226882933,86.3,91.2,0.286468011856079,6756.4,-0.06994057042656583,41,0.010423366577483177
2026-03-07,2026-04-17,6310.0,6740.02,531.7,538.2,0.3065712654113769,89.8,93.0,0.2853007261657714,6753.55,-0.06793261600667377,41,0.009837541528050341
2026-03-07,2026-04-17,6320.0,6740.02,522.5,530.3,0.3055699173927307,89.3,94.3,0.2833724159812926,6754.6,-0.0665045461040925,41,0.009740394488795621
2026-03-07,2026-04-17,6325.0,6740.02,512.2,536.1,0.3182898982238769,92.2,95.4,0.2830310039901733,6755.35,-0.06582474892780929,41,0.010154150633575543
2026-03-07,2026-04-17,6330.0,6740.02,514.9,521.4,0.3031533308410644,90.9,95.9,0.2818312936973571,6754.75,-0.06494572494870253,41,0.00960992291013745
2026-03-07,2026-04-17,6340.0,6740.02,506.6,513.0,0.3013871436691284,94.6,97.8,0.2806621006774901,6753.6,-0.0631969275969628,41,0.009513722079878943
2026-03-07,2026-04-17,6350.0,6740.02,498.2,504.7,0.29971250831604,96.3,99.4,0.279029426574707,6753.6,-0.06162088314149702,41,0.009405911859756514
2026-03-07,2026-04-17,6360.0,6740.02,488.7,497.8,0.2998612800216674,97.9,101.1,0.2774863969612121,6753.75,-0.06006952882410764,41,0.009360646537547
2026-03-07,2026-04-17,6365.0,6740.02,485.8,492.3,0.2971910186386108,96.6,102.1,0.2769027541160583,6754.7,-0.05942432686956812,41,0.009255431545577586
2026-03-07,2026-04-17,6370.0,6740.02,481.7,488.1,0.2962411685180663,99.5,102.8,0.2758994987678527,6753.75,-0.05849843659206644,41,0.009192563472368112
2026-03-07,2026-04-17,6375.0,6740.02,477.6,484.0,0.2954133874893188,100.4,103.7,0.2751556402397155,6753.75,-0.057713815131648576,41,0.009142129884623202
2026-03-07,2026-04-17,6380.0,6740.02,665.6,669.6,0.5252580433654785,101.3,104.5,0.2742668246650696,6944.7,-0.08481068137233445,41,0.01795126068395197
2026-03-07,2026-04-17,6390.0,6740.02,465.3,471.7,0.2928632878684996,100.9,106.0,0.2723213485145568,6755.05,-0.05555610491982498,41,0.008970397672151612
2026-03-07,2026-04-17,6400.0,6740.02,455.8,464.6,0.2925295051956176,102.7,108.2,0.2712589659500122,6754.75,-0.053947970739161195,41,0.008926133594565611
2026-03-07,2026-04-17,6405.0,6740.02,453.1,459.5,0.2903437055206298,103.6,109.2,0.2705742346382142,6754.9,-0.05318923210488579,41,0.008835470109091546
2026-03-07,2026-04-17,6410.0,6740.02,449.3,452.6,0.2858424077606201,104.5,109.5,0.2689625411605834,6753.95,-0.052268247982962375,41,0.008643938209072484
2026-03-07,2026-04-17,6420.0,6740.02,441.0,447.4,0.2878527331161498,106.4,111.4,0.2674061602401733,6755.3,-0.05090926427113108,41,0.008658089030618377
2026-03-07,2026-04-17,6425.0,6740.02,435.9,444.4,0.2883085848808288,109.4,112.7,0.2670628409194946,6754.1,-0.0499530971133489,41,0.008661598797544417
2026-03-07,2026-04-17,6430.0,6740.02,431.9,440.3,0.2873530127716064,108.2,113.3,0.2658001887512207,6755.35,-0.04936024529186526,41,0.008592545916817183
2026-03-07,2026-04-17,6435.0,6740.02,428.8,435.3,0.2852549502563476,111.3,114.6,0.265428259487152,6754.1,-0.04839788684654233,41,0.008515980751527076
2026-03-07,2026-04-17,6440.0,6740.02,424.9,430.8,0.2837805845069884,110.2,115.3,0.2642743251037597,6755.1,-0.04776923503532484,41,0.008434884617730311
2026-03-07,2026-04-17,6445.0,6740.02,420.8,427.2,0.2834239138793945,113.3,116.6,0.2638718785667419,6754.05,-0.046837688565255345,41,0.00841153428876645
2026-03-07,2026-04-17,6450.0,6740.02,415.8,424.6,0.2842993781471252,112.1,117.2,0.2625691724777221,6755.55,-0.0462842584594616,41,0.008398406628879019
2026-03-07,2026-04-17,6455.0,6740.02,412.9,419.3,0.2817969617652893,113.1,118.8,0.262515767250061,6755.15,-0.04545015264051292,41,0.00832008919568059
2026-03-07,2026-04-17,6460.0,6740.02,409.0,415.3,0.2809024242019653,116.1,119.6,0.2614400333786011,6754.3,-0.04455002130500387,41,0.008259965063750457
2026-03-07,2026-04-17,6465.0,6740.02,404.9,411.3,0.2799983499908447,117.1,120.6,0.2606046230316161,6754.25,-0.04376892415667484,41,0.00820706476169155
2026-03-07,2026-04-17,6470.0,6740.02,400.0,408.7,0.2807994284057616,118.2,121.6,0.2597558613777161,6754.45,-0.04302543841496553,41,0.008205617036869098
2026-03-07,2026-04-17,6475.0,6740.02,396.1,404.7,0.2798648369216918,119.2,122.7,0.2590177248382569,6754.45,-0.042252939342173265,41,0.00815491166447093
2026-03-07,2026-04-17,6480.0,6740.02,393.2,399.0,0.2768417195701598,118.2,123.9,0.2583883060836792,6755.05,-0.04156986294508511,41,0.008044738626587514
2026-03-07,2026-04-17,6485.0,6740.02,389.2,395.6,0.2766185620117187,121.3,124.8,0.2573774214172363,6754.35,-0.040694923995326114,41,0.00800768501578666
2026-03-07,2026-04-17,6490.0,6740.02,385.3,391.6,0.2756534532546997,122.5,125.9,0.2565973236274719,6754.25,-0.03990940566449699,41,0.007955429088464852
2026-03-07,2026-04-17,6495.0,6740.02,383.5,387.0,0.2739483006286621,123.4,126.9,0.2556818054389954,6755.1,-0.03926512502902424,41,0.007877280835193673
2026-03-07,2026-04-17,6500.0,6740.02,377.5,383.6,0.2736812744903564,124.6,128.0,0.2548750050354004,6754.25,-0.0383697594789042,41,0.007845370798404456
2026-03-07,2026-04-17,6505.0,6740.02,373.6,380.0,0.2731605735206604,125.7,129.1,0.2540548533248902,6754.4,-0.03762303240868446,41,0.00780561668387766
2026-03-07,2026-04-17,6510.0,6740.02,369.8,375.8,0.2719036433410643,126.7,130.2,0.2532194429779052,6754.35,-0.036847285543255434,41,0.007743783895336683
2026-03-07,2026-04-17,6515.0,6740.02,365.9,372.2,0.2713543324279785,127.9,131.4,0.252492750415802,6754.4,-0.03608693379634466,41,0.007706196174220193
2026-03-07,2026-04-17,6520.0,6740.02,362.0,367.8,0.2698360980987548,126.8,132.7,0.2518690536499023,6755.15,-0.03543080100055705,41,0.007643306082057987
2026-03-07,2026-04-17,6525.0,6740.02,360.3,363.9,0.268901506614685,127.9,133.4,0.2505129423332214,6756.45,-0.034856650978653626,41,0.007576332986856268
2026-03-07,2026-04-17,6530.0,6740.02,354.4,360.1,0.2680737255859374,131.3,134.7,0.2498625429534912,6754.25,-0.03376499309215597,41,0.007533271992472899
2026-03-07,2026-04-17,6535.0,6740.02,352.6,356.1,0.2669941770553589,130.2,136.1,0.2493132320404052,6756.2,-0.033288254746770225,41,0.007485963676831788
2026-03-07,2026-04-17,6540.0,6740.02,346.7,352.4,0.2662560405158997,133.5,137.1,0.2482756447601318,6754.25,-0.03223477091138835,41,0.007434559631008712
2026-03-07,2026-04-17,6545.0,6740.02,345.0,348.5,0.265269951133728,132.5,138.4,0.2475775621414184,6756.3,-0.03177400357117584,41,0.007385969484090795
2026-03-07,2026-04-17,6550.0,6740.02,341.2,344.7,0.2643849502182007,135.8,139.4,0.2465113649177551,6755.35,-0.030869733894232712,41,0.007329874546300966
2026-03-07,2026-04-17,6555.0,6740.02,337.4,341.1,0.2637231068611144,134.9,140.8,0.2459010194587707,6756.4,-0.030262086608389752,41,0.007293415585766816
2026-03-07,2026-04-17,6560.0,6740.02,333.6,337.2,0.2626950562286377,136.1,141.9,0.2449225593948364,6756.4,-0.02949960086805518,41,0.007236096843384728
2026-03-07,2026-04-17,6565.0,6740.02,329.9,333.4,0.2617680940628052,137.3,143.3,0.2442816966629028,6756.35,-0.028730295651169774,41,0.007191467135914278
2026-03-07,2026-04-17,6570.0,6740.02,324.0,329.7,0.2609441276931763,138.5,144.5,0.2433890664291381,6755.35,-0.027820951044874153,41,0.007142760820848121
2026-03-07,2026-04-17,6575.0,6740.02,322.4,326.0,0.2601068100166321,141.9,145.5,0.2422503906822204,6755.5,-0.027082409854048525,41,0.007086899343050324
2026-03-07,2026-04-17,6580.0,6740.02,318.6,322.2,0.2591378866004944,141.0,146.9,0.2415618447113037,6756.45,-0.026462858850184984,41,0.007040211683810945
2026-03-07,2026-04-17,6590.0,6740.02,311.2,314.8,0.2573888653945923,143.5,149.5,0.2399024679946899,6756.5,-0.024951655981587887,41,0.006944688685498425
2026-03-07,2026-04-17,6595.0,6740.02,305.4,311.7,0.2571771518135071,146.9,150.6,0.2388191048049927,6754.8,-0.023941577106566223,41,0.006908564212165857
2026-03-07,2026-04-17,6600.0,6740.02,301.7,307.4,0.2555769023132324,146.0,152.1,0.238178242073059,6755.5,-0.02328733888549687,41,0.0068462738677568654
2026-03-07,2026-04-17,6605.0,6740.02,298.0,304.2,0.2552183243560791,147.3,153.4,0.2372932411575317,6755.75,-0.022567056142130573,41,0.006811831047089985
2026-03-07,2026-04-17,6610.0,6740.02,294.4,300.0,0.2537077193450927,150.8,154.6,0.2362747271728515,6754.5,-0.02162529556400405,41,0.006742051173783638
2026-03-07,2026-04-17,6615.0,6740.02,290.7,297.0,0.2535436890029908,149.9,156.0,0.2354717414283752,6755.9,-0.021076399611303313,41,0.0067154655747937945
2026-03-07,2026-04-17,6620.0,6740.02,287.1,293.0,0.2522276316070556,153.6,157.2,0.2344227101707458,6754.65,-0.020135786649378425,41,0.006650664904966088
2026-03-07,2026-04-17,6625.0,6740.02,283.5,289.5,0.2514646997833252,152.7,158.7,0.2336979249382018,6755.8,-0.01955102331950966,41,0.006610064157187624
2026-03-07,2026-04-17,6630.0,6740.02,279.9,285.9,0.2505701622200011,156.2,160.0,0.2327290015220642,6754.8,-0.01864855907807309,41,0.006559384485359564
2026-03-07,2026-04-17,6635.0,6740.02,276.3,282.4,0.2497728984642028,155.4,161.5,0.2319698843574524,6755.9,-0.018057529394051433,41,0.0065172057950896225
2026-03-07,2026-04-17,6640.0,6740.02,438.3,441.7,0.4307346050643921,156.8,162.9,0.231079161453247,6920.15,-0.041325482206886074,41,0.012299928714823856
2026-03-07,2026-04-17,6645.0,6740.02,269.2,275.4,0.248130687713623,158.2,164.3,0.2301712725830078,6756.05,-0.01657370758185189,41,0.0064244406672380764
2026-03-07,2026-04-17,6650.0,6740.02,265.6,271.4,0.2467230784988403,159.6,165.8,0.2293587501907348,6755.8,-0.015784540524032744,41,0.006364938501332059
2026-03-07,2026-04-17,6655.0,6740.02,262.1,268.3,0.2463072806549072,161.0,167.2,0.2284146220588684,6756.1,-0.015077348646720976,41,0.006328627590112111
2026-03-07,2026-04-17,6660.0,6740.02,258.5,264.0,0.2445353714942932,162.5,168.7,0.2275658604049682,6755.65,-0.014259707249038996,41,0.0062589469175293195
2026-03-07,2026-04-17,6665.0,6740.02,257.1,260.9,0.2440852417182922,163.9,170.1,0.2265854930114745,6757.0,-0.013709050939365572,41,0.006221074357379038
2026-03-07,2026-04-17,6670.0,6740.02,251.5,257.2,0.2429484733009338,165.4,171.6,0.2257004920959472,6755.85,-0.012788936284863982,41,0.006167743810596059
2026-03-07,2026-04-17,6675.0,6740.02,250.0,253.9,0.2422389467048644,166.9,173.1,0.2247964178848266,6756.95,-0.012202400522736554,41,0.006125344727996197
2026-03-07,2026-04-17,6680.0,6740.02,244.5,250.0,0.2408465961265563,168.4,174.6,0.2238713630485534,6755.75,-0.01127600656786488,41,0.006064708249845915
2026-03-07,2026-04-17,6685.0,6740.02,241.0,247.1,0.2405452380561828,169.8,176.1,0.2229291422462463,6756.1,-0.010579589939889361,41,0.006032293526757224
2026-03-07,2026-04-17,6690.0,6740.02,237.6,243.3,0.2392291806602478,171.4,177.6,0.2219678481483459,6755.95,-0.009809723949137442,41,0.00597315799634032
2026-03-07,2026-04-17,6695.0,6740.02,236.2,240.0,0.2384490828704833,172.9,179.1,0.2209874807548522,6757.1,-0.009232824784609893,41,0.005927643969746667
2026-03-07,2026-04-17,6700.0,6740.02,232.8,236.6,0.2375392866706847,176.9,180.6,0.219986132736206,6755.95,-0.008316071692354113,41,0.005878431428453084
2026-03-07,2026-04-17,6705.0,6740.02,229.4,233.2,0.2366104171752929,178.2,182.1,0.2189676187515258,6756.15,-0.007599684452118679,41,0.005828496725737291
2026-03-07,2026-04-17,6710.0,6740.02,226.0,229.9,0.235775006828308,179.9,183.7,0.2180368419265747,6756.15,-0.006854250202170157,41,0.005783392436221441
2026-03-07,2026-04-17,6715.0,6740.02,222.6,226.5,0.2348079907417297,181.5,185.3,0.2170869918060302,6756.15,-0.006109371210559629,41,0.005734638414606471
2026-03-07,2026-04-17,6720.0,6740.02,219.2,223.1,0.2338238086891174,180.8,187.1,0.2163355039596557,6757.2,-0.005520448531377914,41,0.005690671011877431
2026-03-07,2026-04-17,6725.0,6740.02,213.8,219.5,0.23259930311203,184.7,188.6,0.2152349748039245,6755.0,-0.004451045924259424,41,0.005632039150367589
2026-03-07,2026-04-17,6730.0,6740.02,210.5,216.0,0.2314663493537902,184.1,190.4,0.2144434330368042,6756.0,-0.0038558552889171637,41,0.0055837375995183
2026-03-07,2026-04-17,6735.0,6740.02,209.2,213.2,0.2310829761123657,188.0,191.9,0.2132990353012084,6756.25,-0.003150192543054097,41,0.0055455412704020065
2026-03-07,2026-04-17,6740.0,6740.02,205.9,209.8,0.230020593547821,187.4,193.4,0.2121355642700195,6757.45,-0.0025856750307862455,41,0.005490126564209341
2026-03-07,2026-04-17,6745.0,6740.02,202.7,206.6,0.2291565732574463,191.4,195.3,0.2113878910827636,6756.3,-0.0016739132733198099,41,0.00545017563526911
2026-03-07,2026-04-17,6750.0,6740.02,199.4,203.2,0.2280541367721557,190.8,197.1,0.2105086121559143,6757.35,-0.0010882964793891743,41,0.005401252516877507
2026-03-07,2026-04-17,6755.0,6740.02,196.1,200.0,0.2271500625610351,192.6,198.9,0.209606445274353,6757.3,-0.0003404305739531132,41,0.005356853515478837
2026-03-07,2026-04-17,6760.0,6740.02,192.9,196.8,0.2262269150543212,196.6,200.4,0.2083533297538757,6756.35,0.0005400866489434986,41,0.005303602435807977
2026-03-07,2026-04-17,6765.0,6740.02,187.7,193.7,0.225389597377777,198.4,202.2,0.2074053869628906,6755.4,0.0014200765677486477,41,0.005260117422799991
2026-03-07,2026-04-17,6770.0,6740.02,184.5,189.9,0.2237664599227904,200.1,204.0,0.2064364635467528,6755.15,0.0021959099850648875,41,0.005197299157418772
2026-03-07,2026-04-17,6775.0,6740.02,181.3,186.6,0.2226678380966186,201.9,205.8,0.2054408375167846,6755.1,0.0029415916141775425,41,0.005146820933941059
2026-03-07,2026-04-17,6780.0,6740.02,180.1,184.0,0.2223149821281432,203.7,207.6,0.2044242308616637,6756.4,0.003486898128251304,41,0.005113945610979144
2026-03-07,2026-04-17,6785.0,6740.02,175.0,181.1,0.2216111775207519,205.5,209.4,0.2033809215927123,6755.6,0.004342502725203177,41,0.005072157299084665
2026-03-07,2026-04-17,6790.0,6740.02,173.9,177.7,0.220337081375122,205.2,211.5,0.2026446923828124,6757.45,0.004805341615602713,41,0.005024285491909415
2026-03-07,2026-04-17,6795.0,6740.02,168.8,174.8,0.2195894081878661,207.0,213.3,0.2015536998748779,6756.65,0.0056598425099063975,41,0.00498070014809498
2026-03-07,2026-04-17,6800.0,6740.02,167.7,171.6,0.2184888790321349,208.9,215.2,0.2005466298675537,6757.6,0.006254814750911076,41,0.004930973333199768
2026-03-07,2026-04-17,6805.0,6740.02,162.6,168.7,0.2176973372650146,210.8,217.1,0.1995128572463989,6756.7,0.007123030920687583,41,0.004888108357927611
2026-03-07,2026-04-17,6810.0,6740.02,159.6,164.8,0.2157785637283325,212.8,219.1,0.1985649144554138,6756.25,0.007924117756039621,41,0.0048211652290750615
2026-03-07,2026-04-17,6815.0,6740.02,158.5,162.3,0.215378024520874,214.9,221.2,0.197700894165039,6757.35,0.008495263784668392,41,0.004791782133953183
2026-03-07,2026-04-17,6820.0,6740.02,153.6,158.7,0.2137396284294128,218.9,222.8,0.1962570456886291,6755.3,0.009532089882369865,41,0.004720539852261705
2026-03-07,2026-04-17,6825.0,6740.02,152.5,156.3,0.2134039384269714,220.8,225.2,0.195671495513916,6756.4,0.010102137246970514,41,0.004699350093706122
2026-03-07,2026-04-17,6830.0,6740.02,147.6,152.8,0.2118246695518493,220.6,227.0,0.1943935847091674,6756.4,0.010834469758645729,41,0.004633934297184649
2026-03-07,2026-04-17,6835.0,6740.02,146.6,150.4,0.2114412963104247,222.7,229.0,0.1933102215194702,6757.65,0.011381273695540787,41,0.004600531122335447
2026-03-07,2026-04-17,6840.0,6740.02,141.8,146.9,0.2098105295372009,224.8,231.0,0.1921963410568237,6756.45,0.012290127447048368,41,0.004538349646710161
2026-03-07,2026-04-17,6845.0,6740.02,138.9,144.9,0.2098238808441162,226.8,233.1,0.1911663830947876,6756.95,0.012946853931362414,41,0.004515425248442096
2026-03-07,2026-04-17,6850.0,6740.02,138.1,141.7,0.2084734915161132,229.0,235.2,0.1901059078598022,6757.8,0.013551258974565123,41,0.004461292494439371
2026-03-07,2026-04-17,6855.0,6740.02,133.2,139.1,0.2077677795791626,231.0,237.3,0.189016822681427,6757.0,0.01439930844424022,41,0.004421204687832099
2026-03-07,2026-04-17,6860.0,6740.02,132.2,136.0,0.2064746101379393,235.4,239.2,0.1876702480125427,6756.8,0.015158036540251748,41,0.0043625732448390455
2026-03-07,2026-04-17,6865.0,6740.02,127.5,133.5,0.2058280254173278,237.6,241.3,0.1865182209587097,6756.05,0.015997639472873765,41,0.004322848396479466
2026-03-07,2026-04-17,6870.0,6740.02,126.6,130.3,0.204367010974884,237.6,243.9,0.1859021535110473,6757.7,0.016481510759409266,41,0.00427719921280166
2026-03-07,2026-04-17,6875.0,6740.02,122.0,127.8,0.2036670210266113,241.9,245.8,0.1844563977050781,6756.05,0.017453243805574496,41,0.004230295421155443
2026-03-07,2026-04-17,6880.0,6740.02,119.3,125.0,0.2025989164733886,242.0,248.3,0.1836648559379577,6757.0,0.018039647375214723,41,0.004189854641763848
2026-03-07,2026-04-17,6885.0,6740.02,116.6,122.4,0.2017310815238952,246.4,250.3,0.1822667833709716,6756.15,0.018891930994857625,41,0.004140841623285254
2026-03-07,2026-04-17,6890.0,6740.02,113.9,119.6,0.2006057570838927,246.6,252.9,0.1815229248428344,6757.0,0.019492080455529602,41,0.004100627062735184
2026-03-07,2026-04-17,6895.0,6740.02,111.2,117.1,0.1997932346916199,251.1,255.2,0.1804014150619506,6756.0,0.02036551229971149,41,0.004059223862843044
2026-03-07,2026-04-17,6900.0,6740.02,110.8,114.1,0.1983760888290405,253.4,257.2,0.178894624710083,6757.15,0.020920208078746064,41,0.00399702797470349
2026-03-07,2026-04-17,6905.0,6740.02,107.8,111.5,0.1973880921173095,255.8,259.5,0.1776987290763854,6757.0,0.021666782291217795,41,0.003950887027918373
2026-03-07,2026-04-17,6910.0,6740.02,105.3,108.9,0.1963714854621887,258.2,262.3,0.1770559590148925,6756.85,0.022412832656775527,41,0.003916007060161661
2026-03-07,2026-04-17,6915.0,6740.02,102.7,106.3,0.195320546875,260.5,264.4,0.1755491686630249,6757.05,0.02310656084045216,41,0.0038625467000229286
2026-03-07,2026-04-17,6920.0,6740.02,100.2,103.8,0.1943554381179809,263.1,266.8,0.1743589950180054,6757.05,0.02382936535330893,41,0.0038177833296674383
2026-03-07,2026-04-17,6925.0,6740.02,95.9,101.1,0.1931233032226562,265.6,269.3,0.1732489292144775,6756.05,0.024699652326341606,41,0.003769433644342283
2026-03-07,2026-04-17,6930.0,6740.02,95.3,98.8,0.1923298541259765,268.0,271.8,0.1720969021606445,6757.15,0.025258609677344286,41,0.0037295077319185743
2026-03-07,2026-04-17,6935.0,6740.02,91.0,96.7,0.1917423966217041,270.6,274.3,0.170906728515625,6756.4,0.026090849942741978,41,0.0036932122647107372
2026-03-07,2026-04-17,6940.0,6740.02,90.4,94.0,0.1904072659301758,273.1,276.9,0.1697947553825378,6757.2,0.026693171452277058,41,0.0036435379058002387
2026-03-07,2026-04-17,6945.0,6740.02,86.3,91.9,0.1897568665504456,275.7,279.5,0.1686427283287048,6756.5,0.027516971710303484,41,0.0036071651054733595
2026-03-07,2026-04-17,6950.0,6740.02,86.1,89.2,0.1883473500061035,278.4,282.1,0.1674468326950073,6757.4,0.02810345888991131,41,0.003554910628905484
2026-03-07,2026-04-17,6955.0,6740.02,83.4,86.9,0.1873879632377624,281.0,286.8,0.1688449052619934,6756.25,0.02899282297002493,41,0.003563682274371326
2026-03-07,2026-04-17,6960.0,6740.02,79.4,84.7,0.186514406299591,283.7,287.4,0.1650435974502563,6756.5,0.02967446985032452,41,0.0034707631712490986
2026-03-07,2026-04-17,6965.0,6740.02,78.9,82.3,0.1853585645866393,286.5,291.1,0.1651160759735107,6756.8,0.030348202034227004,41,0.00344940508267563
2026-03-07,2026-04-17,6970.0,6740.02,74.9,80.2,0.1845365055465698,289.0,292.9,0.1627071187400818,6756.6,0.031095419823534542,41,0.0033860983006280135
2026-03-07,2026-04-17,6975.0,6740.02,74.5,77.9,0.1834302544021606,292.0,295.7,0.1615322037315368,6757.35,0.031701526343601655,41,0.003341755478347507
2026-03-07,2026-04-17,6980.0,6740.02,70.6,76.0,0.182789391670227,292.6,301.2,0.1638705897712708,6756.4,0.03255871295022815,41,0.0033747252411327417
2026-03-07,2026-04-17,6985.0,6740.02,70.2,73.6,0.1814771489334106,295.5,301.9,0.1598346804237365,6758.2,0.033008410300135176,41,0.0032714002460438453
2026-03-07,2026-04-17,6990.0,6740.02,68.1,71.4,0.1803785271072387,298.4,306.7,0.16121177236557,6757.2,0.03387195317928288,41,0.0032767405756512664
2026-03-07,2026-04-17,6995.0,6740.02,64.4,69.7,0.1798864360809326,301.3,307.7,0.157410464553833,6757.55,0.03453520979026322,41,0.0031948884700620382
2026-03-07,2026-04-17,7000.0,6740.02,64.5,67.3,0.178444494934082,304.4,310.9,0.1565311856269836,6758.25,0.03514616825419395,41,0.0031510664173022675
2026-03-07,2026-04-17,7005.0,6740.02,62.0,65.3,0.1774832008361816,298.0,321.9,0.1663730061531067,6758.7,0.03579361591990058,41,0.0033203566674571724
2026-03-07,2026-04-17,7010.0,6740.02,60.0,63.4,0.1766134585571289,310.2,316.7,0.153773187084198,6758.25,0.036573720245379464,41,0.003065321068728244
2026-03-07,2026-04-17,7015.0,6740.02,56.6,61.7,0.1759745031547546,304.1,327.9,0.1640784886932373,6758.15,0.037301529592700416,41,0.0032473133752435527
2026-03-07,2026-04-17,7020.0,6740.02,56.2,59.5,0.1746183918380737,316.3,322.7,0.1510514278030396,6758.35,0.037984440616148175,41,0.0029784206085123875
2026-03-07,2026-04-17,7025.0,6740.02,52.9,58.0,0.1741720767211914,319.8,326.3,0.1504849509239197,6757.4,0.038837014533019985,41,0.002959924390118969
2026-03-07,2026-04-17,7030.0,6740.02,52.6,55.8,0.1727186915969848,322.7,329.2,0.1488160375595092,6758.25,0.03942272502145426,41,0.0029032656604132453
2026-03-07,2026-04-17,7035.0,6740.02,49.3,54.3,0.1721960832977295,316.6,340.4,0.1595733762741088,6758.3,0.04012631142763951,41,0.0030910342099234084
2026-03-07,2026-04-17,7040.0,6740.02,49.1,52.2,0.1707846594238281,319.8,343.6,0.1584194418907165,6758.95,0.04074061762311143,41,0.003043417091243147
2026-03-07,2026-04-17,7045.0,6740.02,47.4,50.5,0.1698920291900635,323.0,346.9,0.1573589666557312,6759.0,0.04144319523242655,41,0.0030074121818935875
2026-03-07,2026-04-17,7050.0,6740.02,46.2,48.8,0.168953623046875,335.6,342.1,0.1433915922927856,6758.65,0.04220445085484386,41,0.002739685531074478
2026-03-07,2026-04-17,7055.0,6740.02,42.7,47.5,0.1685568984985352,329.6,353.5,0.1550682638549805,6758.55,0.04292821529910519,41,0.0029411390918095306
2026-03-07,2026-04-17,7060.0,6740.02,41.1,45.9,0.1676795269012451,333.0,356.8,0.1538284996414184,6758.6,0.04362928349028287,41,0.0029027834632778626
2026-03-07,2026-04-17,7065.0,6740.02,39.6,44.3,0.166754472064972,345.8,352.3,0.1393842928886413,6757.9,0.04444082523117445,41,0.0026318895066440207
2026-03-07,2026-04-17,7070.0,6740.02,38.1,42.7,0.1657798266601562,339.8,363.7,0.1516426999664306,6758.65,0.04503731393914791,41,0.002829479093705653
2026-03-07,2026-04-17,7075.0,6740.02,36.6,41.2,0.1649138990402222,343.3,367.2,0.1505402634811401,6758.65,0.04574427755996793,41,0.0027944962155713807
2026-03-07,2026-04-17,7080.0,6740.02,36.5,39.4,0.1635196411323547,346.8,370.7,0.1493691631317138,6759.2,0.046369367849130386,41,0.002749229833688864
2026-03-07,2026-04-17,7085.0,6740.02,35.1,38.0,0.1627052114105225,350.4,374.2,0.1481293989181518,6759.25,0.04706793598837858,41,0.0027132495576063912
2026-03-07,2026-04-17,7090.0,6740.02,33.7,36.6,0.1618392837905883,354.0,377.8,0.1469945378303528,6759.25,0.047773403389770874,41,0.002678432537299182
2026-03-07,2026-04-17,7095.0,6740.02,31.1,35.6,0.1615875162887572,367.1,373.6,0.130593410949707,6758.0,0.04866332231990782,41,0.002397368125971971
2026-03-07,2026-04-17,7100.0,6740.02,29.8,34.2,0.1606300368499756,370.7,377.3,0.1290599179840087,6758.0,0.04936779575517161,41,0.002356665114520788
2026-03-07,2026-04-17,7105.0,6740.02,29.6,32.7,0.1594436778640747,374.4,381.0,0.1274081705856323,6758.45,0.05000518772597698,41,0.0023107145899449047
2026-03-07,2026-04-17,7110.0,6740.02,26.9,31.7,0.1590660266113281,369.3,393.3,0.1438379074096679,6758.0,0.05077525552305125,41,0.002576563371959748
2026-03-07,2026-04-17,7115.0,6740.02,27.2,30.2,0.1577652278518677,373.1,397.1,0.1427469149017333,6758.6,0.05138946352694777,41,0.002536033880573142
2026-03-07,2026-04-17,7120.0,6740.02,24.5,30.0,0.1587341512680053,377.0,401.0,0.1417818061447143,6758.25,0.052143744622765144,41,0.0025360982651007015
2026-03-07,2026-04-17,7125.0,6740.02,25.0,27.9,0.1562317348861694,380.8,404.8,0.140534412612915,6758.65,0.0527865601853807,41,0.002473202738602315
2026-03-07,2026-04-17,7130.0,6740.02,23.9,26.8,0.1554764323806762,384.7,408.7,0.1394129028320312,6758.65,0.05348806845687114,41,0.00244201953486979
2026-03-07,2026-04-17,7135.0,6740.02,22.8,25.8,0.1548622722625733,388.7,412.7,0.1384325354385376,6758.6,0.05419648291393174,41,0.002415681926850477
2026-03-07,2026-04-17,7140.0,6740.02,20.9,24.8,0.1542023362350463,392.7,416.7,0.1373720602035522,6758.15,0.054963592389769195,41,0.0023874251883560637
2026-03-07,2026-04-17,7145.0,6740.02,20.9,23.8,0.1534889949798584,396.7,420.7,0.1362276624679565,6758.65,0.05558964541249736,41,0.0023570995929535045
2026-03-07,2026-04-17,7150.0,6740.02,19.0,22.8,0.1527184338378906,400.7,424.7,0.1349878982543945,6758.2,0.05635577429712635,41,0.0023245015579218126
2026-03-07,2026-04-17,7155.0,6740.02,19.0,21.9,0.1521004590606689,403.9,427.8,0.1313334548187255,6759.6,0.05684769630188268,41,0.0022559767979566238
2026-03-07,2026-04-17,7160.0,6740.02,18.1,21.0,0.1514328937149048,408.9,432.9,0.1327258053970337,6758.65,0.05768681500322074,41,0.0022675293270688745
2026-03-07,2026-04-17,7170.0,6740.02,16.5,19.3,0.1501549829101562,417.2,441.2,0.1303263848114013,6758.7,0.05907509074245929,41,0.0022092203446556014
2026-03-07,2026-04-17,7175.0,6740.02,15.7,18.5,0.1495484521102905,421.4,445.4,0.1291133232116699,6758.7,0.05977219777661512,41,0.002180649168526751
2026-03-07,2026-04-17,7180.0,6740.02,14.9,17.7,0.148884701423645,425.6,449.6,0.1277781925201415,6758.7,0.06046881919106314,41,0.002149477145410538
2026-03-07,2026-04-17,7190.0,6740.02,13.5,16.2,0.147633493232727,433.2,457.0,0.121178832244873,6759.75,0.06170526461046348,41,0.002029221040736769
2026-03-07,2026-04-17,7200.0,6740.02,12.5,14.9,0.1466645698165893,441.8,465.6,0.1177303804016113,6760.0,0.06305813596713701,41,0.001963076902559093
2026-03-07,2026-04-17,7210.0,6740.02,11.0,13.7,0.1457604956054687,451.6,475.6,0.1196911151885986,6758.75,0.06463098958278007,41,0.001978799222328606
2026-03-07,2026-04-17,7220.0,6740.02,9.9,12.5,0.1446466151428223,459.3,483.2,0.1098492946624755,6759.95,0.0658394593269202,41,0.0018188321180908746
2026-03-07,2026-04-17,7225.0,6740.02,8.7,11.7,0.1434259242248535,463.8,487.6,0.1070264469146728,6759.5,0.0665983111761729,41,0.0017614945195793506
2026-03-07,2026-04-17,7230.0,6740.02,8.2,11.2,0.1430063117218017,468.3,492.1,0.1043790734863281,6759.5,0.06729011334835033,41,0.0017186169050668258
2026-03-07,2026-04-17,7240.0,6740.02,7.3,10.2,0.1420221296691894,477.3,501.1,0.0969481175231933,6759.55,0.06866488660584039,41,0.001603683521075841
2026-03-07,2026-04-17,7250.0,6740.02,6.5,9.3,0.1411447580718994,487.6,511.6,0.1036161416625976,6758.3,0.07023008972787047,41,0.001682345081912644
2026-03-07,2026-04-17,7260.0,6740.02,5.8,8.5,0.1404047142028808,496.8,520.8,0.0963377720642089,6758.35,0.07160105141513318,41,0.0015739227376444175
2026-03-07,2026-04-17,7270.0,6740.02,5.2,7.8,0.1398401446533203,506.1,530.1,0.082467671508789,6758.4,0.07297011589573209,41,0.0013878434042448036
2026-03-07,2026-04-17,7275.0,6740.02,5.2,7.8,0.1408319560241699,510.7,534.7,1.0000000000000004e-05,6758.8,0.07359845355319845,41,0.0005570511778392347
2026-03-07,2026-04-17,7280.0,6740.02,4.9,7.4,0.1402826451110839,515.4,539.4,1.0000000000000004e-05,6758.75,0.07429290049451705,41,0.0005527144364129081
2026-03-07,2026-04-17,7290.0,6740.02,4.0,6.5,0.1385584191894531,524.8,548.8,1.0000000000000004e-05,6758.45,0.07570997219747982,41,0.0005392119716871398
2026-03-07,2026-04-17,7300.0,6740.02,3.6,6.0,0.1382913930511475,539.0,551.9,1.0000000000000004e-05,6759.35,0.07694761656870391,41,0.0005371358137776764
2026-03-07,2026-04-17,7310.0,6740.02,3.2,5.5,0.1378641512298584,543.8,567.8,1.0000000000000004e-05,6758.55,0.0784349037560151,41,0.0005338222908708963
2026-03-07,2026-04-17,7320.0,6740.02,2.85,5.0,0.1372614350891113,553.3,577.3,1.0000000000000004e-05,6758.625,0.07979086097427825,41,0.0005291652894167041
2026-03-07,2026-04-17,7325.0,6740.02,2.65,4.8,0.137154624633789,558.1,582.1,1.0000000000000004e-05,6758.625,0.08047368790418914,41,0.000528342126224697
2026-03-07,2026-04-17,7330.0,6740.02,2.5,4.7,0.1375360905456543,561.6,585.4,1.0000000000000004e-05,6760.1,0.08093783305369301,41,0.0005312849369863881
2026-03-07,2026-04-17,7340.0,6740.02,2.2,4.3,0.137154624633789,448.9,459.2,1.0000000000000004e-05,6889.2,0.06338387464696985,41,0.000528342126224697
2026-03-07,2026-04-17,7350.0,6740.02,1.95,4.0,0.1372004005432129,580.8,604.6,1.0000000000000004e-05,6760.275,0.08363674352392797,41,0.000528694831990675
2026-03-07,2026-04-17,7360.0,6740.02,1.75,3.7,0.1371164780426025,593.6,490.9,1.0000000000000004e-05,6820.475,0.0761308152168883,41,0.0005280482946541796
2026-03-07,2026-04-17,7375.0,6740.02,1.45,3.3,0.1370935900878906,606.5,630.5,1.0000000000000004e-05,6758.875,0.08723944613871855,41,0.0005278720349414532
2026-03-07,2026-04-17,7380.0,6740.02,1.35,3.2,0.1372461764526367,401.4,407.6,1.0000000000000004e-05,6977.775,0.05604354056369868,41,0.0005290476554454049
2026-03-07,2026-04-17,7390.0,6740.02,1.2,3.0,0.1375055732727051,621.1,645.1,1.0000000000000004e-05,6759.0,0.08925278484189333,41,0.0005310492113653081
2026-03-07,2026-04-17,7400.0,6740.02,1.05,2.85,0.1380701428222656,629.5,653.3,1.0000000000000004e-05,6760.55,0.09037575251812799,41,0.0005354186024071972
2026-03-07,2026-04-17,7410.0,6740.02,1.0,2.75,0.138955143737793,640.7,664.7,1.0000000000000004e-05,6759.175,0.09192959812090112,41,0.0005423039439292358
2026-03-07,2026-04-17,7420.0,6740.02,0.8,2.5,0.1385584191894531,649.6,667.1,1.0000000000000004e-05,6763.3,0.09266812055804532,41,0.0005392119716871398
2026-03-07,2026-04-17,7425.0,6740.02,0.85,2.55,0.1397943687438965,655.4,679.4,1.0000000000000004e-05,6759.3,0.09393335029145067,41,0.0005488737824075719
2026-03-07,2026-04-17,7430.0,6740.02,0.8,2.45,0.1397485928344726,660.4,684.4,1.0000000000000004e-05,6759.225,0.09461762021744607,41,0.000548514407612293
2026-03-07,2026-04-17,7440.0,6740.02,0.7,2.35,0.1404810073852539,670.2,694.2,1.0000000000000004e-05,6759.325,0.09594781584668359,41,0.000554278526987029
2026-03-07,2026-04-17,7450.0,6740.02,0.55,2.15,0.1402368692016601,680.1,704.1,1.0000000000000004e-05,6759.25,0.09730209523720292,41,0.0005523538062709383
2026-03-07,2026-04-17,7460.0,6740.02,0.5,2.05,0.1408472146606445,688.5,712.3,1.0000000000000004e-05,6760.875,0.09840309466733249,41,0.0005571718847946236
2026-03-07,2026-04-17,7470.0,6740.02,0.45,2.05,0.1424341128540039,699.8,723.8,1.0000000000000004e-05,6759.45,0.0999534733465802,41,0.0005697968059981727
2026-03-07,2026-04-17,7475.0,6740.02,0.45,2.0,0.1427087683105468,704.7,728.7,1.0000000000000004e-05,6759.525,0.100611497962857,41,0.0022876643689349217
2026-03-07,2026-04-17,7480.0,6740.02,0.4,1.95,0.1429681651306152,708.2,732.0,1.0000000000000004e-05,6761.075,0.10105089090579741,41,0.0022959883448586548
2026-03-07,2026-04-17,7490.0,6740.02,0.3,1.8,0.1429071305847168,718.1,741.9,1.0000000000000004e-05,6761.05,0.10239059409221615,41,0.00229402840232945
2026-03-07,2026-04-17,7500.0,6740.02,0.25,1.75,0.1438684246826171,728.0,751.8,1.0000000000000004e-05,6761.1,0.10371742183167212,41,0.002324994708073897
2026-03-07,2026-04-17,7525.0,6740.02,0.2,1.65,0.1465234274291992,753.9,771.3,1.0000000000000004e-05,6763.325,0.10671617760014099,41,0.0024115991950947723
2026-03-07,2026-04-17,7550.0,6740.02,0.1,1.45,0.1477136010742187,557.5,562.7,1.0000000000000004e-05,6990.675,0.0769704451538559,41,0.0006128169554025556
2026-03-07,2026-04-17,7575.0,6740.02,0.0,1.35,0.1500023965454102,803.8,827.8,1.0000000000000004e-05,6759.875,0.11384895263578351,41,0.0025274780212165096
2026-03-07,2026-04-17,7600.0,6740.02,0.0,1.3,0.152901537475586,827.1,850.9,1.0000000000000004e-05,6761.65,0.11688130418054613,41,0.0026261207853652577
2026-03-07,2026-04-17,7625.0,6740.02,0.0,1.2,0.1549461947631836,853.4,877.4,1.0000000000000004e-05,6760.2,0.12037984707743726,41,0.002696825353795089
2026-03-07,2026-04-17,7650.0,6740.02,0.0,1.15,0.157662232055664,879.8,897.0,1.0000000000000004e-05,6762.175,0.12336106397044529,41,0.0027921987838020156
2026-03-07,2026-04-17,7675.0,6740.02,0.0,1.05,0.1594017166137695,903.1,927.1,1.0000000000000004e-05,6760.425,0.12688253557212734,41,0.0028541512264002077
2026-03-07,2026-04-17,7700.0,6740.02,0.0,1.05,0.1628501684570312,709.9,716.7,1.0000000000000004e-05,6987.225,0.09713684714573234,41,0.000744836173468463
2026-03-07,2026-04-17,7725.0,6740.02,0.0,1.0,0.1653525848388672,952.8,976.8,1.0000000000000004e-05,6760.7,0.13333538779404036,41,0.00307123443788681
2026-03-07,2026-04-17,7775.0,6740.02,0.0,0.9,0.1700522448730469,1002.5,1026.5,1.0000000000000004e-05,6760.95,0.13975004533981936,41,0.0032482970012078657
2026-03-07,2026-04-17,7800.0,6740.02,0.0,0.9,0.1734091448974609,1027.4,1051.4,1.0000000000000004e-05,6761.05,0.1429455302586341,41,0.0033778081997172934
2026-03-07,2026-04-17,7875.0,6740.02,0.0,0.8,0.1808858767700195,1102.0,1126.0,1.0000000000000004e-05,6761.4,0.15246321550747516,41,0.0036753636082443994
2026-03-07,2026-04-17,7900.0,6740.02,0.0,0.75,0.1828084649658203,1125.9,1143.0,1.0000000000000004e-05,6765.925,0.15496377401184067,41,0.0037539077517521674
2026-03-07,2026-04-17,8000.0,6740.02,0.0,0.7,0.1940388214111328,1231.9,1244.1,1.0000000000000004e-05,6762.35,0.16807107889926717,41,0.004229297624108167
2026-03-07,2026-04-17,8300.0,6740.02,0.0,0.6,0.2268754071044921,1524.8,1548.8,1.0000000000000004e-05,6763.5,0.20471500725544078,41,0.005781836888498603
2026-03-07,2026-04-17,8500.0,6740.02,0.0,0.5,0.2453688745117187,1724.7,1740.6,1.0000000000000004e-05,6767.6,0.2279196445937665,41,0.006762852788342603
2026-03-07,2026-04-17,8600.0,6740.02,0.0,0.5,0.2563550927734375,1595.7,1604.5,1.0000000000000004e-05,7000.15,0.20583062586230885,41,0.00738201445815339
2026-03-07,2026-04-17,8800.0,6740.02,0.0,0.45,0.2751537329101562,2020.9,2044.7,1.0000000000000004e-05,6767.424999999999,0.2626310614182691,41,0.008504363414000375
2026-03-07,2026-04-17,9000.0,6740.02,0.0,0.45,0.2957834094238281,2221.5,2245.5,1.0000000000000004e-05,6766.725,0.2852073593040902,41,0.009827399553166413
2026-03-07,2026-04-17,9400.0,6740.02,0.0,0.4,0.3317937915039062,2377.1,2388.6,1.0000000000000004e-05,7017.35,0.2923240353841036,41,0.012365950474800111
2026-03-07,2026-04-17,9600.0,6740.02,0.0,0.4,0.3505924316406249,2817.2,2841.0,1.0000000000000004e-05,6771.1,0.3490995432121129,41,0.013806896378277088
2026-03-07,2026-04-17,9800.0,6740.02,0.0,0.4,0.3689027954101562,3017.8,3041.8,1.0000000000000004e-05,6770.4,0.3698222163027671,41,0.01528674019429734
2026-03-07,2026-04-17,10000.0,6740.02,0.0,0.4,0.3867248828124999,3216.8,3240.8,1.0000000000000004e-05,6771.4,0.3898772327665127,41,0.01679945625873976
2026-03-07,2026-04-17,10400.0,6740.02,0.0,0.35,0.4163876721191406,3464.6,3486.9,1.0000000000000004e-05,6924.425,0.40675079001228753,41,0.019475414885492256
2026-03-07,2026-04-17,11200.0,6740.02,0.0,0.35,0.4797415307617187,4211.2,4233.3,1.0000000000000004e-05,6977.925,0.4731621836595755,41,0.025852683259839672
2026-03-07,2026-04-17,11600.0,6740.02,0.0,0.1,0.4643608251953125,4809.4,4833.4,1.0000000000000004e-05,6778.650000000001,0.5372271310302946,41,0.02422156168498338
2026-03-07,2026-04-17,12000.0,6740.02,0.0,0.1,0.4907277490234375,5207.6,5231.6,1.0000000000000004e-05,6780.45,0.5708631783567828,41,0.027050308685276726
2026-03-07,2026-04-24,5750.0,6740.02,1038.4,1062.2,0.4147778859710693,42.2,45.1,0.3589122031784058,6756.650000000001,-0.16132735028394174,48,0.016940445315994812
2026-03-07,2026-04-24,6150.0,6740.02,674.6,698.5,0.3409127341270447,76.3,79.6,0.2992776371765136,6758.6,-0.09436368619644135,48,0.01347431380306152
2026-03-07,2026-04-24,6200.0,6740.02,631.2,655.0,0.3321371108245849,82.6,85.9,0.2919611209869384,6758.85,-0.08630346518886499,48,0.012805433521652709
2026-03-07,2026-04-24,6300.0,6740.02,546.0,569.9,0.3149387201881408,96.9,100.3,0.2772708687210082,6759.35,-0.07037709818815453,48,0.011530264017400873
2026-03-07,2026-04-24,6350.0,6740.02,510.6,519.8,0.2960466209030151,105.0,108.5,0.2698551713943481,6758.45,-0.06233876091848667,48,0.010528597430971004
2026-03-07,2026-04-24,6500.0,6740.02,393.4,397.3,0.2686077778625488,134.1,137.8,0.2470015486145019,6759.4,-0.039131951817660694,48,0.008740371864661409
2026-03-07,2026-04-24,6525.0,6740.02,374.1,378.0,0.2644002088546752,139.6,143.4,0.2430037858581543,6759.55,-0.03531536658302758,48,0.008464399359469712
2026-03-07,2026-04-24,6550.0,6740.02,355.1,359.1,0.2603356895637512,145.4,149.4,0.2391280921936034,6759.7,-0.03151346072472378,48,0.00820155844232411
2026-03-07,2026-04-24,6575.0,6740.02,336.4,340.3,0.2560728079986573,151.6,155.5,0.2350292409706115,6759.8,-0.027718725754559605,48,0.007929245671292518
2026-03-07,2026-04-24,6600.0,6740.02,318.0,321.9,0.2519148295593261,157.9,162.0,0.2310124049186706,6760.0,-0.023953241022492872,48,0.007667464563306279
2026-03-07,2026-04-24,6650.0,6740.02,281.9,285.9,0.2434272130203247,171.8,175.7,0.2226201548576354,6760.15,-0.016428224490042314,48,0.007140826819922454
2026-03-07,2026-04-24,6675.0,6740.02,264.3,268.4,0.2391624241256713,179.1,183.1,0.2184125858497619,6760.25,-0.012690667333253719,48,0.006883558019310174
2026-03-07,2026-04-24,6700.0,6740.02,247.1,251.1,0.2347240682411194,186.3,190.7,0.2139952105903625,6760.6,-0.00900411711569741,48,0.006619692861206964
2026-03-07,2026-04-24,6710.0,6740.02,240.3,244.4,0.2330627841949462,189.8,193.9,0.2122709846687317,6760.5,-0.007497900833085225,48,0.006520180789818993
2026-03-07,2026-04-24,6720.0,6740.02,233.6,237.6,0.2312336551475525,193.0,197.1,0.2104761875534057,6760.55,-0.00601609315693784,48,0.006414495949772227
2026-03-07,2026-04-24,6725.0,6740.02,230.2,234.4,0.2304974259376526,194.6,198.7,0.2095511327171325,6760.65,-0.005287113790638993,48,0.006366336459424235
2026-03-07,2026-04-24,6740.0,6740.02,220.3,224.4,0.2277832959747314,199.6,203.7,0.2068675200271606,6760.7,-0.0030665100655532297,48,0.006211112280036512
2026-03-07,2026-04-24,6750.0,6740.02,213.7,217.9,0.2260552553939819,203.0,207.1,0.2050517422866821,6760.75,-0.0015913257618613654,48,0.006110243620248855
2026-03-07,2026-04-24,6775.0,6740.02,197.6,201.7,0.2214757571220398,211.7,215.9,0.2004684293556213,6760.85,0.002090744970487914,48,0.005853267830212445
2026-03-07,2026-04-24,6780.0,6740.02,194.5,198.5,0.2205449802970886,213.0,217.7,0.1995300232124328,6761.15,0.002784108022720815,48,0.005801523569540529
2026-03-07,2026-04-24,6790.0,6740.02,188.2,192.3,0.2188302910232544,217.2,221.4,0.1976932648468017,6760.95,0.004287528845126242,48,0.005703842386672955
2026-03-07,2026-04-24,6800.0,6740.02,182.0,186.1,0.2170374012374877,221.0,225.1,0.1957687693214416,6761.0,0.005751804073520262,48,0.0056024855162146135
2026-03-07,2026-04-24,6810.0,6740.02,175.8,179.9,0.2151663109397888,224.7,228.9,0.1938557177734375,6761.05,0.007213916724508969,48,0.005500241752526574
2026-03-07,2026-04-24,6820.0,6740.02,169.7,173.8,0.213314293937683,228.6,232.8,0.1919541102027893,6761.05,0.008681268418458817,48,0.00539975274721858
2026-03-07,2026-04-24,6825.0,6740.02,166.7,170.8,0.2124083123970031,230.5,234.7,0.1909165229225158,6761.15,0.009399347141440039,48,0.005348085132674532
2026-03-07,2026-04-24,6830.0,6740.02,163.7,167.8,0.2114832575607299,232.4,236.7,0.1899571361541748,6761.2,0.01012428448881303,48,0.005298226510881458
2026-03-07,2026-04-24,6840.0,6740.02,157.8,161.8,0.2095644840240478,236.6,240.7,0.1879658840942382,6761.15,0.011594737704875555,48,0.005195519788808547
2026-03-07,2026-04-24,6850.0,6740.02,152.0,156.0,0.2077658722496032,240.7,244.8,0.185976539363861,6761.25,0.013040868070634317,48,0.005096978192981479
2026-03-07,2026-04-24,6860.0,6740.02,146.2,150.3,0.2059787044525146,245.0,249.0,0.1839871946334838,6761.25,0.014499657534294105,48,0.004999673505203872
2026-03-07,2026-04-24,6870.0,6740.02,140.6,144.6,0.2041018921661376,248.8,253.3,0.181994035243988,6761.55,0.015911952521477833,48,0.004900933649184164
2026-03-07,2026-04-24,6875.0,6740.02,137.8,141.8,0.2031806519889831,251.4,255.4,0.1809049500656127,6761.4,0.016661674348413445,48,0.0048500301273087555
2026-03-07,2026-04-24,6890.0,6740.02,129.5,133.5,0.2003749702072143,258.0,262.1,0.1778818327140807,6761.45,0.0188337209304756,48,0.004703941116369514
2026-03-07,2026-04-24,6900.0,6740.02,124.1,128.1,0.1985210458755493,262.6,266.6,0.1757551602554321,6761.5,0.020276652671936155,48,0.004605457922492085
2026-03-07,2026-04-24,6910.0,6740.02,118.9,122.8,0.1966709362030029,267.2,271.3,0.1737200396156311,6761.6,0.021710089339977885,48,0.004510338903053586
2026-03-07,2026-04-24,6920.0,6740.02,113.7,117.6,0.1948246411895751,271.9,276.0,0.1715571278953552,6761.7,0.0231414319003809,48,0.004413225229078461
2026-03-07,2026-04-24,6925.0,6740.02,111.1,115.1,0.1939682502174377,274.4,278.4,0.170479486694336,6761.7,0.02386371434420499,48,0.004366755713099618
2026-03-07,2026-04-24,6930.0,6740.02,108.6,112.5,0.1929764388465881,276.9,280.9,0.1694781386756897,6761.65,0.024592870090072654,48,0.004319122874526671
2026-03-07,2026-04-24,6940.0,6740.02,103.7,107.5,0.191128236503601,282.0,285.8,0.1672618217277527,6761.7,0.026027436789515978,48,0.0042227978248462385
2026-03-07,2026-04-24,6950.0,6740.02,98.8,102.6,0.189274312171936,287.0,290.9,0.1651256126213074,6761.75,0.027459927284725405,48,0.004129292274853366
2026-03-07,2026-04-24,6960.0,6740.02,94.1,97.9,0.1875271982955932,292.2,296.1,0.1629531642532349,6761.85,0.028882953092833494,48,0.004038459765447385
2026-03-07,2026-04-24,6970.0,6740.02,89.5,93.2,0.1856599226570129,297.5,301.4,0.1607406619644165,6761.9,0.030311309120194932,48,0.003944987343322786
2026-03-07,2026-04-24,6975.0,6740.02,87.2,90.9,0.184736775150299,300.2,304.1,0.1596305961608886,6761.9,0.03102841205519182,48,0.0038988127043433638
2026-03-07,2026-04-24,6980.0,6740.02,85.0,88.7,0.1838975501441955,302.9,306.8,0.158480476436615,6762.0,0.0317302124885868,48,0.003853897416505321
2026-03-07,2026-04-24,6990.0,6740.02,80.6,84.0,0.1817765996742248,308.1,312.3,0.1561668856811523,6762.1,0.03314706354526838,48,0.003754711209670355
2026-03-07,2026-04-24,7000.0,6740.02,76.3,79.9,0.180222126083374,312.0,321.3,0.1580093660354614,6761.45,0.03467278496022188,48,0.003761113718167687
2026-03-07,2026-04-24,7010.0,6740.02,72.1,75.8,0.1785398614120483,317.3,326.3,0.1547821644210815,6762.15,0.03599681422068097,48,0.0036527202051123827
2026-03-07,2026-04-24,7025.0,6740.02,66.2,69.7,0.1758238241195678,326.4,336.1,0.1524971836090088,6761.7,0.03820087749061232,48,0.0035439348202490313
2026-03-07,2026-04-24,7050.0,6740.02,56.8,60.3,0.1715285179519653,341.9,350.9,0.1456613144683838,6762.15,0.04168672999835954,48,0.0033077059657265467
2026-03-07,2026-04-24,7075.0,6740.02,48.3,51.7,0.1673362075805664,349.3,373.1,0.1483201318740845,6763.8,0.0449825812328978,48,0.0032758002620682665
2026-03-07,2026-04-24,7100.0,6740.02,40.6,43.9,0.1632430783462524,366.4,390.2,0.1425294793319702,6763.95,0.04848774511395231,48,0.0030738692721889956
2026-03-07,2026-04-24,7125.0,6740.02,33.8,37.0,0.1594207899093627,384.4,408.2,0.136540464515686,6764.1,0.05198051107627502,48,0.002879771971096386
2026-03-07,2026-04-24,7150.0,6740.02,27.8,31.0,0.1559456354522705,403.2,427.0,0.1300441000366211,6764.3,0.05545357419895429,48,0.0026889905360549977
2026-03-07,2026-04-24,7175.0,6740.02,22.7,25.8,0.1527413217926025,422.9,446.7,0.1230098686218261,6764.45,0.05892180414103191,48,0.0024999030909032692
2026-03-07,2026-04-24,7300.0,6740.02,6.9,9.9,0.1420068710327148,531.3,555.1,1.0000000000000004e-05,6765.2,0.07608252303659557,48,0.0006630835613563645
2026-03-07,2026-04-30,2800.0,6740.02,3934.5,3954.9,0.9526371923828124,1.6,3.1,0.8801281518554687,6742.35,-0.8787891116620773,54,0.1146021381895349
2026-03-07,2026-04-30,3000.0,6740.02,3733.9,3757.7,0.9069223175048828,2.15,3.7,0.835389829711914,6742.875,-0.8098741031696648,54,0.10324743301273819
2026-03-07,2026-04-30,4000.0,6740.02,2961.1,2972.6,1.3565667852973935,7.1,9.0,0.6372869523620606,6958.799999999999,-0.5537126845683674,54,0.06008567567438317
2026-03-07,2026-04-30,4300.0,6740.02,2456.0,2467.8,0.6593356820678712,9.7,11.8,0.5835765519714353,6751.15,-0.4510978380439087,54,0.05038445470845738
2026-03-07,2026-04-30,4500.0,6740.02,2252.6,2276.4,0.6152077053833008,11.8,14.0,0.5478408253479006,6751.6,-0.4057021170563616,54,0.04440273089195868
2026-03-07,2026-04-30,4800.0,6740.02,1960.5,1978.0,0.551533415374756,15.7,18.1,0.501378277282715,6752.35,-0.3412746745292373,54,0.0371904919295153
2026-03-07,2026-04-30,4900.0,6740.02,2096.9,2105.0,1.0088474240493774,17.4,19.8,0.4838918798828125,6982.35,-0.3541503312127452,54,0.03464156979860877
2026-03-07,2026-04-30,5050.0,6740.02,1714.4,1738.3,0.5073405894851685,20.3,22.8,0.4583260344696045,6754.8,-0.29086511998857567,54,0.031077777285266266
2026-03-07,2026-04-30,5150.0,6740.02,1752.7,1761.4,0.7555604583358764,22.6,25.2,0.4418467070770263,6883.15,-0.29007968132601913,54,0.028883122405369367
2026-03-07,2026-04-30,5250.0,6740.02,1520.6,1544.4,0.5011837296676637,25.2,27.9,0.4254894487762451,6755.95,-0.25219552148574215,54,0.026784188041302184
2026-03-07,2026-04-30,5300.0,6740.02,1472.4,1496.2,0.4909451845932007,26.8,29.4,0.4174176300811767,6756.200000000001,-0.24275378126487945,54,0.025777599470519587
2026-03-07,2026-04-30,5350.0,6740.02,1425.7,1443.2,0.4691825543212891,28.4,31.1,0.4096967600250244,6754.7,-0.23314199797102286,54,0.024832815066986664
2026-03-07,2026-04-30,5380.0,6740.02,1395.5,1419.3,0.4747366979980468,29.4,32.2,0.4051535010147094,6756.6,-0.22783143077520476,54,0.024285110703456743
2026-03-07,2026-04-30,5400.0,6740.02,1381.5,1391.9,0.4516961569213867,30.1,32.9,0.4019568166732788,6755.2,-0.22391362510163562,54,0.023903400694208925
2026-03-07,2026-04-30,5450.0,6740.02,1328.5,1352.4,0.4610229984664917,32.0,34.8,0.394174912071228,6757.05,-0.21497079560111657,54,0.022986817837105364
2026-03-07,2026-04-30,5475.0,6740.02,1539.5,1547.1,0.7950498095321654,33.0,35.8,0.3902954037475585,6983.9,-0.24341522429007317,54,0.022536567446765382
2026-03-07,2026-04-30,5500.0,6740.02,1280.9,1304.7,0.4511544753265381,34.1,36.9,0.3865951844024657,6757.3,-0.20587530974769006,54,0.022111274456360352
2026-03-07,2026-04-30,5550.0,6740.02,1467.6,1474.8,0.7684120449066163,36.3,39.2,0.379164228439331,6983.45,-0.2297451362460569,54,0.021269418232634608
2026-03-07,2026-04-30,5600.0,6740.02,1186.0,1209.9,0.431932408027649,38.7,41.5,0.3713441772460937,6757.85,-0.18793819438871023,54,0.020401125727745825
2026-03-07,2026-04-30,5650.0,6740.02,1373.6,1380.9,0.7356631963729858,41.3,44.1,0.3638521867370606,6984.55,-0.21204502171006448,54,0.019586231081754533
2026-03-07,2026-04-30,5675.0,6740.02,1115.4,1139.3,0.4177800226974486,42.6,45.5,0.3601748553466796,6758.3,-0.1747008157712466,54,0.019192328840811193
2026-03-07,2026-04-30,5730.0,6740.02,1069.3,1078.0,0.3897613514709473,45.9,48.7,0.3519542649459838,6756.35,-0.16476727267928115,54,0.018326239586679616
2026-03-07,2026-04-30,5740.0,6740.02,1054.6,1078.5,0.4056722946548461,46.5,49.4,0.3506496515274047,6758.6,-0.16335655768339286,54,0.0181906290911772
2026-03-07,2026-04-30,5750.0,6740.02,1136.3,1151.5,0.5196237918472288,47.1,50.0,0.3491123439025879,6845.35,-0.17436973483724053,54,0.018031477117585137
2026-03-07,2026-04-30,5760.0,6740.02,1041.4,1049.8,0.3841805051803588,47.8,50.6,0.3475597776412963,6756.4,-0.15955272911625296,54,0.017871455199560647
2026-03-07,2026-04-30,5770.0,6740.02,1117.2,1132.3,0.5138255099868774,48.4,51.3,0.3461941296768188,6844.9,-0.17083176890989016,54,0.017731288418699344
2026-03-07,2026-04-30,5775.0,6740.02,1023.6,1041.5,0.391584758529663,48.7,51.6,0.3454006805801391,6757.4,-0.15709994427893226,54,0.017650104185868654
2026-03-07,2026-04-30,5800.0,6740.02,998.9,1022.8,0.3947318523025513,50.4,53.4,0.341967487373352,6758.95,-0.15300963499446607,54,0.0173009730704218
2026-03-07,2026-04-30,5825.0,6740.02,975.8,999.7,0.3902000372695923,52.2,55.1,0.3382062334823608,6759.1,-0.1487307456450374,54,0.01692248395556591
2026-03-07,2026-04-30,5840.0,6740.02,962.0,985.9,0.3875335905456542,53.3,56.2,0.3360395071029663,6759.2,-0.14617374301636232,54,0.016706349912428073
2026-03-07,2026-04-30,5860.0,6740.02,943.6,967.5,0.3839249230194091,54.8,57.7,0.3331441808319092,6759.3,-0.14276973080839145,54,0.016419705320539307
2026-03-07,2026-04-30,6000.0,6740.02,816.5,840.3,0.3592383565330505,66.8,69.9,0.3133308413696288,6760.05,-0.11927081724916824,54,0.014524700472009787
2026-03-07,2026-04-30,6150.0,6740.02,684.0,707.9,0.3340120157814026,83.5,86.7,0.2924780072975158,6760.85,-0.0946965399768502,54,0.014516744141740326
2026-03-07,2026-04-30,6190.0,6740.02,649.5,673.3,0.327336362323761,88.7,92.0,0.2869944348144531,6761.05,-0.08824311674040723,54,0.013958716252653134
2026-03-07,2026-04-30,6200.0,6740.02,640.9,664.7,0.3256674489593505,90.1,93.3,0.2855143470764159,6761.1,-0.08663630665954675,54,0.013815980918833752
2026-03-07,2026-04-30,6225.0,6740.02,619.5,643.4,0.3216258176231383,93.6,96.9,0.2821383737564086,6761.2,-0.08262694674311429,54,0.013482660777245683
2026-03-07,2026-04-30,6250.0,6740.02,598.3,622.2,0.3175384103775024,97.2,100.5,0.2785602235031127,6761.4,-0.07864850545591139,54,0.013142474925324742
2026-03-07,2026-04-30,6260.0,6740.02,589.9,613.7,0.3158294430923461,98.7,102.0,0.2771487996292113,6761.45,-0.07705717898308434,54,0.01300524150850815
2026-03-07,2026-04-30,6270.0,6740.02,581.4,605.3,0.3142139349555969,100.2,103.6,0.2758289275741576,6761.45,-0.07546100945026213,54,0.012876802260003126
2026-03-07,2026-04-30,6300.0,6740.02,556.3,580.2,0.30930828332901,105.0,108.3,0.2715374360656737,6761.6,-0.0707099150421135,54,0.012478503072543076
2026-03-07,2026-04-30,6325.0,6740.02,541.5,550.9,0.2953828702163696,109.1,112.5,0.2680641889381408,6760.4,-0.06657202528835193,54,0.011742136833816976
2026-03-07,2026-04-30,6340.0,6740.02,529.2,538.5,0.2929853569602965,111.6,115.1,0.2659680337524414,6760.5,-0.06421808336754109,54,0.011555589192753695
2026-03-07,2026-04-30,6350.0,6740.02,521.0,530.3,0.2914232540512083,113.4,116.8,0.2644860386848449,6760.55,-0.06264943478739567,54,0.01143006688665489
2026-03-07,2026-04-30,6370.0,6740.02,504.6,514.2,0.2885336497688292,116.9,120.4,0.2616422103118896,6760.75,-0.05953436106222793,54,0.011195512163589157
2026-03-07,2026-04-30,6375.0,6740.02,563.5,575.8,0.3593394449996948,117.8,121.3,0.2609097957611084,6825.1,-0.06822290193384592,54,0.014228967476626744
2026-03-07,2026-04-30,6400.0,6740.02,480.6,489.0,0.2827811438179016,122.5,126.0,0.2573221088600159,6760.55,-0.054806257326369824,54,0.010789330323203002
2026-03-07,2026-04-30,6405.0,6740.02,470.4,494.3,0.2921804638862609,123.3,126.9,0.2565305670928955,6762.25,-0.05427673956383786,54,0.01113597599861868
2026-03-07,2026-04-30,6425.0,6740.02,638.0,644.2,0.4617001004600525,127.3,130.8,0.2536028162193299,6937.05,-0.07667998132258824,54,0.018924346699275136
2026-03-07,2026-04-30,6430.0,6740.02,456.7,465.6,0.2786975512313842,128.3,131.9,0.2529848414421082,6761.05,-0.05020366518738395,54,0.010455515753881183
2026-03-07,2026-04-30,6440.0,6740.02,448.7,457.7,0.2771487996292113,130.2,133.9,0.2514933097267151,6761.15,-0.0486644538133212,54,0.01033628349887075
2026-03-07,2026-04-30,6450.0,6740.02,440.6,449.8,0.2755657160949706,132.3,135.9,0.2499636314201354,6761.1,-0.04710546790291146,54,0.010214917216014563
2026-03-07,2026-04-30,6475.0,6740.02,424.1,428.2,0.2694889641189575,137.6,141.2,0.246276763381958,6761.75,-0.043333124706373786,54,0.009838884538277828
2026-03-07,2026-04-30,6490.0,6740.02,412.5,416.2,0.2667576681900025,140.9,144.5,0.2440642610931396,6761.65,-0.04100441239574055,54,0.009651170099708069
2026-03-07,2026-04-30,6495.0,6740.02,408.6,412.3,0.2659317944908141,142.0,145.7,0.2434100470542907,6761.6,-0.04022689831703774,54,0.009595323303850796
2026-03-07,2026-04-30,6500.0,6740.02,404.8,408.6,0.2653042830657959,143.0,146.7,0.24253458278656,6761.85,-0.03949434435190334,54,0.009538778724788484
2026-03-07,2026-04-30,6510.0,6740.02,397.1,400.8,0.263602945098877,145.4,149.0,0.2410640316963196,6761.75,-0.03794227607149736,54,0.00941999513921273
2026-03-07,2026-04-30,6515.0,6740.02,393.2,397.2,0.2630460048675537,146.4,150.2,0.2403640417480468,6761.9,-0.03719670507542912,54,0.009373130446445301
2026-03-07,2026-04-30,6520.0,6740.02,389.4,393.3,0.2621686332702637,147.6,151.3,0.2395477046966552,6761.9,-0.036429539713676004,54,0.009310165290601729
2026-03-07,2026-04-30,6525.0,6740.02,385.4,387.0,0.2588174552345276,148.7,152.5,0.2388248267936706,6760.6,-0.03547069030386073,54,0.009159577675726416
2026-03-07,2026-04-30,6535.0,6740.02,378.0,382.0,0.2598836524581909,151.1,154.9,0.2373428317260741,6762.0,-0.034146357209508996,54,0.009144277763704956
2026-03-07,2026-04-30,6550.0,6740.02,366.7,370.7,0.2575013978385926,154.8,158.5,0.2350311483001708,6762.05,-0.0318610488732489,54,0.008972444305698895
2026-03-07,2026-04-30,6560.0,6740.02,359.2,363.1,0.255790523223877,157.2,161.0,0.2335319872665405,6762.05,-0.030335495564411834,54,0.008855871260769053
2026-03-07,2026-04-30,6565.0,6740.02,355.5,359.4,0.2550199620819092,158.4,162.2,0.2327118355560302,6762.15,-0.0295883790710583,54,0.008798386676072148
2026-03-07,2026-04-30,6570.0,6740.02,351.8,355.7,0.2542360496330261,159.6,163.5,0.2319832356643676,6762.2,-0.028834448399993405,54,0.008743901673517704
2026-03-07,2026-04-30,6575.0,6740.02,348.1,351.9,0.2533415120697021,160.9,164.7,0.2311382886695862,6762.2,-0.02807370283268427,54,0.00868144970925791
2026-03-07,2026-04-30,6590.0,6740.02,337.0,340.9,0.2509897747230529,164.7,168.6,0.2288361418914795,6762.3,-0.025809720359471384,54,0.008515463803951174
2026-03-07,2026-04-30,6595.0,6740.02,333.4,337.3,0.2502478235244751,166.1,170.0,0.2281418739318848,6762.3,-0.0250512827046093,54,0.008464562974074608
2026-03-07,2026-04-30,6600.0,6740.02,329.7,333.6,0.2493952472114562,167.3,171.3,0.2273350735282897,6762.35,-0.024300813748188935,54,0.008405943240055844
2026-03-07,2026-04-30,6610.0,6740.02,322.4,326.4,0.2478522175979614,169.9,174.0,0.2257825072669982,6762.45,-0.022801596566329383,54,0.008297131534443098
2026-03-07,2026-04-30,6620.0,6740.02,315.2,319.1,0.2461604162788391,172.7,176.7,0.2241765357780456,6762.45,-0.02128988048100745,54,0.008181993025608668
2026-03-07,2026-04-30,6625.0,6740.02,311.6,315.4,0.2452468054199219,174.1,178.0,0.2233048861694335,6762.45,-0.020534878557638327,54,0.008119998037895416
2026-03-07,2026-04-30,6630.0,6740.02,308.0,312.0,0.2446173866653442,175.6,179.4,0.2225171590614318,6762.5,-0.01978783997482873,54,0.00807095405877638
2026-03-07,2026-04-30,6640.0,6740.02,300.9,304.8,0.2429236780166626,178.2,182.3,0.2209989247322082,6762.6,-0.018295468005608384,54,0.007960346433170873
2026-03-07,2026-04-30,6650.0,6740.02,293.8,297.9,0.2414722002220153,181.1,185.1,0.2193261967086792,6762.75,-0.016812757398225922,54,0.007853492315856496
2026-03-07,2026-04-30,6660.0,6740.02,286.8,290.8,0.2397727695846557,184.0,188.1,0.2177907964134216,6762.75,-0.01531012751369096,54,0.0077436154206570905
2026-03-07,2026-04-30,6670.0,6740.02,279.8,283.8,0.2381191148567199,187.0,191.0,0.2161009024238586,6762.8,-0.013817145553141955,54,0.007630859247473923
2026-03-07,2026-04-30,6675.0,6740.02,276.3,280.3,0.2372703532028198,188.5,192.5,0.2152807507133483,6762.8,-0.013067801194361137,54,0.0075748870475411565
2026-03-07,2026-04-30,6680.0,6740.02,272.8,276.9,0.23650551404953,190.0,194.1,0.2145445215034484,6762.8,-0.012319017932119952,54,0.007524720045826388
2026-03-07,2026-04-30,6685.0,6740.02,269.4,273.4,0.2356319571113586,191.4,195.6,0.2136957598495483,6762.9,-0.011585581592153107,54,0.007467364007111127
2026-03-07,2026-04-30,6690.0,6740.02,265.9,270.0,0.2348385080146789,193.0,197.1,0.2128317395591735,6762.9,-0.010837918005922565,54,0.007412374746844558
2026-03-07,2026-04-30,6700.0,6740.02,259.1,263.2,0.2332115559005737,196.2,200.2,0.2111532895469665,6762.95,-0.009351658999840768,54,0.007303319354081697
2026-03-07,2026-04-30,6705.0,6740.02,255.7,259.8,0.2323761455535888,197.8,201.8,0.2103388598251342,6762.95,-0.00860566866311927,54,0.007249188426934294
2026-03-07,2026-04-30,6710.0,6740.02,252.4,256.4,0.2315273838996887,199.4,203.4,0.209507264137268,6763.0,-0.00786762760921245,54,0.0071942632065277005
2026-03-07,2026-04-30,6715.0,6740.02,249.0,253.0,0.2306614562797546,201.0,205.0,0.2086604098129271,6763.0,-0.007122748617601997,54,0.007138493088675639
2026-03-07,2026-04-30,6720.0,6740.02,245.7,249.7,0.2298794511604308,202.6,206.6,0.2077982968521118,6763.1,-0.006393210285852209,54,0.0070851628764985325
2026-03-07,2026-04-30,6725.0,6740.02,242.3,246.4,0.2290821874046326,204.1,208.3,0.2070143844032287,6763.15,-0.0056568323650747635,54,0.007034062929382695
2026-03-07,2026-04-30,6730.0,6740.02,238.9,243.0,0.2281723912048339,206.0,209.9,0.2061179395103454,6763.0,-0.004891434936166514,54,0.0069759157075656095
2026-03-07,2026-04-30,6735.0,6740.02,235.6,239.7,0.2273446101760864,207.4,211.6,0.2053016024589538,6763.15,-0.004170947990650286,54,0.006923197429179452
2026-03-07,2026-04-30,6740.0,6740.02,232.3,236.4,0.2265015705108642,209.2,213.3,0.2044680994415282,6763.1,-0.0034214398966946565,54,0.00686964537439671
2026-03-07,2026-04-30,6745.0,6740.02,229.1,233.2,0.2257386386871337,211.0,215.0,0.2036174304580688,6763.15,-0.002687268193258415,54,0.006818300165779641
2026-03-07,2026-04-30,6750.0,6740.02,225.8,229.9,0.2248650817489623,212.6,216.7,0.2027476881790161,6763.2,-0.001953645945949874,54,0.006763044365956042
2026-03-07,2026-04-30,6755.0,6740.02,222.6,226.7,0.2240697253227233,214.2,218.4,0.2018626872634887,6763.35,-0.001235358022527606,54,0.00670999635954904
2026-03-07,2026-04-30,6760.0,6740.02,219.3,223.3,0.2230683773040771,216.1,220.1,0.2009586130523681,6763.2,-0.0004732607755156709,54,0.006650095877904262
2026-03-07,2026-04-30,6765.0,6740.02,216.1,220.2,0.2223378700828551,217.7,221.9,0.2001327393531799,6763.35,0.00024393218806154123,54,0.006601367435076547
2026-03-07,2026-04-30,6770.0,6740.02,212.9,217.0,0.2214967377471923,219.5,223.7,0.1992877923583984,6763.35,0.000982757489493787,54,0.006548780494461554
2026-03-07,2026-04-30,6775.0,6740.02,209.7,213.7,0.2205411656379699,221.5,225.4,0.1983284055900573,6763.25,0.0017358230126210674,54,0.006489310106740118
2026-03-07,2026-04-30,6780.0,6740.02,206.6,210.7,0.2198564343261718,223.2,227.3,0.1975444931411743,6763.4,0.002451379758821765,54,0.00644388414351537
2026-03-07,2026-04-30,6785.0,6740.02,203.4,207.4,0.2188684376144409,225.0,229.1,0.196642326259613,6763.35,0.0031959638521425735,54,0.0063856551536580755
2026-03-07,2026-04-30,6790.0,6740.02,200.3,204.3,0.2180540078926086,226.7,230.9,0.1957229934120178,6763.5,0.003910434023493228,54,0.0063324766901829
2026-03-07,2026-04-30,6795.0,6740.02,197.1,201.2,0.2172243195343017,228.8,232.7,0.1947845872688293,6763.4,0.004661325409624649,54,0.006278474192736986
2026-03-07,2026-04-30,6800.0,6740.02,194.0,198.0,0.2162801914024352,230.5,234.6,0.1939205669784546,6763.45,0.0053894972844381155,54,0.006223487505149237
2026-03-07,2026-04-30,6805.0,6740.02,191.0,195.0,0.2155096302604675,232.4,236.5,0.1930374733924865,6763.55,0.006109735961480082,54,0.006173410779982018
2026-03-07,2026-04-30,6810.0,6740.02,187.9,191.9,0.2146265366744995,234.3,238.4,0.1921353065109253,6763.55,0.006844220019471701,54,0.0061195757821004265
2026-03-07,2026-04-30,6815.0,6740.02,184.8,188.9,0.2138216436004638,236.1,240.3,0.1912121590042114,6763.65,0.007563379980820584,54,0.006067690813445042
2026-03-07,2026-04-30,6820.0,6740.02,181.8,185.8,0.2129004034233093,238.3,242.3,0.1903633973503113,6763.5,0.00831896430825917,54,0.00601477494710744
2026-03-07,2026-04-30,6825.0,6740.02,178.8,182.9,0.2121546375656127,240.1,244.2,0.1893982885932922,6763.7,0.009022263472457973,54,0.0059638470105247005
2026-03-07,2026-04-30,6830.0,6740.02,175.8,179.9,0.2112944319343566,242.0,246.2,0.1885075656890869,6763.75,0.009747203607890822,54,0.005911950968766835
2026-03-07,2026-04-30,6835.0,6740.02,172.8,176.8,0.210319786529541,244.1,248.2,0.187595862159729,6763.65,0.010493785008237522,54,0.005856294950326944
2026-03-07,2026-04-30,6840.0,6740.02,169.9,173.8,0.2094214343070983,246.1,250.2,0.1866631780052185,6763.7,0.011217654035893641,54,0.00580252266162487
2026-03-07,2026-04-30,6845.0,6740.02,166.9,170.9,0.2085993752670287,247.8,252.2,0.1857056985664367,6763.9,0.011918811964754672,54,0.0057505003613315
2026-03-07,2026-04-30,6850.0,6740.02,164.0,167.9,0.2076628764533996,250.2,254.2,0.1847272385025024,6763.75,0.012671182299325963,54,0.005694780907545015
2026-03-07,2026-04-30,6855.0,6740.02,161.1,165.1,0.2068999446296691,252.3,256.3,0.1838231642913818,6763.8,0.013393450717874174,54,0.005646496975086504
2026-03-07,2026-04-30,6860.0,6740.02,158.2,162.2,0.2060206657028198,254.0,258.4,0.1828942947959899,6764.0,0.014093010701459888,54,0.005594357336293629
2026-03-07,2026-04-30,6865.0,6740.02,155.3,159.3,0.2051204061508178,256.4,260.5,0.1819444446754455,6763.85,0.014843784656581286,54,0.005541258035779796
2026-03-07,2026-04-30,6870.0,6740.02,152.5,156.5,0.2042983471107482,258.6,262.6,0.1809678919410705,6763.9,0.01556445945860048,54,0.005489879484567937
2026-03-07,2026-04-30,6875.0,6740.02,149.7,153.7,0.2034534001159668,260.7,264.8,0.1800676323890686,6763.95,0.016284604619317532,54,0.005440255238480365
2026-03-07,2026-04-30,6880.0,6740.02,146.9,150.8,0.2024921060180664,263.0,267.0,0.179140670223236,6763.85,0.01702639738189906,54,0.005386817190882722
2026-03-07,2026-04-30,6885.0,6740.02,144.1,148.1,0.2017043789100647,265.1,269.1,0.1780897316360474,6764.0,0.0177307011442842,54,0.005335036017738131
2026-03-07,2026-04-30,6890.0,6740.02,141.4,145.3,0.2007983973693847,267.3,271.8,0.1776128992462158,6763.8,0.018486222729163563,54,0.005296257471191916
2026-03-07,2026-04-30,6895.0,6740.02,138.7,142.6,0.1999687090110778,269.6,273.6,0.176211012020111,6764.05,0.019174688160557674,54,0.00523397524370929
2026-03-07,2026-04-30,6900.0,6740.02,135.9,139.9,0.1991180400276183,271.8,276.3,0.1756826817321777,6763.85,0.019929157039860566,54,0.0051956721751437365
2026-03-07,2026-04-30,6905.0,6740.02,133.3,137.2,0.198244483089447,274.1,278.1,0.1742235746192932,6764.15,0.020609179843725848,54,0.0051312003539173675
2026-03-07,2026-04-30,6910.0,6740.02,130.6,134.5,0.1973480381965637,276.4,280.4,0.1732412998962402,6764.15,0.021333030762049086,54,0.005079567606462587
2026-03-07,2026-04-30,6915.0,6740.02,128.0,131.9,0.1965297938156127,278.8,282.7,0.172228507900238,6764.2,0.022048966214741932,54,0.005029496571613254
2026-03-07,2026-04-30,6920.0,6740.02,125.4,129.2,0.1955875730133056,281.1,285.1,0.1712901017570495,6764.2,0.02277177072759862,54,0.00497832762001694
2026-03-07,2026-04-30,6925.0,6740.02,122.8,126.6,0.1947216453933715,283.5,287.5,0.1703230856704712,6764.2,0.023494053171422644,54,0.004928707812728463
2026-03-07,2026-04-30,6930.0,6740.02,120.2,124.1,0.1939358256149292,285.9,290.3,0.1697413501548767,6764.05,0.024237990117104424,54,0.004891848466779948
2026-03-07,2026-04-30,6935.0,6740.02,117.7,121.5,0.1930222147560119,288.4,292.3,0.1683013163375855,6764.25,0.02492966303500472,54,0.0048287352620445725
2026-03-07,2026-04-30,6940.0,6740.02,115.2,119.0,0.1921868044090271,290.8,295.2,0.1677653567314148,6764.1,0.025672559440274065,54,0.004792150786796187
2026-03-07,2026-04-30,6945.0,6740.02,112.7,116.5,0.1913285061073303,293.4,297.7,0.1667849893379212,6764.05,0.0264001531215995,54,0.004743318413343064
2026-03-07,2026-04-30,6950.0,6740.02,110.2,114.1,0.1905465009880066,295.8,299.7,0.1652438670539856,6764.4,0.027068093683308286,54,0.0046819770161223555
2026-03-07,2026-04-30,6955.0,6740.02,107.8,111.6,0.1896386121177673,298.4,302.7,0.1647288880729675,6764.15,0.027824218357876834,54,0.004644603808450167
2026-03-07,2026-04-30,6960.0,6740.02,105.4,109.2,0.1888070164299011,301.0,304.8,0.1632201903915405,6764.4,0.028505908452935796,54,0.004583459133215976
2026-03-07,2026-04-30,6965.0,6740.02,103.0,106.8,0.1879506254577636,303.5,307.4,0.1622131203842163,6764.45,0.029216649727116125,54,0.004535062356652521
2026-03-07,2026-04-30,6970.0,6740.02,100.7,104.4,0.1870675318717956,306.1,310.5,0.1617153073692321,6764.25,0.029963834040642377,54,0.004499363920032712
2026-03-07,2026-04-30,6975.0,6740.02,98.4,102.1,0.1862645461273193,308.7,313.1,0.1606414808273315,6764.35,0.030666153479933404,54,0.004451071741796499
2026-03-07,2026-04-30,6980.0,6740.02,96.1,99.8,0.1854348577690124,311.4,315.3,0.15908891456604,6764.6,0.03134578476365671,54,0.004390149317818254
2026-03-07,2026-04-30,6985.0,6740.02,93.8,97.5,0.1845784667968749,314.2,318.0,0.1580494199562073,6764.55,0.032069252145656944,54,0.004341965009703889
2026-03-07,2026-04-30,6990.0,6740.02,91.6,95.2,0.1836934658813476,316.8,320.7,0.156971778755188,6764.65,0.03277003284237132,54,0.004292364164915489
2026-03-07,2026-04-30,6995.0,6740.02,89.4,93.0,0.1828885728073119,319.6,323.5,0.1559704307365417,6764.65,0.03348508471409701,54,0.0042469677474435644
2026-03-07,2026-04-30,7000.0,6740.02,87.2,90.8,0.1820569771194458,322.3,328.2,0.1571014771652221,6763.75,0.03433267908050536,54,0.004254477180883095
2026-03-07,2026-04-30,7005.0,6740.02,85.0,88.6,0.1811967714881897,325.2,330.0,0.1548889748764038,6764.2,0.03498018088699074,54,0.004177736959664436
2026-03-07,2026-04-30,7010.0,6740.02,82.9,86.5,0.1804166736984253,327.9,331.9,0.1527260631561279,6764.8,0.035605003792772046,54,0.004104890745495118
2026-03-07,2026-04-30,7015.0,6740.02,80.8,84.4,0.1796079659652709,321.2,344.7,0.1632011170959473,6764.65,0.03634019015107665,54,0.004346558658342981
2026-03-07,2026-04-30,7020.0,6740.02,78.7,82.3,0.1787725556182861,331.1,341.0,0.1545113236236572,6764.45,0.03708226053306686,54,0.004108369715601468
2026-03-07,2026-04-30,7025.0,6740.02,76.7,80.2,0.1779047206687927,334.1,343.1,0.1524666663360596,6764.85,0.03773512679188369,54,0.004036879233548996
2026-03-07,2026-04-30,7030.0,6740.02,74.7,78.2,0.1771208082199096,337.5,346.9,0.1524132611083984,6764.25,0.038535315090783395,54,0.00401644243410685
2026-03-07,2026-04-30,7035.0,6740.02,72.7,76.2,0.1763063784980774,331.5,355.3,0.1578930189323425,6766.05,0.038980230344511035,54,0.004130971788434391
2026-03-07,2026-04-30,7040.0,6740.02,70.7,74.2,0.1754614315032958,343.5,352.9,0.1502617933654785,6764.25,0.03995677943816078,54,0.0039240845464529875
2026-03-07,2026-04-30,7045.0,6740.02,68.8,72.3,0.1747023143386841,337.5,361.3,0.1558121223831177,6766.15,0.040385905565981615,54,0.004040375901097682
2026-03-07,2026-04-30,7050.0,6740.02,66.9,70.4,0.1739107725715637,349.6,359.1,0.148177082157135,6764.3,0.04136883431721528,54,0.003836980584138156
2026-03-07,2026-04-30,7055.0,6740.02,65.0,68.5,0.1730887135314941,343.6,367.5,0.1538056116867065,6766.2,0.041796955820617494,54,0.003952352460570264
2026-03-07,2026-04-30,7060.0,6740.02,63.2,66.7,0.1723524843215942,355.8,364.5,0.1448526067352295,6764.8,0.04271235425142383,54,0.003721527238895796
2026-03-07,2026-04-30,7065.0,6740.02,61.4,64.9,0.1715857378387451,349.9,373.8,0.1517533250808715,6766.3,0.043198607417156046,54,0.003866849369127213
2026-03-07,2026-04-30,7070.0,6740.02,59.7,63.1,0.1707846594238281,362.2,370.9,0.1426038651847839,6764.85,0.04412039148055566,54,0.0036325122172901235
2026-03-07,2026-04-30,7075.0,6740.02,57.9,61.3,0.1699511564064026,202.4,203.0,1.0000000000000004e-05,6931.9,0.020433497631120536,54,0.0010684156939028007
2026-03-07,2026-04-30,7080.0,6740.02,56.2,59.6,0.1692072978782653,359.6,383.4,0.148522308807373,6766.4,0.04530471996954141,54,0.0037338449041705224
2026-03-07,2026-04-30,7085.0,6740.02,54.5,57.9,0.1684310147476196,362.9,386.7,0.147480906867981,6766.4,0.04601068540655664,54,0.003691245534122269
2026-03-07,2026-04-30,7090.0,6740.02,52.9,56.3,0.1677443761062622,370.5,383.5,0.1371126633834838,6767.6,0.04653882164153181,54,0.003437426016731806
2026-03-07,2026-04-30,7100.0,6740.02,49.7,53.0,0.1661460339355469,372.9,396.7,0.1441850413894653,6766.55,0.048103428195582325,54,0.0035619796718276944
2026-03-07,2026-04-30,7105.0,6740.02,48.1,51.5,0.1654880052375793,376.3,400.2,0.1432199326324462,6766.55,0.04880740569737669,54,0.003524816375900021
2026-03-07,2026-04-30,7110.0,6740.02,46.6,49.9,0.1646659461975098,384.6,392.9,0.1250507112503052,6769.5,0.049075014862121076,54,0.00310447263462169
2026-03-07,2026-04-30,7115.0,6740.02,45.1,48.4,0.1639373463058471,383.2,407.1,0.1409769130706787,6766.6,0.05020648642746596,54,0.003438716507425551
2026-03-07,2026-04-30,7120.0,6740.02,43.7,47.0,0.1633117422103882,386.7,410.6,0.1398401446533203,6766.7,0.05089420194801124,54,0.003399080542114686
2026-03-07,2026-04-30,7125.0,6740.02,42.2,45.5,0.1625106637954712,390.3,414.1,0.1386423416900634,6766.65,0.051603591832302925,54,0.0033544035386989064
2026-03-07,2026-04-30,7135.0,6740.02,39.5,42.7,0.1610801666259765,397.4,421.3,0.1363726195144653,6766.75,0.052991338354064124,54,0.0032724798897715178
2026-03-07,2026-04-30,7140.0,6740.02,38.2,41.4,0.1604507478713989,243.1,243.9,1.0000000000000004e-05,6936.3,0.028944285213463056,54,0.0009523104019193337
2026-03-07,2026-04-30,7145.0,6740.02,36.9,40.1,0.1597831825256347,404.7,428.5,0.1338206125640869,6766.9,0.054369731838094765,54,0.0031883371085744587
2026-03-07,2026-04-30,7150.0,6740.02,35.6,38.8,0.1590812852478027,408.4,432.2,0.1326056436347961,6766.9,0.05506927716218027,54,0.0031468412890218924
2026-03-07,2026-04-30,7155.0,6740.02,34.4,37.6,0.1584900130844116,412.1,436.0,0.1314974851608276,6766.95,0.05576094458420452,54,0.003110279762658055
2026-03-07,2026-04-30,7160.0,6740.02,33.2,36.4,0.1578644089889526,415.9,439.7,0.1301242078781127,6767.0,0.05645212372246575,54,0.0030675492781029375
2026-03-07,2026-04-30,7175.0,6740.02,29.7,32.9,0.1559113035202026,427.3,451.2,0.1262523288726806,6767.05,0.058537515624311996,54,0.0029447130370122542
2026-03-07,2026-04-30,7180.0,6740.02,28.6,31.8,0.155287606754303,431.2,455.0,0.1246921332931518,6767.1,0.059226748322069124,54,0.0028993064117809448
2026-03-07,2026-04-30,7185.0,6740.02,27.6,30.7,0.1546257633972168,435.1,458.9,0.1232425628280639,6767.15,0.0599154961308268,54,0.0028557421663280183
2026-03-07,2026-04-30,7190.0,6740.02,26.6,29.7,0.1540917111206055,439.0,462.9,0.1219112467956543,6767.2,0.0606037597252877,54,0.0028175288835892687
2026-03-07,2026-04-30,7200.0,6740.02,24.6,27.7,0.1529091667938233,447.0,470.8,0.1186382692718505,6767.25,0.06198622546142686,54,0.002727296261525633
2026-03-07,2026-04-30,7220.0,6740.02,21.0,24.0,0.1506051126861572,463.3,487.1,0.1115964085388183,6767.3,0.06475276384582739,54,0.0025427948202502264
2026-03-07,2026-04-30,7225.0,6740.02,20.2,23.2,0.1501587975692749,467.4,491.2,0.1094144235229492,6767.4,0.06543026810670685,54,0.002492072523179728
2026-03-07,2026-04-30,7230.0,6740.02,19.4,22.4,0.1496819651794433,386.2,392.6,1.0000000000000004e-05,6861.5,0.052312959443122524,54,0.0008287773696721356
2026-03-07,2026-04-30,7240.0,6740.02,17.9,20.8,0.1486062313079834,479.9,503.8,0.1022276057434082,6767.5,0.06748946389130583,54,0.002327089825846507
2026-03-07,2026-04-30,7250.0,6740.02,16.4,19.3,0.1475762733459473,488.4,512.2,0.0950331586456299,6767.55,0.0688623381348789,54,0.002176989157896499
2026-03-07,2026-04-30,7255.0,6740.02,15.8,18.6,0.147107070274353,492.7,516.5,0.0906615592956542,6767.6,0.069544367433647,54,0.0020909806474043576
2026-03-07,2026-04-30,7275.0,6740.02,13.3,16.1,0.145504913444519,414.4,421.7,1.0000000000000004e-05,6871.65,0.05703956098812856,54,0.0007831697684091482
2026-03-07,2026-04-30,7280.0,6740.02,12.7,15.5,0.1450700423049927,418.6,425.9,1.0000000000000004e-05,6871.85,0.0576975054715037,54,0.0007784957592204093
2026-03-07,2026-04-30,7295.0,6740.02,10.9,14.0,0.1442727785491943,527.7,551.5,1.0000000000000004e-05,6767.85,0.07500572303699979,54,0.0007699630753680106
2026-03-07,2026-04-30,7300.0,6740.02,10.5,13.5,0.1439370885467529,532.2,556.0,1.0000000000000004e-05,6767.9,0.07568350137329241,54,0.0007663844330538927
2026-03-07,2026-04-30,7325.0,6740.02,8.3,11.3,0.1425714405822754,381.2,387.0,1.0000000000000004e-05,6950.7,0.05245078097383045,54,0.0007519118004930919
2026-03-07,2026-04-30,7350.0,6740.02,6.5,9.3,0.1409235078430176,577.9,601.7,1.0000000000000004e-05,6768.1,0.08247991561626684,54,0.0007346312987524979
2026-03-07,2026-04-30,7360.0,6740.02,5.9,8.7,0.1406641110229492,587.2,611.0,1.0000000000000004e-05,6768.2,0.08382476004605664,54,0.0007319295189405756
2026-03-07,2026-04-30,7375.0,6740.02,5.1,7.8,0.1400537655639648,501.4,509.7,1.0000000000000004e-05,6875.9,0.07007335815018684,54,0.0007255920238997902
2026-03-07,2026-04-30,7400.0,6740.02,4.0,6.5,0.1391763939666748,625.0,648.8,1.0000000000000004e-05,6768.35,0.08922266529533138,54,0.0007165301522836344
2026-03-07,2026-04-30,7405.0,6740.02,3.8,6.3,0.1391535060119629,629.7,653.6,1.0000000000000004e-05,6768.4,0.0898907255074276,54,0.0007162945177392113
2026-03-07,2026-04-30,7410.0,6740.02,3.6,6.1,0.1391153594207763,634.5,658.3,1.0000000000000004e-05,6768.45,0.09055832985269095,54,0.0007159018796122262
2026-03-07,2026-04-30,7425.0,6740.02,3.1,5.5,0.1388330746459961,648.9,672.7,1.0000000000000004e-05,6768.5,0.09257318804505942,54,0.0007129997029906143
2026-03-07,2026-04-30,7430.0,6740.02,3.0,5.3,0.13868048828125,556.1,575.8,1.0000000000000004e-05,6868.2,0.07862379555931914,54,0.0007114334131118789
2026-03-07,2026-04-30,7440.0,6740.02,2.7,5.0,0.1387872987365723,663.3,687.2,1.0000000000000004e-05,6768.6,0.09457657798820784,54,0.0007125296351881796
2026-03-07,2026-04-30,7455.0,6740.02,2.35,4.5,0.1385355312347412,677.9,701.7,1.0000000000000004e-05,6768.625,0.09658698384074263,54,0.0007099470329837665
2026-03-07,2026-04-30,7475.0,6740.02,1.9,4.0,0.1387720401000977,697.3,721.1,1.0000000000000004e-05,6768.75,0.09924768750958633,54,0.0007123729803661897
2026-03-07,2026-04-30,7500.0,6740.02,1.45,3.5,0.1394052735137939,721.6,745.5,1.0000000000000004e-05,6768.925,0.10256073500035619,54,0.002875142014538649
2026-03-07,2026-04-30,7535.0,6740.02,1.0,2.95,0.1406488523864746,755.9,779.7,1.0000000000000004e-05,6769.175,0.10717961373209034,54,0.002926666801622316
2026-03-07,2026-04-30,7700.0,6740.02,0.1,1.6,0.1500329138183594,705.8,713.7,1.0000000000000004e-05,6991.1,0.09658241732681454,54,0.0008326680159613672
2026-03-07,2026-04-30,7800.0,6740.02,0.0,1.3,0.1583030947875977,1018.0,1041.8,1.0000000000000004e-05,6770.75,0.14151187004174742,54,0.0037074875897092647
2026-03-07,2026-04-30,8000.0,6740.02,0.0,0.95,0.1753927676391601,1216.5,1240.3,1.0000000000000004e-05,6772.075,0.16663400245550797,54,0.00455118257196361
2026-03-07,2026-04-30,8600.0,6740.02,0.1,0.6,0.2280350634765625,1812.7,1836.6,1.0000000000000004e-05,6775.7,0.23841952079773746,54,0.007693149231334339
2026-03-07,2026-04-30,8800.0,6740.02,0.0,0.55,0.2450026672363281,2011.5,2035.4,1.0000000000000004e-05,6776.825,0.2612430182989793,54,0.00888060431632166
2026-03-07,2026-05-15,400.0,6740.02,6311.3,6335.3,1.0000000000000004e-05,0.0,0.5,2.0175830810546875,6723.05,-2.8218326524894306,69,0.7695185280496183
2026-03-07,2026-05-15,1000.0,6740.02,5716.1,5740.1,1.22266013671875,0.05,0.65,1.3876983740234374,6727.75,-1.9062407638352006,69,0.3640377195382004
2026-03-07,2026-05-15,1400.0,6740.02,5321.1,5344.9,1.481569974975586,0.1,1.0,1.1879923413085938,6732.45,-1.5704668823931107,69,0.26679857645902283
2026-03-07,2026-05-15,1800.0,6740.02,4924.6,4948.4,1.3396639462280269,0.4,1.6,1.056645341796875,6735.5,-1.3196053812543667,69,0.21106426604255182
2026-03-07,2026-05-15,2000.0,6740.02,4836.2,4856.4,1.9674989418029785,0.55,2.0,0.9975586181640624,6845.025,-1.2303749304747467,69,0.18811917964510733
2026-03-07,2026-05-15,2200.0,6740.02,4528.4,4552.2,0.79687703125,0.95,2.35,0.946167530517578,6738.65,-1.1194022477619703,69,0.16923582660437123
2026-03-07,2026-05-15,2400.0,6740.02,3650.4,3667.0,1.0000000000000004e-05,1.4,2.95,0.901490242919922,6056.525,-0.9256674659088827,69,0.15363079837673307
2026-03-07,2026-05-15,3000.0,6740.02,3735.4,3759.4,0.8303849969482422,3.4,5.0,0.7729514892578125,6743.200000000001,-0.8099223010330258,69,0.11294335980127411
2026-03-07,2026-05-15,3100.0,6740.02,3636.6,3660.6,0.8163165341186523,4.0,5.7,0.7572961282348634,6743.75,-0.7772140385332073,69,0.10841458187103152
2026-03-07,2026-05-15,3200.0,6740.02,3537.9,3561.9,0.8018360881042479,4.5,6.2,0.7378261080932617,6744.55,-0.7455839615424318,69,0.10291158421671072
2026-03-07,2026-05-15,3300.0,6740.02,3483.4,3507.4,1.0506105208969116,5.0,6.6,0.7172574661254882,6789.6,-0.7214695612008956,69,0.09725375566350727
2026-03-07,2026-05-15,3400.0,6740.02,3349.3,3363.1,0.801485139465332,5.4,7.1,0.6966277896118166,6749.95,-0.6857596658274804,69,0.09173980583808694
2026-03-07,2026-05-15,3800.0,6740.02,2302.3,2326.3,1.0000000000000004e-05,8.2,10.2,0.6265601309204102,6105.1,-0.47412342071255703,69,0.07421329928348248
2026-03-07,2026-05-15,3900.0,6740.02,2210.2,2233.7,1.0000000000000004e-05,8.9,11.1,0.6086770089721681,6111.95,-0.4492693180668848,69,0.07003740105846586
2026-03-07,2026-05-15,3975.0,6740.02,2664.3,2677.3,1.0000000000000004e-05,9.6,11.8,0.5959513061523438,6635.1,-0.5123489911543531,69,0.06713944984115956
2026-03-07,2026-05-15,4000.0,6740.02,2976.4,2997.4,1.2393264657402037,10.2,12.1,0.5934641484069825,6975.75,-0.5561454876886583,69,0.06658021639908307
2026-03-07,2026-05-15,4100.0,6740.02,2049.6,2086.8,1.0000000000000004e-05,10.8,13.1,0.574848611907959,6156.25,-0.4064808522279999,69,0.062468805304830136
2026-03-07,2026-05-15,4150.0,6740.02,2829.7,2852.1,1.1806986766052243,11.7,13.6,0.5676923114013672,6978.25,-0.519689834764702,69,0.060923136080196325
2026-03-07,2026-05-15,4200.0,6740.02,2538.1,2562.1,0.5349320188903808,11.9,14.2,0.5582166981506349,6737.049999999999,-0.47253761836271324,69,0.05890631743698519
2026-03-07,2026-05-15,4250.0,6740.02,1820.6,1859.6,1.0000000000000004e-05,12.4,14.7,0.5493972062683106,6076.55,-0.3575181177795052,69,0.05705965213047753
2026-03-07,2026-05-15,4400.0,6740.02,2631.0,2640.5,1.1469502186393736,14.5,16.8,0.5260820097351073,7020.1,-0.4671729220262902,69,0.052319444895118195
2026-03-07,2026-05-15,4500.0,6740.02,2259.6,2283.6,0.574169602584839,15.8,18.2,0.5095263891601562,6754.6,-0.40614635748658445,69,0.049078308893946584
2026-03-07,2026-05-15,4600.0,6740.02,2399.9,2402.9,1.0114375905418396,17.3,19.7,0.4990971111297607,6982.9,-0.4174079997736847,69,0.047089744978978124
2026-03-07,2026-05-15,4650.0,6740.02,2350.4,2353.6,0.9925041948318484,17.9,20.6,0.491238913345337,6982.75,-0.4065756023921915,69,0.045618578709437856
2026-03-07,2026-05-15,4700.0,6740.02,2064.4,2088.4,0.5386818288040162,19.0,21.5,0.483228129196167,6756.15,-0.3628906924697477,69,0.0441428775737082
2026-03-07,2026-05-15,4750.0,6740.02,2016.9,2040.9,0.5336350347900392,19.6,22.5,0.47549200050354,6757.85,-0.352560174083264,69,0.04274080091906092
2026-03-07,2026-05-15,4775.0,6740.02,2229.0,2232.9,0.9493756588363648,20.5,22.9,0.4711509184265136,6984.25,-0.38026364006932595,69,0.04196394511631825
2026-03-07,2026-05-15,4800.0,6740.02,1967.0,1991.0,0.5209093319702148,20.9,23.5,0.4675956561279296,6756.8,-0.34193348728369677,69,0.041333022291643616
2026-03-07,2026-05-15,4900.0,6740.02,2136.4,2142.5,0.9477258187675476,23.0,25.7,0.4520699935150146,7015.1,-0.3588297635037377,69,0.03863381439323262
2026-03-07,2026-05-15,4975.0,6740.02,1403.7,1443.1,1.0000000000000004e-05,24.8,27.5,0.440511576385498,6372.25,-0.2475272548170106,69,0.036683509523684696
2026-03-07,2026-05-15,5000.0,6740.02,1779.7,1794.8,0.5109797742843628,25.3,28.2,0.4369067235183715,6760.5,-0.3016589393825752,69,0.036085579366667266
2026-03-07,2026-05-15,5025.0,6740.02,1986.3,1990.0,0.8638395574188232,25.6,28.7,0.4325847147369385,6986.0,-0.32948269243950085,69,0.03537517245002371
2026-03-07,2026-05-15,5050.0,6740.02,1726.7,1750.5,0.5108615198516847,26.3,29.6,0.4295253581237793,6760.65,-0.2917307959912734,69,0.03487657615266822
2026-03-07,2026-05-15,5100.0,6740.02,1942.0,1947.8,0.8772957674598695,28.2,30.9,0.4216213844299316,7015.35,-0.31886006566576935,69,0.03360481324601161
2026-03-07,2026-05-15,5150.0,6740.02,1656.1,1661.2,0.5012867254638673,29.8,32.5,0.4144269373321533,6777.5,-0.2746115877150387,69,0.03246774893333997
2026-03-07,2026-05-15,5175.0,6740.02,1633.2,1638.2,0.5036632580947877,30.0,33.3,0.4107381619644165,6779.05,-0.269997634989328,69,0.03189233644076603
2026-03-07,2026-05-15,5200.0,6740.02,1817.0,1819.8,0.8053646477890013,30.8,33.9,0.4064314118194581,6986.05,-0.29525667794313193,69,0.031227035571056157
2026-03-07,2026-05-15,5225.0,6740.02,1801.9,1806.8,0.8100509565162657,31.7,35.0,0.4034674216842652,6996.0,-0.29188375930548094,69,0.030773236342131114
2026-03-07,2026-05-15,5250.0,6740.02,1564.8,1569.7,0.4954274090576172,33.2,35.9,0.3998740127944947,6782.7,-0.2561471761647108,69,0.030227524935555198
2026-03-07,2026-05-15,5300.0,6740.02,1493.4,1501.2,0.4455965169906615,34.4,37.8,0.3927558588790893,6761.200000000001,-0.2434935685358096,69,0.029160943460782813
2026-03-07,2026-05-15,5325.0,6740.02,1679.5,1683.6,0.7445132055282593,35.3,38.8,0.3892196698760987,6969.5,-0.2691307745923152,69,0.028638204514722435
2026-03-07,2026-05-15,5350.0,6740.02,1474.2,1479.0,0.4841512767028809,36.3,40.0,0.3861069080352782,6788.45,-0.23812607772579575,69,0.02818197141327899
2026-03-07,2026-05-15,5375.0,6740.02,1157.7,1162.4,1.0000000000000004e-05,36.7,41.0,0.3824219473266601,6496.200000000001,-0.18945881654904415,69,0.02764660728767376
2026-03-07,2026-05-15,5400.0,6740.02,1398.4,1406.1,0.4288654220962525,39.3,42.1,0.3789124609375,6761.55,-0.22485320014255145,69,0.02714150975535934
2026-03-07,2026-05-15,5450.0,6740.02,1345.6,1361.7,0.4259586518478394,41.6,44.4,0.371889673500061,6760.65,-0.21550343060338908,69,0.026144748270308927
2026-03-07,2026-05-15,5475.0,6740.02,1480.3,1484.1,0.6297148540115356,42.1,45.8,0.3688112435913085,6913.25,-0.2332475843561283,69,0.02571369754672975
2026-03-07,2026-05-15,5500.0,6740.02,1297.4,1321.3,0.4292240000534058,44.1,46.9,0.3649965844726562,6763.85,-0.20684416232492797,69,0.025184528659431875
2026-03-07,2026-05-15,5525.0,6740.02,1383.8,1390.9,0.5553442598342896,44.4,48.4,0.361948671836853,6865.95,-0.21729116534475432,69,0.024765676800185946
2026-03-07,2026-05-15,5550.0,6740.02,1516.4,1520.0,0.7352893597793579,45.8,49.9,0.3588015780639648,7020.35,-0.23501514658638792,69,0.02433688081386906
2026-03-07,2026-05-15,5575.0,6740.02,1492.0,1496.6,0.7271813018226623,47.4,51.2,0.3551585786056518,7020.0,-0.2304709006915373,69,0.02384519315355041
2026-03-07,2026-05-15,5600.0,6740.02,1417.0,1420.1,0.6600680966186524,48.6,52.8,0.3520229288101196,6967.85,-0.21854011459690723,69,0.02342599952371442
2026-03-07,2026-05-15,5625.0,6740.02,1410.7,1413.9,0.6725229586410524,51.2,54.1,0.3482197136688232,6984.65,-0.21649393599008285,69,0.022922550301764953
2026-03-07,2026-05-15,5650.0,6740.02,1163.7,1171.2,0.3881439360046386,52.8,55.7,0.3448933309173584,6763.2,-0.1798406056720388,69,0.022486704849527847
2026-03-07,2026-05-15,5675.0,6740.02,1396.7,1401.2,0.6950008374977112,53.4,57.6,0.3420132632827758,7018.45,-0.21247183257005015,69,0.022112717769950684
2026-03-07,2026-05-15,5700.0,6740.02,1117.5,1125.0,0.3804573978805542,56.1,59.1,0.3383168585968017,6763.65,-0.17109651032717096,69,0.021637321862865135
2026-03-07,2026-05-15,5725.0,6740.02,1142.2,1146.5,0.4392565535354614,56.6,61.1,0.3353929223823547,6810.5,-0.17362298946495586,69,0.021264932752077144
2026-03-07,2026-05-15,5750.0,6740.02,1064.9,1088.8,0.3870186115646361,58.5,62.9,0.332015041732788,6766.15,-0.16273238497540288,69,0.020838753883947733
2026-03-07,2026-05-15,5775.0,6740.02,1048.6,1056.1,0.3689180540466308,61.6,64.6,0.3283758569335937,6764.25,-0.15811313432393298,69,0.020384434344559367
2026-03-07,2026-05-15,5800.0,6740.02,1025.7,1033.2,0.3650003991317749,63.6,66.6,0.3251257673645019,6764.35,-0.15380825667512218,69,0.0199829226238372
2026-03-07,2026-05-15,5810.0,6740.02,1268.8,1273.2,0.6522098988342286,64.3,67.4,0.3237944513320922,7015.15,-0.18849152521324394,69,0.01981960663898108
2026-03-07,2026-05-15,5825.0,6740.02,1254.8,1259.1,0.6476094199371338,65.6,68.6,0.3217650526809692,7014.85,-0.18587033112279847,69,0.019571944355474782
2026-03-07,2026-05-15,5840.0,6740.02,1190.0,1193.7,0.5888598548507691,65.7,70.3,0.3204680685806274,6963.85,-0.17600168548862805,69,0.01941447952220833
2026-03-07,2026-05-15,5850.0,6740.02,1034.7,1038.9,0.4234695867729187,67.7,70.7,0.3184501139068603,6817.6,-0.15306584251974542,69,0.019170747337707312
2026-03-07,2026-05-15,5860.0,6740.02,1189.8,1192.8,0.6023389528465273,67.4,72.0,0.3177901778793334,6981.6,-0.17512851327804332,69,0.019091373161106595
2026-03-07,2026-05-15,5870.0,6740.02,955.6,979.4,0.3673998197174073,69.5,72.5,0.3158981069564818,6766.5,-0.14212933269441821,69,0.018864716067204187
2026-03-07,2026-05-15,5875.0,6740.02,1176.4,1179.3,0.5984975911140442,68.8,73.4,0.3159209949111938,6981.75,-0.1725935416523492,69,0.018867449799374846
2026-03-07,2026-05-15,5890.0,6740.02,937.5,961.4,0.3642527259445191,71.3,74.3,0.3132698068237304,6766.65,-0.13875013665891603,69,0.01855210975027134
2026-03-07,2026-05-15,5900.0,6740.02,928.5,952.4,0.3626543837738036,70.7,75.6,0.3125145043182372,6767.3,-0.13714983814723372,69,0.0184627582554517
2026-03-07,2026-05-15,5920.0,6740.02,915.1,924.4,0.3464878584289549,72.9,77.5,0.3099052774810791,6764.55,-0.13335929166735383,69,0.018155749012967397
2026-03-07,2026-05-15,5925.0,6740.02,1026.3,1032.3,0.4783949560928345,74.5,77.6,0.3087074745178222,6878.25,-0.1491835721038314,69,0.018015674062462624
2026-03-07,2026-05-15,5950.0,6740.02,890.3,897.7,0.3421677569770812,77.0,80.1,0.3055012535285949,6765.45,-0.12843755869993914,69,0.017643397527727277
2026-03-07,2026-05-15,5970.0,6740.02,1087.9,1091.0,0.5705399544334413,79.0,82.2,0.3029835785102844,6978.85,-0.15613721934894473,69,0.017353792795714904
2026-03-07,2026-05-15,5975.0,6740.02,929.3,933.1,0.4070856258583069,79.6,82.7,0.3023064765167237,6825.05,-0.1330155692339401,69,0.017276315606391764
2026-03-07,2026-05-15,5980.0,6740.02,857.1,880.9,0.3499630128860473,78.8,83.5,0.3020337283897399,6767.85,-0.1237628909752089,69,0.017245155459905466
2026-03-07,2026-05-15,5990.0,6740.02,1100.6,1104.7,0.5967752725219727,79.8,84.6,0.3007863348579407,7010.45,-0.15731048086735275,69,0.01710300528047083
2026-03-07,2026-05-15,6000.0,6740.02,839.3,863.2,0.3468464363861083,80.6,85.6,0.2993844476318359,6768.15,-0.12046831595083612,69,0.0169439514421467
2026-03-07,2026-05-15,6020.0,6740.02,821.7,845.6,0.3437832651138305,83.1,87.7,0.2966531517028808,6768.25,-0.11715530083526056,69,0.01663620103192443
2026-03-07,2026-05-15,6025.0,6740.02,823.9,831.2,0.3309812691116333,83.6,88.3,0.2960542502212525,6766.6,-0.11608126573763111,69,0.016569096482495042
2026-03-07,2026-05-15,6050.0,6740.02,795.4,819.2,0.339054995136261,86.1,91.1,0.2927240528106688,6768.7,-0.11225077280885709,69,0.01619843453555979
2026-03-07,2026-05-15,6075.0,6740.02,773.5,797.4,0.335225077381134,90.8,94.1,0.2895082951736449,6768.0,-0.10802363307730999,69,0.015844489466384032
2026-03-07,2026-05-15,6090.0,6740.02,763.4,772.9,0.3197108587455748,91.3,96.3,0.2880072268104552,6764.35,-0.10501809250569022,69,0.015680611577968163
2026-03-07,2026-05-15,6100.0,6740.02,758.3,765.6,0.319846279144287,92.1,97.1,0.2861533024787902,6767.35,-0.1038208063233771,69,0.015479386750265042
2026-03-07,2026-05-15,6125.0,6740.02,736.7,744.0,0.3161956503677367,97.2,100.4,0.2830195600128173,6766.55,-0.09961259942089666,69,0.016969220490580413
2026-03-07,2026-05-15,6150.0,6740.02,909.4,895.7,0.4907163050460815,100.5,103.8,0.2798514856147766,6950.4,-0.12234713005894325,69,0.014805103907000076
2026-03-07,2026-05-15,6175.0,6740.02,870.5,873.0,0.4837640888023377,102.4,107.5,0.2768741441726684,6941.8,-0.11705222436936386,69,0.014491756515295844
2026-03-07,2026-05-15,6190.0,6740.02,674.7,698.5,0.3176070742416382,104.5,109.7,0.2749858879089356,6769.5,-0.08949214225652381,69,0.016596221162011645
2026-03-07,2026-05-15,6200.0,6740.02,672.5,679.7,0.3050167918205261,105.5,111.1,0.2736183326148987,6767.8,-0.0876267789888189,69,0.015823619108833956
2026-03-07,2026-05-15,6220.0,6740.02,649.3,673.2,0.3131019618225097,110.5,113.9,0.2708088361740112,6769.05,-0.08459084536355448,69,0.016113476425457834
2026-03-07,2026-05-15,6225.0,6740.02,647.0,656.0,0.2986119791603088,109.7,114.9,0.2704235556030273,6764.2,-0.08307055655120835,69,0.015302944758776924
2026-03-07,2026-05-15,6250.0,6740.02,630.5,637.6,0.2976964609718321,113.2,118.8,0.2671734660339356,6768.05,-0.07963154623517893,69,0.01507971532606137
2026-03-07,2026-05-15,6260.0,6740.02,615.8,639.7,0.3070290245056152,114.9,120.5,0.2659756630706786,6770.05,-0.0783282873092759,69,0.01551717237460549
2026-03-07,2026-05-15,6275.0,6740.02,607.7,614.3,0.2914995472335814,117.5,122.8,0.2638585272598266,6765.85,-0.07531441542302951,69,0.01457613614551149
2026-03-07,2026-05-15,6280.0,6740.02,605.7,612.9,0.2935995170783996,118.3,123.6,0.2631757032775879,6768.35,-0.07488735443468539,69,0.014650620941212075
2026-03-07,2026-05-15,6300.0,6740.02,589.2,596.4,0.2907060981369017,123.3,126.8,0.2603738361549377,6767.75,-0.0716190496899117,69,0.01435242978394367
2026-03-07,2026-05-15,6310.0,6740.02,580.5,590.0,0.291081842060089,125.0,128.5,0.2590348908042908,6768.5,-0.07014382009058204,69,0.014302302030574787
2026-03-07,2026-05-15,6320.0,6740.02,572.8,579.9,0.2877096833992003,124.8,130.5,0.2579782302284241,6768.7,-0.06858983669284108,69,0.014072942216760004
2026-03-07,2026-05-15,6325.0,6740.02,568.3,577.6,0.2887644366455077,125.9,131.4,0.2573354601669311,6769.3,-0.06788764962351487,69,0.014094199803835885
2026-03-07,2026-05-15,6330.0,6740.02,564.1,573.6,0.2881121299362181,126.8,132.3,0.2566831534576416,6769.3,-0.067097448081014,69,0.0140269391477846
2026-03-07,2026-05-15,6350.0,6740.02,548.0,557.4,0.2852377842903136,130.6,135.7,0.2538011784934997,6769.55,-0.06397980209102357,69,0.013732087146941368
2026-03-07,2026-05-15,6360.0,6740.02,540.4,547.5,0.2819991386985778,132.3,137.6,0.2525175457000732,6769.0,-0.06232498817443979,69,0.013502642415846826
2026-03-07,2026-05-15,6370.0,6740.02,532.3,539.4,0.2805037923240661,135.9,139.4,0.2511023071670532,6768.2,-0.06063570311065626,69,0.013355991853503536
2026-03-07,2026-05-15,6375.0,6740.02,528.3,535.4,0.2797923583984374,136.9,140.4,0.2504824250602722,6768.2,-0.05985108165023837,69,0.013289180049370216
2026-03-07,2026-05-15,6380.0,6740.02,524.3,531.4,0.2790771098136901,137.8,141.3,0.2497557324981689,6768.3,-0.05908185020597961,69,0.013217005535908991
2026-03-07,2026-05-15,6390.0,6740.02,515.6,525.2,0.2793517652702331,139.7,143.3,0.2484778216934204,6768.9,-0.0576043237969962,69,0.013166904813918663
2026-03-07,2026-05-15,6400.0,6740.02,508.3,515.4,0.2761379149627685,139.9,145.3,0.2471674862861633,6769.25,-0.05609230755609904,69,0.012942157168058271
2026-03-07,2026-05-15,6410.0,6740.02,695.9,698.8,0.4509408544158936,141.9,147.6,0.2461146403694153,6962.6,-0.08269369687477339,69,0.022963122625970573
2026-03-07,2026-05-15,6420.0,6740.02,712.6,716.1,0.4715609942817688,143.9,149.4,0.2445430008125305,6987.7,-0.08473334290998105,69,0.02423530157089803
2026-03-07,2026-05-15,6425.0,6740.02,708.3,711.7,0.4700866285324097,144.9,150.4,0.2438411035346984,6987.35,-0.08390474056432898,69,0.024088221682465355
2026-03-07,2026-05-15,6430.0,6740.02,484.0,493.4,0.2733970823860168,147.8,151.4,0.2431315769386291,6769.1,-0.05139360039872515,69,0.0126091288064085
2026-03-07,2026-05-15,6440.0,6740.02,476.8,483.8,0.2702900425338745,148.0,153.4,0.2416896357917785,6769.6,-0.04991346086740383,69,0.012388013822104312
2026-03-07,2026-05-15,6450.0,6740.02,467.4,471.0,0.2641789586257934,150.1,155.5,0.2403087291908264,6766.4,-0.04788905692840591,69,0.012028109639685335
2026-03-07,2026-05-15,6460.0,6740.02,677.9,681.3,0.4600369090843201,152.3,157.8,0.2390823162841796,6984.55,-0.07807124907390357,69,0.023099294998842276
2026-03-07,2026-05-15,6470.0,6740.02,456.1,459.8,0.2653128660488129,156.2,160.0,0.2377242976379394,6769.85,-0.04530282159279732,69,0.011959041627021137
2026-03-07,2026-05-15,6475.0,6740.02,449.6,456.6,0.2651955652809143,155.4,161.0,0.2369403851890563,6769.9,-0.044537708180744595,69,0.01191622971236457
2026-03-07,2026-05-15,6490.0,6740.02,438.1,445.1,0.2630364682197571,158.9,164.4,0.2349052645492553,6769.95,-0.042231170656539634,69,0.011717994436354422
2026-03-07,2026-05-15,6495.0,6740.02,434.2,441.2,0.2622392044639587,162.0,165.6,0.2342701238059997,6768.9,-0.04130594206387678,69,0.011650674247312936
2026-03-07,2026-05-15,6500.0,6740.02,433.1,436.8,0.2609784596252441,163.1,166.8,0.2336254464149474,6770.0,-0.04069891002259221,69,0.011561423730852604
2026-03-07,2026-05-15,6510.0,6740.02,425.5,429.4,0.2597100854682923,165.3,169.1,0.2322178372001647,6770.25,-0.039198557643759076,69,0.011436659312302968
2026-03-07,2026-05-15,6520.0,6740.02,417.9,421.8,0.2582261830711365,167.7,171.5,0.2308636332130432,6770.25,-0.037663637925675314,69,0.011305075711718899
2026-03-07,2026-05-15,6525.0,6740.02,411.4,418.3,0.2577417213630676,168.8,172.7,0.2301712725830078,6769.1,-0.03672718543949597,69,0.011250737799067252
2026-03-07,2026-05-15,6530.0,6740.02,407.7,414.7,0.2571571248531341,170.0,173.9,0.2294703289699554,6769.25,-0.035983354633385624,69,0.011191529615198405
2026-03-07,2026-05-15,6535.0,6740.02,404.0,411.0,0.2564733472061157,171.3,175.1,0.2287598487091064,6769.3,-0.03522533716091362,69,0.01112749079099241
2026-03-07,2026-05-15,6540.0,6740.02,400.2,407.2,0.255691342086792,172.5,176.4,0.2281304299545288,6769.25,-0.03445313245261798,69,0.011062850678070592
2026-03-07,2026-05-15,6545.0,6740.02,396.5,403.5,0.2549913521385193,173.7,177.6,0.2273999227333069,6769.35,-0.033703671136051896,69,0.010997529180137081
2026-03-07,2026-05-15,6550.0,6740.02,395.5,399.4,0.253925154914856,175.0,178.8,0.2266598788642883,6770.55,-0.03311727474526513,69,0.01091532620122095
2026-03-07,2026-05-15,6555.0,6740.02,389.1,396.0,0.2534731178092957,176.2,180.1,0.2259999428367614,6769.4,-0.032184339488511696,69,0.010864873079510638
2026-03-07,2026-05-15,6560.0,6740.02,385.4,392.0,0.2524793991088867,177.5,181.3,0.2252398720073699,6769.3,-0.03140708128110112,69,0.010785536601173614
2026-03-07,2026-05-15,6565.0,6740.02,381.7,388.6,0.2520082887077332,178.7,182.6,0.2245599090194701,6769.5,-0.030674721198268976,69,0.01073362332113827
2026-03-07,2026-05-15,6570.0,6740.02,378.0,384.5,0.2509077595520019,180.0,183.9,0.223869455718994,6769.3,-0.0298838517405797,69,0.010653099236776186
2026-03-07,2026-05-15,6575.0,6740.02,377.0,380.8,0.2501543643760681,181.3,185.2,0.2231694657707214,6770.65,-0.029322516068354867,69,0.01058797666078976
2026-03-07,2026-05-15,6580.0,6740.02,370.7,377.2,0.2494782160472869,182.6,186.5,0.2224580318450927,6769.4,-0.02837771136694908,69,0.010525988851477323
2026-03-07,2026-05-15,6585.0,6740.02,369.7,373.6,0.2487925310707092,181.4,187.9,0.2218247984313964,6772.0,-0.028002129075644505,69,0.010467237182952635
2026-03-07,2026-05-15,6590.0,6740.02,363.5,369.9,0.2480105259513854,185.2,189.2,0.2210923838806152,6769.5,-0.026873880438612625,69,0.010399979630744285
2026-03-07,2026-05-15,6595.0,6740.02,359.7,366.6,0.2475699328231811,184.0,190.6,0.2204381698417663,6770.85,-0.026314846788000643,69,0.010351492676056872
2026-03-07,2026-05-15,6600.0,6740.02,358.8,362.7,0.2465924264240265,185.6,191.6,0.2194215631866455,6772.15,-0.02574896502273403,69,0.010263468258484267
2026-03-07,2026-05-15,6605.0,6740.02,352.4,359.2,0.2459563320159912,186.7,193.2,0.218921842842102,6770.85,-0.024799694982989968,69,0.010213498975820577
2026-03-07,2026-05-15,6610.0,6740.02,351.6,355.5,0.2451361803054809,188.4,194.4,0.2180597298812865,6772.15,-0.024234960191519023,69,0.010139713105307264
2026-03-07,2026-05-15,6615.0,6740.02,345.2,352.0,0.2444800589370728,191.9,195.9,0.2174493844223022,6769.7,-0.02311697522917473,69,0.010084341050903316
2026-03-07,2026-05-15,6620.0,6740.02,344.4,348.4,0.2437266637611389,193.4,197.3,0.2167417651557922,6771.05,-0.022560800960940684,69,0.01002065137535387
2026-03-07,2026-05-15,6625.0,6740.02,338.3,344.6,0.2427901649475097,194.7,198.7,0.2160227019119262,6769.75,-0.021613786748195144,69,0.009948724677334547
2026-03-07,2026-05-15,6630.0,6740.02,337.3,341.2,0.2421912634658813,194.0,199.9,0.2151167203712463,6772.3,-0.02123595915096586,69,0.009883569077809122
2026-03-07,2026-05-15,6635.0,6740.02,333.7,337.8,0.2415809180068969,197.6,201.5,0.2145483361625671,6771.2,-0.020319656017562995,69,0.00983268415009193
2026-03-07,2026-05-15,6640.0,6740.02,330.2,334.2,0.2407874689102173,197.0,202.8,0.2137091111564636,6772.3,-0.019728799860394542,69,0.00976241969121186
2026-03-07,2026-05-15,6650.0,6740.02,320.5,326.9,0.239084223613739,199.8,205.6,0.212167988872528,6771.0,-0.018031931835745557,69,0.009623541499923852
2026-03-07,2026-05-15,6655.0,6740.02,316.9,323.6,0.2385196540641784,203.3,207.3,0.2116396585845947,6769.95,-0.01712524952546326,69,0.009576982922427871
2026-03-07,2026-05-15,6660.0,6740.02,313.6,319.9,0.2376003212165832,204.8,208.8,0.2109263173294067,6769.95,-0.01637421682024052,69,0.009507639752390542
2026-03-07,2026-05-15,6665.0,6740.02,309.9,316.7,0.2370986935424804,206.3,210.3,0.2102015320968627,6770.0,-0.01563113329351161,69,0.009455717080913357
2026-03-07,2026-05-15,6670.0,6740.02,306.6,312.9,0.2360725502395629,207.9,211.8,0.2094633955574035,6769.9,-0.01486645583881375,69,0.009381272089593577
2026-03-07,2026-05-15,6675.0,6740.02,305.7,309.7,0.2355499419403076,207.3,213.4,0.2088015522003173,6772.35,-0.014478942051279258,69,0.009331458406716028
2026-03-07,2026-05-15,6680.0,6740.02,299.7,306.0,0.2345867405128479,210.8,214.9,0.2080386203765868,6770.0,-0.01338309937562931,69,0.009259101025392232
2026-03-07,2026-05-15,6685.0,6740.02,296.1,302.9,0.2341289814186096,209.7,216.4,0.2072661519050598,6771.45,-0.012849033643765806,69,0.009207703285483268
2026-03-07,2026-05-15,6690.0,6740.02,292.7,299.1,0.2330589695358276,213.9,218.0,0.2065642546272277,6769.95,-0.011879827232401195,69,0.009133926004399233
2026-03-07,2026-05-15,6695.0,6740.02,289.3,296.0,0.232576415157318,215.5,219.5,0.2057660372066497,6770.15,-0.011162264108711233,69,0.00908078307025175
2026-03-07,2026-05-15,6700.0,6740.02,288.7,292.6,0.2318268346405029,215.0,220.8,0.2047837624835967,6772.75,-0.010799681889290588,69,0.009009169954077627
2026-03-07,2026-05-15,6705.0,6740.02,285.3,289.3,0.2311516399765014,215.9,222.6,0.2042163319396972,6773.05,-0.010097985724939766,69,0.008957961436273457
2026-03-07,2026-05-15,6710.0,6740.02,281.9,286.0,0.230465001335144,218.0,224.1,0.203379014263153,6772.9,-0.009330404634052446,69,0.008895358534973577
2026-03-07,2026-05-15,6715.0,6740.02,278.6,282.5,0.2295952590560913,219.1,225.8,0.2027000049400329,6773.1,-0.008615054654698811,69,0.008831961968404129
2026-03-07,2026-05-15,6720.0,6740.02,272.6,279.2,0.2288857324600219,221.3,227.3,0.2018378919792175,6771.6,-0.007649241245899583,69,0.008767860277298062
2026-03-07,2026-05-15,6725.0,6740.02,271.9,276.0,0.228248684387207,223.1,229.1,0.2012161025428772,6772.85,-0.007090047740429807,69,0.008716685083349506
2026-03-07,2026-05-15,6730.0,6740.02,265.8,272.5,0.2273446101760864,224.6,230.7,0.2004121631336211,6771.5,-0.006147484456652584,69,0.008647489137500646
2026-03-07,2026-05-15,6735.0,6740.02,265.3,269.4,0.2267685966491698,225.7,232.4,0.1996787949180603,6773.3,-0.005670602907892258,69,0.008594629497561726
2026-03-07,2026-05-15,6740.0,6740.02,259.4,266.0,0.2259255569839477,228.1,234.1,0.1989330290603637,6771.6,-0.004677470856742082,69,0.008530707158461942
2026-03-07,2026-05-15,6745.0,6740.02,258.7,262.8,0.2252408256721496,231.7,235.8,0.1981720045661926,6772.0,-0.003994974611169632,69,0.008472747473918204
2026-03-07,2026-05-15,6750.0,6740.02,255.5,259.6,0.2245446503829955,230.8,237.5,0.1973976287651062,6773.4,-0.0034606716289806803,69,0.008413996437230085
2026-03-07,2026-05-15,6755.0,6740.02,252.2,256.3,0.2237492939567565,232.5,239.2,0.1966099016571044,6773.4,-0.0027202051012570295,69,0.008350978000179535
2026-03-07,2026-05-15,6760.0,6740.02,249.0,253.0,0.2229424935531616,234.8,241.0,0.1958927457427978,6773.1,-0.001935994575026917,69,0.00829053704085695
2026-03-07,2026-05-15,6765.0,6740.02,245.8,249.9,0.2222940015029906,236.0,242.6,0.1949905788612365,6773.55,-0.0012630600967853353,69,0.008229262362789513
2026-03-07,2026-05-15,6770.0,6740.02,242.6,246.6,0.2214614521503448,240.4,244.5,0.1943287355041504,6772.15,-0.0003175271309302526,69,0.008170426116666754
2026-03-07,2026-05-15,6775.0,6740.02,239.4,243.4,0.2207013813209533,242.2,246.3,0.1935667573451995,6772.15,0.00042075271065058264,69,0.008110717985794793
2026-03-07,2026-05-15,6780.0,6740.02,236.2,240.2,0.2199289128494262,242.0,248.3,0.1929592728805542,6773.05,0.0010255994937227093,69,0.00805677336997414
2026-03-07,2026-05-15,6785.0,6740.02,233.1,237.2,0.2193128454017639,245.4,249.9,0.1919979787826538,6772.5,0.0018439983097193638,69,0.007995332186504988
2026-03-07,2026-05-15,6790.0,6740.02,229.9,233.9,0.2184278444862365,244.9,251.6,0.1911072558784484,6773.65,0.00241085665276859,69,0.007926445816246004
2026-03-07,2026-05-15,6795.0,6740.02,224.8,230.7,0.2176162757587432,249.4,253.5,0.1903691193389892,6771.3,0.003493955479423488,69,0.007866571027603181
2026-03-07,2026-05-15,6800.0,6740.02,221.0,227.1,0.2164499437332153,248.6,255.3,0.1895318016624451,6772.1,0.004111381333842959,69,0.007789494009603404
2026-03-07,2026-05-15,6805.0,6740.02,218.6,224.5,0.2161209293842315,250.5,257.2,0.1887631478500366,6772.7,0.004757810370031429,69,0.007747429454692665
2026-03-07,2026-05-15,6810.0,6740.02,214.9,221.4,0.2153532292366028,255.0,259.1,0.1879773280715942,6771.1,0.005728564899743273,69,0.007688090516191312
2026-03-07,2026-05-15,6815.0,6740.02,211.7,218.4,0.214656100282669,257.0,261.0,0.1871762496566772,6771.05,0.006469894238638519,69,0.007631080400401798
2026-03-07,2026-05-15,6820.0,6740.02,211.4,215.4,0.21394562002182,258.8,262.9,0.1863599126052856,6772.55,0.006981794107429864,69,0.007573199891903477
2026-03-07,2026-05-15,6825.0,6740.02,205.8,211.9,0.212793592967987,260.6,264.8,0.1855245022583007,6771.15,0.007921401512054088,69,0.007498187701331618
2026-03-07,2026-05-15,6830.0,6740.02,202.6,208.8,0.2119696265983581,262.7,266.8,0.1847596631050109,6770.95,0.008683271540069442,69,0.007438489672800848
2026-03-07,2026-05-15,6835.0,6740.02,199.7,206.3,0.2116434732437133,264.5,268.7,0.1838918281555175,6771.4,0.009348609948379922,69,0.007393783596613454
2026-03-07,2026-05-15,6840.0,6740.02,196.7,202.9,0.2105334074401855,264.0,270.8,0.1831784869003295,6772.4,0.009932202362519467,69,0.007325770442752454
2026-03-07,2026-05-15,6845.0,6740.02,193.7,200.3,0.2100928143119811,266.0,272.8,0.1823602425193786,6772.6,0.01063339827614845,69,0.007278999126933707
2026-03-07,2026-05-15,6850.0,6740.02,190.8,197.2,0.2092097207260131,270.6,274.7,0.1814409096717834,6771.35,0.011548176071263506,69,0.007212291874714732
2026-03-07,2026-05-15,6855.0,6740.02,187.9,194.5,0.2086546878242492,270.1,276.8,0.1806741631889343,6772.75,0.01207110472806685,69,0.007163568384901334
2026-03-07,2026-05-15,6860.0,6740.02,187.6,191.7,0.207998566455841,274.7,278.8,0.1798025135803223,6772.9,0.012778086120150876,69,0.007107457369676588
2026-03-07,2026-05-15,6865.0,6740.02,182.1,188.7,0.2071555267906188,274.2,280.9,0.1789995278358459,6772.85,0.013514065991601805,69,0.007047250074476841
2026-03-07,2026-05-15,6870.0,6740.02,179.2,185.4,0.206039738998413,278.9,282.9,0.1780916389656067,6771.4,0.014456246006724993,69,0.006973580254808919
2026-03-07,2026-05-15,6875.0,6740.02,178.9,183.0,0.2056830683708191,278.4,285.2,0.1774240736198425,6774.15,0.014777745912404603,69,0.0069364415581188036
2026-03-07,2026-05-15,6880.0,6740.02,173.5,180.1,0.204879128961563,283.1,287.1,0.1763903009986877,6771.7,0.015866488714706813,69,0.006870054861186851
2026-03-07,2026-05-15,6885.0,6740.02,173.3,177.3,0.2041457607460021,282.7,289.4,0.1756864963912963,6774.25,0.016216472649684392,69,0.006818359935465082
2026-03-07,2026-05-15,6890.0,6740.02,168.0,174.0,0.2029632164192199,284.8,291.6,0.1748739739990234,6772.8,0.017156494241044935,69,0.006746921253395532
2026-03-07,2026-05-15,6895.0,6740.02,167.7,171.7,0.2026322947406768,289.4,293.6,0.1738669039916992,6773.2,0.017822862436216776,69,0.00669922165656326
2026-03-07,2026-05-15,6900.0,6740.02,162.4,168.8,0.2017635061264038,289.2,296.0,0.1731917093276977,6773.0,0.01857729137044707,69,0.006644388724753415
2026-03-07,2026-05-15,6905.0,6740.02,159.7,166.2,0.2011398093605041,293.9,298.0,0.1721417244052887,6772.0,0.01944932259036664,69,0.006585204204169482
2026-03-07,2026-05-15,6910.0,6740.02,156.9,163.0,0.1999763383293152,293.7,300.4,0.1714255221557617,6772.9,0.02004028216193573,69,0.0065190510931866985
2026-03-07,2026-05-15,6915.0,6740.02,154.3,160.7,0.1995815211105346,295.9,302.7,0.1705996484565735,6773.2,0.020719316307673173,69,0.006476269029344501
2026-03-07,2026-05-15,6920.0,6740.02,151.6,157.7,0.1985563314723968,298.3,304.9,0.169661242313385,6773.05,0.02146426717099653,69,0.006407745570879074
2026-03-07,2026-05-15,6925.0,6740.02,148.9,155.2,0.1979526616668701,300.6,307.2,0.1687915000343323,6773.15,0.02217178532668051,69,0.006356567349172821
2026-03-07,2026-05-15,6930.0,6740.02,148.8,152.7,0.1973327795600891,305.2,309.4,0.1678092253112793,6773.45,0.022849254898530163,69,0.006301150121083758
2026-03-07,2026-05-15,6935.0,6740.02,143.7,150.1,0.1966079943275451,305.2,311.9,0.1670749034309387,6773.35,0.02358525909772944,69,0.006250891957820916
2026-03-07,2026-05-15,6940.0,6740.02,143.5,147.5,0.1958660431289673,310.0,314.0,0.1659553009796142,6773.5,0.02428383448005915,69,0.006187063882620066
2026-03-07,2026-05-15,6945.0,6740.02,138.5,144.9,0.1951050186347961,309.9,316.7,0.1653583068275452,6773.4,0.025018799692887984,69,0.006140707411803091
2026-03-07,2026-05-15,6950.0,6740.02,138.4,142.3,0.1943258745098114,312.3,319.2,0.1645553210830688,6774.6,0.025561335144306297,69,0.006086920661617867
2026-03-07,2026-05-15,6955.0,6740.02,133.5,139.8,0.1936173015785217,314.8,321.5,0.163544436416626,6773.5,0.026442885336752108,69,0.006028733554145414
2026-03-07,2026-05-15,6960.0,6740.02,131.0,137.0,0.1926216755485534,317.2,323.9,0.1626003082847595,6773.45,0.02716891604304642,69,0.005963426978147078
2026-03-07,2026-05-15,6965.0,6740.02,128.5,134.8,0.1921467504882812,319.5,326.4,0.1617248440170288,6773.7,0.027850140796514218,69,0.0059181727893448015
2026-03-07,2026-05-15,6970.0,6740.02,126.8,132.2,0.1912922668457031,322.2,328.9,0.1608226771354675,6773.95,0.02853085156736484,69,0.0058595619386750284
2026-03-07,2026-05-15,6975.0,6740.02,123.6,129.8,0.1905999062156677,324.7,331.5,0.159989174118042,6773.6,0.02929962436149885,69,0.005808888030272129
2026-03-07,2026-05-15,6980.0,6740.02,123.6,127.4,0.1898903796195984,327.3,334.0,0.1590355093383789,6774.85,0.029831690475017065,69,0.005753904139022543
2026-03-07,2026-05-15,6985.0,6740.02,118.8,125.1,0.1892514242172241,329.6,336.6,0.1581505084228515,6773.85,0.030695382048329896,69,0.005703752803658982
2026-03-07,2026-05-15,6990.0,6740.02,118.8,122.6,0.1884083845520019,332.4,339.1,0.1571396237564087,6774.95,0.031248569580987862,69,0.005643038628197088
2026-03-07,2026-05-15,6995.0,6740.02,114.1,120.3,0.1877312825584411,334.8,341.9,0.1563919505691528,6773.85,0.0321259974568492,69,0.005596599432119861
2026-03-07,2026-05-15,7000.0,6740.02,112.5,117.7,0.1867547298240661,340.0,344.0,0.1549347507858276,6773.1,0.03295126442541366,69,0.005517717383563468
2026-03-07,2026-05-15,7005.0,6740.02,111.8,115.6,0.1862225848770141,342.8,346.7,0.154030676574707,6773.95,0.0335398065839026,69,0.005471429762375887
2026-03-07,2026-05-15,7010.0,6740.02,107.2,113.1,0.1852975300407409,345.5,349.4,0.1530960850906372,6772.7,0.03443787531310072,69,0.005411785256545305
2026-03-07,2026-05-15,7015.0,6740.02,107.3,111.0,0.1847253311729431,345.5,352.6,0.1526287893486023,6775.1,0.03479658674998812,69,0.005378587932649117
2026-03-07,2026-05-15,7020.0,6740.02,103.4,108.6,0.1838517742347717,350.9,354.8,0.1511334429740906,6773.15,0.035796951290998046,69,0.005303316168934478
2026-03-07,2026-05-15,7025.0,6740.02,100.6,106.4,0.1831441549682617,350.9,358.0,0.1506108346748352,6774.05,0.036376079688198844,69,0.005264435016921094
2026-03-07,2026-05-15,7030.0,6740.02,98.4,104.2,0.1824155550765991,356.4,360.3,0.1491440982437133,6772.95,0.03724996787011959,69,0.0051954071616315866
2026-03-07,2026-05-15,7035.0,6740.02,96.3,102.3,0.1819539813232422,356.6,363.7,0.1487683543205261,6774.15,0.037783792926121856,69,0.005169199429632318
2026-03-07,2026-05-15,7040.0,6740.02,96.4,100.1,0.1811834201812744,362.1,366.4,0.1476411225509643,6774.0,0.03851641577437116,69,0.005110044529665443
2026-03-07,2026-05-15,7045.0,6740.02,94.3,98.0,0.180485337562561,364.9,368.8,0.1461610348129272,6774.3,0.039182104956074874,69,0.005042569745505864
2026-03-07,2026-05-15,7050.0,6740.02,92.3,95.9,0.1797681816482544,365.1,372.3,0.1458043641853332,6775.4,0.039729211210833865,69,0.0050094700681088235
2026-03-07,2026-05-15,7055.0,6740.02,90.2,93.8,0.1790262304496765,368.1,375.2,0.1447801282119751,6775.35,0.04044555935676607,69,0.00495526609299353
2026-03-07,2026-05-15,7060.0,6740.02,88.2,91.8,0.178362479763031,371.1,378.3,0.1439351812171936,6775.3,0.04116140527693159,69,0.004909197929355714
2026-03-07,2026-05-15,7065.0,6740.02,83.9,91.2,0.1790681916999817,374.0,381.1,0.1427259342765807,6775.0,0.041913649370726246,69,0.004893870346848193
2026-03-07,2026-05-15,7070.0,6740.02,82.5,88.2,0.1773668537330627,376.9,384.1,0.1416940689849853,6774.85,0.04264325360921727,69,0.004811089860269014
2026-03-07,2026-05-15,7075.0,6740.02,80.7,86.2,0.1766344391822815,379.3,389.5,0.1433191137695312,6774.05,0.043468307997690546,69,0.004838047292608014
2026-03-07,2026-05-15,7080.0,6740.02,80.3,83.9,0.1755758712768554,380.4,384.1,0.1325121844863891,6779.85,0.04331892989186633,69,0.004485862504913936
2026-03-07,2026-05-15,7085.0,6740.02,76.2,83.4,0.1763292664527893,386.1,393.2,0.1384649600410461,6775.15,0.04471836640056806,69,0.004683275991325888
2026-03-07,2026-05-15,7090.0,6740.02,76.6,80.1,0.174193057346344,389.1,396.2,0.137259527759552,6775.7,0.045342658082311575,69,0.004584374781555502
2026-03-07,2026-05-15,7100.0,6740.02,72.9,76.4,0.1728178727340698,394.8,404.3,0.1372404544639587,6775.1,0.0468406572428335,69,0.004543421556352014
2026-03-07,2026-05-15,7110.0,6740.02,67.4,72.9,0.1715571278953552,401.1,411.4,0.1359110457611084,6773.9,0.048425251855076415,69,0.004467829293837841
2026-03-07,2026-05-15,7120.0,6740.02,64.0,69.4,0.1701972019195557,408.1,417.0,0.1325121844863891,6774.15,0.04979382778365388,69,0.004330599390863143
2026-03-07,2026-05-15,7125.0,6740.02,62.3,67.7,0.1695334512329102,410.9,421.2,0.132535072441101,6773.95,0.050525352949646475,69,0.004312282271662444
2026-03-07,2026-05-15,7130.0,6740.02,61.1,65.9,0.1687323728179932,414.9,422.1,0.1281100678634643,6775.0,0.05107186766043993,69,0.0041643595799253415
2026-03-07,2026-05-15,7140.0,6740.02,57.5,62.7,0.1674964232635498,416.8,423.5,0.1176846044921875,6779.95,0.05174304905764999,69,0.003843593892353071
2026-03-07,2026-05-15,7150.0,6740.02,54.4,59.5,0.1661536632537842,428.4,435.6,0.1228420236206054,6774.95,0.0538803700411853,69,0.0039471075241150795
2026-03-07,2026-05-15,7160.0,6740.02,51.8,56.6,0.1650550414276123,426.5,450.4,0.1318560631179809,6775.75,0.055159919226693936,69,0.004166286353542061
2026-03-07,2026-05-15,7170.0,6740.02,49.1,53.5,0.1636111929512024,269.5,271.3,1.0000000000000004e-05,6950.9,0.03103450701588599,69,0.001265247082199622
2026-03-07,2026-05-15,7175.0,6740.02,48.9,52.2,0.1631477118682861,445.9,453.1,0.1153996236801147,6776.05,0.05720842533850441,69,0.003666859350504675
2026-03-07,2026-05-15,7180.0,6740.02,45.9,50.8,0.1625373664093017,443.8,452.4,0.1053479969024658,6780.25,0.05728540863128452,69,0.003391518618829287
2026-03-07,2026-05-15,7190.0,6740.02,44.9,48.1,0.1613567294120788,456.7,463.9,0.1101697260284423,6776.2,0.059274698880182,69,0.0034843400714263274
2026-03-07,2026-05-15,7200.0,6740.02,42.3,45.5,0.1601913510513306,464.0,471.3,0.1063588815689087,6776.25,0.060657174429598774,69,0.0033577964583447633
2026-03-07,2026-05-15,7220.0,6740.02,37.5,40.7,0.1580475126266479,359.6,362.3,1.0000000000000004e-05,6898.15,0.04560169319305539,69,0.0011806645435225238
2026-03-07,2026-05-15,7225.0,6740.02,36.3,39.5,0.1574390744972229,474.0,497.8,0.1138775746917724,6777.0,0.06401270784451984,69,0.0034789575101184652
2026-03-07,2026-05-15,7230.0,6740.02,35.2,38.4,0.1569393541526794,477.8,501.6,0.1120541676330566,6777.1,0.06468975433391481,69,0.0034196359716615293
2026-03-07,2026-05-15,7240.0,6740.02,33.1,36.2,0.1558559909629822,337.3,339.0,1.0000000000000004e-05,6936.5,0.042823881858981824,69,0.0011481508853302734
2026-03-07,2026-05-15,7250.0,6740.02,31.0,34.1,0.1547974230575561,498.4,506.1,1.0000000000000004e-05,6780.3,0.06698012010557305,69,0.001132608450771753
2026-03-07,2026-05-15,7260.0,6740.02,29.1,32.2,0.1539200514602661,501.4,525.2,0.0989851454925537,6777.35,0.06879365874553107,69,0.0030228162099701205
2026-03-07,2026-05-15,7270.0,6740.02,27.2,30.3,0.1529320547485352,509.4,533.3,0.092759621810913,6777.4,0.07016274396665789,69,0.0028528380789115634
2026-03-07,2026-05-15,7275.0,6740.02,25.4,29.2,0.1521557716178894,408.6,416.2,1.0000000000000004e-05,6889.9,0.054387241925413804,69,0.001094284329857993
2026-03-07,2026-05-15,7290.0,6740.02,22.0,27.3,0.151896374797821,525.8,549.6,1.0000000000000004e-05,6776.95,0.07297639778963184,69,0.0010905566593088416
2026-03-07,2026-05-15,7300.0,6740.02,20.4,25.6,0.1508988414382935,535.1,559.1,1.0000000000000004e-05,6775.9,0.07450214888279552,69,0.0010762808296391182
2026-03-07,2026-05-15,7310.0,6740.02,19.6,23.4,0.1488923307418823,543.6,567.6,1.0000000000000004e-05,6775.9,0.07587107449013716,69,0.0010478502622775195
2026-03-07,2026-05-15,7325.0,6740.02,18.6,21.6,0.1482819852828979,555.3,579.2,1.0000000000000004e-05,6777.85,0.07763321238510608,69,0.0010392776644115628
2026-03-07,2026-05-15,7350.0,6740.02,15.6,18.4,0.1463860997009277,578.1,602.1,1.0000000000000004e-05,6776.9,0.0811805429712855,69,0.0010128735907722146
2026-03-07,2026-05-15,7370.0,6740.02,13.4,16.1,0.1448716800308228,594.7,618.5,1.0000000000000004e-05,6778.15,0.08371350283930641,69,0.0009920262899932922
2026-03-07,2026-05-15,7375.0,6740.02,12.3,15.3,0.143914200592041,425.6,426.6,1.0000000000000004e-05,6962.7,0.05752857207086188,69,0.0009789576100054835
2026-03-07,2026-05-15,7380.0,6740.02,11.8,14.8,0.1435861399078369,603.6,627.4,1.0000000000000004e-05,6777.8,0.08512107309213962,69,0.0009744998262696875
2026-03-07,2026-05-15,7390.0,6740.02,10.9,13.8,0.1428460960388183,612.6,636.4,1.0000000000000004e-05,6777.85,0.08646779244208558,69,0.0009644812521275297
2026-03-07,2026-05-15,7400.0,6740.02,9.9,13.0,0.1424722594451904,622.9,646.9,1.0000000000000004e-05,6776.55,0.08801187732321337,69,0.000959440002538255
2026-03-07,2026-05-15,7410.0,6740.02,9.3,12.6,0.1430330143356323,632.0,656.0,1.0000000000000004e-05,6776.95,0.08930329107706052,69,0.0009670068305242808
2026-03-07,2026-05-15,7420.0,6740.02,9.0,11.6,0.1419763537597656,642.9,652.4,1.0000000000000004e-05,6782.65,0.08981117613385436,69,0.0009527730144695468
2026-03-07,2026-05-15,7425.0,6740.02,8.3,11.0,0.1411066114807129,648.1,658.1,1.0000000000000004e-05,6781.55,0.09064699529523751,69,0.0009411362770343117
2026-03-07,2026-05-15,7430.0,6740.02,8.3,10.9,0.1415910731887817,652.7,662.7,1.0000000000000004e-05,6781.9,0.09126856004793321,69,0.0009476093226348049
2026-03-07,2026-05-15,7450.0,6740.02,6.6,9.3,0.139908808517456,674.1,686.9,1.0000000000000004e-05,6777.45,0.0946131073795282,69,0.00092522728452683
2026-03-07,2026-05-15,7475.0,6740.02,5.8,8.2,0.1400194336318969,498.8,501.2,1.0000000000000004e-05,6982.0,0.06822871059390578,69,0.0009266909024285052
2026-03-07,2026-05-15,7500.0,6740.02,4.7,7.0,0.1393213510131836,714.9,738.8,1.0000000000000004e-05,6779.0,0.10107342209343614,69,0.0036693706315659488
2026-03-07,2026-05-15,7575.0,6740.02,2.45,4.4,0.1380701428222656,676.1,678.9,1.0000000000000004e-05,6900.925,0.09319789080617148,69,0.0009010703308804051
2026-03-07,2026-05-15,7600.0,6740.02,2.15,4.0,0.139107730102539,599.1,601.2,1.0000000000000004e-05,7002.925,0.08182032837209843,69,0.0009146631884883008
2026-03-07,2026-05-15,7650.0,6740.02,1.35,3.1,0.1397943687438965,861.6,885.6,1.0000000000000004e-05,6778.625,0.12093136881320157,69,0.003694329100665236
2026-03-07,2026-05-15,7700.0,6740.02,1.0,2.45,0.1409235078430176,679.0,683.6,1.0000000000000004e-05,7020.425,0.09239657134392816,69,0.0009386955484059695
2026-03-07,2026-05-15,7750.0,6740.02,0.65,2.15,0.1440973042297363,733.6,735.9,1.0000000000000004e-05,7016.65,0.09940694720470801,69,0.0009814500987212072
2026-03-07,2026-05-15,7800.0,6740.02,0.35,1.75,0.1456994610595703,778.9,781.7,1.0000000000000004e-05,7020.75,0.10525368375771943,69,0.004013027325370952
2026-03-07,2026-05-15,7900.0,6740.02,0.15,1.4,0.1522606747436523,1107.0,1124.7,1.0000000000000004e-05,6784.925,0.15215952004237338,69,0.004382598909764567
2026-03-07,2026-05-15,7950.0,6740.02,0.05,1.25,0.1553734365844726,1156.1,1179.9,1.0000000000000004e-05,6782.65,0.15880404762080585,69,0.004563623098434987
2026-03-07,2026-05-15,8000.0,6740.02,0.1,1.1,0.1580894738769531,1101.0,1161.0,1.0000000000000004e-05,6869.6,0.15233566130369786,69,0.004724568330952704
2026-03-07,2026-05-15,9200.0,6740.02,0.0,0.45,0.2446364599609375,2173.7,2183.3,1.0000000000000004e-05,7021.725,0.2701945697073588,69,0.011313542001131882
2026-03-07,2026-05-15,10000.0,6740.02,0.0,0.35,0.2961496166992187,3191.2,3215.2,1.0000000000000004e-05,6796.975,0.3861074327295852,69,0.01657977284248081
2026-03-07,2026-05-15,10400.0,6740.02,0.0,0.35,0.3225165405273437,3588.1,3612.1,1.0000000000000004e-05,6800.075000000001,0.42487216461432464,69,0.019663472342594725
2026-03-07,2026-05-15,10800.0,6740.02,0.0,0.35,0.3476627734374999,3983.5,4007.3,1.0000000000000004e-05,6804.775,0.4619215624969539,69,0.02284928459825631
2026-03-07,2026-05-15,11200.0,6740.02,0.0,0.3,0.3670717590332031,4118.1,4129.2,1.0000000000000004e-05,7076.5,0.4591343431092923,69,0.025471714146031138
2026-03-07,2026-05-15,12000.0,6740.02,0.0,0.3,0.4116269775390625,5175.8,5199.8,1.0000000000000004e-05,6812.349999999999,0.5661695083896692,69,0.03203051242744692
2026-03-07,2026-05-15,12400.0,6740.02,0.0,0.3,0.4327449304199219,5571.2,5595.1,1.0000000000000004e-05,6817.0,0.5982769802303429,69,0.035401380990372246
2026-03-07,2026-05-29,2800.0,6740.02,3936.8,3960.6,0.836091726989746,3.4,5.2,0.7637352728271485,6744.4,-0.8790931137405302,83,0.13263890426769806
2026-03-07,2026-05-29,4200.0,6740.02,2805.6,2815.9,1.0889365926933288,14.7,17.2,0.5271043383789062,6994.8,-0.5100824905680448,83,0.06317982365381578
2026-03-07,2026-05-29,4600.0,6740.02,2387.1,2397.3,0.9103974719619752,20.8,23.6,0.4717154879760742,6970.0,-0.4155589212773833,83,0.050599415431534206
2026-03-07,2026-05-29,4700.0,6740.02,2074.1,2097.9,0.5188417867279053,22.8,25.6,0.4566781017303467,6761.8,-0.3637266180840613,83,0.04742481028439104
2026-03-07,2026-05-29,5100.0,6740.02,1688.5,1712.4,0.4772620023345948,33.5,36.5,0.3999083447265625,6765.45,-0.28258823852719744,83,0.03636688982767383
2026-03-07,2026-05-29,5450.0,6740.02,1584.4,1591.9,0.6732191339302066,48.8,51.9,0.3541591379165649,6987.8,-0.2485501626948109,83,0.028522141595873338
2026-03-07,2026-05-29,5490.0,6740.02,1319.6,1343.4,0.412618788909912,51.0,54.1,0.3490055334472656,6768.95,-0.20941772336229736,83,0.027698091992534972
2026-03-07,2026-05-29,5500.0,6740.02,1310.2,1334.1,0.4110738519668579,51.6,54.7,0.3477810278701782,6769.0,-0.2076052732880453,83,0.027504072322614596
2026-03-07,2026-05-29,5575.0,6740.02,1240.5,1264.3,0.3991415982437135,56.2,59.3,0.3383550051879882,6769.65,-0.1941570695709732,83,0.02603337285333801
2026-03-07,2026-05-29,5625.0,6740.02,1361.1,1370.5,0.5649915327453614,59.5,62.7,0.3322286626434326,6929.7,-0.20859557413099694,83,0.0250991736860083
2026-03-07,2026-05-29,5650.0,6740.02,1377.0,1385.2,0.5992300056648254,61.2,64.5,0.3291998233032226,6968.25,-0.209708572049045,83,0.024643614969913585
2026-03-07,2026-05-29,5700.0,6740.02,1125.4,1149.2,0.3798050911712646,64.9,68.2,0.323027704849243,6770.75,-0.1721456888132942,83,0.023728198746065972
2026-03-07,2026-05-29,5775.0,6740.02,1057.1,1081.0,0.3685384954643249,70.9,74.2,0.3137657125091552,6771.5,-0.15918437170543173,83,0.022387015218491395
2026-03-07,2026-05-29,5780.0,6740.02,1052.6,1076.4,0.3676992704582215,71.4,74.7,0.3132602701759338,6771.45,-0.15831156151338624,83,0.02231494723361101
2026-03-07,2026-05-29,5800.0,6740.02,1034.5,1058.3,0.3646837824249268,73.1,76.4,0.3107750197601318,6771.65,-0.15488686198063764,83,0.021962280469242614
2026-03-07,2026-05-29,5900.0,6740.02,944.8,968.7,0.3499305882835388,82.5,85.9,0.2987321409225463,6772.55,-0.1379253268362671,83,0.020293134349791644
2026-03-07,2026-05-29,6000.0,6740.02,856.6,880.5,0.335411995677948,93.4,96.8,0.2867255013465881,6773.45,-0.12125108907522678,83,0.0186946728470234
2026-03-07,2026-05-29,6050.0,6740.02,813.1,837.0,0.3282423438644408,99.4,102.9,0.280789891757965,6773.9,-0.1130187199173229,83,0.017928673849359793
2026-03-07,2026-05-29,6200.0,6740.02,685.2,709.1,0.3068707161521911,120.1,123.8,0.2627408321380615,6775.2,-0.08871959457420632,83,0.018445176180470108
2026-03-07,2026-05-29,6225.0,6740.02,664.4,688.2,0.3033192685127258,124.0,127.8,0.259784471321106,6775.4,-0.08472496326257212,83,0.018026111788104354
2026-03-07,2026-05-29,6250.0,6740.02,643.6,667.5,0.2998307627487182,128.1,131.8,0.2566793387985229,6775.6,-0.08074645998177961,83,0.017606431458426035
2026-03-07,2026-05-29,6300.0,6740.02,608.6,618.1,0.2852377842903136,136.6,140.4,0.2505949575042724,6774.85,-0.07266759290177713,83,0.016322389284839447
2026-03-07,2026-05-29,6325.0,6740.02,731.6,739.4,0.4046194487380982,141.1,144.9,0.2475069909477233,6917.5,-0.08954439806535998,83,0.024176245306161883
2026-03-07,2026-05-29,6350.0,6740.02,568.2,577.8,0.2785335208892823,145.7,149.6,0.2444400050163269,6775.35,-0.06483621304341097,83,0.015548362075510977
2026-03-07,2026-05-29,6375.0,6740.02,548.1,554.5,0.2722107234001159,150.5,154.4,0.2412967259025573,6773.85,-0.060685519616105535,83,0.014990590233297954
2026-03-07,2026-05-29,6400.0,6740.02,527.7,538.0,0.2716804857826232,155.5,159.5,0.2382488132667541,6775.35,-0.05699303558238507,83,0.014782407446853501
2026-03-07,2026-05-29,6425.0,6740.02,511.7,515.8,0.2660634002304077,160.8,164.6,0.2350235189819335,6776.05,-0.05319770552589699,83,0.014274186541283818
2026-03-07,2026-05-29,6450.0,6740.02,491.2,493.0,0.2598264325714111,166.1,170.1,0.2319641623687744,6774.0,-0.04901162358789887,83,0.013749461033934653
2026-03-07,2026-05-29,6475.0,6740.02,473.1,477.4,0.2595021865463257,171.7,175.6,0.2287159801292419,6776.6,-0.04552689365984597,83,0.013550430956561879
2026-03-07,2026-05-29,6485.0,6740.02,465.5,469.6,0.2580077938365936,173.9,177.9,0.22744760597229,6776.65,-0.043991061781136945,83,0.013397504419108941
2026-03-07,2026-05-29,6495.0,6740.02,457.9,462.2,0.2568185738563537,176.2,180.3,0.2262307297134399,6776.8,-0.04247236401264128,83,0.013265027577656711
2026-03-07,2026-05-29,6500.0,6740.02,454.1,458.4,0.256130027885437,177.3,181.5,0.2256108476066589,6776.85,-0.04171021531995857,83,0.013193263358185586
2026-03-07,2026-05-29,6525.0,6740.02,435.4,439.6,0.2527426105880737,183.3,187.5,0.2223874606513976,6777.1,-0.03790832862800143,83,0.012833652411965808
2026-03-07,2026-05-29,6530.0,6740.02,431.6,435.9,0.2520922112083435,184.5,188.7,0.2217179879760741,6777.15,-0.037149716308162044,83,0.012762449796334062
2026-03-07,2026-05-29,6550.0,6740.02,416.0,417.7,0.2466591829586029,189.5,193.7,0.2191221124458313,6775.25,-0.033811216806805905,83,0.012333584833792138
2026-03-07,2026-05-29,6570.0,6740.02,402.1,406.4,0.2466982832145691,194.6,198.9,0.2165510321998596,6777.5,-0.031094469894164343,83,0.012199858933733397
2026-03-07,2026-05-29,6575.0,6740.02,397.0,398.8,0.2428435701751708,195.9,200.2,0.2158853741836547,6774.85,-0.029942648235435892,83,0.011962928962042933
2026-03-07,2026-05-29,6580.0,6740.02,393.6,395.2,0.2422008001136779,197.2,201.5,0.2152120868492126,6775.05,-0.029212001475106972,83,0.011894386013874837
2026-03-07,2026-05-29,6590.0,6740.02,387.6,391.8,0.2439345626831054,199.9,204.2,0.2139170100784301,6777.65,-0.028077085685949695,83,0.011917211782505181
2026-03-07,2026-05-29,6600.0,6740.02,380.3,384.8,0.2427443890380859,202.6,206.9,0.2125876013755798,6777.8,-0.026582916487861763,83,0.011786410536991683
2026-03-07,2026-05-29,6610.0,6740.02,373.1,377.5,0.2412814672660827,205.3,209.6,0.2112200460815429,6777.85,-0.02507628865442996,83,0.011640330428285607
2026-03-07,2026-05-29,6620.0,6740.02,366.0,370.3,0.2398643214035034,208.1,212.4,0.2098944520378112,6777.9,-0.02357194951247143,83,0.011499647401272033
2026-03-07,2026-05-29,6625.0,6740.02,362.5,366.8,0.2392234586715698,209.4,213.8,0.2092173500442504,6778.05,-0.022839078092683016,83,0.011432349445548634
2026-03-07,2026-05-29,6640.0,6740.02,351.8,356.3,0.2372474652481079,213.7,218.1,0.2072070246887206,6778.15,-0.020592239873596218,83,0.011230001966353103
2026-03-07,2026-05-29,6650.0,6740.02,344.8,349.3,0.235885631942749,216.6,221.0,0.2058442377185821,6778.25,-0.0191021018734864,83,0.011092738392694777
2026-03-07,2026-05-29,6660.0,6740.02,421.8,423.3,0.2980722048950195,219.6,223.9,0.2044413968276977,6860.8,-0.0297045684619387,83,0.014355584488394538
2026-03-07,2026-05-29,6670.0,6740.02,331.0,335.2,0.2329788616943359,222.5,226.9,0.2030757488632201,6778.4,-0.016121225974584895,83,0.010809534754277844
2026-03-07,2026-05-29,6675.0,6740.02,327.5,331.9,0.232406662826538,224.0,228.5,0.2024558667564391,6778.45,-0.015379257960603897,83,0.010750513582007102
2026-03-07,2026-05-29,6680.0,6740.02,324.0,328.5,0.2317457731342315,225.5,230.0,0.2017482474899292,6778.5,-0.014637850988752697,83,0.01068295648705666
2026-03-07,2026-05-29,6700.0,6740.02,310.4,314.9,0.2290097088813782,231.8,236.2,0.1989635463333129,6778.65,-0.011670440685103695,83,0.010412583490316376
2026-03-07,2026-05-29,6710.0,6740.02,303.7,308.1,0.2275849337005615,234.9,239.3,0.1975063465499877,6778.8,-0.01020114415348928,83,0.010272818844684405
2026-03-07,2026-05-29,6720.0,6740.02,297.0,301.4,0.2262002124404907,237.8,242.6,0.1961597718811035,6779.0,-0.008741443913770425,83,0.010141233135314655
2026-03-07,2026-05-29,6725.0,6740.02,293.7,298.1,0.2255307397651672,239.8,244.2,0.1954292646598816,6778.9,-0.007982921413856954,83,0.010074115069876424
2026-03-07,2026-05-29,6730.0,6740.02,290.4,294.8,0.2248517304420471,241.3,245.8,0.194689220790863,6779.05,-0.007261830484124336,83,0.010006310006984556
2026-03-07,2026-05-29,6740.0,6740.02,283.7,288.2,0.2234651018524169,244.7,249.2,0.1933283411502838,6779.0,-0.0057696735246129385,83,0.009875679625201219
2026-03-07,2026-05-29,6750.0,6740.02,277.2,281.7,0.222114712524414,248.1,252.6,0.1919197782707214,6779.1,-0.004301844893853949,83,0.00974536879735817
2026-03-07,2026-05-29,6760.0,6740.02,270.7,275.2,0.2207233156108856,251.5,256.0,0.1904644858169555,6779.2,-0.0028362108352849996,83,0.009611821142174053
2026-03-07,2026-05-29,6770.0,6740.02,264.3,268.8,0.2193672042942047,255.0,259.5,0.1890358959770202,6779.3,-0.0013727648602473298,83,0.009482073056044725
2026-03-07,2026-05-29,6775.0,6740.02,261.1,265.6,0.2186729363346099,256.7,261.2,0.1882653348350524,6779.4,-0.000649235695353898,83,0.009414175885638322
2026-03-07,2026-05-29,6780.0,6740.02,257.9,262.3,0.2178899775505065,258.5,263.0,0.1875577155685424,6779.35,9.587480233159119e-05,83,0.009345335646583117
2026-03-07,2026-05-29,6790.0,6740.02,251.6,256.1,0.216603483762741,262.1,266.6,0.1861062377738952,6779.5,0.0015475886503779107,83,0.00921954448292435
2026-03-07,2026-05-29,6800.0,6740.02,245.3,249.8,0.2151949208831787,265.7,270.2,0.1846013547515868,6779.6,0.003004509020298722,83,0.009086627497910027
2026-03-07,2026-05-29,6810.0,6740.02,239.1,243.6,0.2138178289413452,269.3,273.9,0.1831193596839904,6779.75,0.004451892045290451,83,0.00895712872071519
2026-03-07,2026-05-29,6815.0,6740.02,236.0,240.5,0.2131121170043945,271.3,275.8,0.1823983891105652,6779.7,0.0051932119627646324,83,0.008892856518580041
2026-03-07,2026-05-29,6820.0,6740.02,233.0,237.4,0.2123949610900878,273.1,277.7,0.1816621599006652,6779.8,0.005911868863230386,83,0.008827619323350848
2026-03-07,2026-05-29,6825.0,6740.02,229.9,234.4,0.2117436080455779,275.0,279.6,0.1809116257190704,6779.85,0.0066373632572615015,83,0.00876492123700682
2026-03-07,2026-05-29,6830.0,6740.02,226.9,231.3,0.2110026105117797,277.0,281.5,0.1801477402305603,6779.85,0.007369695768936604,83,0.00869786543940138
2026-03-07,2026-05-29,6835.0,6740.02,223.9,228.3,0.2103283695125579,278.9,283.4,0.1793685961055755,6779.95,0.00808674288206981,83,0.008633348750681091
2026-03-07,2026-05-29,6840.0,6740.02,220.9,225.3,0.2096417308712005,280.8,285.4,0.1786533475208282,6780.0,0.008810629682154906,83,0.008571345641087776
2026-03-07,2026-05-29,6850.0,6740.02,214.9,219.3,0.2082312606620787,284.8,289.3,0.1770998275947571,6780.05,0.010264175717753815,83,0.008440989006100949
2026-03-07,2026-05-29,6855.0,6740.02,211.9,216.4,0.2075865832710266,286.8,291.3,0.1763407104301453,6780.1,0.010986461908205914,83,0.008379598526330542
2026-03-07,2026-05-29,6860.0,6740.02,209.0,213.4,0.2068503540611266,288.7,293.3,0.1755644272994995,6780.2,0.01170084169548897,83,0.008313704380312962
2026-03-07,2026-05-29,6865.0,6740.02,206.1,210.4,0.2061026808738708,290.8,295.3,0.1747747928619385,6780.2,0.012429439177629368,83,0.008246996541060194
2026-03-07,2026-05-29,6870.0,6740.02,203.2,207.6,0.2054980574035644,292.9,297.4,0.1740461929702759,6780.25,0.013150131805409755,83,0.008189362022823802
2026-03-07,2026-05-29,6875.0,6740.02,200.3,204.7,0.2048018821144103,294.8,299.4,0.1732241339302063,6780.4,0.013855546290440848,83,0.008123975692427995
2026-03-07,2026-05-29,6880.0,6740.02,197.4,201.8,0.2040942628479004,297.2,301.5,0.1724640631008148,6780.25,0.014604677516404038,83,0.00806101530536151
2026-03-07,2026-05-29,6890.0,6740.02,191.7,196.1,0.2027171709060669,301.3,305.7,0.170895284538269,6780.4,0.016034987763373056,83,0.007935383664137744
2026-03-07,2026-05-29,6895.0,6740.02,188.8,193.3,0.2020476982307434,303.3,307.8,0.1700856231403351,6780.5,0.01674566569940222,83,0.007872675573012083
2026-03-07,2026-05-29,6900.0,6740.02,186.0,190.5,0.2013648742485046,305.4,310.0,0.1693389036178588,6780.55,0.01746319199708258,83,0.00781230626487994
2026-03-07,2026-05-29,6905.0,6740.02,183.3,187.7,0.2006686989593505,307.8,312.6,0.1688964031600952,6780.3,0.018224438100245117,83,0.007764386486628888
2026-03-07,2026-05-29,6910.0,6740.02,180.5,184.9,0.1999591723632812,309.8,314.3,0.167713858833313,6780.65,0.018896670216039267,83,0.0076850869884597375
2026-03-07,2026-05-29,6920.0,6740.02,175.0,179.4,0.1985782657623291,314.2,319.2,0.1665007972335815,6780.5,0.020364924083715166,83,0.007577031469692932
2026-03-07,2026-05-29,6925.0,6740.02,172.3,176.6,0.1978267779159546,316.5,321.0,0.1653420945262909,6780.7,0.021057710612721332,83,0.007497948823705941
2026-03-07,2026-05-29,6930.0,6740.02,169.6,173.9,0.1971420466041565,318.8,323.2,0.1644885645484924,6780.75,0.021772097898363343,83,0.007434565760670537
2026-03-07,2026-05-29,6940.0,6740.02,164.3,168.6,0.1958069159126282,323.4,327.8,0.1628845003890991,6780.85,0.02319931169284805,83,0.007314206278540233
2026-03-07,2026-05-29,6945.0,6740.02,161.6,166.0,0.1951584238624573,325.6,330.1,0.1620548120307922,6780.95,0.023904766075511872,83,0.0072540462736151255
2026-03-07,2026-05-29,6950.0,6740.02,159.0,163.3,0.19441456533432,328.0,332.4,0.1612041430473327,6780.95,0.024624449445905534,83,0.007189429628312259
2026-03-07,2026-05-29,6960.0,6740.02,153.8,158.1,0.1930431953811645,332.8,337.1,0.1595256930351257,6781.0,0.02605489064462328,83,0.007066643938058339
2026-03-07,2026-05-29,6970.0,6740.02,148.8,153.0,0.1916928060531616,337.6,341.9,0.1578453356933593,6781.15,0.027468520684209737,83,0.006945673794832676
2026-03-07,2026-05-29,6975.0,6740.02,146.3,150.5,0.1910347773551941,340.0,344.4,0.157059515914917,6781.2,0.02817825026576856,83,0.00688841087095829
2026-03-07,2026-05-29,6980.0,6740.02,143.7,148.0,0.1903614900207519,342.4,346.8,0.156164978351593,6781.25,0.02888746603354806,83,0.006826499481134664
2026-03-07,2026-05-29,6990.0,6740.02,138.8,143.1,0.1890511546134949,347.5,352.2,0.1548241256713867,6781.1,0.03034122556530066,83,0.006722443353735265
2026-03-07,2026-05-29,7000.0,6740.02,134.0,138.2,0.18767787733078,352.5,356.8,0.152703175201416,6781.45,0.031719205661935194,83,0.006586519627810151
2026-03-07,2026-05-29,7010.0,6740.02,129.2,133.4,0.1863217660140991,357.7,361.9,0.1509160074043274,6781.5,0.03313938462586634,83,0.006465433707587735
2026-03-07,2026-05-29,7020.0,6740.02,124.6,128.7,0.1849837743282317,362.9,367.2,0.1492070401191711,6781.6,0.03455015572566089,83,0.006349130505660637
2026-03-07,2026-05-29,7025.0,6740.02,122.3,126.4,0.1843324212837219,365.5,369.8,0.1482686339759827,6781.7,0.035247407233762594,83,0.006288868042924065
2026-03-07,2026-05-29,7030.0,6740.02,120.0,124.1,0.1836629486083984,368.2,372.5,0.1473931697082519,6781.7,0.03595889783652662,83,0.006230579957818972
2026-03-07,2026-05-29,7040.0,6740.02,115.5,119.6,0.1823583351898193,373.5,377.9,0.1455621333312988,6781.85,0.037358244080604175,83,0.0061131110924891085
2026-03-07,2026-05-29,7050.0,6740.02,111.1,115.2,0.1810708877372741,379.1,383.4,0.1437101163291931,6781.9,0.03877031814244271,83,0.005996619280822652
2026-03-07,2026-05-29,7055.0,6740.02,108.9,113.0,0.1803995077323913,381.9,386.2,0.1427869688224792,6781.9,0.03947928662304278,83,0.00593788245624658
2026-03-07,2026-05-29,7060.0,6740.02,106.8,110.8,0.1797109617614746,384.7,389.0,0.1418333040428161,6781.95,0.0401803802853831,83,0.005877691324893488
2026-03-07,2026-05-29,7065.0,6740.02,104.7,108.7,0.1790910796546936,387.5,391.8,0.1408472146606445,6782.05,0.040873600003717876,83,0.005819125006890998
2026-03-07,2026-05-29,7070.0,6740.02,102.6,106.6,0.1784540315818786,390.4,396.9,0.1420659982490539,6780.95,0.041743269777686214,83,0.005840305774242614
2026-03-07,2026-05-29,7075.0,6740.02,100.5,104.5,0.1777979102134704,393.3,398.0,0.1393690342521667,6781.85,0.04231751743995444,83,0.0057187494965195125
2026-03-07,2026-05-29,7080.0,6740.02,98.5,102.5,0.1772142673683166,396.1,400.4,0.1378889465141296,6782.25,0.042965002399066185,83,0.005644570505562241
2026-03-07,2026-05-29,7090.0,6740.02,94.5,98.4,0.1758982099723816,399.2,408.6,0.1382494318008423,6782.55,0.044332203107247385,83,0.005610387321252915
2026-03-07,2026-05-29,7100.0,6740.02,90.5,94.5,0.1746880093669891,405.1,414.6,0.1362867896842956,6782.65,0.04572690300183512,83,0.0054976315263930925
2026-03-07,2026-05-29,7110.0,6740.02,86.7,90.6,0.1734015155792236,411.7,420.7,0.1342821863174438,6782.45,0.04716385020438393,83,0.005381882612510613
2026-03-07,2026-05-29,7125.0,6740.02,81.1,85.0,0.1715533132362365,421.0,430.9,0.1321364405632019,6782.1,0.049322937646967525,83,0.00524306830459546
2026-03-07,2026-05-29,7150.0,6740.02,72.4,76.1,0.1684844199752808,436.4,446.9,0.1266585900688171,6782.6,0.05275184743763272,83,0.004952109520112952
2026-03-07,2026-05-29,7155.0,6740.02,70.7,74.4,0.1678855184936523,431.5,455.4,0.1317893065834045,6784.1,0.05322977406141549,83,0.005105352784350726
2026-03-07,2026-05-29,7175.0,6740.02,64.2,67.9,0.1655814643859863,365.2,370.6,1.0000000000000004e-05,6873.15,0.042980245213595676,83,0.0015588385242685727
2026-03-07,2026-05-29,7200.0,6740.02,56.7,60.3,0.1627567093086242,462.0,485.9,0.1214458583831787,6784.55,0.05943305770544723,83,0.004591781682915717
2026-03-07,2026-05-29,7225.0,6740.02,49.8,53.4,0.1601341311645507,479.9,503.7,0.1146405065155029,6784.8,0.06286241793314268,83,0.004292185907885612
2026-03-07,2026-05-29,7250.0,6740.02,43.5,47.0,0.1575096456909179,498.3,522.1,0.1064122867965698,6785.05,0.06627980641014583,83,0.003959826900806982
2026-03-07,2026-05-29,7255.0,6740.02,42.3,45.8,0.1570099253463745,502.1,525.9,0.1046079530334472,6785.05,0.06696922387971342,83,0.0038909896478771314
2026-03-07,2026-05-29,7275.0,6740.02,37.8,41.3,0.1551445570373535,517.4,541.2,0.0955862842178344,6785.25,0.06969267446573257,83,0.0035738864690358506
2026-03-07,2026-05-29,7290.0,6740.02,34.7,38.2,0.153855202255249,529.1,552.9,0.0855346574401855,6785.45,0.07172293216217412,83,0.0032578924032705386
2026-03-07,2026-05-29,7300.0,6740.02,32.8,36.2,0.152966386680603,537.0,560.8,0.0732972309875488,6785.6,0.0730716284161561,83,0.00291041345785151
2026-03-07,2026-05-29,7325.0,6740.02,28.3,31.6,0.1508835828018189,388.6,394.5,1.0000000000000004e-05,6963.4,0.05062529408976435,83,0.0012943948537355197
2026-03-07,2026-05-29,7350.0,6740.02,24.3,27.6,0.1490945076751708,577.9,601.8,1.0000000000000004e-05,6786.1,0.07982391074965116,83,0.0012638827392818979
2026-03-07,2026-05-29,7400.0,6740.02,17.7,20.8,0.1457185343551635,620.8,644.6,1.0000000000000004e-05,6786.55,0.08653728791341586,83,0.0012072978597261902
2026-03-07,2026-05-29,7500.0,6740.02,8.9,11.6,0.1406564817047119,711.1,734.9,1.0000000000000004e-05,6787.25,0.09985716837306392,83,0.0011248807556439111
2026-03-07,2026-05-29,7800.0,6740.02,1.1,2.75,0.1414423014831543,788.2,796.0,1.0000000000000004e-05,7009.825,0.10681099729732345,83,0.00454929245439637
2026-03-07,2026-05-29,8800.0,6740.02,0.0,0.5,0.1964802032470703,1988.8,2012.6,1.0000000000000004e-05,6799.55,0.2578952879624472,83,0.00877855077327352
2026-03-07,2026-06-18,400.0,6740.02,6304.8,6328.8,1.0000000000000004e-05,0.0,0.7,1.701173369140625,6716.45,-2.820850473013919,103,0.81666042652862
2026-03-07,2026-06-18,1000.0,6740.02,5873.6,5892.4,2.7426331483078004,0.25,1.05,1.19922275390625,6882.35,-1.9289601633910214,103,0.4058299369564617
2026-03-07,2026-06-18,1200.0,6740.02,5522.3,5538.8,1.0000000000000004e-05,0.25,1.3,1.101811131591797,6729.775000000001,-1.7242201539115336,103,0.34257737062755733
2026-03-07,2026-06-18,1400.0,6740.02,5318.7,5342.5,1.1239667825317383,0.7,1.6,1.0417528381347658,6729.450000000001,-1.570021180070309,103,0.30624834110539584
2026-03-07,2026-06-18,1600.0,6740.02,5048.0,5072.0,1.0000000000000004e-05,0.35,2.1,0.9604496142578124,6658.775,-1.4259319044547076,103,0.26031160695173156
2026-03-07,2026-06-18,2000.0,6740.02,4725.3,4749.3,1.0287218974304202,1.5,3.3,0.8732922827148437,6734.900000000001,-1.2141557813822041,103,0.21521057352898126
2026-03-07,2026-06-18,2300.0,6740.02,4372.0,4396.0,1.0000000000000004e-05,2.7,4.5,0.8130511859130858,6680.4,-1.0662687430602213,103,0.1865435062581138
2026-03-07,2026-06-18,2400.0,6740.02,4339.5,4355.5,0.8561415753173829,2.8,4.8,0.7874166766357422,6743.7,-1.0331399983704475,103,0.174965965294082
2026-03-07,2026-06-18,2500.0,6740.02,4282.9,4300.2,1.1363263398742678,3.2,5.3,0.768129760131836,6787.299999999999,-0.9987624870217511,103,0.1664997337677254
2026-03-07,2026-06-18,2600.0,6740.02,4082.8,4106.8,1.0000000000000004e-05,3.9,5.7,0.7505823281860352,6690.0,-0.9451024291127007,103,0.15897946474704772
2026-03-07,2026-06-18,2700.0,6740.02,3986.5,4010.5,1.0000000000000004e-05,4.2,6.3,0.7307766180419921,6693.25,-0.9078477828684278,103,0.15070013683320502
2026-03-07,2026-06-18,2900.0,6740.02,3794.1,3818.1,1.0000000000000004e-05,5.3,7.5,0.6949798568725586,6699.7,-0.8373520122826087,103,0.13629778397324935
2026-03-07,2026-06-18,3000.0,6740.02,3741.7,3765.7,0.7450892190551758,5.9,8.2,0.6777986322021485,6746.65,-0.8104337967242627,103,0.12964200421631686
2026-03-07,2026-06-18,3100.0,6740.02,3601.9,3625.9,1.0000000000000004e-05,6.7,9.0,0.6621127539062501,6706.05,-0.771607992534684,103,0.12371098571284331
2026-03-07,2026-06-18,3200.0,6740.02,3545.6,3569.6,0.7192716061401367,7.7,9.8,0.6470372210693358,6748.85,-0.7462213101937072,103,0.11814161107194587
2026-03-07,2026-06-18,3350.0,6740.02,3362.1,3386.1,1.0000000000000004e-05,8.6,11.1,0.6212196081542969,6714.25,-0.6952717876546873,103,0.10890170290466837
2026-03-07,2026-06-18,3400.0,6740.02,3349.6,3373.6,0.6902344209289553,9.5,11.6,0.6154823608398439,6751.049999999999,-0.6859226167203674,103,0.10689947742469517
2026-03-07,2026-06-18,3450.0,6740.02,3300.7,3324.7,0.6830857497406007,9.5,12.1,0.6057168334960938,6751.9,-0.6714497157141718,103,0.10353415584984951
2026-03-07,2026-06-18,3500.0,6740.02,3352.6,3365.1,0.9664538877105712,10.0,12.6,0.59805699798584,6847.549999999999,-0.6711279555680818,103,0.10093214740411784
2026-03-07,2026-06-18,3600.0,6740.02,3417.5,3428.3,1.228801768608093,11.4,13.7,0.5842937078857422,7010.35,-0.6664537830113635,103,0.09634003046222331
2026-03-07,2026-06-18,3700.0,6740.02,3328.1,3338.8,1.2035295255851743,12.0,14.7,0.5669446382141115,7020.1,-0.6404446433003267,103,0.09070383821471825
2026-03-07,2026-06-18,3750.0,6740.02,3181.9,3188.3,1.0253230191612244,12.6,15.4,0.5599027774810792,6921.1,-0.6128188765521025,103,0.08846461748985142
2026-03-07,2026-06-18,3850.0,6740.02,2883.8,2907.8,0.5588957074737549,13.7,16.6,0.5445754771423339,6730.65,-0.5585985731597249,103,0.08368748597642318
2026-03-07,2026-06-18,4000.0,6740.02,2770.1,2781.9,0.6004907505035402,15.6,18.4,0.5218095915222167,6759.0,-0.5245805889983264,103,0.07683665953389594
2026-03-07,2026-06-18,4100.0,6740.02,2930.6,2937.7,1.0474100058937073,17.5,20.0,0.5088321212005615,7015.4,-0.5371207588885384,103,0.0730623099705279
2026-03-07,2026-06-18,4150.0,6740.02,2792.5,2798.1,0.9016218486595152,17.6,20.6,0.5065509550476073,6926.200000000001,-0.5122029880172054,103,0.07240868114011846
2026-03-07,2026-06-18,4200.0,6740.02,2592.2,2604.8,0.6160698183441162,18.9,21.5,0.4996387927246094,6778.3,-0.47864180775996146,103,0.07044605229894915
2026-03-07,2026-06-18,4250.0,6740.02,2503.6,2527.6,0.5047580652618407,19.1,22.2,0.4917882242584229,6744.95,-0.46187509379747477,103,0.06824967869721382
2026-03-07,2026-06-18,4300.0,6740.02,2456.3,2480.3,0.5036899607086183,20.5,23.2,0.4850896828460693,6746.450000000001,-0.45040141791144694,103,0.06640311244268797
2026-03-07,2026-06-18,4350.0,6740.02,2422.7,2446.7,0.543072501449585,20.8,24.0,0.4774985111999512,6762.299999999999,-0.4411872237732944,103,0.06434108850523698
2026-03-07,2026-06-18,4375.0,6740.02,1755.4,1793.8,1.0000000000000004e-05,21.2,24.5,0.4740576886749268,6126.75,-0.3367579100983736,103,0.0634171542349502
2026-03-07,2026-06-18,4400.0,6740.02,2374.2,2398.2,0.5353440020751954,21.7,25.0,0.4705863488769531,6762.85,-0.4298398579164822,103,0.06249179646625252
2026-03-07,2026-06-18,4475.0,6740.02,2534.3,2538.8,0.8841659685325622,23.1,26.3,0.4593178458404542,6986.85,-0.4455234591716535,103,0.05953481370212074
2026-03-07,2026-06-18,4500.0,6740.02,2277.3,2301.3,0.5198793740081786,23.5,27.0,0.4564415928649902,6764.05,-0.4075444263084334,103,0.058791533021381744
2026-03-07,2026-06-18,4525.0,6740.02,2318.6,2342.6,0.6454274349212645,24.1,27.5,0.4528405546569824,6829.799999999999,-0.41167781342519943,103,0.05786753561104241
2026-03-07,2026-06-18,4550.0,6740.02,1809.0,1842.0,1.0000000000000004e-05,24.6,28.1,0.4495523184967041,6349.15,-0.33319371271420717,103,0.05703019333636573
2026-03-07,2026-06-18,4575.0,6740.02,2271.4,2295.4,0.6364248394012452,25.1,28.7,0.4462259357452393,6831.5,-0.40093757006892095,103,0.05618934611059339
2026-03-07,2026-06-18,4600.0,6740.02,2180.6,2204.6,0.5045558883285524,26.4,29.2,0.4425486043548584,6764.799999999999,-0.3856763937586773,103,0.05526705348847287
2026-03-07,2026-06-18,4625.0,6740.02,2300.6,2306.5,0.7266644155120849,26.2,29.6,0.4385470269393921,6900.65,-0.4001392391005614,103,0.05427210950205516
2026-03-07,2026-06-18,4675.0,6740.02,2341.2,2345.4,0.826005768280029,27.4,31.1,0.432599973373413,6989.05,-0.4021154758280502,103,0.05281014221138575
2026-03-07,2026-06-18,4700.0,6740.02,2089.4,2099.4,0.4964192204284668,28.8,31.7,0.4291171895980835,6764.15,-0.3640740983015166,103,0.05196323541940117
2026-03-07,2026-06-18,4725.0,6740.02,2130.2,2154.2,0.6096783569908144,28.7,32.4,0.4258938026428223,6836.65,-0.3694302846322996,103,0.051185506044780865
2026-03-07,2026-06-18,4750.0,6740.02,1532.6,1541.3,1.0000000000000004e-05,29.3,32.8,0.4217968587493896,6255.9,-0.27538040041397266,103,0.050205470617089895
2026-03-07,2026-06-18,4775.0,6740.02,1205.0,0.0,1.0000000000000004e-05,29.9,33.8,0.4193364036178588,5345.65,-0.11288917213089769,103,0.04962145478935194
2026-03-07,2026-06-18,4800.0,6740.02,1988.0,2012.0,0.4980290065765381,31.5,34.5,0.4160023915481567,6767.0,-0.34344193933624323,103,0.04883554231972588
2026-03-07,2026-06-18,4825.0,6740.02,1369.4,1395.8,1.0000000000000004e-05,31.3,35.1,0.4123746507263183,6174.4,-0.24660097701026795,103,0.047987517298219894
2026-03-07,2026-06-18,4850.0,6740.02,1382.4,1403.7,1.0000000000000004e-05,33.0,36.0,0.4094945830917357,6208.55,-0.2469486693680133,103,0.047319558353128406
2026-03-07,2026-06-18,4875.0,6740.02,2147.6,2156.6,0.771557231349945,32.8,36.7,0.40605757522583,6992.35,-0.3606965898588416,103,0.04652855809047371
2026-03-07,2026-06-18,4925.0,6740.02,2101.1,2107.9,0.7583108275604249,34.5,38.3,0.3995802840423584,6993.1,-0.35059967400973346,103,0.04505598232800904
2026-03-07,2026-06-18,4950.0,6740.02,1859.7,1865.5,0.46895367477417,35.1,39.1,0.3962844185638428,6775.5,-0.3139255882000325,103,0.0443157755091445
2026-03-07,2026-06-18,4975.0,6740.02,1836.8,1842.5,0.466550439529419,36.2,40.0,0.3931831007003784,6776.55,-0.3090427522763547,103,0.04362486005387803
2026-03-07,2026-06-18,5000.0,6740.02,1798.7,1822.5,0.4690910025024414,37.0,41.0,0.3902648864746094,6771.6,-0.30329948334685736,103,0.04297969371602491
2026-03-07,2026-06-18,5025.0,6740.02,1773.1,1797.1,0.4625088081932068,38.0,41.9,0.3870682021331786,6770.15,-0.2980977893067075,103,0.042278478601558776
2026-03-07,2026-06-18,5050.0,6740.02,1923.4,1927.8,0.6587749271774291,38.8,42.8,0.3838333712005615,6934.8,-0.31716397084232706,103,0.04157476672674073
2026-03-07,2026-06-18,5075.0,6740.02,1956.4,1960.5,0.7153119899749756,39.9,43.8,0.3807701999282837,6991.6,-0.32038290355094345,103,0.04091384205699394
2026-03-07,2026-06-18,5100.0,6740.02,1722.6,1728.3,0.4546925716590881,41.9,45.0,0.3780770505905151,6782.0,-0.28503150397316673,103,0.04033712982704647
2026-03-07,2026-06-18,5125.0,6740.02,1430.6,1442.0,1.0000000000000004e-05,41.9,46.0,0.3749108835220336,6517.35,-0.24033732657647588,103,0.03966436046596439
2026-03-07,2026-06-18,5150.0,6740.02,1677.3,1682.9,0.4498422325897216,42.8,47.0,0.3716989405441284,6785.2,-0.27574705496378593,103,0.038987645335253784
2026-03-07,2026-06-18,5175.0,6740.02,1654.7,1660.3,0.4474504413223266,44.1,48.3,0.3690324938201904,6786.3,-0.27106653489832977,103,0.038430282449315976
2026-03-07,2026-06-18,5200.0,6740.02,1614.6,1624.5,0.4253063451385498,45.4,49.3,0.3657251843643188,6772.2,-0.26416737162011694,103,0.03774453638155189
2026-03-07,2026-06-18,5225.0,6740.02,1796.6,1801.5,0.6590152507019043,46.3,50.5,0.3627535649108886,6975.65,-0.2889707154787973,103,0.03713365844417124
2026-03-07,2026-06-18,5250.0,6740.02,1773.8,1778.0,0.6533237792968751,48.0,51.7,0.3597285402297973,6976.05,-0.28425477740865285,103,0.036516920913845674
2026-03-07,2026-06-18,5275.0,6740.02,1766.1,1769.8,0.6631617851638796,48.8,53.0,0.3568293992996215,6992.049999999999,-0.2817951099952839,103,0.03593069501662043
2026-03-07,2026-06-18,5300.0,6740.02,1515.3,1539.2,0.4232407072257995,49.9,54.3,0.3538692238235473,6775.15,-0.2455546861839996,103,0.03533702202645595
2026-03-07,2026-06-18,5325.0,6740.02,1206.6,1239.1,1.0000000000000004e-05,51.4,55.8,0.3512027770996093,6494.25,-0.1985044584183944,103,0.0348064910580143
2026-03-07,2026-06-18,5350.0,6740.02,1473.9,1483.7,0.4037725944137573,52.5,57.2,0.348294099521637,6773.950000000001,-0.2359878122971526,103,0.03423234059025633
2026-03-07,2026-06-18,5375.0,6740.02,1218.2,1224.6,1.0000000000000004e-05,54.1,58.6,0.3453243873977661,6540.05,-0.1961862366860948,103,0.03365106863221691
2026-03-07,2026-06-18,5400.0,6740.02,1427.4,1437.1,0.3967269190216065,56.2,60.2,0.3426236087417602,6774.05,-0.2267001819613819,103,0.03312675763979275
2026-03-07,2026-06-18,5425.0,6740.02,1606.7,1611.4,0.6085434959030153,57.1,61.6,0.3395299201965332,6974.700000000001,-0.2512714166032291,103,0.032531228413677844
2026-03-07,2026-06-18,5450.0,6740.02,1601.0,1603.9,0.6188888514328004,59.1,63.4,0.337008430519104,6991.2,-0.24903660665604482,103,0.03204984183785706
2026-03-07,2026-06-18,5475.0,6740.02,837.3,850.4,1.0000000000000004e-05,60.0,64.9,0.3339490739059448,6256.4,-0.13341266411538485,103,0.03147058725521023
2026-03-07,2026-06-18,5500.0,6740.02,1329.5,1353.4,0.3940356770133972,63.2,66.4,0.3308286827468872,6776.65,-0.2087347873111189,103,0.030885218040515548
2026-03-07,2026-06-18,5525.0,6740.02,1557.3,1563.8,0.627113256492615,63.6,68.4,0.3283853935813903,7019.55,-0.23941586601514347,103,0.030430705676474726
2026-03-07,2026-06-18,5550.0,6740.02,1534.5,1539.6,0.6207141658210755,66.6,69.9,0.3251372113418578,7018.8,-0.23479433549650022,103,0.029831680105516355
2026-03-07,2026-06-18,5575.0,6740.02,1266.1,1275.6,0.3726411613464356,66.9,72.2,0.322962855644226,6776.3,-0.19513891293142063,103,0.029434015427301195
2026-03-07,2026-06-18,5600.0,6740.02,1487.6,1492.7,0.6079922776603699,70.3,73.6,0.3194457399368285,7018.2,-0.22574017716147568,103,0.02879642416074014
2026-03-07,2026-06-18,5625.0,6740.02,1220.5,1230.0,0.3659464345932007,70.9,76.1,0.3173743800354003,6776.75,-0.18627668790393795,103,0.02842418959340831
2026-03-07,2026-06-18,5650.0,6740.02,1295.9,1303.1,0.4640060618972779,72.5,78.2,0.3146678793907165,6874.15,-0.19611245438704378,103,0.027941465904070692
2026-03-07,2026-06-18,5675.0,6740.02,1175.2,1184.6,0.3592498005104065,74.9,80.3,0.3118793635749816,6777.3,-0.17750822918168285,103,0.027448438231959894
2026-03-07,2026-06-18,5700.0,6740.02,1153.3,1161.8,0.3557002602005004,76.8,82.5,0.3091404383277893,6777.9,-0.17320114462088385,103,0.02696845066514593
2026-03-07,2026-06-18,5725.0,6740.02,1130.1,1139.5,0.3526447182464599,79.2,84.7,0.3063194979095458,6777.85,-0.1688173930777215,103,0.026478516121518615
2026-03-07,2026-06-18,5750.0,6740.02,1102.2,1126.0,0.3590113843154907,83.0,86.3,0.3026841277694702,6779.45,-0.16469612290861055,103,0.02585375661360874
2026-03-07,2026-06-18,5775.0,6740.02,1280.2,1284.4,0.5249185387039185,83.8,89.5,0.3009198479270935,6970.65,-0.18817022083134982,103,0.02555324315692028
2026-03-07,2026-06-18,5800.0,6740.02,1063.9,1072.3,0.3427399558448791,87.8,91.2,0.2972673118209838,6778.6,-0.15591267340248613,103,0.024936682278792397
2026-03-07,2026-06-18,5825.0,6740.02,1233.9,1238.6,0.5133105310058592,88.7,94.4,0.2952932257270813,6969.7,-0.179413182787465,103,0.02460658406441483
2026-03-07,2026-06-18,5850.0,6740.02,1123.9,1130.7,0.4345053956031799,91.0,97.0,0.2925218758773802,6883.3,-0.1626565268684294,103,0.024146882000774268
2026-03-07,2026-06-18,5875.0,6740.02,997.7,1005.7,0.3328409154319763,93.8,99.7,0.289771506652832,6779.95,-0.14326366726362036,103,0.023694945712298042
2026-03-07,2026-06-18,5900.0,6740.02,975.8,983.7,0.3295984551811217,98.3,101.8,0.2862753715705871,6779.7,-0.1389805022740576,103,0.023126629046277814
2026-03-07,2026-06-18,5925.0,6740.02,1145.3,1148.9,0.4938519548416138,99.4,105.3,0.2842116409873961,6969.75,-0.16239866910222647,103,0.022794395775049586
2026-03-07,2026-06-18,5950.0,6740.02,929.9,937.7,0.3209487156295776,103.1,108.2,0.2813983298873901,6778.15,-0.13031298380440035,103,0.022345361826113644
2026-03-07,2026-06-18,5975.0,6740.02,1099.8,1103.4,0.4823717382240295,105.3,111.2,0.278590740776062,6968.35,-0.15379437009228727,103,0.021901694485353323
2026-03-07,2026-06-18,6000.0,6740.02,882.5,906.3,0.3257666300964355,110.4,114.0,0.2754837009239196,6782.2,-0.12254206386658552,103,0.021415892481912814
2026-03-07,2026-06-18,6020.0,6740.02,866.4,878.2,0.3130733518791199,110.9,117.2,0.2738910807418823,6778.25,-0.11863169722051951,103,0.02116899009130273
2026-03-07,2026-06-18,6025.0,6740.02,1044.4,1047.3,0.4620586784172059,113.6,117.2,0.2726856484603882,6955.45,-0.14360804555911252,103,0.020983064866452128
2026-03-07,2026-06-18,6030.0,6740.02,860.0,869.2,0.311425419139862,112.2,118.5,0.2727676636314391,6779.25,-0.11711946562539888,103,0.020995688841819873
2026-03-07,2026-06-18,6050.0,6740.02,839.6,863.5,0.3192759876060485,117.0,120.6,0.2699810551452636,6782.75,-0.11432435239395977,103,0.020568894038759007
2026-03-07,2026-06-18,6075.0,6740.02,1006.1,1013.9,0.4602591129779815,120.4,124.1,0.2672650178527831,6962.75,-0.13639252202489116,103,0.020157125331749026
2026-03-07,2026-06-18,6100.0,6740.02,803.8,811.5,0.3043206165313721,122.7,128.3,0.2650982914733886,6782.15,-0.10600538964910342,103,0.01983162116886931
2026-03-07,2026-06-18,6110.0,6740.02,792.1,801.0,0.3012421866226196,125.4,129.1,0.2633702508926391,6779.3,-0.103947078600927,103,0.0195739193772354
2026-03-07,2026-06-18,6125.0,6740.02,947.4,952.6,0.4357566037940979,125.3,132.0,0.2623364782714844,6946.35,-0.1258375853345514,103,0.019420559086805903
2026-03-07,2026-06-18,6130.0,6740.02,773.4,785.5,0.2999051486015319,126.1,132.7,0.2617337621307373,6780.05,-0.10078972660826023,103,0.01933142441268018
2026-03-07,2026-06-18,6140.0,6740.02,768.9,777.9,0.2993329497337341,127.6,134.2,0.2606084376907348,6782.5,-0.09952102339189865,103,0.02211920466242221
2026-03-07,2026-06-18,6150.0,6740.02,951.1,955.5,0.4501817372512817,131.5,135.1,0.2589166363716126,6970.0,-0.12516314295400605,103,0.018917523103476594
2026-03-07,2026-06-18,6175.0,6740.02,740.9,748.7,0.2949336941051482,135.4,139.1,0.2562082283973694,6782.55,-0.09384425492274794,103,0.02142946173301125
2026-03-07,2026-06-18,6190.0,6740.02,727.3,736.2,0.2930006155967711,137.8,141.5,0.2545259637260437,6782.1,-0.09135170181124205,103,0.02114924080252677
2026-03-07,2026-06-18,6200.0,6740.02,713.8,737.6,0.2998498360443115,136.9,143.7,0.253907988948822,6785.4,-0.09022395307215329,103,0.021633367164613667
2026-03-07,2026-06-18,6210.0,6740.02,710.8,719.7,0.2905039212036132,138.6,145.4,0.2528274867534637,6783.25,-0.08829544218736052,103,0.020826389687588914
2026-03-07,2026-06-18,6225.0,6740.02,699.6,707.5,0.2887339193725585,141.8,147.9,0.2511251951217651,6783.7,-0.08594923346290931,103,0.020561047904635147
2026-03-07,2026-06-18,6230.0,6740.02,694.4,703.3,0.2880243927764891,144.3,148.2,0.2500876078414916,6782.6,-0.0849841764689217,103,0.02042818225790125
2026-03-07,2026-06-18,6250.0,6740.02,679.1,687.0,0.2855563083267211,146.2,152.2,0.2483023473739624,6783.85,-0.0819633236477868,103,0.020106521657160075
2026-03-07,2026-06-18,6275.0,6740.02,833.0,836.7,0.4155103005218505,150.5,156.7,0.2455224145412444,6956.25,-0.10306705102387037,103,0.017010874992719874
2026-03-07,2026-06-18,6300.0,6740.02,637.6,647.8,0.2803168740272521,154.6,161.3,0.2426947984695434,6784.75,-0.0741278132267278,103,0.019297770264036444
2026-03-07,2026-06-18,6325.0,6740.02,792.4,795.2,0.4059545794296265,161.5,165.4,0.239324547138214,6955.35,-0.09500111300390447,103,0.029375116830115053
2026-03-07,2026-06-18,6350.0,6740.02,597.8,607.9,0.2740265011405944,166.2,170.2,0.2363967962646484,6784.65,-0.06620789467440952,103,0.018379993206168645
2026-03-07,2026-06-18,6360.0,6740.02,589.9,598.7,0.271760593624115,168.3,172.2,0.2352504911994934,6784.05,-0.06454589139342971,103,0.01813507173548168
2026-03-07,2026-06-18,6375.0,6740.02,578.1,586.9,0.2698885496616363,171.2,175.3,0.2335682265281677,6784.25,-0.06221965818120968,103,0.017881697757272146
2026-03-07,2026-06-18,6380.0,6740.02,574.2,582.9,0.2692028646850586,170.1,176.9,0.2334442501068115,6785.05,-0.061553565099739097,103,0.017824229155400627
2026-03-07,2026-06-18,6390.0,6740.02,566.3,575.1,0.2679707297897338,174.3,178.4,0.2318325566291808,6784.35,-0.05988422075047012,103,0.01762311129237
2026-03-07,2026-06-18,6400.0,6740.02,559.3,567.3,0.2667176142692566,174.2,181.1,0.2311421033287048,6785.65,-0.05851209789056983,103,0.017486316942392027
2026-03-07,2026-06-18,6410.0,6740.02,550.8,559.3,0.26529283908844,176.4,183.3,0.2300339448547363,6785.2,-0.056884498706852055,103,0.017308841203988682
2026-03-07,2026-06-18,6425.0,6740.02,539.8,547.7,0.2634198414611816,181.8,185.8,0.2277070027923583,6784.95,-0.054510293281638755,103,0.017016557839783158
2026-03-07,2026-06-18,6430.0,6740.02,702.0,705.1,0.3828091352272033,180.7,187.6,0.2276659952068328,6949.4,-0.0776807866651912,103,0.026291800097589524
2026-03-07,2026-06-18,6440.0,6740.02,527.8,532.5,0.2587840769672394,182.7,189.8,0.2264844045448303,6783.9,-0.052023617698658695,103,0.01661301809065074
2026-03-07,2026-06-18,6450.0,6740.02,523.4,527.7,0.259691012172699,185.4,192.1,0.2253533581161498,6786.8,-0.05089941837896628,103,0.016597676875573498
2026-03-07,2026-06-18,6460.0,6740.02,512.4,521.0,0.259135979270935,189.6,193.6,0.2235890782737731,6785.1,-0.04909971377722804,103,0.01643932778198548
2026-03-07,2026-06-18,6475.0,6740.02,501.1,509.4,0.2570989513015747,190.6,197.7,0.2223006771564483,6786.1,-0.046927794889492766,103,0.016213611224565837
2026-03-07,2026-06-18,6490.0,6740.02,493.1,497.4,0.254717650346756,194.1,201.3,0.2205726365756988,6787.55,-0.04482752099942738,103,0.015936841270418788
2026-03-07,2026-06-18,6500.0,6740.02,482.8,490.8,0.2541349611663819,198.9,203.0,0.2188655766201019,6785.85,-0.043037384883693526,103,0.01578365712388301
2026-03-07,2026-06-18,6510.0,6740.02,474.7,483.3,0.2528646796798706,201.2,205.5,0.2177297618675231,6785.65,-0.04147063203571811,103,0.015623486456696058
2026-03-07,2026-06-18,6520.0,6740.02,467.2,475.9,0.2516430350971222,201.3,208.5,0.2169363127708435,6786.65,-0.04008307127695737,103,0.015489972836015007
2026-03-07,2026-06-18,6525.0,6740.02,467.0,471.4,0.2504385564804076,202.5,209.8,0.2163793725395202,6788.05,-0.039522760075988324,103,0.015373736179458081
2026-03-07,2026-06-18,6530.0,6740.02,459.8,468.5,0.2503965952301025,206.2,210.4,0.2153017313385009,6785.85,-0.038432618496945195,103,0.015300080774648048
2026-03-07,2026-06-18,6540.0,6740.02,452.5,460.6,0.2487629674625396,208.7,212.9,0.2140829477500915,6785.75,-0.03688765966021928,103,0.01511322818259511
2026-03-07,2026-06-18,6550.0,6740.02,448.6,452.9,0.2472514087867736,211.2,215.4,0.2128355542182922,6787.45,-0.03561026910325597,103,0.014933589995413804
2026-03-07,2026-06-18,6560.0,6740.02,438.0,445.9,0.2462233581542968,211.3,218.6,0.212068807735443,6787.0,-0.03401841476562368,103,0.014817305520231921
2026-03-07,2026-06-18,6570.0,6740.02,430.6,438.3,0.2447346874332428,213.9,221.3,0.2109081976985931,6786.85,-0.032473083905284174,103,0.014646489858520639
2026-03-07,2026-06-18,6575.0,6740.02,430.3,434.6,0.2440528171157837,217.7,222.0,0.2098458151340484,6787.6,-0.03182284005270578,103,0.014534567630754546
2026-03-07,2026-06-18,6580.0,6740.02,513.2,515.6,0.3040802930068969,216.5,223.9,0.2096445918655395,6874.2,-0.04374052780827228,103,0.018618538017624243
2026-03-07,2026-06-18,6590.0,6740.02,416.1,424.2,0.2424735482406615,219.1,226.5,0.208352376089096,6787.35,-0.029507237053927795,103,0.014338447566384496
2026-03-07,2026-06-18,6600.0,6740.02,410.1,416.7,0.2409810628604888,224.4,228.7,0.2067425899410247,6786.85,-0.027917267369423463,103,0.014141792010703296
2026-03-07,2026-06-18,6610.0,6740.02,401.8,409.8,0.2398910240173339,224.5,232.0,0.2058909672927856,6787.55,-0.02650639785183111,103,0.014019399403404655
2026-03-07,2026-06-18,6620.0,6740.02,480.9,483.5,0.2960389915847778,229.9,234.3,0.2042935787868499,6870.1,-0.037083292220159984,103,0.01766045626054248
2026-03-07,2026-06-18,6625.0,6740.02,391.5,399.0,0.2378826059913635,228.7,236.3,0.2040885408592224,6787.75,-0.024269145121994313,103,0.013780729416977729
2026-03-07,2026-06-18,6630.0,6740.02,387.6,395.6,0.2373418780612945,232.8,237.1,0.2030213899707794,6786.65,-0.02335264301774784,103,0.013680643977181155
2026-03-07,2026-06-18,6635.0,6740.02,384.1,392.5,0.2370071417236328,231.0,239.2,0.2028707109355926,6788.2,-0.0228271429133367,103,0.013650500069718765
2026-03-07,2026-06-18,6640.0,6740.02,380.6,388.4,0.2359552494716644,233.1,240.6,0.2022136359024047,6787.65,-0.021992820975035896,103,0.013544639128304982
2026-03-07,2026-06-18,6650.0,6740.02,374.8,381.6,0.2348232493782043,236.3,243.5,0.2009471690750122,6788.3,-0.020583687366982205,103,0.01339676255663412
2026-03-07,2026-06-18,6660.0,6740.02,451.4,453.7,0.2893061182403563,238.9,246.5,0.1997169415092468,6869.85,-0.031022787382458266,103,0.016871086270949985
2026-03-07,2026-06-18,6670.0,6740.02,359.8,367.6,0.2321911345863342,242.1,249.4,0.1983837181472778,6787.95,-0.017529121477424945,103,0.01307921540553211
2026-03-07,2026-06-18,6675.0,6740.02,359.8,364.2,0.2315846037864685,243.4,251.0,0.1978096119499206,6789.8,-0.01705228176948068,103,0.013007587279664709
2026-03-07,2026-06-18,6680.0,6740.02,353.0,360.8,0.2309713973331451,244.9,252.5,0.1971553979110717,6788.2,-0.0160678231489532,103,0.012930912971936033
2026-03-07,2026-06-18,6690.0,6740.02,480.2,482.6,0.3200198461341857,248.0,255.6,0.1958936994075775,6919.6,-0.03374409035054824,103,0.01877751986764912
2026-03-07,2026-06-18,6700.0,6740.02,342.8,347.3,0.228511895866394,253.7,258.2,0.19424481300354,6789.1,-0.01321085852393328,103,0.012608556982285909
2026-03-07,2026-06-18,6710.0,6740.02,332.7,340.6,0.2272711779880523,256.8,261.3,0.192911589641571,6787.6,-0.011498467132943576,103,0.012455490750635392
2026-03-07,2026-06-18,6720.0,6740.02,329.4,333.9,0.2259999428367614,257.6,265.1,0.1920304033851624,6790.3,-0.010406968681025522,103,0.012328209005020147
2026-03-07,2026-06-18,6725.0,6740.02,326.0,330.4,0.2252465476608275,261.6,266.1,0.1909470401954651,6789.35,-0.009523282487132812,103,0.012220110660950296
2026-03-07,2026-06-18,6730.0,6740.02,319.4,327.1,0.2246257118892669,260.8,268.4,0.1907620292282104,6788.65,-0.008676956349534644,103,0.012172834570876763
2026-03-07,2026-06-18,6740.0,6740.02,316.1,320.6,0.2234298162555694,264.0,271.7,0.189455508480072,6790.5,-0.007464651637770299,103,0.01202661096736423
2026-03-07,2026-06-18,6750.0,6740.02,309.5,314.1,0.2222005423545837,269.9,274.4,0.1876921823024749,6789.65,-0.005856888965852761,103,0.011852904595793896
2026-03-07,2026-06-18,6770.0,6740.02,293.3,301.0,0.2195741495513915,274.2,281.8,0.1854405797576904,6789.15,-0.0028246627159821303,103,0.011572468416851242
2026-03-07,2026-06-18,6775.0,6740.02,290.1,297.8,0.2189485454559326,278.4,283.0,0.1843991778182983,6788.25,-0.0019538096274881794,103,0.011477401879905527
2026-03-07,2026-06-18,6780.0,6740.02,287.9,294.6,0.2183143583774566,277.7,285.3,0.1841140320491791,6789.75,-0.001437020089218134,103,0.011425141623562597
2026-03-07,2026-06-18,6790.0,6740.02,420.2,421.3,0.3097736717414856,283.6,288.3,0.1823974354457855,6924.8,-0.01965822921931124,103,0.01708899799400292
2026-03-07,2026-06-18,6800.0,6740.02,277.6,282.1,0.21589872549057,284.8,292.4,0.1814046704101562,6791.25,0.0012875932984653285,103,0.011135992331923058
2026-03-07,2026-06-18,6805.0,6740.02,271.2,279.3,0.2155000936126709,285.9,294.3,0.1807866956329345,6790.15,0.002184603466083002,103,0.011079076432226616
2026-03-07,2026-06-18,6810.0,6740.02,268.3,275.7,0.2145330775260925,288.2,296.0,0.1800189954853058,6789.9,0.002955906239768228,103,0.010982293045693117
2026-03-07,2026-06-18,6820.0,6740.02,262.8,269.8,0.2134802316093445,294.6,299.2,0.1783090745353699,6789.4,0.00449689943220863,103,0.01082902919326284
2026-03-07,2026-06-18,6825.0,6740.02,262.1,266.6,0.2127649830245971,296.5,301.0,0.1775766599845886,6790.6,0.005053038161392317,103,0.010749150425693419
2026-03-07,2026-06-18,6830.0,6740.02,259.0,263.5,0.2121107689857482,295.8,303.6,0.1773935563468932,6791.55,0.005645481185534415,103,0.010703084112083646
2026-03-07,2026-06-18,6835.0,6740.02,252.8,260.8,0.2117254884147643,297.1,305.4,0.1766382538414001,6790.55,0.00652453041299619,103,0.010640492341656774
2026-03-07,2026-06-18,6840.0,6740.02,252.9,257.4,0.210843348493576,299.8,307.4,0.1760107424163818,6791.55,0.007108539237294888,103,0.010557929471464588
2026-03-07,2026-06-18,6850.0,6740.02,246.9,251.3,0.2095377814102172,303.3,311.3,0.1746508164405822,6791.8,0.008532650106179878,103,0.01041293870411782
2026-03-07,2026-06-18,6855.0,6740.02,240.8,248.8,0.2092554966354369,304.9,313.2,0.173918401889801,6790.75,0.00941692098979339,103,0.010358007096326042
2026-03-07,2026-06-18,6860.0,6740.02,240.9,245.4,0.2083333027935027,309.9,314.5,0.1727501625347137,6790.95,0.010116598319152001,103,0.010245297655682108
2026-03-07,2026-06-18,6870.0,6740.02,235.0,239.5,0.2070897239208221,311.5,319.1,0.171784100112915,6791.95,0.01142601885419305,103,0.010126831217403124
2026-03-07,2026-06-18,6875.0,6740.02,232.1,236.5,0.2064173902511596,316.0,320.5,0.1706473316955566,6791.05,0.012286074762177227,103,0.010030351963894318
2026-03-07,2026-06-18,6880.0,6740.02,226.1,233.8,0.205946279850006,315.6,323.1,0.1703459736251831,6790.6,0.013079349035621109,103,0.009989296974397197
2026-03-07,2026-06-18,6885.0,6740.02,223.2,231.1,0.2054656328010558,316.8,325.2,0.1696774546146393,6791.15,0.013724838235178026,103,0.009928377131291317
2026-03-07,2026-06-18,6890.0,6740.02,220.3,228.1,0.2047627818584441,319.7,327.2,0.1689250131034851,6790.75,0.014509693001082947,103,0.009851496242918771
2026-03-07,2026-06-18,6900.0,6740.02,217.6,222.1,0.2033265627002715,323.9,331.4,0.1675231258773803,6792.2,0.01574651662016618,103,0.009702423031759284
2026-03-07,2026-06-18,6910.0,6740.02,212.0,216.3,0.2019885710144042,328.1,335.7,0.1661364972877503,6792.25,0.017187381438507673,103,0.009560379992454788
2026-03-07,2026-06-18,6915.0,6740.02,206.2,214.0,0.2017291741943359,329.4,337.8,0.1653869167709351,6791.5,0.018021134836313235,103,0.009508044587191079
2026-03-07,2026-06-18,6920.0,6740.02,206.3,210.8,0.2008212853240966,332.4,340.0,0.1646945561408996,6792.35,0.018618790735027313,103,0.009425334607720557
2026-03-07,2026-06-18,6925.0,6740.02,200.6,208.3,0.2003978581619262,334.5,342.6,0.1642758973026275,6790.9,0.0195545714219828,103,0.00938195591523012
2026-03-07,2026-06-18,6930.0,6740.02,200.8,205.2,0.1995386061954498,338.9,343.5,0.1626146132564545,6791.8,0.02014381103385788,103,0.009252712533572637
2026-03-07,2026-06-18,6935.0,6740.02,195.2,203.0,0.199308772983551,338.1,346.5,0.16245725856781,6791.8,0.020865051598840917,103,0.00923293845424335
2026-03-07,2026-06-18,6940.0,6740.02,195.3,199.7,0.1982826296806335,343.4,347.9,0.1611240352058411,6791.85,0.02157841055919344,103,0.009112900362175564
2026-03-07,2026-06-18,6945.0,6740.02,189.7,197.5,0.1980318158435821,342.6,350.9,0.1609390242385864,6791.85,0.02229861224678745,103,0.009090812736313474
2026-03-07,2026-06-18,6950.0,6740.02,189.9,194.3,0.1970543094444274,345.5,353.1,0.1601570191192627,6792.8,0.022878431873684046,103,0.009001913099442715
2026-03-07,2026-06-18,6960.0,6740.02,181.7,189.1,0.195923263015747,350.2,357.7,0.1586902826881409,6791.45,0.024515006236876816,103,0.008871458205519446
2026-03-07,2026-06-18,6965.0,6740.02,179.1,186.8,0.1955570557403564,351.7,360.0,0.1579330728530883,6792.1,0.025137435127338955,103,0.00881533761256167
2026-03-07,2026-06-18,6970.0,6740.02,176.5,183.8,0.1946749158191681,354.8,362.3,0.1571606043815613,6791.6,0.02592867031271274,103,0.008733005498162014
2026-03-07,2026-06-18,6975.0,6740.02,176.7,181.1,0.1939968601608276,357.1,365.2,0.1568172850608826,6792.75,0.026476460766398754,103,0.008682375439881393
2026-03-07,2026-06-18,6980.0,6740.02,171.3,178.7,0.1935238424301147,361.7,366.2,0.1550377465820313,6791.05,0.027443347983823297,103,0.00857123539552824
2026-03-07,2026-06-18,6985.0,6740.02,168.8,176.4,0.1931128129100799,361.1,369.4,0.1548870675468445,6792.35,0.027968013814374353,103,0.008543632486436623
2026-03-07,2026-06-18,6990.0,6740.02,169.0,173.4,0.1921791750907898,366.6,370.9,0.1534394044113159,6792.45,0.02866885501443856,103,0.008427107436435958
2026-03-07,2026-06-18,7000.0,6740.02,162.4,168.6,0.1911520781230926,369.2,376.6,0.152530561876297,6792.6,0.03007636472533147,103,0.008332965051236886
2026-03-07,2026-06-18,7010.0,6740.02,159.0,163.3,0.1897082296466827,374.1,381.5,0.1509446173477173,6793.35,0.03139350853736692,103,0.008186691303448753
2026-03-07,2026-06-18,7020.0,6740.02,154.1,158.4,0.1885075656890869,379.1,386.5,0.1493577191543579,6793.45,0.03280430535901132,103,0.008053256111192626
2026-03-07,2026-06-18,7025.0,6740.02,151.7,156.0,0.1879258301734924,381.6,389.1,0.1486138606262207,6793.5,0.03350894253756819,103,0.00799018714986805
2026-03-07,2026-06-18,7030.0,6740.02,149.3,153.5,0.1872563574981689,386.4,390.7,0.1470622480297088,6792.85,0.03431611741175119,103,0.007885068349463552
2026-03-07,2026-06-18,7040.0,6740.02,141.9,149.0,0.186251194820404,391.4,395.9,0.1454639058589935,6791.8,0.035892168001997043,103,0.007762736661596239
2026-03-07,2026-06-18,7050.0,6740.02,139.9,144.1,0.1848931761741638,396.6,401.0,0.1436986723518371,6793.2,0.03710550497569974,103,0.007617245274333311
2026-03-07,2026-06-18,7060.0,6740.02,133.1,139.7,0.1838613108825683,398.7,407.4,0.1429071305847168,6793.35,0.03850085899601891,103,0.007532941285556664
2026-03-07,2026-06-18,7070.0,6740.02,128.7,135.2,0.182698793516159,407.3,411.7,0.1402998110771179,6792.45,0.04004877867720108,103,0.007360132981252066
2026-03-07,2026-06-18,7075.0,6740.02,126.5,133.0,0.1821351776313781,410.2,414.9,0.1398306080055237,6792.2,0.04079254854625387,103,0.0073131387763295235
2026-03-07,2026-06-18,7080.0,6740.02,124.3,130.7,0.1814809635925293,412.9,417.2,0.1385793998146057,6792.45,0.041462206474347986,103,0.007226835295276476
2026-03-07,2026-06-18,7090.0,6740.02,119.9,126.4,0.1803623148059845,415.1,423.8,0.1377058428764343,6793.7,0.042689628389348144,103,0.007137148871194018
2026-03-07,2026-06-18,7100.0,6740.02,116.4,122.3,0.1793447544860839,420.8,429.5,0.1359663583183288,6794.2,0.044025477002977674,103,0.007013954163951766
2026-03-07,2026-06-18,7110.0,6740.02,111.6,118.3,0.1783491284561157,426.5,435.3,0.1342058931350708,6794.05,0.04545501466904247,103,0.006891874025172815
2026-03-07,2026-06-18,7120.0,6740.02,107.5,114.2,0.1772180820274352,432.5,441.1,0.1323309881782532,6794.05,0.04686049627777723,103,0.00675994833364126
2026-03-07,2026-06-18,7125.0,6740.02,105.5,112.2,0.1766706784439087,435.2,444.0,0.1313448987960815,6794.25,0.04753305991934438,103,0.00669313723953143
2026-03-07,2026-06-18,7130.0,6740.02,103.6,109.9,0.175865785369873,438.2,446.9,0.1303263848114013,6794.2,0.04824192738191261,103,0.006614127015940275
2026-03-07,2026-06-18,7140.0,6740.02,101.8,105.8,0.1746098088550568,444.1,452.9,0.1283790013313293,6795.3,0.04948157961259807,103,0.006476457922678547
2026-03-07,2026-06-18,7150.0,6740.02,96.6,102.3,0.1737867961502075,450.4,459.2,0.1265842042160034,6794.65,0.050976818891520156,103,0.006365028766906042
2026-03-07,2026-06-18,7160.0,6740.02,92.3,98.7,0.1728235947227478,456.6,465.4,0.124547176246643,6794.5,0.052396519594139254,103,0.00623851073217382
2026-03-07,2026-06-18,7170.0,6740.02,90.6,94.5,0.1712920090866088,462.9,471.6,0.12234802526474,6795.3,0.053674457872634064,103,0.006082959168977886
2026-03-07,2026-06-18,7175.0,6740.02,88.8,92.7,0.1707541421508789,466.0,474.8,0.1212894573593139,6795.35,0.054364206906988614,103,0.0060169964339257505
2026-03-07,2026-06-18,7180.0,6740.02,87.1,91.0,0.1702849390792847,469.8,478.5,0.1207325171279907,6794.9,0.05512705226877599,103,0.005974787302183153
2026-03-07,2026-06-18,7190.0,6740.02,83.6,87.5,0.1692149271965027,476.0,485.9,0.1195328068351745,6794.6,0.05656299267640078,103,0.0058819528442247285
2026-03-07,2026-06-18,7200.0,6740.02,80.3,84.1,0.1681658959388733,482.9,492.6,0.1173908757400512,6794.45,0.057974923563893825,103,0.005752667804605487
2026-03-07,2026-06-18,7210.0,6740.02,77.0,80.8,0.1671407063007355,488.8,497.6,0.1129239099121093,6795.7,0.05917889207542076,103,0.005533511981649418
2026-03-07,2026-06-18,7220.0,6740.02,73.8,77.6,0.1661384046173096,495.4,504.2,0.1100781742095947,6795.9,0.06053546374127267,103,0.005382497696671549
2026-03-07,2026-06-18,7225.0,6740.02,70.5,76.5,0.1660697407531738,490.8,514.7,0.1179211133575439,6795.75,0.06124981721035329,103,0.005689748587334999
2026-03-07,2026-06-18,7230.0,6740.02,69.0,74.8,0.1654365073394775,494.2,518.1,0.1167042370986938,6795.75,0.061941619382530656,103,0.0056158562782389915
2026-03-07,2026-06-18,7240.0,6740.02,66.0,72.1,0.1647708493232727,501.1,524.9,0.1140835662841796,6796.05,0.06327964534602219,103,0.0054857930586908864
2026-03-07,2026-06-18,7250.0,6740.02,63.7,69.1,0.1637580573272705,516.3,525.2,0.1011633158493042,6795.65,0.0647187672659861,103,0.004951289998954439
2026-03-07,2026-06-18,7260.0,6740.02,60.3,66.2,0.1627719679450988,515.1,538.9,0.1084989053344726,6796.25,0.06600883935871141,103,0.005191474197983365
2026-03-07,2026-06-18,7270.0,6740.02,57.6,63.4,0.1618106738471984,530.2,539.1,0.0923400093078613,6795.85,0.0674441597862736,103,0.004556873071275964
2026-03-07,2026-06-18,7275.0,6740.02,56.7,61.8,0.1611049619102478,529.8,538.6,0.0780274082946777,6800.05,0.06751384796135144,103,0.004034234191384953
2026-03-07,2026-06-18,7280.0,6740.02,56.6,60.3,0.1604774504852295,436.2,438.2,1.0000000000000004e-05,6901.25,0.05342830759247739,103,0.0018170485216538672
2026-03-07,2026-06-18,7290.0,6740.02,52.4,57.9,0.1597736458778381,390.3,391.6,1.0000000000000004e-05,6954.2,0.04715775242281603,103,0.0018011464311448496
2026-03-07,2026-06-18,7300.0,6740.02,51.5,55.2,0.1586902826881409,552.2,561.1,0.0685670536804199,6796.7,0.07143714788323292,103,0.003643511906940629
2026-03-07,2026-06-18,7310.0,6740.02,47.5,53.0,0.1580589566040039,555.5,564.7,1.0000000000000004e-05,6800.15,0.07229860299938895,103,0.0017626964995297826
2026-03-07,2026-06-18,7320.0,6740.02,45.6,50.7,0.1572559708595275,383.7,387.1,1.0000000000000004e-05,6982.75,0.04716750598176372,103,0.0017448330930206473
2026-03-07,2026-06-18,7325.0,6740.02,44.4,49.6,0.1568821342658996,563.0,586.8,0.075555509185791,6797.1,0.07479710427374997,103,0.003811512043573733
2026-03-07,2026-06-18,7350.0,6740.02,39.0,44.1,0.154744017829895,582.3,606.2,1.0000000000000004e-05,6797.3,0.07817483871494085,103,0.0016895390558582415
2026-03-07,2026-06-18,7360.0,6740.02,37.1,42.0,0.1538723682212829,425.8,415.0,1.0000000000000004e-05,6979.15,0.053132799886162395,103,0.001670560051155631
2026-03-07,2026-06-18,7370.0,6740.02,35.3,40.1,0.1531628416252136,606.4,615.4,1.0000000000000004e-05,6796.8,0.08096579301587188,103,0.001655190205060894
2026-03-07,2026-06-18,7375.0,6740.02,34.6,39.2,0.1528424102592468,610.4,619.4,1.0000000000000004e-05,6797.0,0.08161456386138229,103,0.001648272267241297
2026-03-07,2026-06-18,7380.0,6740.02,33.5,38.3,0.1525048129272461,614.4,623.4,1.0000000000000004e-05,6797.0,0.08229230024787994,103,0.0016409993977465661
2026-03-07,2026-06-18,7400.0,6740.02,29.8,34.8,0.151101018371582,629.7,640.9,1.0000000000000004e-05,6797.0,0.08499866184562287,103,0.0016109298677736638
2026-03-07,2026-06-18,7425.0,6740.02,27.5,30.8,0.1494301976776123,476.4,477.8,1.0000000000000004e-05,6977.05,0.062226493353443865,103,0.0015755030042727094
2026-03-07,2026-06-18,7450.0,6740.02,24.1,27.3,0.1480111444854736,665.7,689.7,1.0000000000000004e-05,6798.0,0.09158558111754386,103,0.0015457237665228176
2026-03-07,2026-06-18,7475.0,6740.02,20.2,24.1,0.1465997206115722,512.9,516.1,1.0000000000000004e-05,6982.65,0.06813561839317478,103,0.0015163864714477643
2026-03-07,2026-06-18,7500.0,6740.02,17.0,22.0,0.1465730179977417,709.4,733.4,1.0000000000000004e-05,6798.1,0.09825985916764944,103,0.0015158341507045244
2026-03-07,2026-06-18,7525.0,6740.02,15.2,18.7,0.1440858602523803,550.1,553.8,1.0000000000000004e-05,6990.0,0.07375025438922056,103,0.0014648305102828577
2026-03-07,2026-06-18,7575.0,6740.02,11.3,14.6,0.1423044144439697,779.9,789.0,1.0000000000000004e-05,6803.5,0.1074161657466568,103,0.005714537742835158
2026-03-07,2026-06-18,7600.0,6740.02,10.1,13.1,0.142025944328308,800.2,824.2,1.0000000000000004e-05,6799.4,0.11131387429730456,103,0.0056921945008816645
2026-03-07,2026-06-18,7625.0,6740.02,8.4,11.5,0.1411676460266113,827.0,835.3,1.0000000000000004e-05,6803.8,0.11395104286572498,103,0.005623603674859032
2026-03-07,2026-06-18,7650.0,6740.02,7.4,10.3,0.1409616544342041,606.9,610.3,1.0000000000000004e-05,7050.25,0.08164257065008555,103,0.0014019998338722028
2026-03-07,2026-06-18,7700.0,6740.02,5.5,8.2,0.1404810073852539,894.4,918.4,1.0000000000000004e-05,6800.45,0.1242315423965549,103,0.005569030366864393
2026-03-07,2026-06-18,7725.0,6740.02,4.6,7.1,0.1395654891967773,918.3,942.3,1.0000000000000004e-05,6800.55,0.12745833151960814,103,0.005496679876158311
2026-03-07,2026-06-18,7750.0,6740.02,4.0,6.4,0.1396951876068115,942.3,966.3,1.0000000000000004e-05,6800.9,0.13063788699989592,103,0.005506900768141734
2026-03-07,2026-06-18,7800.0,6740.02,2.8,5.2,0.1400232482910156,991.6,1006.8,1.0000000000000004e-05,6804.8,0.13649548817831397,103,0.005532795990089431
2026-03-07,2026-06-18,7825.0,6740.02,2.4,4.7,0.1402673864746093,1014.8,1038.8,1.0000000000000004e-05,6801.75,0.14014380441256707,103,0.0055521062738821715
2026-03-07,2026-06-18,7900.0,6740.02,1.6,3.7,0.142411224899292,984.2,992.4,1.0000000000000004e-05,6914.35,0.13326379732826363,103,0.005723119366201707
2026-03-07,2026-06-18,8000.0,6740.02,0.85,2.65,0.1448602360534668,1185.9,1209.9,1.0000000000000004e-05,6803.85,0.16195291324461308,103,0.00592165003538359
2026-03-07,2026-06-18,8100.0,6740.02,0.4,2.05,0.1486901538085937,1019.7,1025.5,1.0000000000000004e-05,7078.625,0.13478438187333028,103,0.006238910875290946
2026-03-07,2026-06-18,8200.0,6740.02,0.1,1.6,0.1524437783813477,1108.8,1113.0,1.0000000000000004e-05,7089.95,0.14545586593721585,103,0.006557884584711479
2026-03-07,2026-06-18,8300.0,6740.02,0.0,1.35,0.1574180938720703,1228.0,1236.7,1.0000000000000004e-05,7068.325,0.1606319795120276,103,0.006992841086757649
2026-03-07,2026-06-18,8400.0,6740.02,0.0,1.15,0.1623313748168945,1537.0,1561.0,1.0000000000000004e-05,6851.575,0.203753152996998,103,0.007436169728066132
2026-03-07,2026-06-18,8500.0,6740.02,0.0,1.05,0.168251725769043,1678.9,1702.9,1.0000000000000004e-05,6809.625,0.22172911093033712,103,0.007988466444106598
2026-03-07,2026-06-18,8800.0,6740.02,0.0,0.85,0.1860432958984375,2225.6,2258.5,0.5117751307106018,6558.375,0.2940088626288328,103,0.009767252380059226
2026-03-07,2026-06-18,9000.0,6740.02,0.0,0.5,0.1898274377441406,2178.3,2190.4,1.0000000000000004e-05,6815.9,0.2779664592783327,103,0.010168627343594725
2026-03-07,2026-06-18,9200.0,6740.02,0.1,0.65,0.2077105596923827,2308.8,2332.8,1.0000000000000004e-05,6879.575,0.29064660727360253,103,0.012174790933138236
2026-03-07,2026-06-18,9400.0,6740.02,0.0,0.6,0.2187578124999999,2566.6,2590.4,1.0000000000000004e-05,6821.8,0.32058632262511383,103,0.013504282176898265
2026-03-07,2026-06-18,9600.0,6740.02,0.0,0.6,0.2310867907714844,2655.8,2675.1,1.0000000000000004e-05,6934.85,0.32520367435692055,103,0.015069352880859102
2026-03-07,2026-06-18,10000.0,6740.02,0.0,0.5,0.2506178454589843,3161.2,3185.2,1.0000000000000004e-05,6827.05,0.3816924307235821,103,0.017724269478459845
2026-03-07,2026-06-18,10400.0,6740.02,0.0,0.45,0.2702709692382812,3556.6,3580.6,1.0000000000000004e-05,6831.625,0.42024323992628343,103,0.020613092799284916
2026-03-07,2026-06-18,11000.0,6740.02,0.0,0.45,0.3013985876464844,4149.7,4173.7,1.0000000000000004e-05,6838.525000000001,0.4753232076931193,103,0.02563461421763135
2026-03-07,2026-06-18,12000.0,6740.02,0.0,0.4,0.3455875988769531,5136.6,5160.4,1.0000000000000004e-05,6851.7,0.5604098531217512,103,0.033702386891086025
2026-03-07,2026-06-18,12400.0,6740.02,0.0,0.4,0.3631655480957031,5537.9,5551.1,1.0000000000000004e-05,6855.7,0.592616049565773,103,0.03721805254338686
2026-03-07,2026-06-30,2600.0,6740.02,4142.6,4160.6,0.7992573785400392,4.6,6.5,0.7237271279907226,6746.05,-0.9534457033841398,115,0.1650268764816862
2026-03-07,2026-06-30,3000.0,6740.02,3745.1,3768.9,0.7300594621276855,7.2,9.3,0.655749902496338,6748.75,-0.81074501388225,115,0.1354819520048083
2026-03-07,2026-06-30,4000.0,6740.02,2652.0,2740.9,0.3314275842285156,17.9,20.7,0.5051471604919433,6677.15,-0.5123968886824752,115,0.08039717857973536
2026-03-07,2026-06-30,4500.0,6740.02,2283.8,2307.6,0.5068332398223877,26.9,30.0,0.4415644223022461,6767.25,-0.4080174037843087,115,0.061431783534132534
2026-03-07,2026-06-30,4600.0,6740.02,2191.8,2204.1,0.5018665536499024,29.2,32.3,0.4280071237945557,6767.2,-0.3860311085126183,115,0.057717428142937344
2026-03-07,2026-06-30,4650.0,6740.02,2366.0,2377.1,0.7936231270217896,30.5,33.6,0.4214993153381348,6989.5,-0.4075418033297811,115,0.05597559554934077
2026-03-07,2026-06-30,4700.0,6740.02,2306.0,2316.6,0.7663635729598999,31.8,35.0,0.4151402785873413,6977.9,-0.39518550319208556,115,0.054299361244222376
2026-03-07,2026-06-30,4750.0,6740.02,2043.4,2067.2,0.4921239142608643,33.3,36.5,0.4089071255874634,6770.4,-0.35441555132720926,115,0.05268103916702241
2026-03-07,2026-06-30,4800.0,6740.02,1995.6,2019.4,0.4844526347732544,34.8,38.0,0.4025404595184326,6771.1,-0.3440476373478324,115,0.05105332733745411
2026-03-07,2026-06-30,4900.0,6740.02,2138.9,2148.9,0.7408835573768614,38.1,41.4,0.3903259210205078,7004.15,-0.3572676254112217,115,0.04800204748317365
2026-03-07,2026-06-30,4950.0,6740.02,1769.1,1784.9,1.0000000000000004e-05,40.0,43.2,0.384211022453308,6685.4,-0.3005384676357439,115,0.04650981540844077
2026-03-07,2026-06-30,5000.0,6740.02,1805.1,1829.0,0.4542042952919006,41.9,45.1,0.3781495291137695,6773.55,-0.3035874092854362,115,0.04505387022583847
2026-03-07,2026-06-30,5050.0,6740.02,1850.3,1859.6,0.5434310794067384,43.9,47.2,0.3723245446395874,6859.4,-0.3062317310685141,115,0.04367654836225686
2026-03-07,2026-06-30,5100.0,6740.02,1712.2,1752.8,0.4650074099159241,46.1,49.4,0.3665110041427611,6784.75,-0.2854369068939347,115,0.04232325029627269
2026-03-07,2026-06-30,5125.0,6740.02,1691.5,1701.3,0.4219532597732544,47.2,50.5,0.3635355700302124,6772.55,-0.27874715272346895,115,0.04163885678870416
2026-03-07,2026-06-30,5150.0,6740.02,1667.7,1679.0,0.4203186783409118,48.4,51.7,0.3606974636459349,6773.3,-0.27399169809457474,115,0.040991249129507426
2026-03-07,2026-06-30,5175.0,6740.02,1643.7,1653.8,0.4144421959686278,49.5,52.9,0.3578097666931152,6772.55,-0.26903833859650816,115,0.0403375352088024
2026-03-07,2026-06-30,5200.0,6740.02,1616.5,1640.3,0.4248714739990235,50.8,54.1,0.3548724791717528,6775.95,-0.26472095275049506,115,0.03967798573822795
2026-03-07,2026-06-30,5225.0,6740.02,1597.2,1608.4,0.4097482579231262,52.1,55.3,0.3518856010818481,6774.1,-0.25965171876228593,115,0.03901287607836809
2026-03-07,2026-06-30,5250.0,6740.02,1794.0,1801.9,0.6400544875526429,53.4,56.7,0.3491924517440796,6992.9,-0.2866672720016511,115,0.03841799276939659
2026-03-07,2026-06-30,5275.0,6740.02,1546.3,1570.2,0.4142686289787293,54.7,58.0,0.3462742375183105,6776.9,-0.2505410908913297,115,0.03777855471348504
2026-03-07,2026-06-30,5325.0,6740.02,1503.1,1513.3,0.3939307738876342,57.5,60.9,0.3407658697509765,6774.0,-0.24067904280009111,115,0.03658618758498915
2026-03-07,2026-06-30,5400.0,6740.02,1576.3,1591.5,0.5354069439506531,62.0,65.4,0.3323068631553649,6920.2,-0.2480457173758065,115,0.03479233671100881
2026-03-07,2026-06-30,5500.0,6740.02,1337.2,1355.2,0.3751855389785767,68.8,72.2,0.3213683281326294,6775.7,-0.2085945902232994,115,0.03253951854130837
2026-03-07,2026-06-30,5525.0,6740.02,1535.7,1544.3,0.5755733971405029,70.6,74.1,0.3187476573181151,6992.65,-0.2355763500153176,115,0.03201098065826151
2026-03-07,2026-06-30,5600.0,6740.02,1466.5,1473.8,0.5583311379241944,76.4,79.9,0.3106109894180297,6992.0,-0.22200004061213083,115,0.030397551988858757
2026-03-07,2026-06-30,5650.0,6740.02,1228.5,1264.4,0.4022925066757202,80.5,84.1,0.3052628373336792,6814.15,-0.18734578733974588,115,0.029359783516591652
2026-03-07,2026-06-30,5675.0,6740.02,1204.9,1243.3,0.3998682908058167,82.7,86.3,0.3026002052688599,6814.6,-0.18299680600123933,115,0.02884984023645741
2026-03-07,2026-06-30,5700.0,6740.02,1307.1,1321.4,0.4874452348518372,85.0,88.6,0.2999833491134643,6927.45,-0.1950256052774741,115,0.028353016769076762
2026-03-07,2026-06-30,5725.0,6740.02,1164.8,1200.9,0.3946040612220765,87.4,91.0,0.2974046395492553,6818.65,-0.17481895560685548,115,0.027867656868283786
2026-03-07,2026-06-30,5750.0,6740.02,1141.2,1178.6,0.3908370853424072,89.8,93.4,0.2947458221435546,6818.3,-0.17041031911179375,115,0.027371606745682713
2026-03-07,2026-06-30,5800.0,6740.02,1068.0,1091.9,0.3437603771591186,94.8,98.5,0.2895273684692382,6783.3,-0.1566057916511329,115,0.02641096209770694
2026-03-07,2026-06-30,5825.0,6740.02,1049.5,1059.9,0.3310251376914978,97.5,101.2,0.2869562882232666,6780.35,-0.15186972358702788,115,0.02594397206945359
2026-03-07,2026-06-30,5850.0,6740.02,1221.6,1229.4,0.4937089051246644,100.2,104.0,0.2844061886024475,6973.4,-0.17566124946859404,115,0.025484907433610017
2026-03-07,2026-06-30,5875.0,6740.02,1031.8,1047.9,0.3542163578033447,103.1,106.8,0.2817683518218994,6809.9,-0.14767137573557104,115,0.025014360192244966
2026-03-07,2026-06-30,5900.0,6740.02,1193.4,1199.6,0.4954045211029052,106.0,109.7,0.2791457736778259,6988.65,-0.1693350536342461,115,0.024550881481238573
2026-03-07,2026-06-30,5925.0,6740.02,995.5,1031.4,0.3708120322990418,109.0,112.8,0.2766338206481933,6827.55,-0.14178521064250216,115,0.024111016804213504
2026-03-07,2026-06-30,5950.0,6740.02,976.1,1010.2,0.3675209351444244,112.1,115.9,0.2740303157997131,6829.15,-0.13780899532881422,115,0.023659316732570976
2026-03-07,2026-06-30,5975.0,6740.02,954.8,990.2,0.3651663368034363,115.3,119.1,0.2714287182807923,6830.3,-0.13378449866579978,115,0.023212214102379933
2026-03-07,2026-06-30,6000.0,6740.02,894.3,918.1,0.3187304913520812,118.6,122.4,0.2688290280914306,6785.7,-0.1230579874918532,115,0.022769699533224837
2026-03-07,2026-06-30,6025.0,6740.02,1072.1,1079.9,0.4627834636497498,121.9,125.8,0.2662255232429504,6977.15,-0.14672304456097165,115,0.02233080372873428
2026-03-07,2026-06-30,6050.0,6740.02,895.5,927.9,0.355715518836975,125.4,129.3,0.2636162964057923,6834.35,-0.12190309485458858,115,0.021895228627482884
2026-03-07,2026-06-30,6060.0,6740.02,843.3,867.2,0.3113844115543364,126.9,130.8,0.2626349753475189,6786.4,-0.11321080943016477,115,0.02173252049785223
2026-03-07,2026-06-30,6075.0,6740.02,874.5,907.8,0.3529517983055114,129.0,133.0,0.261086223745346,6835.15,-0.11789642657535539,115,0.021476964017546743
2026-03-07,2026-06-30,6090.0,6740.02,818.1,842.0,0.3077442730903625,131.2,135.2,0.2595002792167663,6786.85,-0.1083388346799977,115,0.021216836753593597
2026-03-07,2026-06-30,6100.0,6740.02,960.8,969.6,0.4137517426681518,132.7,136.7,0.258451247959137,6930.5,-0.1276431894920051,115,0.021045645125309754
2026-03-07,2026-06-30,6125.0,6740.02,788.8,812.7,0.3034241716384888,136.6,140.5,0.2558000598716736,6787.2,-0.10265972895743557,115,0.020616088006823168
2026-03-07,2026-06-30,6150.0,6740.02,768.1,791.9,0.3003400197410583,140.5,144.5,0.2532156283187866,6787.5,-0.0986306034416273,115,0.024136125604369733
2026-03-07,2026-06-30,6175.0,6740.02,747.4,771.3,0.2973245317077636,144.5,148.5,0.2505205716514587,6787.85,-0.09462536679409682,115,0.023640712045608105
2026-03-07,2026-06-30,6200.0,6740.02,732.3,742.7,0.2879309336280821,148.7,152.7,0.2478827348709106,6786.8,-0.09043025713560154,115,0.02261374866115758
2026-03-07,2026-06-30,6225.0,6740.02,711.9,722.3,0.2849602678394316,152.9,157.0,0.245212473487854,6787.15,-0.08645767620221044,115,0.02214010999955221
2026-03-07,2026-06-30,6250.0,6740.02,691.2,698.1,0.2789626700401305,157.3,161.5,0.2425879880142211,6785.25,-0.08216967484351352,115,0.021425846044826457
2026-03-07,2026-06-30,6260.0,6740.02,878.8,886.4,0.423109101486206,159.2,163.2,0.2414245169830322,6981.4,-0.10906928461608838,115,0.01836401835905862
2026-03-07,2026-06-30,6270.0,6740.02,870.2,877.7,0.4209747997093201,161.0,165.1,0.2404021883392333,6980.9,-0.10740149364550684,115,0.018208820269050966
2026-03-07,2026-06-30,6275.0,6740.02,786.1,798.7,0.3657900335693359,161.9,166.0,0.2398433407783508,6903.45,-0.09544780162701715,115,0.028891133680981507
2026-03-07,2026-06-30,6300.0,6740.02,651.3,662.0,0.2761302856445312,166.6,170.7,0.2371368401336669,6788.0,-0.07460671397449291,115,0.02075065847707565
2026-03-07,2026-06-30,6310.0,6740.02,643.6,652.9,0.2740875356864929,168.5,172.6,0.2360344036483764,6787.7,-0.07297647420283845,115,0.020497126845163235
2026-03-07,2026-06-30,6325.0,6740.02,823.2,830.1,0.4092790548515319,171.4,175.5,0.23438265625,6978.2,-0.09828096924786056,115,0.03263325055403252
2026-03-07,2026-06-30,6330.0,6740.02,818.0,826.0,0.408364490327835,172.3,176.5,0.2338486039733886,6977.6,-0.09740478195028024,115,0.032486527894914054
2026-03-07,2026-06-30,6350.0,6740.02,611.8,621.3,0.2693497290611266,176.3,180.5,0.2316551749801635,6788.15,-0.06672363204290818,115,0.019771013764002435
2026-03-07,2026-06-30,6360.0,6740.02,792.9,799.2,0.40127399269104,178.3,182.5,0.2305279432106018,6975.65,-0.09239713597764125,115,0.0314417629548234
2026-03-07,2026-06-30,6375.0,6740.02,780.6,787.4,0.3988287961959839,181.4,185.6,0.2288723811531067,6975.5,-0.09001991868153583,115,0.031034937209058196
2026-03-07,2026-06-30,6390.0,6740.02,767.3,773.3,0.3947432962799073,184.5,188.7,0.2271691358566284,6973.7,-0.08741166201877325,115,0.03046515987896426
2026-03-07,2026-06-30,6400.0,6740.02,576.0,580.7,0.2622315751457215,186.6,190.9,0.2261057996273041,6789.6,-0.059094039307703926,115,0.018783863037002878
2026-03-07,2026-06-30,6420.0,6740.02,671.2,679.6,0.3407391671371459,190.9,195.2,0.2238370311164855,6902.35,-0.07244381562738449,115,0.025106727820527558
2026-03-07,2026-06-30,6425.0,6740.02,556.7,561.3,0.2591550525665284,192.0,196.3,0.2232743688964843,6789.85,-0.05523221923455362,115,0.018332114294322445
2026-03-07,2026-06-30,6430.0,6740.02,734.2,740.6,0.3871807345771789,193.1,197.5,0.2227794168758392,6972.1,-0.08094193239201772,115,0.029305417418813498
2026-03-07,2026-06-30,6450.0,6740.02,537.6,542.2,0.2561719891357422,197.6,202.0,0.2205201850128173,6790.1,-0.05138553819497522,115,0.017898681043058397
2026-03-07,2026-06-30,6460.0,6740.02,658.7,667.0,0.3474281719017028,199.9,204.2,0.2193214283847809,6920.8,-0.06890205208951702,115,0.025300402454700163
2026-03-07,2026-06-30,6470.0,6740.02,701.4,707.8,0.3793702200317382,202.2,206.6,0.2182409261894225,6970.2,-0.07446781025253789,115,0.02813081810965308
2026-03-07,2026-06-30,6475.0,6740.02,518.7,523.3,0.2532022770118713,203.3,207.7,0.2176210440826415,6790.5,-0.04757596897638448,115,0.01746067052324909
2026-03-07,2026-06-30,6490.0,6740.02,507.4,511.9,0.2513159280776977,206.8,211.3,0.2159387794113159,6790.6,-0.0452767721936325,115,0.017196986706934262
2026-03-07,2026-06-30,6500.0,6740.02,500.0,504.6,0.2502421015357971,209.2,213.7,0.2147857986927032,6790.85,-0.04377394092839482,115,0.017033465081477208
2026-03-07,2026-06-30,6510.0,6740.02,492.5,497.1,0.2490061519813537,211.7,216.2,0.2136785938835144,6790.85,-0.04223666160950836,115,0.016862243161948162
2026-03-07,2026-06-30,6520.0,6740.02,484.3,486.3,0.2454661483192444,214.2,218.7,0.2125465937900543,6788.85,-0.04040718457212294,115,0.016523426214017176
2026-03-07,2026-06-30,6525.0,6740.02,481.4,486.0,0.2472161231899261,215.4,219.9,0.2119362483310699,6791.05,-0.03996461558170068,115,0.01660575584344917
2026-03-07,2026-06-30,6530.0,6740.02,651.7,658.5,0.3672376967048645,216.7,221.1,0.2113192272186279,6966.2,-0.06466293912474436,115,0.026365570640601774
2026-03-07,2026-06-30,6540.0,6740.02,597.9,607.6,0.3361100782966614,219.2,223.7,0.2102053467559814,6921.3,-0.056666447788428144,115,0.023508878438220353
2026-03-07,2026-06-30,6550.0,6740.02,463.1,467.6,0.2441901448440552,221.7,226.2,0.2089970534801482,6791.4,-0.03619205623713185,115,0.01617708439956726
2026-03-07,2026-06-30,6560.0,6740.02,629.1,635.2,0.3619210155582428,224.3,228.8,0.2078307214546203,6965.6,-0.059993145576271174,115,0.02556915055503773
2026-03-07,2026-06-30,6570.0,6740.02,622.2,627.5,0.3601662723636626,226.9,231.5,0.2067073043441771,6965.65,-0.05847709414252394,115,0.025311472586641764
2026-03-07,2026-06-30,6575.0,6740.02,444.9,449.5,0.2412261547088623,228.2,232.8,0.2061007735443114,6791.7,-0.0324267003584045,115,0.0157614101268139
2026-03-07,2026-06-30,6580.0,6740.02,441.3,445.8,0.2405624040222168,229.5,234.1,0.2054875670909881,6791.75,-0.03167389498496613,115,0.015671552276685242
2026-03-07,2026-06-30,6585.0,6740.02,437.7,442.3,0.2400273980808258,230.8,235.5,0.2049353951835632,6791.85,-0.03092902876427522,115,0.015595251403979075
2026-03-07,2026-06-30,6590.0,6740.02,434.1,438.7,0.2394189599514007,232.2,236.9,0.2043765476226806,6791.85,-0.03017001544510379,115,0.015513535645505266
2026-03-07,2026-06-30,6595.0,6740.02,430.5,435.2,0.2388725100326538,233.5,238.2,0.2037433142089843,6792.0,-0.029433662839768254,115,0.015431170071881535
2026-03-07,2026-06-30,6600.0,6740.02,426.9,431.7,0.2383193844604492,234.9,239.6,0.2031701616764068,6792.05,-0.028683161551454506,115,0.015352737825366173
2026-03-07,2026-06-30,6610.0,6740.02,419.8,424.5,0.2370595932865142,237.7,242.3,0.2019351657867431,6792.15,-0.02718387970723925,115,0.015179716319716114
2026-03-07,2026-06-30,6615.0,6740.02,416.3,421.0,0.236488348083496,239.1,243.7,0.2013419862937926,6792.25,-0.02644245877415188,115,0.015099295339456682
2026-03-07,2026-06-30,6620.0,6740.02,412.8,417.5,0.2359104272270202,240.6,245.1,0.2007402238178253,6792.3,-0.02569424769598827,115,0.015018038336751404
2026-03-07,2026-06-30,6625.0,6740.02,409.2,413.9,0.2352581205177307,241.9,246.6,0.2001994958877563,6792.3,-0.024939245772619193,115,0.014936084660163045
2026-03-07,2026-06-30,6630.0,6740.02,405.7,410.4,0.2346687556838989,243.4,248.0,0.199583428440094,6792.35,-0.024192174696779693,115,0.014853507077323766
2026-03-07,2026-06-30,6640.0,6740.02,566.4,571.9,0.3463343183994293,246.2,250.9,0.1983970694541931,6960.6,-0.0471537140389366,115,0.023372748469169428
2026-03-07,2026-06-30,6650.0,6740.02,391.7,396.5,0.2323093890190124,249.2,253.8,0.197180193195343,6792.6,-0.021216929662218983,115,0.014529486055839778
2026-03-07,2026-06-30,6655.0,6740.02,388.3,393.0,0.2316875995826721,250.5,255.3,0.1965936893558502,6792.75,-0.020487415093955588,115,0.01444784875500468
2026-03-07,2026-06-30,6660.0,6740.02,384.8,389.6,0.2311249373626709,252.1,256.8,0.1959995561981201,6792.75,-0.01973638238873275,115,0.014369906366403867
2026-03-07,2026-06-30,6670.0,6740.02,377.9,382.6,0.2298470265579223,255.0,259.8,0.1947884019279479,6792.85,-0.01825072848329004,115,0.014202913300971601
2026-03-07,2026-06-30,6675.0,6740.02,374.5,379.3,0.2293320475769042,256.6,261.3,0.194171380815506,6792.95,-0.017516105377582372,115,0.014127289516379732
2026-03-07,2026-06-30,6680.0,6740.02,371.1,375.8,0.228675926208496,258.0,262.8,0.1935467303848266,6793.05,-0.016782043151702522,115,0.014041970376837755
2026-03-07,2026-06-30,6690.0,6740.02,509.0,511.3,0.3221045573425292,261.1,265.9,0.1923384371089935,6936.65,-0.036205074903395786,115,0.020845844775430607
2026-03-07,2026-06-30,6695.0,6740.02,360.9,365.7,0.2269345343208312,262.6,267.5,0.1917557479286194,6793.25,-0.01456849297973277,115,0.013807998994359128
2026-03-07,2026-06-30,6700.0,6740.02,357.5,362.4,0.2263852234077453,264.3,269.1,0.1911644757652282,6793.25,-0.01382194572594817,115,0.01373287081995594
2026-03-07,2026-06-30,6710.0,6740.02,350.8,355.7,0.2251969570922851,267.4,272.2,0.1898922869491577,6793.45,-0.012359961695117891,115,0.013571502917584306
2026-03-07,2026-06-30,6715.0,6740.02,347.5,352.3,0.2245599090194701,269.0,273.8,0.1892762195014954,6793.5,-0.011622442707040343,115,0.013489684415041387
2026-03-07,2026-06-30,6720.0,6740.02,344.1,348.9,0.2239152316284179,270.7,275.4,0.188651569070816,6793.45,-0.010870758143650138,115,0.013407059575005589
2026-03-07,2026-06-30,6725.0,6740.02,340.8,345.6,0.2233306351184844,272.2,277.0,0.1880192893218994,6793.6,-0.01014906703889715,115,0.013328087286827113
2026-03-07,2026-06-30,6730.0,6740.02,337.5,342.3,0.2227384092903137,273.9,278.6,0.1873774729251861,6793.65,-0.009413208711190845,115,0.013248239203575844
2026-03-07,2026-06-30,6740.0,6740.02,330.9,335.7,0.2215310696792602,277.1,281.9,0.1861348477172851,6793.8,-0.007950506641696177,115,0.01309042638614945
2026-03-07,2026-06-30,6745.0,6740.02,327.7,332.5,0.2209827124309539,278.8,283.6,0.1855330852413177,6793.9,-0.007223661100758476,115,0.013016668343882999
2026-03-07,2026-06-30,6750.0,6740.02,324.4,329.1,0.2202951201248169,280.4,285.3,0.1849227397823333,6793.9,-0.0064826458760392615,115,0.012933680896293865
2026-03-07,2026-06-30,6760.0,6740.02,317.8,322.6,0.219094456167221,283.8,288.7,0.1836743925857544,6793.95,-0.005009620221643227,115,0.012777818996894983
2026-03-07,2026-06-30,6770.0,6740.02,311.4,316.2,0.2179300314712524,287.4,292.1,0.1823907597923278,6794.05,-0.0035461422219234986,115,0.012622962075724917
2026-03-07,2026-06-30,6775.0,6740.02,308.2,313.0,0.217336851978302,289.1,293.8,0.18173368475914,6794.15,-0.002822581033291593,115,0.012544238855184693
2026-03-07,2026-06-30,6780.0,6740.02,305.0,309.8,0.2167350895023345,290.6,295.6,0.1811338296127319,6794.3,-0.002106923419986144,115,0.012468810158730132
2026-03-07,2026-06-30,6790.0,6740.02,298.6,303.5,0.2155744794654846,294.2,299.1,0.1798406601715087,6794.4,-0.0006478019130576767,115,0.01231548647618249
2026-03-07,2026-06-30,6795.0,6740.02,295.5,300.3,0.2149498290348053,296.0,300.9,0.1792121950817108,6794.45,8.094514499128314e-05,115,0.012237551811231054
2026-03-07,2026-06-30,6800.0,6740.02,292.3,297.2,0.2143833521556854,297.8,302.6,0.1785074368095398,6794.55,0.0008017919374999406,115,0.012158743004231143
2026-03-07,2026-06-30,6805.0,6740.02,289.2,294.0,0.2137415357589721,299.6,304.5,0.1779257012939453,6794.55,0.001536815858868374,115,0.01208313070327165
2026-03-07,2026-06-30,6810.0,6740.02,286.1,290.9,0.213158846578598,301.4,306.3,0.1772676725959777,6794.65,0.0022565823470249826,115,0.012006698418218605
2026-03-07,2026-06-30,6815.0,6740.02,283.0,287.7,0.2125017715454101,303.2,308.1,0.1765991535854339,6794.7,0.002983168630409092,115,0.011925305440296609
2026-03-07,2026-06-30,6820.0,6740.02,279.9,284.6,0.2119028700637817,305.0,309.9,0.1759210979270935,6794.8,0.0037018580923517687,115,0.011847160593864075
2026-03-07,2026-06-30,6825.0,6740.02,276.8,281.6,0.211361188468933,306.9,311.8,0.1752974011611938,6794.85,0.004427368766761556,115,0.01177606812842278
2026-03-07,2026-06-30,6830.0,6740.02,273.7,278.5,0.2107451210212707,308.8,313.7,0.1746651214122772,6794.85,0.005159701278436956,115,0.01170015159031432
2026-03-07,2026-06-30,6840.0,6740.02,267.6,272.4,0.2095530400466919,312.6,317.4,0.1733004271125793,6795.0,0.0066006840313520936,115,0.011545431089949069
2026-03-07,2026-06-30,6845.0,6740.02,264.6,269.3,0.2089121773147582,314.5,319.3,0.1726357227611542,6795.05,0.0073240528126484895,115,0.01146682329179378
2026-03-07,2026-06-30,6850.0,6740.02,261.5,266.4,0.2083933836746215,316.4,321.2,0.171959574432373,6795.15,0.008039529859489684,115,0.011395111551496733
2026-03-07,2026-06-30,6855.0,6740.02,258.5,263.3,0.207735354976654,318.2,323.2,0.171339692325592,6795.2,0.008761832437408126,115,0.011318669534950688
2026-03-07,2026-06-30,6860.0,6740.02,255.5,260.4,0.2071993953704833,320.4,325.1,0.1706416097068787,6795.2,0.00949096116092413,115,0.011245095814078884
2026-03-07,2026-06-30,6865.0,6740.02,252.6,257.4,0.2065890499114989,322.1,327.1,0.1699988396453857,6795.4,0.010190126535576523,115,0.011170630434592092
2026-03-07,2026-06-30,6870.0,6740.02,249.6,254.4,0.2059710751342773,324.2,329.0,0.1692778690719604,6795.4,0.010918193549900283,115,0.01109133805801921
2026-03-07,2026-06-30,6875.0,6740.02,246.6,251.4,0.2053426100444793,326.3,331.0,0.1686122110557556,6795.35,0.011653088813938669,115,0.01101496845600856
2026-03-07,2026-06-30,6880.0,6740.02,243.7,248.5,0.2047713648414611,328.2,333.0,0.1679351090621948,6795.5,0.012358023531987285,115,0.010941550208435001
2026-03-07,2026-06-30,6885.0,6740.02,240.8,245.6,0.2041924903202056,330.1,335.6,0.1676480559635162,6795.35,0.013106577441921894,115,0.010890767167100213
2026-03-07,2026-06-30,6890.0,6740.02,237.9,242.7,0.2036040791511535,332.2,337.1,0.1666123760128022,6795.65,0.013788383424969856,115,0.01079583953597877
2026-03-07,2026-06-30,6895.0,6740.02,235.0,239.8,0.2030051776695251,334.2,339.1,0.1658990347576141,6795.75,0.014499094457122432,115,0.010719442851949385
2026-03-07,2026-06-30,6900.0,6740.02,232.1,236.8,0.2023318903350829,336.3,341.2,0.1652410060596466,6795.7,0.015231352381776735,115,0.010642212964973431
2026-03-07,2026-06-30,6905.0,6740.02,229.2,234.0,0.2017816257572174,338.4,343.3,0.1645705797195434,6795.75,0.01594837007311275,115,0.010571645837420532
2026-03-07,2026-06-30,6910.0,6740.02,226.4,231.2,0.2012218245315551,340.0,345.3,0.1638209992027283,6796.15,0.016613362406526493,115,0.010496212509170134
2026-03-07,2026-06-30,6915.0,6740.02,223.6,228.3,0.2005866837882995,342.5,347.4,0.1631248239135742,6796.0,0.017358761307035887,115,0.010419792463012712
2026-03-07,2026-06-30,6920.0,6740.02,220.8,225.5,0.2000087629318237,344.7,349.5,0.1624162509822845,6796.05,0.018074208577975412,115,0.010346210569673818
2026-03-07,2026-06-30,6925.0,6740.02,217.9,222.8,0.1994880619621276,346.8,352.1,0.1620357387351989,6795.9,0.018818562909940016,115,0.010294820358988786
2026-03-07,2026-06-30,6930.0,6740.02,215.1,220.0,0.1988891604804992,349.0,353.8,0.1610286687278747,6796.15,0.019503537828759757,115,0.010203559612971124
2026-03-07,2026-06-30,6935.0,6740.02,212.4,217.2,0.1982826296806335,351.2,356.0,0.1603477520751953,6796.2,0.020217421314208985,115,0.010130692693567209
2026-03-07,2026-06-30,6940.0,6740.02,209.6,214.4,0.1976646549034118,353.0,358.2,0.1596553914451599,6796.4,0.020908714289246712,115,0.010056798482940223
2026-03-07,2026-06-30,6945.0,6740.02,206.9,211.6,0.1970371434783935,355.2,360.4,0.1589477721786499,6796.45,0.021621559167929936,115,0.009981784191894187
2026-03-07,2026-06-30,6950.0,6740.02,204.2,208.9,0.1964678056049347,357.4,362.6,0.1582268016052246,6796.55,0.02232652908286833,115,0.00990955507134004
2026-03-07,2026-06-30,6955.0,6740.02,201.4,206.2,0.1958870237541199,359.9,364.8,0.157492479724884,6796.45,0.023060408337029128,115,0.009836207842529277
2026-03-07,2026-06-30,6960.0,6740.02,198.8,203.5,0.195297658920288,362.2,367.0,0.1567428992080689,6796.55,0.023764343852495883,115,0.009761810804960531
2026-03-07,2026-06-30,6965.0,6740.02,196.1,200.8,0.1946968501091003,364.5,369.3,0.1560486312484741,6796.55,0.02448247673793665,115,0.009690119972374659
2026-03-07,2026-06-30,6970.0,6740.02,193.4,198.1,0.1940855509853363,366.8,371.5,0.1552685334587097,6796.6,0.02519273763205366,115,0.009613391627767006
2026-03-07,2026-06-30,6975.0,6740.02,190.8,195.5,0.1935324254131317,369.1,373.8,0.1545447018909454,6796.7,0.025895127436316792,115,0.00954324243391079
2026-03-07,2026-06-30,6980.0,6740.02,188.2,192.8,0.1929001456642151,371.4,376.1,0.1538046580219269,6796.75,0.026604360018979492,115,0.009468140687253643
2026-03-07,2026-06-30,6985.0,6740.02,185.6,190.2,0.1923260394668579,373.6,378.5,0.1531208803749085,6796.85,0.02730572314759686,115,0.009399562369341667
2026-03-07,2026-06-30,6990.0,6740.02,183.0,187.7,0.1918091531562805,376.2,380.8,0.1523503192329407,6796.85,0.028021286684390696,115,0.009329630397295284
2026-03-07,2026-06-30,6995.0,6740.02,180.4,185.1,0.1912140663337707,378.3,383.2,0.1516341169834137,6797.0,0.028714269752943333,115,0.009258671803046417
2026-03-07,2026-06-30,7000.0,6740.02,177.8,182.5,0.190607535533905,380.8,385.6,0.1509026560974121,6796.95,0.02943616690442203,115,0.00918654744084026
2026-03-07,2026-06-30,7005.0,6740.02,175.3,180.0,0.1900582246208191,383.4,387.9,0.1500825043869018,6797.0,0.030142841424469262,115,0.009113018688999271
2026-03-07,2026-06-30,7010.0,6740.02,172.8,177.5,0.1894993770599365,385.7,390.3,0.149317665233612,6797.15,0.03083429436584594,115,0.00904222851855003
2026-03-07,2026-06-30,7015.0,6740.02,170.3,174.9,0.1888594679927825,388.1,392.8,0.1486081386375427,6797.15,0.031547306873771504,115,0.008970345435172595
2026-03-07,2026-06-30,7020.0,6740.02,167.9,172.4,0.1882767788124084,390.6,395.3,0.1478814460754394,6797.2,0.03225245535990644,115,0.00890087020436378
2026-03-07,2026-06-30,7025.0,6740.02,165.4,170.0,0.187754170513153,393.0,398.2,0.1474303626346588,6797.1,0.0329791645904283,115,0.008849381640461921
2026-03-07,2026-06-30,7030.0,6740.02,162.9,167.6,0.1872201182365417,395.5,400.2,0.1463021772003173,6797.4,0.033646519697212704,115,0.008761828067567954
2026-03-07,2026-06-30,7035.0,6740.02,160.5,165.1,0.1866040507888794,398.1,402.7,0.1455220794105529,6797.4,0.034357504440991594,115,0.008688625432564231
2026-03-07,2026-06-30,7040.0,6740.02,158.1,162.7,0.1860461568927764,400.5,405.2,0.1447229083251953,6797.55,0.035045917027057005,115,0.008617767169927836
2026-03-07,2026-06-30,7045.0,6740.02,155.7,160.3,0.1854768190193176,403.1,407.8,0.1439809571266174,6797.55,0.0357558922077495,115,0.008549574671402653
2026-03-07,2026-06-30,7050.0,6740.02,153.4,157.9,0.1848969908332824,405.7,410.3,0.1431436394500732,6797.65,0.03645065260678628,115,0.008476181738644272
2026-03-07,2026-06-30,7055.0,6740.02,151.0,155.5,0.184303811340332,408.2,412.9,0.1423616343307495,6797.7,0.0371522656312928,115,0.008405264411288303
2026-03-07,2026-06-30,7060.0,6740.02,148.6,153.2,0.1837697590637206,410.8,415.5,0.1415605559158325,6797.75,0.03785337642967492,115,0.008336697665849283
2026-03-07,2026-06-30,7065.0,6740.02,146.3,150.9,0.183225216474533,413.5,418.1,0.1407384968757629,6797.8,0.03855398571312538,115,0.008266805527593806
2026-03-07,2026-06-30,7070.0,6740.02,144.1,148.6,0.1826673225784301,416.2,420.8,0.1399717503929138,6797.85,0.039254094191327235,115,0.008199340213628723
2026-03-07,2026-06-30,7075.0,6740.02,141.8,146.3,0.1820989383697509,418.5,423.4,0.139107730102539,6798.1,0.0399242821546861,115,0.008126697428200526
2026-03-07,2026-06-30,7080.0,6740.02,139.6,144.0,0.1815172028541564,421.6,426.1,0.1382999760341644,6797.95,0.04065281156319555,115,0.008056539869787455
2026-03-07,2026-06-30,7090.0,6740.02,135.1,139.6,0.1804605422782898,426.9,431.5,0.1366167576980591,6798.15,0.04203482420021997,115,0.007919090156461321
2026-03-07,2026-06-30,7100.0,6740.02,130.8,135.2,0.1793561984634399,432.6,437.0,0.1349192343902588,6798.2,0.043436912788347506,115,0.00777975375682785
2026-03-07,2026-06-30,7110.0,6740.02,126.5,130.9,0.1782728352737427,438.0,442.6,0.1332064524459838,6798.4,0.0448149534367394,115,0.00764193484110592
2026-03-07,2026-06-30,7120.0,6740.02,122.3,126.7,0.1772142673683166,443.6,448.3,0.1314755508708953,6798.55,0.04619837127381883,115,0.007505672223783654
2026-03-07,2026-06-30,7125.0,6740.02,120.2,124.6,0.1766649564552307,446.4,451.1,0.1305266544151305,6798.65,0.04688566309399021,115,0.007432992373801131
2026-03-07,2026-06-30,7130.0,6740.02,118.2,122.5,0.1761022942352295,449.4,454.0,0.1296359315109252,6798.65,0.04758717136548065,115,0.007362824800326552
2026-03-07,2026-06-30,7140.0,6740.02,114.1,118.4,0.1750113017272949,455.1,459.8,0.1277686558723449,6798.8,0.04896665033043367,115,0.007221031378948331
2026-03-07,2026-06-30,7150.0,6740.02,110.2,114.4,0.1739441508388519,458.1,468.9,0.1287413939476013,6798.8,0.050366230684856995,115,0.007216528758635121
2026-03-07,2026-06-30,7160.0,6740.02,106.3,110.5,0.1728998879051208,458.5,474.1,0.1261436110877991,6802.1,0.05127859293725215,115,0.007043908659823136
2026-03-07,2026-06-30,7170.0,6740.02,102.5,106.7,0.171877559261322,470.1,481.0,0.1249763253974914,6799.05,0.05312275807159667,115,0.006941134463190569
2026-03-07,2026-06-30,7175.0,6740.02,100.6,104.8,0.17134541431427,473.2,484.0,0.123927294139862,6799.1,0.05381251116422355,115,0.006867388233665388
2026-03-07,2026-06-30,7180.0,6740.02,98.8,103.0,0.1708781185722351,476.2,487.1,0.1229373900985717,6799.25,0.05448707107856224,115,0.0067997730209457315
2026-03-07,2026-06-30,7190.0,6740.02,95.2,99.3,0.1698233653259277,325.0,326.2,1.0000000000000004e-05,6961.65,0.03227465651751668,115,0.0022719094366177757
2026-03-07,2026-06-30,7200.0,6740.02,91.6,95.8,0.168871607875824,489.0,499.8,0.1188938514328002,6799.3,0.05726136031522581,115,0.006522623527860887
2026-03-07,2026-06-30,7210.0,6740.02,88.2,92.3,0.1678626305389404,495.3,506.2,0.1166718124961853,6799.5,0.058619871229981205,115,0.006376974429062025
2026-03-07,2026-06-30,7225.0,6740.02,83.1,87.2,0.1663634695053101,505.0,515.5,0.1126111078643798,6799.9,0.06063932780692047,115,0.0061301943179031945
2026-03-07,2026-06-30,7240.0,6740.02,78.3,82.4,0.1649825629043579,515.0,525.5,0.1088040780639648,6800.1,0.06268388844134137,115,0.005904314622508551
2026-03-07,2026-06-30,7250.0,6740.02,75.2,79.3,0.1640746740341186,513.9,537.8,0.1131184575271606,6801.4,0.06387299552244444,115,0.006052153220031572
2026-03-07,2026-06-30,7260.0,6740.02,72.2,76.2,0.163105750617981,520.8,544.6,0.1105435626220703,6801.5,0.06523665274535713,115,0.005898393057004414
2026-03-07,2026-06-30,7270.0,6740.02,69.2,73.3,0.1622522206401824,527.7,551.5,0.1078198960113525,6801.65,0.06659106173857984,115,0.005745191124762762
2026-03-07,2026-06-30,7275.0,6740.02,67.8,71.8,0.1617572686195373,531.2,555.0,0.1064065648078918,6801.7,0.06727123212028793,115,0.0056642888898813725
2026-03-07,2026-06-30,7300.0,6740.02,60.9,64.9,0.1595981715583801,549.0,572.8,0.0983023215103149,6802.0,0.07065766156934175,115,0.005239011231084753
2026-03-07,2026-06-30,7325.0,6740.02,54.6,58.5,0.1575191823387146,567.2,591.1,0.0869880425643921,6802.4,0.07401766381368545,115,0.004708996608513092
2026-03-07,2026-06-30,7350.0,6740.02,48.7,52.6,0.1555374669265747,586.0,609.9,0.0544528149414062,6802.7,0.07738072102614958,115,0.0034733086473180247
2026-03-07,2026-06-30,7375.0,6740.02,43.4,47.2,0.1536720986175537,605.3,629.2,1.0000000000000004e-05,6803.05,0.08072486119130633,115,0.0018603366815630022
2026-03-07,2026-06-30,7400.0,6740.02,38.6,42.2,0.1518372475814819,625.1,649.0,1.0000000000000004e-05,6803.35,0.08406486227996113,115,0.0018161797662864824
2026-03-07,2026-06-30,7425.0,6740.02,34.2,37.8,0.1502884959793091,645.4,669.2,1.0000000000000004e-05,6803.7,0.08738610283797438,115,0.0017793207929923803
2026-03-07,2026-06-30,7450.0,6740.02,30.2,33.8,0.1488351108551025,666.0,689.9,1.0000000000000004e-05,6804.05,0.09069600926639403,115,0.0017450751424169808
2026-03-07,2026-06-30,7475.0,6740.02,26.6,30.1,0.1473721890830993,513.6,518.9,1.0000000000000004e-05,6987.1,0.0674985275145956,115,0.001710940829299
2026-03-07,2026-06-30,7500.0,6740.02,23.4,26.9,0.146206810722351,708.6,732.4,1.0000000000000004e-05,6804.65,0.09729681853156764,115,0.0016839903492115202
2026-03-07,2026-06-30,7525.0,6740.02,20.6,24.0,0.1451062815666199,573.9,583.5,1.0000000000000004e-05,6968.6,0.07681646686988326,115,0.0016587359898685536
2026-03-07,2026-06-30,7600.0,6740.02,13.6,16.9,0.1422052333068847,797.9,817.7,1.0000000000000004e-05,6807.45,0.11013064659373104,115,0.006371418530642557
2026-03-07,2026-06-30,7700.0,6740.02,7.7,10.7,0.1399164378356933,890.3,914.1,1.0000000000000004e-05,6807.0,0.12326883439382381,115,0.006167972880307901
2026-03-07,2026-06-30,7750.0,6740.02,5.8,8.6,0.1394052735137939,727.6,733.6,1.0000000000000004e-05,7026.6,0.09798989607124604,115,0.0015309665248126616
2026-03-07,2026-06-30,8000.0,6740.02,1.4,3.4,0.1420221296691894,1179.6,1203.4,1.0000000000000004e-05,6810.9,0.16091727166028386,115,0.0063550214008596855
2026-03-07,2026-06-30,8100.0,6740.02,0.8,2.6,0.1452264433288574,1277.6,1301.5,1.0000000000000004e-05,6812.15,0.17315627915561918,115,0.006645021320066384
2026-03-07,2026-06-30,8200.0,6740.02,0.4,2.05,0.1488427401733398,1374.3,1390.6,1.0000000000000004e-05,6818.775,0.18445431731654813,115,0.006980078218535503
2026-03-07,2026-07-17,600.0,6740.02,6129.7,6146.8,1.7368177221679688,0.05,0.85,1.307620649414062,6737.8,-2.418559085911483,132,0.6183645827018495
2026-03-07,2026-07-17,800.0,6740.02,6119.7,6135.6,2.9941965452766413,0.0,1.0,1.1591838916015624,6927.15,-2.158592024516067,132,0.4859434599463224
2026-03-07,2026-07-17,1000.0,6740.02,5740.9,5758.2,1.422488239135742,0.0,1.2,1.0532273901367186,6748.949999999999,-1.9093869372288625,132,0.4011671437373011
2026-03-07,2026-07-17,1200.0,6740.02,5547.3,5564.2,1.3830292079162596,0.1,1.6,0.98242205078125,6754.9,-1.7279466106596286,132,0.34904166392789937
2026-03-07,2026-07-17,1400.0,6740.02,5528.5,5544.3,2.172344962215424,0.5,2.15,0.9338385522460936,6935.075,-1.6001196317951063,132,0.31537311314866456
2026-03-07,2026-07-17,1600.0,6740.02,5334.5,5347.3,2.000935783805847,1.05,2.75,0.8873302282714843,6939.0,-1.4671540426716763,132,0.2847420583248516
2026-03-07,2026-07-17,2000.0,6740.02,4734.4,4751.7,0.7901632312011719,2.8,4.6,0.8105487695312499,6739.349999999999,-1.2148163005445751,132,0.23759613322766648
2026-03-07,2026-07-17,2200.0,6740.02,4466.4,4505.3,1.0000000000000004e-05,3.7,5.5,0.7692894165039064,6681.25,-1.1108477354269481,132,0.21402306640419053
2026-03-07,2026-07-17,2400.0,6740.02,4274.4,4313.4,1.0000000000000004e-05,4.4,6.7,0.729220237121582,6688.349999999999,-1.0248984695950862,132,0.19230850509054967
2026-03-07,2026-07-17,2500.0,6740.02,4177.3,4216.2,1.0000000000000004e-05,5.0,7.3,0.7112760806274415,6690.6,-0.9844128243430791,132,0.18296055753205748
2026-03-07,2026-07-17,2800.0,6740.02,4158.3,4172.9,1.3220401329803466,7.0,9.5,0.6604953384399416,6957.35,-0.9101792375361422,132,0.15776860317073388
2026-03-07,2026-07-17,3000.0,6740.02,3756.9,3771.5,0.7237118693542479,8.7,11.3,0.6293524613952637,6754.2,-0.8115522449385666,132,0.14324152528132753
2026-03-07,2026-07-17,3200.0,6740.02,3554.8,3578.8,0.6840775611114503,10.6,13.4,0.5993234648132324,6754.8,-0.7471025534701633,132,0.12989834861040384
2026-03-07,2026-07-17,3400.0,6740.02,3366.2,3378.6,0.6574588697814943,12.7,15.6,0.569416537322998,6758.25,-0.6869885491790036,132,0.11725765883000695
2026-03-07,2026-07-17,3700.0,6740.02,3032.5,3071.6,0.5830196117401122,16.4,19.2,0.5256852851867677,6734.25,-0.5988736254367119,132,0.09993847264704087
2026-03-07,2026-07-17,4000.0,6740.02,2783.2,2795.9,0.5687337133407593,21.1,24.0,0.4908193008422852,6767.0,-0.5257634961301978,132,0.08712129688347638
2026-03-07,2026-07-17,4150.0,6740.02,2848.2,2853.0,0.8686574718856812,23.4,26.6,0.4699531154632569,6975.6,-0.5193100112705612,132,0.07987118590914523
2026-03-07,2026-07-17,4200.0,6740.02,2559.1,2598.4,0.5444915546417236,24.3,27.6,0.4633384965515136,6752.8,-0.4748727083980505,132,0.07763862530146148
2026-03-07,2026-07-17,4400.0,6740.02,2627.6,2633.1,0.8259142164611815,28.8,32.0,0.4373301506805419,6999.95,-0.4642984652484446,132,0.06916715400450148
2026-03-07,2026-07-17,4500.0,6740.02,2294.2,2318.2,0.5161638960266113,30.9,34.4,0.4244060855865479,6773.549999999999,-0.40894792494326243,132,0.06513947770888302
2026-03-07,2026-07-17,4525.0,6740.02,2254.8,2294.1,0.5121356159973145,31.5,35.0,0.4211178494262696,6766.2,-0.40232205233227053,132,0.06413400572579077
2026-03-07,2026-07-17,4675.0,6740.02,2126.6,2150.6,0.4895871659469605,35.2,39.4,0.4028952228164673,6776.299999999999,-0.3712020675369525,132,0.05870367669868402
2026-03-07,2026-07-17,4700.0,6740.02,2276.5,2282.0,0.6808312862014773,36.0,40.2,0.3999121593856812,6941.15,-0.3899049581268421,132,0.05783760287571627
2026-03-07,2026-07-17,4800.0,6740.02,2007.6,2031.6,0.4712825241661071,40.3,43.6,0.3881019747543334,6777.65,-0.34501451628652025,132,0.05447193109776479
2026-03-07,2026-07-17,4825.0,6740.02,1959.2,1974.6,0.4137670013046264,40.6,44.4,0.3849701396179198,6749.4,-0.3356428772537488,132,0.05359634276291006
2026-03-07,2026-07-17,4850.0,6740.02,1938.3,1950.6,0.4104959311103821,41.5,45.4,0.3822121410751342,6751.0,-0.3307119371103416,132,0.05283114505109987
2026-03-07,2026-07-17,4900.0,6740.02,1912.8,1936.8,0.4568879079818725,43.4,47.3,0.3763871566009521,6779.45,-0.3246607726012888,132,0.05123310273519933
2026-03-07,2026-07-17,4975.0,6740.02,1849.0,1859.9,0.4378527589797973,46.4,50.4,0.3678575788116456,6781.05,-0.30970658660768974,132,0.048937353901835394
2026-03-07,2026-07-17,5000.0,6740.02,1825.7,1836.3,0.434389048500061,47.5,51.5,0.3650576190185547,6781.5,-0.30476040398653215,132,0.04819521262153837
2026-03-07,2026-07-17,5050.0,6740.02,1772.3,1811.8,0.4566666577529908,49.8,53.8,0.3595149193191528,6790.25,-0.29609951645679095,132,0.04674281915650279
2026-03-07,2026-07-17,5075.0,6740.02,1755.0,1765.8,0.4242420552444458,51.3,55.0,0.3567645500946044,6782.25,-0.28998238037871105,132,0.046030368862890754
2026-03-07,2026-07-17,5100.0,6740.02,1982.2,1988.2,0.6737302982521058,53.0,56.4,0.3543079096221923,7030.5,-0.32101728731845336,132,0.045398631551648985
2026-03-07,2026-07-17,5150.0,6740.02,1682.7,1722.2,0.4465711623954772,55.1,58.9,0.3487461366271973,6795.45,-0.2772565559002356,132,0.04398452205818148
2026-03-07,2026-07-17,5200.0,6740.02,1638.4,1649.0,0.4076444734191894,58.3,61.7,0.343481907043457,6783.7,-0.26586405022629894,132,0.04266667479873897
2026-03-07,2026-07-17,5250.0,6740.02,1590.6,1629.7,0.432413055076599,61.1,64.6,0.3381680868911743,6797.3,-0.25829739790627215,132,0.04135674098327687
2026-03-07,2026-07-17,5275.0,6740.02,1568.9,1579.3,0.3977683209609985,61.6,66.1,0.3355111768150329,6785.25,-0.2517724592296935,132,0.04070943279274162
2026-03-07,2026-07-17,5300.0,6740.02,1545.8,1556.2,0.3945640073013306,63.1,67.6,0.3328027688407897,6785.65,-0.24710326769811994,132,0.04005483328533886
2026-03-07,2026-07-17,5350.0,6740.02,1494.4,1505.4,0.382801505908966,66.3,70.9,0.3276548863601685,6781.3,-0.23707226307752477,132,0.038825259291374606
2026-03-07,2026-07-17,5375.0,6740.02,1476.8,1487.1,0.3849548809814452,67.9,72.6,0.3250647328186034,6786.7,-0.23320624057977962,132,0.03821384829852263
2026-03-07,2026-07-17,5400.0,6740.02,1453.9,1464.2,0.3818211385154723,69.6,74.4,0.3225546871185302,6787.05,-0.22861743114945152,132,0.03762597659189464
2026-03-07,2026-07-17,5475.0,6740.02,1385.6,1395.7,0.3723874865150451,75.0,80.1,0.3150474379730223,6788.1,-0.21497880344069026,132,0.03589491846269651
2026-03-07,2026-07-17,5500.0,6740.02,1362.9,1373.0,0.3692976126289368,77.0,82.0,0.3124248598289489,6788.45,-0.21047454639528573,132,0.03529979912648292
2026-03-07,2026-07-17,5525.0,6740.02,1340.3,1350.4,0.3662649586296082,79.1,84.1,0.3099853853225708,6788.75,-0.20598358296310154,132,0.034750695789021686
2026-03-07,2026-07-17,5550.0,6740.02,1330.4,1366.9,0.4013083246231079,81.0,86.2,0.3074810616111754,6815.05,-0.20533547412039233,132,0.03419147295599638
2026-03-07,2026-07-17,5575.0,6740.02,1295.2,1305.2,0.3600585082435608,83.0,88.4,0.3050282357978821,6789.5,-0.19708498381052997,132,0.03364814699091458
2026-03-07,2026-07-17,5600.0,6740.02,1272.8,1282.8,0.357083074131012,86.4,90.1,0.3019402692413331,6789.55,-0.19261806770103387,132,0.032970318512377514
2026-03-07,2026-07-17,5625.0,6740.02,1264.3,1302.5,0.3934863661003113,87.7,92.9,0.3000386616706848,6818.1,-0.19235989257545555,132,0.03255633479896414
2026-03-07,2026-07-17,5650.0,6740.02,1243.6,1280.4,0.3901905006217957,89.7,95.3,0.2976087238121032,6819.5,-0.18813061022644315,132,0.03203113898234814
2026-03-07,2026-07-17,5675.0,6740.02,1205.8,1215.7,0.3479431508827209,92.1,97.8,0.2952150252151488,6790.8,-0.17949819158687502,132,0.031517951416129
2026-03-07,2026-07-17,5700.0,6740.02,1183.7,1193.5,0.3449505508041382,94.5,100.3,0.2927507554244994,6791.2,-0.17516148160111647,132,0.030993963380310106
2026-03-07,2026-07-17,5750.0,6740.02,1344.2,1348.4,0.5012676521682741,101.0,104.8,0.2871012452697753,6993.4,-0.19576699233380976,132,0.029809261656657947
2026-03-07,2026-07-17,5775.0,6740.02,1117.6,1127.3,0.3360051751708984,102.2,108.0,0.2851386031532287,6792.349999999999,-0.16225872248669349,132,0.029403098731723358
2026-03-07,2026-07-17,5800.0,6740.02,1095.7,1105.4,0.3330583510017395,106.4,110.3,0.2821975009727477,6792.2,-0.15791697743067382,132,0.02879966219532833
2026-03-07,2026-07-17,5825.0,6740.02,1092.7,1105.6,0.3490265140724182,107.7,113.6,0.2801661949920653,6813.5,-0.1567469387559741,132,0.028386544602070737
2026-03-07,2026-07-17,5850.0,6740.02,1284.8,1289.7,0.5045883129310609,110.7,116.5,0.2776618712806701,7023.65,-0.18284136469036127,132,0.027881334654046602
2026-03-07,2026-07-17,5875.0,6740.02,1030.6,1040.2,0.3242865423583984,115.2,119.1,0.2748008769416808,6793.25,-0.14522341209264594,132,0.027309723013054846
2026-03-07,2026-07-17,5900.0,6740.02,1009.1,1018.6,0.3213511621665954,118.3,122.2,0.272334699821472,6793.6,-0.14102864161512618,132,0.026821744964231144
2026-03-07,2026-07-17,5925.0,6740.02,1015.5,1048.9,0.3601729480171203,121.5,125.4,0.2698761520195006,6833.75,-0.14269288420587714,132,0.026339655179749434
2026-03-07,2026-07-17,5950.0,6740.02,1152.8,1155.8,0.4534947686958313,124.7,128.8,0.2675129706954956,6977.55,-0.1593066327354888,132,0.025880386336228606
2026-03-07,2026-07-17,5975.0,6740.02,944.9,954.4,0.3126384807395935,126.9,132.4,0.2652375265312194,6795.0,-0.1286029497855327,132,0.02544198576277455
2026-03-07,2026-07-17,6000.0,6740.02,923.8,933.2,0.309758413105011,129.8,136.3,0.2631261127090454,6795.45,-0.1244938013478254,132,0.025038537964376086
2026-03-07,2026-07-17,6025.0,6740.02,1102.5,1105.5,0.4505746471405029,135.2,139.2,0.2600743854141236,6991.8,-0.148820554448417,132,0.024461113822483567
2026-03-07,2026-07-17,6050.0,6740.02,1081.3,1083.7,0.445847330827713,138.8,142.9,0.257615837612152,6991.65,-0.14465830784934233,132,0.024000825786566052
2026-03-07,2026-07-17,6075.0,6740.02,860.8,870.1,0.3010762489509582,141.2,146.7,0.2551496604919434,6796.5,-0.11222578456655334,132,0.02354350164626938
2026-03-07,2026-07-17,6100.0,6740.02,840.1,849.4,0.2982867794704436,146.5,150.6,0.2526701320648193,6796.2,-0.10807486127332021,132,0.023088136504575963
2026-03-07,2026-07-17,6125.0,6740.02,924.3,933.1,0.3714605243492126,148.8,155.2,0.2506521773910522,6901.7,-0.11938900163823483,132,0.0227208215125358
2026-03-07,2026-07-17,6150.0,6740.02,793.1,817.0,0.2991183751583098,152.3,159.3,0.2481345023727417,6799.25,-0.10036023016314398,132,0.02226667541738465
2026-03-07,2026-07-17,6175.0,6740.02,778.3,787.4,0.2895149708271026,158.8,162.9,0.2451342729759216,6797.0,-0.0959724558504603,132,0.02584395577718302
2026-03-07,2026-07-17,6180.0,6740.02,774.3,783.3,0.2889284669876097,158.0,164.4,0.2451228289985657,6797.6,-0.09525133723759514,132,0.025786180719366975
2026-03-07,2026-07-17,6200.0,6740.02,758.0,767.0,0.2866244128799438,160.9,167.9,0.2431105963134765,6798.1,-0.09209386932356935,132,0.025371049147534394
2026-03-07,2026-07-17,6225.0,6740.02,736.8,747.7,0.2844367058753966,165.8,172.4,0.2405976896190643,6798.15,-0.08807707399304494,132,0.0249227858710239
2026-03-07,2026-07-17,6250.0,6740.02,717.2,721.6,0.27732236661911,170.4,177.0,0.2380542656517028,6795.7,-0.0837085954731269,132,0.02401433263560699
2026-03-07,2026-07-17,6275.0,6740.02,697.7,706.8,0.2781444256591796,174.6,181.7,0.2354774634170532,6799.1,-0.0802167654636136,132,0.023851084062909183
2026-03-07,2026-07-17,6290.0,6740.02,685.8,694.1,0.2758909157848357,177.7,184.6,0.233938248462677,6798.8,-0.07778505530871019,132,0.023500138716908137
2026-03-07,2026-07-17,6300.0,6740.02,677.9,686.9,0.2752529140472411,181.5,185.8,0.2323627942466735,6798.75,-0.07618913835754641,132,0.02329652696197856
2026-03-07,2026-07-17,6325.0,6740.02,872.9,876.9,0.4132691882896423,184.5,191.4,0.2302141874980926,7011.95,-0.10310580178678079,132,0.01916660690562662
2026-03-07,2026-07-17,6330.0,6740.02,654.3,662.4,0.2712351243305206,185.5,192.4,0.2296849035453796,6799.4,-0.07153413683889592,132,0.02268599685697906
2026-03-07,2026-07-17,6340.0,6740.02,645.9,650.1,0.2670380456352234,187.5,194.6,0.2287522193908691,6796.95,-0.06959521370175686,132,0.022223735801433477
2026-03-07,2026-07-17,6350.0,6740.02,638.6,647.6,0.2695309253692627,188.9,196.6,0.2276612268829345,6800.35,-0.06851926854113086,132,0.022349592319503227
2026-03-07,2026-07-17,6375.0,6740.02,618.6,629.1,0.267299349784851,196.7,201.1,0.2245074574565886,6799.95,-0.0645311681693617,132,0.021868054455938656
2026-03-07,2026-07-17,6400.0,6740.02,602.8,607.5,0.2628819745254517,202.0,206.5,0.2218610376930236,6800.9,-0.06075696599973347,132,0.021244386302803148
2026-03-07,2026-07-17,6425.0,6740.02,788.9,792.7,0.3936465817832947,205.5,212.8,0.2197019406318664,7006.65,-0.0866630673096179,132,0.03401227815976008
2026-03-07,2026-07-17,6450.0,6740.02,729.0,732.2,0.3631274015045166,213.2,217.7,0.2164709243583678,6965.15,-0.07683901244487815,132,0.030372134899509386
2026-03-07,2026-07-17,6475.0,6740.02,543.0,551.2,0.2546995307159424,216.9,224.4,0.2143118272972106,6801.45,-0.049187217159163264,132,0.01988784816492133
2026-03-07,2026-07-17,6500.0,6740.02,527.2,532.0,0.2514656534481048,222.2,230.3,0.2114870722198486,6803.35,-0.04561296102857145,132,0.019377349218388445
2026-03-07,2026-07-17,6510.0,6740.02,516.9,525.1,0.2506445480728149,225.3,232.8,0.210410384683609,6801.95,-0.04386987955832611,132,0.0192188068044603
2026-03-07,2026-07-17,6525.0,6740.02,668.2,672.2,0.3500269084262847,231.2,235.8,0.208267499923706,6961.7,-0.06478274418625772,132,0.0281804310439194
2026-03-07,2026-07-17,6540.0,6740.02,495.0,497.9,0.2438954624271392,232.8,240.4,0.2071116582107544,6799.85,-0.038963387646124885,132,0.01839026014953632
2026-03-07,2026-07-17,6550.0,6740.02,488.1,495.5,0.2458762241744995,237.5,242.2,0.2054951964092254,6801.95,-0.03774428613164342,132,0.018419981527540843
2026-03-07,2026-07-17,6560.0,6740.02,480.5,488.2,0.2446994018363953,237.9,245.6,0.2048838972854614,6802.6,-0.036314289088981225,132,0.018274327983634698
2026-03-07,2026-07-17,6575.0,6740.02,469.9,477.4,0.2429913882160186,241.9,249.5,0.2031510883808135,6802.95,-0.03408176357342396,132,0.017995678386275374
2026-03-07,2026-07-17,6580.0,6740.02,465.9,468.8,0.239242531967163,243.1,250.8,0.2025617235469817,6800.4,-0.03294668864421088,132,0.017647405496666994
2026-03-07,2026-07-17,6590.0,6740.02,459.0,466.6,0.2412375986862182,245.9,253.5,0.201428769788742,6803.1,-0.031825042137797556,132,0.017716345081371796
2026-03-07,2026-07-17,6600.0,6740.02,451.7,459.5,0.2401065522575378,250.6,255.6,0.1998905084991455,6802.5,-0.03022054264288441,132,0.017503327793586782
2026-03-07,2026-07-17,6620.0,6740.02,437.9,445.3,0.2377796101951598,254.5,261.8,0.1980060668945312,6803.45,-0.027334466514332672,132,0.017169868930863492
2026-03-07,2026-07-17,6625.0,6740.02,434.3,441.8,0.2372150406455993,256.0,263.2,0.1974243313789367,6803.45,-0.02657946459096358,132,0.017079659349474356
2026-03-07,2026-07-17,6650.0,6740.02,417.3,424.4,0.234376934261322,262.2,270.4,0.1945423564147949,6804.55,-0.02297465140195301,132,0.016633063044288788
2026-03-07,2026-07-17,6675.0,6740.02,399.3,407.1,0.2314596737003326,272.3,277.2,0.1912436299419403,6803.45,-0.019060632176936324,132,0.016154456811049378
2026-03-07,2026-07-17,6680.0,6740.02,396.3,403.7,0.2308960578155517,271.7,279.4,0.1910862752532958,6804.45,-0.01845882236420611,132,0.016099397125845245
2026-03-07,2026-07-17,6690.0,6740.02,388.1,391.0,0.2260895873260498,274.8,282.4,0.1898789356422424,6800.95,-0.01644843416631884,132,0.015643791230997118
2026-03-07,2026-07-17,6700.0,6740.02,382.3,390.1,0.2285843743896484,277.2,285.5,0.1887040206336975,6804.85,-0.015528066847843282,132,0.015743224527392546
2026-03-07,2026-07-17,6710.0,6740.02,376.0,383.4,0.2274552352905273,281.0,288.8,0.1876254257678985,6804.8,-0.014029294533641611,132,0.01557708087971258
2026-03-07,2026-07-17,6720.0,6740.02,369.4,376.6,0.2262402663612365,284.0,291.8,0.1863313026618957,6805.1,-0.012584176537548876,132,0.015389328453931237
2026-03-07,2026-07-17,6725.0,6740.02,366.1,373.3,0.2256852334594726,285.8,293.4,0.1857343085098266,6805.1,-0.011840405584704226,132,0.015303504942382253
2026-03-07,2026-07-17,6730.0,6740.02,362.8,370.0,0.225123524904251,287.2,294.8,0.1850066622829436,6805.4,-0.011141271027894853,132,0.01520773540984304
2026-03-07,2026-07-17,6740.0,6740.02,356.0,358.8,0.2211419744491576,290.4,298.4,0.184023433895111,6803.0,-0.009303766438708047,132,0.014841773336766223
2026-03-07,2026-07-17,6750.0,6740.02,349.1,356.8,0.2228156561374664,296.0,300.9,0.1823297252464294,6804.5,-0.00804165313379676,132,0.014840306142112816
2026-03-07,2026-07-17,6770.0,6740.02,336.6,343.8,0.220529721660614,300.6,308.1,0.1802040064525604,6805.85,-0.005281449534639469,132,0.014518871747854682
2026-03-07,2026-07-17,6775.0,6740.02,335.7,340.6,0.219971827764511,302.4,310.1,0.1797758109664917,6806.9,-0.004697436832627182,132,0.014447506203132615
2026-03-07,2026-07-17,6780.0,6740.02,330.1,337.5,0.2194702000904083,304.0,311.6,0.1790300451087951,6806.0,-0.0038274741264098335,132,0.01435748136708557
2026-03-07,2026-07-17,6790.0,6740.02,323.8,331.2,0.218383975906372,307.5,315.2,0.1778856473731994,6806.15,-0.002375673642265972,132,0.014197198008291516
2026-03-07,2026-07-17,6800.0,6740.02,316.9,325.3,0.217518048286438,313.1,318.1,0.1762749075603485,6805.5,-0.0008084966079302097,132,0.014020288872493486
2026-03-07,2026-07-17,6810.0,6740.02,311.0,318.5,0.2160694314861297,314.6,322.3,0.1754309142303466,6806.3,0.0005434663001062288,132,0.013857515569786235
2026-03-07,2026-07-17,6820.0,6740.02,304.8,307.3,0.2118818894386291,318.2,325.9,0.1741825670337677,6804.0,0.0023487973217553287,132,0.013475370493681632
2026-03-07,2026-07-17,6825.0,6740.02,301.7,309.1,0.2143375762462615,320.1,327.6,0.1734825770854949,6806.55,0.002706957208271906,132,0.013598212476435103
2026-03-07,2026-07-17,6830.0,6740.02,298.6,306.0,0.2137672847080231,321.8,329.7,0.1730210033321381,6806.55,0.0034392897199471634,132,0.013525947759578843
2026-03-07,2026-07-17,6840.0,6740.02,292.4,299.9,0.2126658018875122,325.6,333.3,0.171699223947525,6806.7,0.0048803104183930655,132,0.01335699619674129
2026-03-07,2026-07-17,6850.0,6740.02,288.7,293.8,0.2115347554588317,329.3,337.1,0.1704632743930817,6808.05,0.0061429167292075156,132,0.013192992681519262
2026-03-07,2026-07-17,6860.0,6740.02,280.3,287.8,0.2104370872974395,333.2,340.9,0.1691891782474517,6807.0,0.0077559472719794555,132,0.013029674929373942
2026-03-07,2026-07-17,6870.0,6740.02,274.4,281.8,0.2093089018630981,337.0,344.8,0.1679389237213135,6807.2,0.009183230681047427,132,0.012866918967039724
2026-03-07,2026-07-17,6875.0,6740.02,271.3,278.8,0.2087347956657409,338.9,346.9,0.1673915201377868,6807.15,0.009918113190344479,132,0.012790529258953034
2026-03-07,2026-07-17,6880.0,6740.02,268.3,275.8,0.2081511528205871,340.9,348.6,0.1665847197341919,6807.3,0.010623086172055329,132,0.012696137391561432
2026-03-07,2026-07-17,6890.0,6740.02,262.4,270.0,0.2070868629264831,344.8,352.6,0.1653153919124603,6807.5,0.012046139459789506,132,0.012538502741099364
2026-03-07,2026-07-17,6900.0,6740.02,259.0,264.0,0.205867125673294,349.0,356.6,0.1640041028404236,6808.7,0.013320205406260555,132,0.01236864643154559
2026-03-07,2026-07-17,6910.0,6740.02,250.9,258.5,0.2049268122005462,353.0,360.7,0.1627128407287598,6807.85,0.014893279653701158,132,0.012219847055883176
2026-03-07,2026-07-17,6920.0,6740.02,245.2,252.6,0.2037051676177978,357.0,364.7,0.161313814496994,6808.05,0.016310034084651877,132,0.012046252852153197
2026-03-07,2026-07-17,6925.0,6740.02,242.3,249.7,0.2031138954544067,361.1,366.1,0.1602180536651611,6807.4,0.0171277962960186,132,0.01193516020077753
2026-03-07,2026-07-17,6930.0,6740.02,239.6,247.0,0.2026389703941344,361.3,369.0,0.160059745311737,6808.15,0.017739389270991956,132,0.011893594044834855
2026-03-07,2026-07-17,6940.0,6740.02,233.9,241.3,0.2014764530277252,365.5,373.3,0.1587589465522766,6808.2,0.01917400647585151,132,0.011732588829174242
2026-03-07,2026-07-17,6950.0,6740.02,227.9,235.8,0.2004064411449432,371.7,376.7,0.1568363583564758,6807.65,0.020694679732930526,132,0.011538465170562097
2026-03-07,2026-07-17,6960.0,6740.02,222.9,230.2,0.1992391554546356,374.2,381.9,0.1560162066459655,6808.5,0.022007642763835367,132,0.01141043913956319
2026-03-07,2026-07-17,6970.0,6740.02,217.4,224.7,0.1981014333724975,378.5,386.3,0.1546353000450134,6808.65,0.023421362148200862,132,0.011249221102377678
2026-03-07,2026-07-17,6975.0,6740.02,214.7,222.0,0.1975502151298523,380.8,388.6,0.1539906226539611,6808.65,0.02413846508319769,132,0.011173073152826297
2026-03-07,2026-07-17,6980.0,6740.02,212.1,219.3,0.19699041390419,383.0,390.8,0.1532667910861969,6808.8,0.024833023593666907,132,0.011091626351707868
2026-03-07,2026-07-17,6990.0,6740.02,206.7,214.0,0.1959080043792725,387.6,395.3,0.1518458305644989,6808.9,0.02624997629714795,132,0.010933644056704916
2026-03-07,2026-07-17,7000.0,6740.02,203.6,208.5,0.1946625181770324,392.1,399.9,0.1504353603553772,6810.05,0.027510686776939738,132,0.010767271261177536
2026-03-07,2026-07-17,7010.0,6740.02,196.3,203.5,0.1936993167495728,396.8,404.5,0.148969577589035,6809.25,0.02905571910865947,132,0.010616233007833016
2026-03-07,2026-07-17,7020.0,6740.02,191.2,198.4,0.1926359805202483,401.5,409.2,0.1475114241409302,6809.45,0.03045186472081885,132,0.010460571171576089
2026-03-07,2026-07-17,7025.0,6740.02,190.7,195.6,0.1919293149185181,405.8,410.8,0.1462544939613342,6809.85,0.031105121732691775,132,0.010340146639506817
2026-03-07,2026-07-17,7030.0,6740.02,186.1,193.3,0.1915344976997375,406.3,414.0,0.1460599463462829,6809.55,0.0318606671396394,132,0.01030413776842321
2026-03-07,2026-07-17,7040.0,6740.02,181.1,188.2,0.1903958219528198,411.1,418.8,0.1445474340057373,6809.7,0.03326010384232206,132,0.010142932864383407
2026-03-07,2026-07-17,7050.0,6740.02,175.7,183.4,0.1894135472297668,418.0,422.9,0.142484657087326,6809.1,0.03476766398678057,132,0.009959347383435763
2026-03-07,2026-07-17,7060.0,6740.02,171.3,178.4,0.1882605665111541,421.1,428.7,0.1415300386428833,6809.95,0.036060273514589465,132,0.009833262540218041
2026-03-07,2026-07-17,7070.0,6740.02,166.5,173.6,0.1871991376113891,426.2,433.8,0.1400251556205749,6810.05,0.03746101763010769,132,0.00968082015528281
2026-03-07,2026-07-17,7075.0,6740.02,164.2,171.2,0.1866536413574218,428.6,436.3,0.139209772233963,6810.25,0.0381386133221722,132,0.00960046526705531
2026-03-07,2026-07-17,7080.0,6740.02,161.8,168.8,0.1860986084556579,431.2,438.9,0.1384477940750122,6810.25,0.038845077498499206,132,0.009523019517958335
2026-03-07,2026-07-17,7090.0,6740.02,157.2,164.1,0.1850219209194182,436.4,444.1,0.1368666178703308,6810.4,0.04023448495632596,132,0.009367681195448197
2026-03-07,2026-07-17,7100.0,6740.02,152.2,159.5,0.1839709823322296,443.6,448.4,0.1345444441318512,6809.85,0.041724690560152135,132,0.00917237955494423
2026-03-07,2026-07-17,7110.0,6740.02,148.1,155.0,0.1829457926940917,446.0,454.8,0.1336890068244934,6811.15,0.04294126860070702,132,0.009064385415845921
2026-03-07,2026-07-17,7120.0,6740.02,143.7,150.5,0.1818776881408691,451.4,460.2,0.1320105568122863,6811.3,0.04432472773918034,132,0.008907814796034186
2026-03-07,2026-07-17,7125.0,6740.02,141.5,148.3,0.1813608018302917,454.1,463.0,0.1312152003860474,6811.35,0.045019387754363815,132,0.008833490373509894
2026-03-07,2026-07-17,7130.0,6740.02,139.3,146.1,0.180833425207138,456.8,465.7,0.1303206628227233,6811.45,0.04570621475621772,132,0.00875330573814774
2026-03-07,2026-07-17,7140.0,6740.02,135.5,141.8,0.1798158648872375,462.4,471.3,0.1286136028671264,6811.8,0.04705637393508704,132,0.00860068029346555
2026-03-07,2026-07-17,7150.0,6740.02,132.9,137.5,0.1787525286579132,468.0,476.9,0.1268054544448852,6812.75,0.04831650014217495,132,0.00844128075136726
2026-03-07,2026-07-17,7175.0,6740.02,122.7,127.2,0.176211012020111,482.4,491.3,0.1221344043540954,6813.1,0.05175553214006058,132,0.008047478319340969
2026-03-07,2026-07-17,7180.0,6740.02,118.7,125.3,0.1757818628692627,485.4,494.3,0.1212122105121612,6812.15,0.05259160053735879,132,0.007974741993374768
2026-03-07,2026-07-17,7200.0,6740.02,113.0,117.4,0.1737352982521057,497.4,506.3,0.1171982354545593,6813.35,0.0551971031736545,132,0.007652593408648102
2026-03-07,2026-07-17,7220.0,6740.02,104.1,110.1,0.1719366864776611,507.0,511.1,0.1051381906509399,6818.05,0.057281445687019476,132,0.006940893393650325
2026-03-07,2026-07-17,7225.0,6740.02,101.8,108.4,0.1715514059066772,512.8,524.0,0.113986292476654,6811.7,0.05890551209737639,132,0.007371366157631939
2026-03-07,2026-07-17,7230.0,6740.02,100.1,106.6,0.1710783881759643,516.0,525.0,0.1106675390434265,6812.85,0.05942850135423076,132,0.007176891308645398
2026-03-07,2026-07-17,7240.0,6740.02,96.7,103.2,0.1702486998176575,522.3,531.4,0.1082871917533874,6813.1,0.06077397689200078,132,0.007014284973912706
2026-03-07,2026-07-17,7250.0,6740.02,93.4,99.6,0.169216834526062,528.8,540.0,0.1081498640251159,6812.1,0.062301026197379254,132,0.0069555216995916165
2026-03-07,2026-07-17,7260.0,6740.02,89.9,96.1,0.1682107181835175,535.1,544.2,0.10278836063385,6813.35,0.06349590598834956,132,0.006639826092480654
2026-03-07,2026-07-17,7270.0,6740.02,87.0,92.8,0.1673075976371765,541.7,550.7,0.099694672088623,6813.7,0.06482100027909878,132,0.006445416430898749
2026-03-07,2026-07-17,7275.0,6740.02,85.1,91.2,0.1668765411567688,545.0,554.1,0.0982031403732299,6813.6,0.06552319821282203,132,0.006352928327346584
2026-03-07,2026-07-17,7300.0,6740.02,79.0,83.2,0.1645267111396789,561.9,571.0,0.0887466004180908,6814.65,0.0687996416247543,132,0.0057996252642890135
2026-03-07,2026-07-17,7310.0,6740.02,74.5,80.7,0.164070859375,568.8,577.9,0.0838333194732666,6814.25,0.07022726602658615,132,0.005556339458587125
2026-03-07,2026-07-17,7325.0,6740.02,71.8,75.9,0.1624191119766235,574.6,582.6,1.0000000000000004e-05,6820.25,0.07139702682811215,132,0.0023853318952821332
2026-03-07,2026-07-17,7330.0,6740.02,68.9,74.9,0.1623494944477081,582.8,591.9,0.0680406307220459,6814.55,0.07291548374457449,132,0.004798978418080143
2026-03-07,2026-07-17,7350.0,6740.02,65.0,69.1,0.1604049719619751,597.1,606.3,1.0000000000000004e-05,6815.35,0.07552289209491696,132,0.002326541881028826
2026-03-07,2026-07-17,7375.0,6740.02,57.5,62.8,0.1584976424026489,607.5,631.3,1.0000000000000004e-05,6815.75,0.07885979177529392,132,0.0022715457509630654
2026-03-07,2026-07-17,7400.0,6740.02,51.2,57.0,0.1567142892646789,634.3,643.5,1.0000000000000004e-05,6815.2,0.08232458846363047,132,0.0022207194353482704
2026-03-07,2026-07-17,7425.0,6740.02,46.5,51.4,0.1547783497619629,653.5,662.8,1.0000000000000004e-05,6815.8,0.08560923831525943,132,0.0021661953324028714
2026-03-07,2026-07-17,7450.0,6740.02,42.6,46.4,0.1530903631019592,665.2,689.0,1.0000000000000004e-05,6817.4,0.08873586489491973,132,0.002119207668505227
2026-03-07,2026-07-17,7475.0,6740.02,36.7,41.9,0.1515892947387695,688.5,697.8,1.0000000000000004e-05,6821.15,0.09153603993554064,132,0.0020778559546702634
2026-03-07,2026-07-17,7500.0,6740.02,32.7,37.7,0.1500786897277832,706.9,730.9,1.0000000000000004e-05,6816.3,0.09558621789933457,132,0.002036652843503265
2026-03-07,2026-07-17,7525.0,6740.02,29.1,33.9,0.1486958757972717,727.8,751.8,1.0000000000000004e-05,6816.7,0.0988553268506442,132,0.0019992970887367364
2026-03-07,2026-07-17,7550.0,6740.02,25.8,30.5,0.1474732775497436,749.1,773.1,1.0000000000000004e-05,6817.05,0.10212073630251838,132,0.007865163074100848
2026-03-07,2026-07-17,7600.0,6740.02,19.9,25.3,0.1462811965751647,792.7,816.7,1.0000000000000004e-05,6817.9,0.10859674074192469,132,0.007738522954062962
2026-03-07,2026-07-17,7650.0,6740.02,15.8,19.7,0.1432084886550903,837.3,861.3,1.0000000000000004e-05,6818.45,0.11507347454070643,132,0.0074168345244370335
2026-03-07,2026-07-17,7700.0,6740.02,12.8,16.1,0.1421747160339355,881.6,905.4,1.0000000000000004e-05,6820.95,0.12122157051739738,132,0.007310141874168729
2026-03-07,2026-07-17,7750.0,6740.02,9.3,12.9,0.140797624092102,929.3,953.3,1.0000000000000004e-05,6819.8,0.12786269745308257,132,0.0071692168914999285
2026-03-07,2026-07-17,7800.0,6740.02,7.8,10.4,0.1398477739715576,773.5,780.8,1.0000000000000004e-05,7031.95,0.1036596836906224,132,0.007072813109023511
2026-03-07,2026-07-17,7850.0,6740.02,6.0,8.7,0.1400232482910156,1025.1,1035.5,1.0000000000000004e-05,6827.05,0.13962086952385344,132,0.007090573501862183
2026-03-07,2026-07-17,7900.0,6740.02,4.6,7.2,0.1400003603363037,1071.5,1095.5,1.0000000000000004e-05,6822.4,0.14665144336369693,132,0.007088255665881983
2026-03-07,2026-07-17,8000.0,6740.02,2.85,5.1,0.1409158785247803,1168.1,1192.1,1.0000000000000004e-05,6823.875,0.1590140493604565,132,0.007181264647381382
2026-03-07,2026-07-17,8300.0,6740.02,0.6,2.25,0.148095066986084,1461.3,1485.3,1.0000000000000004e-05,6828.125,0.19520540306663395,132,0.007931626439070897
2026-03-07,2026-07-17,8400.0,6740.02,0.35,1.9,0.1521843815612793,1509.7,1548.8,1.0000000000000004e-05,6871.875,0.20079471108827895,132,0.008375702331060149
2026-03-07,2026-07-17,8500.0,6740.02,0.15,1.6,0.1560142993164062,1437.7,1447.1,1.0000000000000004e-05,7058.475,0.18583714098942627,132,0.008802577890512253
2026-03-07,2026-07-17,8600.0,6740.02,0.0,1.4,0.1603782693481445,1756.3,1780.3,1.0000000000000004e-05,6832.4,0.2300862004776934,132,0.009301909547512302
2026-03-07,2026-07-17,8800.0,6740.02,0.0,1.15,0.1698386239624023,1912.6,1936.6,1.0000000000000004e-05,6875.975,0.24671826980495531,132,0.010431673646592829
2026-03-07,2026-07-17,9000.0,6740.02,0.0,0.5,0.1678550012207031,2083.7,2122.6,1.0000000000000004e-05,6897.1,0.2661235439346142,132,0.010189424080531221
2026-03-07,2026-07-17,9600.0,6740.02,0.0,0.7,0.2072833178710937,2610.6,2627.7,1.0000000000000004e-05,6981.200000000001,0.31854227670524593,132,0.015538524248026441
2026-03-07,2026-07-17,9800.0,6740.02,0.1,0.65,0.2164995343017577,2805.0,2823.1,1.0000000000000004e-05,6986.325,0.3384277187593249,132,0.016950987349533948
2026-03-07,2026-07-17,10400.0,6740.02,0.0,0.55,0.243171630859375,3439.0,3477.8,1.0000000000000004e-05,6941.875,0.4042338952080795,132,0.0213848831540676
2026-03-07,2026-07-17,12400.0,6740.02,0.0,0.4,0.3210517114257812,5500.7,5524.7,1.0000000000000004e-05,6887.5,0.5879882981319583,132,0.03727614955080507
2026-03-07,2026-07-31,4600.0,6740.02,2209.6,2233.4,0.4935925580215455,37.6,41.2,0.4010794450759888,6782.1,-0.3882304850126974,146,0.06434588850498525
2026-03-07,2026-07-31,4700.0,6740.02,2114.5,2138.3,0.4791311853027343,41.0,44.6,0.3896354677200317,6783.6,-0.36694542577109546,146,0.06072631908216315
2026-03-07,2026-07-31,5650.0,6740.02,1237.7,1261.5,0.3548000006484984,99.1,103.1,0.2910990080261229,6798.5,-0.18504645445525403,146,0.0338954529895171
2026-03-07,2026-07-31,6000.0,6740.02,935.9,959.8,0.3145267370033263,141.8,146.1,0.2582090171051026,6803.9,-0.12573650796063535,146,0.026668758605753264
2026-03-07,2026-07-31,6100.0,6740.02,853.0,876.8,0.3032887512397766,157.3,161.6,0.2487019329166412,6805.45,-0.10943499058498535,146,0.0247410605745894
2026-03-07,2026-07-31,6150.0,6740.02,816.5,827.6,0.2919115304183958,165.6,170.0,0.2439193040466308,6804.25,-0.10109533513247661,146,0.023798650754637093
2026-03-07,2026-07-31,6200.0,6740.02,776.2,786.5,0.2859911794662474,174.3,178.9,0.2391338141822814,6804.75,-0.09307160568466509,146,0.027575625895436745
2026-03-07,2026-07-31,6225.0,6740.02,756.2,766.5,0.2832932618045806,178.9,183.4,0.2366352124595642,6805.2,-0.08911358347507424,146,0.027032561835064146
2026-03-07,2026-07-31,6250.0,6740.02,736.3,746.5,0.2805133289718627,183.6,188.1,0.234181432981491,6805.55,-0.08515699201344301,146,0.026491069798221946
2026-03-07,2026-07-31,6300.0,6740.02,696.9,707.9,0.2756267506408691,193.3,197.9,0.2292500324058533,6806.8,-0.07737247911765761,146,0.025490056605960727
2026-03-07,2026-07-31,6350.0,6740.02,658.0,668.9,0.2701202902030944,203.5,208.1,0.2241784431076049,6807.65,-0.06959216693916992,146,0.024433123775256183
2026-03-07,2026-07-31,6375.0,6740.02,638.8,649.6,0.2673613379955292,208.8,213.4,0.2216149921798705,6808.1,-0.06572898872035192,146,0.023909785147180146
2026-03-07,2026-07-31,6400.0,6740.02,623.1,628.6,0.2634331927680969,214.2,218.9,0.2190715682125091,6809.3,-0.061991334497855,146,0.023281084436895177
2026-03-07,2026-07-31,6450.0,6740.02,585.3,590.3,0.2576539842033386,225.5,230.3,0.2139007977771758,6809.9,-0.05429730495811262,146,0.02223639124086905
2026-03-07,2026-07-31,6475.0,6740.02,566.6,571.6,0.2548969393253327,231.4,236.3,0.2113278102016448,6810.25,-0.05048022262152765,146,0.02173655170714929
2026-03-07,2026-07-31,6500.0,6740.02,548.0,553.1,0.2521599214076996,237.5,242.4,0.208694741744995,6810.6,-0.04667804510562029,146,0.021238702054958366
2026-03-07,2026-07-31,6550.0,6740.02,511.4,516.5,0.2466095923900604,250.0,255.0,0.203294138097763,6811.45,-0.03913997002282621,146,0.020241336670686005
2026-03-07,2026-07-31,6600.0,6740.02,475.5,480.7,0.2410945489692688,263.3,268.5,0.1979078394222259,6812.2,-0.03164547329009102,146,0.01927230970134368
2026-03-07,2026-07-31,6625.0,6740.02,457.9,463.0,0.2382812378692626,270.4,275.4,0.1950926209926605,6812.55,-0.027916127539684213,146,0.01878129015448741
2026-03-07,2026-07-31,6650.0,6740.02,440.5,445.8,0.2356424474239349,277.5,282.7,0.1923699080467224,6813.05,-0.0242230360077443,146,0.01831945764355403
2026-03-07,2026-07-31,6670.0,6740.02,426.7,431.9,0.2333574666118621,283.4,288.6,0.1901163981723785,6813.3,-0.02125672435998791,146,0.01793301141553013
2026-03-07,2026-07-31,6675.0,6740.02,423.3,428.5,0.2328186460113525,285.0,290.1,0.189551828622818,6813.35,-0.0205147185620419,146,0.017839681784269448
2026-03-07,2026-07-31,6700.0,6740.02,406.3,411.6,0.2301007013893127,292.5,297.8,0.1867528224945068,6813.8,-0.016842441075609817,146,0.01737668603743581
2026-03-07,2026-07-31,6720.0,6740.02,392.9,398.1,0.2278424231910705,298.8,304.1,0.1844773783302307,6814.05,-0.01389850251066636,146,0.017000761872656523
2026-03-07,2026-07-31,6725.0,6740.02,389.6,394.8,0.2273083709144592,300.4,305.6,0.1838470059108733,6814.2,-0.013176744655615748,146,0.01690487438923812
2026-03-07,2026-07-31,6740.0,6740.02,379.7,385.0,0.2257310093688964,305.3,310.5,0.1821513899326324,6814.45,-0.010985432638824007,146,0.01663680516599718
2026-03-07,2026-07-31,6750.0,6740.02,373.1,378.4,0.2246133142471313,308.5,313.8,0.1810041312026977,6814.6,-0.009524864484267283,146,0.016452551205324503
2026-03-07,2026-07-31,6770.0,6740.02,360.1,365.4,0.2224246535778045,315.2,320.4,0.178625691242218,6814.95,-0.006617641440244835,146,0.016084137908025896
2026-03-07,2026-07-31,6775.0,6740.02,356.8,362.2,0.2218925086307525,317.0,322.1,0.1780410947322845,6814.95,-0.005879361598663886,146,0.0159946887098943
2026-03-07,2026-07-31,6780.0,6740.02,353.6,358.9,0.2212955144786834,318.6,323.9,0.1775079961204528,6815.0,-0.005148963196191781,146,0.015904424006619535
2026-03-07,2026-07-31,6790.0,6740.02,347.2,352.6,0.2202598345279693,322.0,327.3,0.1763025638389587,6815.25,-0.0037118066908242995,146,0.01572617357985301
2026-03-07,2026-07-31,6800.0,6740.02,340.9,346.2,0.2191411857414245,325.5,330.8,0.1751247878360748,6815.4,-0.0022621453012328426,146,0.015544565792101334
2026-03-07,2026-07-31,6810.0,6740.02,334.6,339.9,0.2180578225517272,329.0,334.3,0.173915540895462,6815.6,-0.0008219821975261242,146,0.015364311765210229
2026-03-07,2026-07-31,6820.0,6740.02,328.3,333.7,0.2170078376293182,332.7,337.9,0.1727320429039001,6815.7,0.0006306973815115131,146,0.015189717447804727
2026-03-07,2026-07-31,6825.0,6740.02,325.2,330.5,0.2164146581363678,334.4,339.7,0.1721293267631531,6815.8,0.0013488946975195191,146,0.015096642820159914
2026-03-07,2026-07-31,6830.0,6740.02,322.1,327.4,0.2158739302062988,336.2,341.5,0.1715170739746093,6815.9,0.0020665555248118683,146,0.015007179012029238
2026-03-07,2026-07-31,6840.0,6740.02,315.9,321.2,0.2147734010505676,339.9,345.2,0.1703269003295898,6816.0,0.003514942107444592,146,0.014830224212308805
2026-03-07,2026-07-31,6850.0,6740.02,309.8,315.0,0.2136471229457855,343.7,348.9,0.1691023947525025,6816.1,0.004961191493240302,146,0.014649719329827211
2026-03-07,2026-07-31,6860.0,6740.02,303.7,309.0,0.212612396659851,347.3,352.6,0.1678435572433472,6816.4,0.006375968486693386,146,0.014474673286039248
2026-03-07,2026-07-31,6870.0,6740.02,297.6,302.9,0.2114927942085266,351.1,356.4,0.1666085613536835,6816.5,0.007817962590210732,146,0.014296063507798083
2026-03-07,2026-07-31,6875.0,6740.02,294.6,299.9,0.2109520662784576,353.0,358.4,0.1660363624858856,6816.55,0.008538164792821126,146,0.01421202754222083
2026-03-07,2026-07-31,6880.0,6740.02,291.6,296.9,0.210404662694931,354.5,360.3,0.165395499753952,6816.85,0.009221163620685821,146,0.014122576209660688
2026-03-07,2026-07-31,6890.0,6740.02,285.7,291.0,0.2093489557838439,358.4,364.2,0.1641461988925934,6817.05,0.010644258067152268,146,0.013949863056677586
2026-03-07,2026-07-31,6900.0,6740.02,279.8,285.1,0.2082655925941466,362.8,368.1,0.1628587514400482,6817.0,0.012101919222565413,146,0.01377332787348114
2026-03-07,2026-07-31,6910.0,6740.02,274.0,279.3,0.2072127466773986,366.7,372.1,0.1615922846126556,6817.25,0.01351347304804514,146,0.013601715110485788
2026-03-07,2026-07-31,6920.0,6740.02,268.2,273.4,0.2060731172657012,370.8,376.2,0.1603458447456359,6817.3,0.01495227058924829,146,0.013426285572146571
2026-03-07,2026-07-31,6925.0,6740.02,265.3,270.5,0.205521899023056,372.9,378.2,0.1596782793998718,6817.35,0.015667218778067645,146,0.013337117032013835
2026-03-07,2026-07-31,6930.0,6740.02,262.4,267.7,0.2050231323432922,374.9,380.3,0.1590593509578705,6817.45,0.01637431155783982,146,0.01325560546467414
2026-03-07,2026-07-31,6940.0,6740.02,256.8,262.0,0.2039435838127135,379.2,384.4,0.1577308959197998,6817.6,0.017794270755202457,146,0.01308084292897842
2026-03-07,2026-07-31,6950.0,6740.02,251.1,256.3,0.202835425338745,383.2,388.7,0.1564796877288818,6817.75,0.01921215417773443,146,0.01291073504788014
2026-03-07,2026-07-31,6960.0,6740.02,245.6,250.7,0.2017558768081665,387.6,392.9,0.1551254837417602,6817.9,0.02062796779596755,146,0.012736430550796677
2026-03-07,2026-07-31,6970.0,6740.02,240.0,245.3,0.2007659727668762,391.9,397.2,0.1537865383911132,6818.1,0.022034384106493072,146,0.012570748316843617
2026-03-07,2026-07-31,6975.0,6740.02,237.2,242.5,0.200200449552536,394.1,399.4,0.1531304170227051,6818.1,0.022751487041489955,146,0.012484270127481083
2026-03-07,2026-07-31,6980.0,6740.02,234.5,239.8,0.1996864242362976,396.2,401.6,0.1524628516769409,6818.25,0.02344607608634079,146,0.01240091125262182
2026-03-07,2026-07-31,6990.0,6740.02,229.1,234.4,0.1986354856491088,400.7,406.0,0.1510914817237854,6818.4,0.02485571601976821,146,0.012230895170784142
2026-03-07,2026-07-31,7000.0,6740.02,223.8,229.0,0.1975530761241913,405.2,410.5,0.1497334630775452,6818.55,0.02626330977532088,146,0.012060794031071924
2026-03-07,2026-07-31,7010.0,6740.02,218.5,223.7,0.1964983228778838,409.7,415.1,0.1483878420734405,6818.7,0.027668863196412492,146,0.011894646677483208
2026-03-07,2026-07-31,7020.0,6740.02,213.3,218.5,0.195473133239746,414.5,419.6,0.1469268276309966,6818.85,0.029072382101466055,146,0.011723773320428607
2026-03-07,2026-07-31,7025.0,6740.02,210.7,215.9,0.1949476639461517,416.6,421.9,0.1462077643871307,6819.05,0.029755049254736935,146,0.011638702628126538
2026-03-07,2026-07-31,7030.0,6740.02,208.2,213.3,0.1944136116695404,419.1,424.3,0.1455392453765868,6819.05,0.030466539857501095,146,0.01155679450138246
2026-03-07,2026-07-31,7040.0,6740.02,203.0,208.2,0.1933827000427246,423.8,429.0,0.144095396900177,6819.2,0.0318660072477901,146,0.011389146591620249
2026-03-07,2026-07-31,7050.0,6740.02,198.0,203.1,0.1923184101486206,428.6,433.8,0.1426591777420044,6819.35,0.03326345742878321,146,0.011220998438902143
2026-03-07,2026-07-31,7075.0,6740.02,185.7,190.7,0.1897206272888184,440.8,446.1,0.1390018733119964,6819.75,0.0367446292373064,146,0.010805848240125267
2026-03-07,2026-07-31,7100.0,6740.02,173.8,178.8,0.1872143962478638,453.6,458.7,0.1351385772895813,6820.15,0.040213318298869094,146,0.010391143954843278
2026-03-07,2026-07-31,7125.0,6740.02,162.3,167.3,0.18473391415596,466.7,471.8,0.1311675171470642,6820.55,0.04366961238969934,146,0.009979371429929931
2026-03-07,2026-07-31,7150.0,6740.02,151.2,156.2,0.1822744126892089,480.1,485.3,0.1269752067756653,6821.0,0.04710626803333396,146,0.00956353271391695
2026-03-07,2026-07-31,7200.0,6740.02,130.5,135.2,0.1774040466594695,508.5,513.6,0.1177475463676452,6821.8,0.05395765937116516,146,0.008711446286644354
2026-03-07,2026-07-31,7250.0,6740.02,111.5,116.1,0.1727892627906799,535.6,547.1,0.1100819888687133,6822.45,0.06078282398491048,146,0.008001614501535177
2026-03-07,2026-07-31,7275.0,6740.02,102.7,107.3,0.1706053704452514,552.2,562.9,0.1038965191078186,6822.45,0.0642251681758833,146,0.007535128736820583
2026-03-07,2026-07-31,7300.0,6740.02,94.4,98.9,0.1684367367362976,567.7,579.2,0.0965933542251587,6823.2,0.06754577813158272,146,0.00702409491150378
2026-03-07,2026-07-31,7325.0,6740.02,86.5,91.0,0.1663596548461914,584.6,596.0,0.0872131074523926,6823.45,0.0709279458517381,146,0.006429914577973418
2026-03-07,2026-07-31,7350.0,6740.02,79.1,83.5,0.1642997389221191,594.0,617.9,0.0839782765197754,6825.35,0.07405669141731915,146,0.00616419729517656
2026-03-07,2026-07-31,7375.0,6740.02,72.2,76.5,0.1623447261238098,611.6,635.5,0.0600222172546386,6825.8,0.07738635190691624,146,0.004944705750747408
2026-03-07,2026-07-31,7400.0,6740.02,65.7,70.0,0.16050415309906,629.7,653.5,1.0000000000000004e-05,6826.25,0.08070452572589766,146,0.0025764793345108474
2026-03-07,2026-07-31,7500.0,6740.02,44.1,48.2,0.1538742755508423,706.3,730.2,1.0000000000000004e-05,6827.9,0.09388586129435396,146,0.0023680370261807563
2026-03-07,2026-08-21,800.0,6740.02,5932.2,5950.0,1.1015669921875002,0.0,1.2,1.047612183837891,6740.5,-2.1312776574631913,167,0.5021398494525324
2026-03-07,2026-08-21,1000.0,6740.02,5591.9,5627.0,1.0000000000000004e-05,0.3,1.65,0.978759978027344,6608.474999999999,-1.8883529162018349,167,0.43830458300331654
2026-03-07,2026-08-21,1400.0,6740.02,5528.8,5547.8,1.9386332719230652,1.35,2.9,0.8714612463378906,6936.175,-1.600278233219247,167,0.3474719604002407
2026-03-07,2026-08-21,2000.0,6740.02,4516.8,4557.8,1.0000000000000004e-05,3.9,5.9,0.7457300817871093,6532.400000000001,-1.183627229660506,167,0.25444090483651743
2026-03-07,2026-08-21,2200.0,6740.02,4748.4,4763.5,1.4362554127311706,5.1,7.1,0.7089262506103515,6949.849999999999,-1.150262716245707,167,0.22994592769957073
2026-03-07,2026-08-21,3000.0,6740.02,3707.5,3746.7,0.5279740806579589,12.2,14.3,0.583942759246826,6713.85,-0.8055602682639325,167,0.15601421204061655
2026-03-07,2026-08-21,3200.0,6740.02,3563.9,3587.9,0.6430623462677003,14.6,17.3,0.5575071715545655,6759.950000000001,-0.7478646837721339,167,0.1422081620216627
2026-03-07,2026-08-21,4000.0,6740.02,2791.0,2815.0,0.5349358335494995,26.7,30.0,0.4557931008148194,6774.65,-0.5268933437948183,167,0.09505152760360223
2026-03-07,2026-08-21,4100.0,6740.02,2694.9,2718.9,0.5214929748153685,28.8,32.2,0.4435060837936401,6776.4,-0.5024590137743921,167,0.0899959094313677
2026-03-07,2026-08-21,4200.0,6740.02,2599.0,2623.0,0.5082065171051027,31.1,34.8,0.4320277745056152,6778.05,-0.4786049246756463,167,0.08539785111422979
2026-03-07,2026-08-21,4300.0,6740.02,2479.9,2519.2,0.5016109714889526,32.9,37.3,0.4199772663497925,6764.450000000001,-0.4530659348051363,167,0.08070030413659626
2026-03-07,2026-08-21,4525.0,6740.02,2249.6,2266.2,0.4079725341033935,40.1,44.0,0.3942130586624146,6740.849999999999,-0.39856845258042445,167,0.07110262259872889
2026-03-07,2026-08-21,4550.0,6740.02,2265.3,2289.3,0.4802565097427367,40.9,44.8,0.3913596936416625,6784.450000000001,-0.3995059958740067,167,0.07007704777484498
2026-03-07,2026-08-21,4800.0,6740.02,2254.8,2258.6,0.65274395111084,50.2,54.5,0.3645960452651978,7004.35,-0.3779154667061178,167,0.0608201537787526
2026-03-07,2026-08-21,4850.0,6740.02,1988.6,2001.1,0.4341773349189759,53.0,56.7,0.3593394449996948,6790.0,-0.3364722366212129,167,0.05907903488865482
2026-03-07,2026-08-21,5000.0,6740.02,1849.1,1861.1,0.4155675204086304,59.8,64.2,0.3441685456848144,6793.1,-0.3064694787030722,167,0.054195841011177075
2026-03-07,2026-08-21,5100.0,6740.02,1746.4,1789.0,0.4248485860443115,65.3,70.0,0.3344640528869628,6800.05,-0.28768942536592473,167,0.05118261875749781
2026-03-07,2026-08-21,5150.0,6740.02,1789.3,1798.9,0.4712596362113952,68.4,73.1,0.3296327871131896,6873.35,-0.2886549000723815,167,0.04971465291720977
2026-03-07,2026-08-21,5200.0,6740.02,1664.7,1676.5,0.3916095538139342,71.6,76.4,0.3248873511695861,6796.6,-0.26776386155299714,167,0.04829355914698171
2026-03-07,2026-08-21,5300.0,6740.02,1787.1,1790.3,0.551516249408722,78.6,83.6,0.3155853049087524,7007.6,-0.27928845382145384,167,0.04556770449483969
2026-03-07,2026-08-21,5325.0,6740.02,1549.9,1589.5,0.4020741174411774,80.4,85.5,0.3132583628463745,6811.75,-0.24623635059021368,167,0.04489820251003525
2026-03-07,2026-08-21,5350.0,6740.02,1518.8,1529.2,0.3640944175910949,82.7,87.5,0.3109962699890136,6788.9,-0.2381923645932868,167,0.044252108359348674
2026-03-07,2026-08-21,5400.0,6740.02,1483.3,1494.6,0.3684145190429688,86.3,91.6,0.3064301230239868,6800.0,-0.23052365861183238,167,0.04296220051921858
2026-03-07,2026-08-21,5425.0,6740.02,1453.8,1468.9,0.3626829937171936,88.4,93.7,0.3041222542572021,6795.3,-0.22521329731237166,167,0.042317500559612434
2026-03-07,2026-08-21,5450.0,6740.02,1441.5,1479.3,0.3885616411781311,90.5,95.9,0.3018716053771973,6817.2,-0.2238332216937917,167,0.04169347902523852
2026-03-07,2026-08-21,5500.0,6740.02,1394.0,1405.2,0.3573844322013855,94.9,100.5,0.2974103615379332,6801.9,-0.2124538926801443,167,0.040470241550878715
2026-03-07,2026-08-21,5525.0,6740.02,1375.8,1415.1,0.3815579270362854,95.8,102.9,0.2951959519195556,6821.1,-0.21073750176824937,167,0.03986983165742099
2026-03-07,2026-08-21,5600.0,6740.02,1305.6,1316.6,0.3463905846214294,104.5,110.4,0.2885069471549987,6803.65,-0.19469263514019453,167,0.03808343884648886
2026-03-07,2026-08-21,5625.0,6740.02,1291.1,1330.3,0.3721528849792481,107.1,113.1,0.2863497574234009,6825.6,-0.19345930120441066,167,0.03751606207470019
2026-03-07,2026-08-21,5700.0,6740.02,1229.1,1267.4,0.3650938582801819,115.2,121.4,0.2796893626022338,6829.95,-0.18085117807118145,167,0.035791137822807996
2026-03-07,2026-08-21,5750.0,6740.02,1271.3,1277.8,0.3980448837471009,120.9,127.3,0.2752634043598175,6900.45,-0.18238677205869733,167,0.034667343225258405
2026-03-07,2026-08-21,5800.0,6740.02,1132.1,1142.7,0.3249016561412811,127.0,132.9,0.2703377257728576,6807.45,-0.1601596831461807,167,0.03343774015890084
2026-03-07,2026-08-21,5825.0,6740.02,1207.5,1215.5,0.3895210279464721,130.1,136.1,0.2681156868362426,6903.4,-0.16985504441143762,167,0.03289031669896139
2026-03-07,2026-08-21,5850.0,6740.02,1106.4,1142.5,0.3502052437400817,133.3,139.3,0.2658287986946106,6838.15,-0.15607556597141492,167,0.0323316347560962
2026-03-07,2026-08-21,5875.0,6740.02,1269.5,1272.9,0.4496953682136535,136.6,143.4,0.2641875416088104,7006.2,-0.17608941129736447,167,0.03193362888383084
2026-03-07,2026-08-21,5900.0,6740.02,1047.0,1057.5,0.3142787841606139,140.1,146.1,0.261369462184906,6809.15,-0.14331494501312395,167,0.03125599258189619
2026-03-07,2026-08-21,5925.0,6740.02,1026.1,1036.5,0.3117019819259643,143.5,149.6,0.2591140449810028,6809.75,-0.13917472174684106,167,0.030718889718278537
2026-03-07,2026-08-21,5950.0,6740.02,1069.9,1036.0,0.323313804283142,147.1,153.3,0.2569406429481506,6852.75,-0.1412588120071642,167,0.030205721911692344
2026-03-07,2026-08-21,5975.0,6740.02,1207.0,1213.4,0.4504220607757568,150.8,157.5,0.2550657379913331,7031.05,-0.16275195673812393,167,0.029766505825779686
2026-03-07,2026-08-21,6000.0,6740.02,963.7,973.9,0.3039029113578796,154.5,161.4,0.2528875676345825,6810.85,-0.12675745959084392,167,0.029260285894001734
2026-03-07,2026-08-21,6025.0,6740.02,1138.0,1141.3,0.4235983315181732,158.4,165.3,0.2506331040954589,7002.8,-0.15039258969992159,167,0.02874090720285945
2026-03-07,2026-08-21,6050.0,6740.02,922.4,932.6,0.2986978089904784,162.3,169.4,0.2484473044204712,6811.65,-0.11857610951990634,167,0.028241787762532368
2026-03-07,2026-08-21,6075.0,6740.02,1038.1,1043.6,0.3809094349861144,166.8,173.5,0.246183304233551,6945.7,-0.13394077383717407,167,0.027729420877587136
2026-03-07,2026-08-21,6100.0,6740.02,881.6,891.7,0.2935098725891112,170.6,177.8,0.2439793849277496,6812.45,-0.11046304933362164,167,0.027235156232996556
2026-03-07,2026-08-21,6125.0,6740.02,1005.0,1014.2,0.3813252328300475,174.7,182.1,0.2416953577804565,6956.2,-0.12725459180432228,167,0.026727616102542522
2026-03-07,2026-08-21,6150.0,6740.02,841.2,850.7,0.2879986438274382,179.1,186.6,0.2394656895256041,6813.1,-0.1023951476871977,167,0.026236759859768477
2026-03-07,2026-08-21,6160.0,6740.02,833.2,842.1,0.2866091542434692,180.8,188.4,0.2385511250019073,6813.05,-0.10076311313007869,167,0.0260367363096598
2026-03-07,2026-08-21,6175.0,6740.02,1010.3,1013.3,0.3987486883544922,183.5,191.1,0.2371540060997009,6999.5,-0.12532983541870193,167,0.02573265144034486
2026-03-07,2026-08-21,6200.0,6740.02,801.2,810.7,0.2828631589889526,188.1,195.1,0.2344284321594238,6814.35,-0.09448139070570105,167,0.03060796477778135
2026-03-07,2026-08-21,6225.0,6740.02,781.4,790.9,0.2803149666976928,192.9,200.4,0.2324753266906738,6814.5,-0.09047925253465929,167,0.030077601913620286
2026-03-07,2026-08-21,6250.0,6740.02,761.7,771.1,0.277693342218399,197.7,205.3,0.2301684115886688,6814.9,-0.08652992777822198,167,0.02950221553675236
2026-03-07,2026-08-21,6275.0,6740.02,955.7,960.1,0.4005921223735809,202.4,210.3,0.2278367012023925,7026.55,-0.11312234643380632,167,0.02375040252950587
2026-03-07,2026-08-21,6300.0,6740.02,722.6,732.0,0.2725349694252014,207.5,215.4,0.2254773345375061,6815.85,-0.07870114884511563,167,0.028368982580826554
2026-03-07,2026-08-21,6325.0,6740.02,703.3,712.6,0.2699324182415008,212.6,220.7,0.2231494388103485,6816.3,-0.07480676802934635,167,0.02781004305812874
2026-03-07,2026-08-21,6350.0,6740.02,684.0,693.5,0.2674300018596649,218.2,226.1,0.2207881648159027,6816.6,-0.07090600091717657,167,0.027264120117419684
2026-03-07,2026-08-21,6360.0,6740.02,676.3,686.0,0.2664896883869171,220.6,228.3,0.2198411756896972,6816.7,-0.06934710643226445,167,0.027053737987695583
2026-03-07,2026-08-21,6375.0,6740.02,817.7,820.7,0.3508289405059813,223.3,231.6,0.2183916052246093,6966.75,-0.08876474090911295,167,0.03706164997045605
2026-03-07,2026-08-21,6400.0,6740.02,645.9,655.6,0.2623555515670777,229.0,237.3,0.2160150725936889,6817.6,-0.06320951339788437,167,0.02617535741644764
2026-03-07,2026-08-21,6425.0,6740.02,627.1,636.7,0.2597215294456482,235.1,243.0,0.2135384051609039,6817.85,-0.05934754210572915,167,0.02561905429625634
2026-03-07,2026-08-21,6450.0,6740.02,608.4,618.0,0.2571170709323883,240.9,248.9,0.2110769963645934,6818.3,-0.05553004311337168,167,0.025073526943081594
2026-03-07,2026-08-21,6475.0,6740.02,589.9,599.5,0.2545402686977387,246.4,255.0,0.2086260778808593,6819.0,-0.05176422595291437,167,0.024537912184037888
2026-03-07,2026-08-21,6500.0,6740.02,571.6,581.1,0.2519281808662414,252.8,261.2,0.206124615163803,6819.35,-0.04796198249380257,167,0.023999085465621392
2026-03-07,2026-08-21,6525.0,6740.02,553.6,561.9,0.2487686894512176,259.4,267.5,0.203568793554306,6819.3,-0.044115874082653,167,0.02340392887315478
2026-03-07,2026-08-21,6550.0,6740.02,535.4,544.5,0.2465390211963653,265.5,274.1,0.201069238166809,6820.15,-0.04041641610124003,167,0.022917107323953304
2026-03-07,2026-08-21,6575.0,6740.02,517.7,526.0,0.243587428703308,272.4,280.8,0.198507694568634,6820.25,-0.03662155001119065,167,0.022356049568136447
2026-03-07,2026-08-21,6600.0,6740.02,499.9,509.0,0.2413787410736083,279.2,287.7,0.1959366143226623,6821.0,-0.032936439640202396,167,0.02187525222665493
2026-03-07,2026-08-21,6625.0,6740.02,482.7,490.9,0.2384490828704833,286.6,294.8,0.193350275440216,6821.1,-0.02917037729977996,167,0.021326893517032732
2026-03-07,2026-08-21,6650.0,6740.02,465.1,474.1,0.23613739944458,293.1,302.0,0.190689550704956,6822.05,-0.025543158530797652,167,0.020838539710582464
2026-03-07,2026-08-21,6675.0,6740.02,448.4,456.4,0.233216324224472,301.2,309.5,0.1880602969074249,6822.05,-0.02179080891224727,167,0.02030010724832562
2026-03-07,2026-08-21,6700.0,6740.02,431.1,440.0,0.2309017798042297,308.2,317.1,0.1853461669445037,6822.9,-0.01817707501942008,167,0.019818365054666838
2026-03-07,2026-08-21,6725.0,6740.02,414.6,423.0,0.2281390129375458,316.2,325.1,0.182707376499176,6823.15,-0.014489316568040787,167,0.019307345345275898
2026-03-07,2026-08-21,6750.0,6740.02,398.0,406.9,0.225751989994049,324.1,333.1,0.1799169533538818,6823.85,-0.01088132382067561,167,0.018823792942947573
2026-03-07,2026-08-21,6775.0,6740.02,382.1,390.1,0.2228566637229919,332.4,341.3,0.1770798006343841,6824.25,-0.007243078157008196,167,0.018295556378279003
2026-03-07,2026-08-21,6780.0,6740.02,378.9,386.9,0.2223502677249907,334.2,343.2,0.1766353928470611,6824.2,-0.006498016131157087,167,0.01820866854529689
2026-03-07,2026-08-21,6800.0,6740.02,365.7,374.6,0.2205478412914276,341.1,350.0,0.1743532730293274,6824.6,-0.0036111191128349804,167,0.017837760715976893
2026-03-07,2026-08-21,6825.0,6740.02,350.3,358.6,0.2178337113285064,349.9,358.5,0.17134541431427,6825.25,-3.662936576663216e-05,167,0.01732457906618129
2026-03-07,2026-08-21,6830.0,6740.02,347.0,355.6,0.2173845352172851,351.5,360.3,0.1707770301055908,6825.4,0.0006737261704524674,167,0.01723410269354944
2026-03-07,2026-08-21,6840.0,6740.02,340.8,349.4,0.216360299243927,355.1,364.1,0.1697289525127411,6825.5,0.0021221331735637103,167,0.01705057535875204
2026-03-07,2026-08-21,6850.0,6740.02,334.5,342.9,0.2151491449737549,358.8,367.6,0.1684863273048401,6825.5,0.0035830538132385443,167,0.016834535153150847
2026-03-07,2026-08-21,6860.0,6740.02,328.5,337.1,0.214299429655075,362.6,371.5,0.167433481388092,6825.75,0.005005216594356074,167,0.016667974361214317
2026-03-07,2026-08-21,6870.0,6740.02,322.4,331.0,0.2132627960395813,366.4,375.1,0.1661860878562927,6825.95,0.00643258071064583,167,0.016469111689589512
2026-03-07,2026-08-21,6875.0,6740.02,319.3,327.9,0.212708716802597,368.3,377.0,0.1656043523406982,6825.95,0.007160118029022875,167,0.016370664365432525
2026-03-07,2026-08-21,6880.0,6740.02,316.4,325.0,0.2122576333618164,370.6,379.0,0.1650712537288666,6825.9,0.007894451436198614,167,0.01628559854008671
2026-03-07,2026-08-21,6890.0,6740.02,310.4,318.9,0.2111752238368987,374.0,382.7,0.1638143235492706,6826.3,0.009288285902353892,167,0.01608429166326277
2026-03-07,2026-08-21,6900.0,6740.02,304.4,312.7,0.2100136601352691,377.7,386.6,0.1626355938816071,6826.4,0.010723963362975642,167,0.015884155416937554
2026-03-07,2026-08-21,6925.0,6740.02,289.7,298.1,0.2075007534408569,387.6,396.5,0.1596248741722106,6826.85,0.014274685462056522,167,0.015416756724108365
2026-03-07,2026-08-21,6930.0,6740.02,286.9,295.2,0.2069914964485168,389.6,398.6,0.1590641192817688,6826.95,0.014981798653627788,167,0.015327021373891995
2026-03-07,2026-08-21,6940.0,6740.02,281.2,289.6,0.2060635806179046,393.7,402.7,0.1578586870002746,6827.2,0.016387141067114638,167,0.015148892203435432
2026-03-07,2026-08-21,6950.0,6740.02,275.4,283.7,0.2049449318313598,398.5,406.9,0.1566732816791534,6826.85,0.017878292965355074,167,0.01495767897342696
2026-03-07,2026-08-21,6960.0,6740.02,269.9,278.0,0.2039121128749847,402.0,411.0,0.1553944172096252,6827.45,0.019228223332210415,167,0.014767053073808855
2026-03-07,2026-08-21,6970.0,6740.02,264.3,272.4,0.2029088575267791,406.3,415.2,0.1541346260356903,6827.6,0.020642003864391717,167,0.014581622060814177
2026-03-07,2026-08-21,6975.0,6740.02,261.5,269.6,0.2023967395401,408.3,417.4,0.1535462148666381,6827.7,0.02134446047158891,167,0.01449186958508914
2026-03-07,2026-08-21,6980.0,6740.02,258.8,266.9,0.2019351657867431,410.4,419.5,0.1528910471630097,6827.9,0.022031757526370193,167,0.014401078159709573
2026-03-07,2026-08-21,6990.0,6740.02,253.3,261.4,0.2009357250976562,414.9,423.9,0.1516655879211426,6827.95,0.023456074128854323,167,0.014221043529048643
2026-03-07,2026-08-21,7000.0,6740.02,247.8,256.0,0.1999648943519592,420.0,428.3,0.1503981674289704,6827.75,0.024914958736015194,167,0.01404107118842791
2026-03-07,2026-08-21,7010.0,6740.02,242.6,250.6,0.1989673609924316,424.5,432.8,0.1491469592380523,6827.95,0.026313218929634275,167,0.013861409487377963
2026-03-07,2026-08-21,7025.0,6740.02,234.7,242.6,0.1974758292770385,430.5,439.5,0.1471585681724548,6828.65,0.028348218567758633,167,0.013585663657669642
2026-03-07,2026-08-21,7030.0,6740.02,232.0,240.0,0.1970028115463256,433.4,441.8,0.1465119834518432,6828.4,0.029096320298112963,167,0.013497536439657442
2026-03-07,2026-08-21,7050.0,6740.02,221.4,229.4,0.1949257296562195,442.8,451.0,0.143809297466278,6828.5,0.03192258668783515,167,0.01312453212749754
2026-03-07,2026-08-21,7060.0,6740.02,216.7,224.4,0.1940149797916412,447.5,455.8,0.1425037303829193,6828.9,0.033281445065835295,167,0.012953348399788234
2026-03-07,2026-08-21,7075.0,6740.02,209.1,216.9,0.1925949729347228,454.6,462.9,0.1403904092311859,6829.25,0.035352585639375496,167,0.012682765212973585
2026-03-07,2026-08-21,7100.0,6740.02,196.5,204.6,0.1901945986843109,466.4,475.2,0.1368818765068054,6829.75,0.03880671435556877,167,0.012236641400078971
2026-03-07,2026-08-21,7110.0,6740.02,192.1,199.7,0.1891932506656646,471.9,480.2,0.1354275377178192,6829.85,0.04019953240626761,167,0.012053586023198172
2026-03-07,2026-08-21,7120.0,6740.02,187.4,195.0,0.1882767788124084,477.0,485.3,0.133976059923172,6830.05,0.0415757312237647,167,0.011878377380968754
2026-03-07,2026-08-21,7125.0,6740.02,185.0,192.6,0.1877780121326446,479.5,487.8,0.1331940548038482,6830.15,0.04226309088052512,167,0.01178414542111774
2026-03-07,2026-08-21,7150.0,6740.02,173.2,181.3,0.1855779074859619,492.2,500.9,0.1294242179298401,6830.7,0.04568519935582473,167,0.01134986206558283
2026-03-07,2026-08-21,7175.0,6740.02,162.5,170.1,0.1832357067871093,504.9,514.4,0.1254703237533569,6831.65,0.049036535979888864,167,0.01090068631491271
2026-03-07,2026-08-21,7180.0,6740.02,160.3,167.9,0.1827665037155151,507.6,517.1,0.1246196547698974,6831.75,0.04971851974924104,167,0.010807673850373971
2026-03-07,2026-08-21,7200.0,6740.02,151.4,159.4,0.1809888725662231,518.7,528.2,0.1212093495178222,6831.95,0.05247088806369226,167,0.010445937552696287
2026-03-07,2026-08-21,7220.0,6740.02,144.1,151.0,0.179134948234558,530.1,539.6,0.1176369212532043,6832.7,0.055135042650639315,167,0.010074165479942915
2026-03-07,2026-08-21,7225.0,6740.02,142.1,149.0,0.1787124747371673,532.9,542.5,0.1167156810760498,6832.85,0.0558053707311653,167,0.009983145072795994
2026-03-07,2026-08-21,7240.0,6740.02,136.1,143.0,0.1773906953525543,541.7,551.3,0.1138565940666198,6833.05,0.057850073195637494,167,0.009702583739863492
2026-03-07,2026-08-21,7250.0,6740.02,132.0,139.2,0.1765924779319763,547.6,557.2,0.1118195660972595,6833.2,0.0592083837758179,167,0.009514597049703664
2026-03-07,2026-08-21,7260.0,6740.02,128.0,135.2,0.1756302301692963,553.6,563.2,0.1097253182411193,6833.2,0.0605867437459392,167,0.009314000523587473
2026-03-07,2026-08-21,7275.0,6740.02,122.9,129.6,0.1743752073192596,562.7,572.4,0.1064637846946716,6833.7,0.06257755848428583,167,0.009021493209391749
2026-03-07,2026-08-21,7300.0,6740.02,113.4,120.5,0.1722513958549499,578.3,587.9,0.1002230023765563,6833.85,0.06598614378026861,167,0.008492098434589576
2026-03-07,2026-08-21,7325.0,6740.02,105.0,111.9,0.1702258118629456,594.2,603.9,0.0928206563568115,6834.4,0.06932447204785916,167,0.007914592617782358
2026-03-07,2026-08-21,7350.0,6740.02,96.8,103.7,0.1682326524734497,610.7,620.4,0.0831886420822144,6834.7,0.07268773574582624,167,0.007230490033191563
2026-03-07,2026-08-21,7375.0,6740.02,89.2,96.0,0.1663482108688355,627.4,637.2,0.0657976111602783,6835.3,0.07599554127946115,167,0.006164322608555265
2026-03-07,2026-08-21,7400.0,6740.02,82.0,88.6,0.1644313446617126,644.8,654.6,1.0000000000000004e-05,6835.6,0.07933575041950727,167,0.0030930408385639804
2026-03-07,2026-08-21,7425.0,6740.02,75.5,81.9,0.1627862729167938,662.5,672.4,1.0000000000000004e-05,6836.25,0.08261334900991786,167,0.0030314648091952522
2026-03-07,2026-08-21,7450.0,6740.02,68.9,75.4,0.1610458346939087,680.6,690.5,1.0000000000000004e-05,6836.6,0.08592350036364263,167,0.002966993133873237
2026-03-07,2026-08-21,7475.0,6740.02,63.3,69.3,0.1593654773521423,699.1,709.1,1.0000000000000004e-05,6837.2,0.08918582817677413,167,0.0029054045510029302
2026-03-07,2026-08-21,7500.0,6740.02,57.3,63.4,0.1575821242141724,718.1,728.0,1.0000000000000004e-05,6837.3,0.09251010367900639,167,0.002840747507941075
2026-03-07,2026-08-21,7525.0,6740.02,52.8,58.1,0.1560467239189148,566.2,567.6,1.0000000000000004e-05,7013.55,0.07038681837461375,167,0.0027856630687745445
2026-03-07,2026-08-21,7550.0,6740.02,47.4,53.2,0.1546047827720642,757.1,767.2,1.0000000000000004e-05,6838.15,0.09903033604575338,167,0.00273442266138766
2026-03-07,2026-08-21,7575.0,6740.02,43.1,48.6,0.1531819149208069,777.2,787.3,1.0000000000000004e-05,6838.6,0.10227031907302146,167,0.010735903404987642
2026-03-07,2026-08-21,7600.0,6740.02,39.0,44.4,0.1518849308204651,797.6,807.7,1.0000000000000004e-05,6839.05,0.10549941419266998,167,0.010554872271579063
2026-03-07,2026-08-21,7625.0,6740.02,35.3,40.5,0.1506337226295471,811.8,835.8,1.0000000000000004e-05,6839.1,0.10877617846365377,167,0.010381689237452878
2026-03-07,2026-08-21,7650.0,6740.02,32.0,37.0,0.1495560814285278,832.9,856.9,1.0000000000000004e-05,6839.6,0.11197639744614347,167,0.010233678326594041
2026-03-07,2026-08-21,7675.0,6740.02,28.9,33.7,0.1484498302841186,854.3,878.3,1.0000000000000004e-05,6840.0,0.11518056183880168,167,0.010082843294797434
2026-03-07,2026-08-21,7700.0,6740.02,26.0,30.7,0.1474465749359131,875.9,899.9,1.0000000000000004e-05,6840.45,0.11836680991552731,167,0.00994701983801484
2026-03-07,2026-08-21,7750.0,6740.02,20.8,26.3,0.1468247854995727,818.0,821.5,1.0000000000000004e-05,6953.8,0.10840457061882917,167,0.00986330259007741
2026-03-07,2026-08-21,7850.0,6740.02,13.8,17.6,0.1430978635406494,1012.4,1023.1,1.0000000000000004e-05,6847.95,0.13656419438340056,167,0.009368928103652106
2026-03-07,2026-08-21,7900.0,6740.02,11.2,14.6,0.1420640909194946,856.9,860.7,1.0000000000000004e-05,7054.1,0.11325375140575718,167,0.009234050383853878
2026-03-07,2026-08-21,8000.0,6740.02,7.5,10.3,0.1411333140945435,1150.7,1174.7,1.0000000000000004e-05,6846.2,0.15574778785892338,167,0.009113447293152369
2026-03-07,2026-08-21,8200.0,6740.02,3.1,5.5,0.1418695433044433,1342.5,1366.5,1.0000000000000004e-05,6849.8,0.17991469950260858,167,0.009208776827418327
2026-03-07,2026-08-21,8500.0,6740.02,0.95,2.7,0.1480187738037109,1634.5,1658.5,1.0000000000000004e-05,6855.325,0.21504044095668112,167,0.010024372837055177
2026-03-07,2026-08-21,10000.0,6740.02,0.1,0.75,0.2045672805786132,3022.9,3061.5,1.0000000000000004e-05,6958.225,0.3626606799087076,167,0.01914678896250946
2026-03-07,2026-08-21,10200.0,6740.02,0.1,0.7,0.2122881506347656,3302.3,3326.3,1.0000000000000004e-05,6886.1,0.39288283326034473,167,0.020619356811748306
2026-03-07,2026-08-21,10400.0,6740.02,0.1,0.65,0.2196733306884765,3498.7,3522.7,1.0000000000000004e-05,6889.675,0.41178189204561105,167,0.022078942904201045
2026-03-07,2026-08-21,10600.0,6740.02,0.1,0.65,0.2282181671142578,3582.3,3602.1,1.0000000000000004e-05,7008.175,0.4137766763345257,167,0.023829999481549444
2026-03-07,2026-08-21,10800.0,6740.02,0.0,0.6,0.2349319671630859,3891.4,3915.4,1.0000000000000004e-05,6896.9,0.4484740988436935,167,0.02525270102899886
2026-03-07,2026-09-18,600.0,6740.02,6093.2,6132.2,1.0000000000000004e-05,0.0,0.95,1.08203583984375,6712.224999999999,-2.414756114419104,195,0.6254967231444988
2026-03-07,2026-09-18,800.0,6740.02,5972.7,6040.6,1.853379029006958,0.2,1.3,0.989257919921875,6805.9,-2.140933434366968,195,0.5228303842876443
2026-03-07,2026-09-18,1000.0,6740.02,5707.6,5746.6,1.1147505200195311,0.35,1.8,0.9145516357421876,6726.025000000001,-1.9059843302305874,195,0.44684634360424286
2026-03-07,2026-09-18,2000.0,6740.02,4746.5,4785.5,0.8780987532043458,4.7,6.6,0.7026702096557618,6760.35,-1.21792748330257,195,0.26378180161601666
2026-03-07,2026-09-18,3200.0,6740.02,3569.1,3593.1,0.611511300697327,17.1,19.5,0.5278977874755859,6762.799999999999,-0.7482861956749933,195,0.14888173817593336
2026-03-07,2026-09-18,3400.0,6740.02,3379.2,3396.1,0.5853923297119141,20.1,22.5,0.5020496572875978,6766.349999999999,-0.6881863666328976,195,0.1346589106427559
2026-03-07,2026-09-18,3500.0,6740.02,3280.0,3304.0,0.5746082883834839,21.8,24.2,0.4941914595031738,6769.0,-0.6595903970311026,195,0.13047647598889323
2026-03-07,2026-09-18,3800.0,6740.02,2991.8,3015.8,0.5371025599288941,27.1,30.0,0.4575058827590943,6775.25,-0.5782751997216264,195,0.1118240229809308
2026-03-07,2026-09-18,3900.0,6740.02,2896.0,2920.0,0.5246438832473755,29.4,32.2,0.4457071421051025,6777.2,-0.5525874841662133,195,0.10613067677282771
2026-03-07,2026-09-18,4000.0,6740.02,2800.3,2824.3,0.5121356159973145,31.6,34.6,0.434225018157959,6779.200000000001,-0.5275647397702672,195,0.10073292177228649
2026-03-07,2026-09-18,4150.0,6740.02,2663.7,2675.9,0.5043365454292298,35.5,38.6,0.4175091819000244,6782.75,-0.4912742901941029,195,0.0931266131761956
2026-03-07,2026-09-18,4200.0,6740.02,2609.7,2633.7,0.5060169027709961,36.9,39.9,0.4117299733352661,6783.299999999999,-0.4793791839141839,195,0.0905663187227904
2026-03-07,2026-09-18,4250.0,6740.02,2549.5,2589.5,0.5042240129852295,38.3,41.4,0.4063284160232544,6779.65,-0.4670064952646167,195,0.08820559568562618
2026-03-07,2026-09-18,4400.0,6740.02,2425.0,2438.5,0.4727530752563477,42.9,46.2,0.3902610718154907,6787.2,-0.4334339444640108,195,0.08136773236723902
2026-03-07,2026-09-18,4450.0,6740.02,2375.7,2391.2,0.466527551574707,44.5,47.9,0.3849319930267333,6787.25,-0.422141755991052,195,0.07916072508172314
2026-03-07,2026-09-18,4500.0,6740.02,2325.6,2349.6,0.4675269922637939,46.3,49.8,0.3798851990127563,6789.549999999999,-0.4113072686658632,195,0.07709860017437667
2026-03-07,2026-09-18,4550.0,6740.02,1913.4,1952.8,1.0000000000000004e-05,48.1,51.7,0.3747354092025757,6433.2,-0.34634484867649623,195,0.07502244451368016
2026-03-07,2026-09-18,4600.0,6740.02,2231.6,2255.6,0.4551751260375977,49.9,53.6,0.3694940675735473,6791.85,-0.38966706046447025,195,0.0729384763412296
2026-03-07,2026-09-18,4700.0,6740.02,2121.9,2162.7,0.4438379591369628,54.1,58.0,0.3596903936386108,6786.25,-0.36733599752151086,195,0.06911931495561714
2026-03-07,2026-09-18,4800.0,6740.02,2051.5,2062.8,0.4245071740531921,58.6,62.7,0.3498867197036743,6796.5,-0.34779185587932027,195,0.0654028486078754
2026-03-07,2026-09-18,4825.0,6740.02,2097.2,2108.5,0.4908879647064209,59.8,64.0,0.3475445190048217,6865.95,-0.3527636779576216,195,0.06453014404001949
2026-03-07,2026-09-18,4950.0,6740.02,1898.0,1937.6,0.4211712546539307,66.7,71.0,0.3360108971595764,6798.95,-0.3173806119140323,195,0.06031821366286785
2026-03-07,2026-09-18,4975.0,6740.02,2103.0,2108.0,0.5811866680336,68.0,72.5,0.3337316383361816,7010.25,-0.3429479931381093,195,0.059502677405966084
2026-03-07,2026-09-18,5000.0,6740.02,1866.8,1878.5,0.4024241124153137,69.6,73.9,0.3312883491706848,6800.9,-0.3076170439312593,195,0.05863461426785295
2026-03-07,2026-09-18,5025.0,6740.02,1814.7,1831.5,0.3752484808540344,71.0,75.6,0.3291864719963073,6774.8,-0.29878439208968965,195,0.05789295343109108
2026-03-07,2026-09-18,5050.0,6740.02,2071.5,2078.1,0.5967199599647522,72.7,77.2,0.3269205644798278,7049.85,-0.33361809671481424,195,0.05709870087277481
2026-03-07,2026-09-18,5100.0,6740.02,1850.7,1861.2,0.457059567642212,75.8,80.4,0.3222781243324279,6877.85,-0.29906556337667234,195,0.0554885532535053
2026-03-07,2026-09-18,5150.0,6740.02,1981.4,1988.4,0.5796341017723083,79.3,84.1,0.318062926006317,7053.2,-0.3144846998759866,195,0.05404653385052461
2026-03-07,2026-09-18,5175.0,6740.02,1917.5,1922.5,0.5444667593574525,81.0,85.8,0.3157207253074645,7011.6,-0.3037265812148219,195,0.05325347231723543
2026-03-07,2026-09-18,5200.0,6740.02,1684.6,1695.7,0.3801732057762145,82.9,87.8,0.3136741606903076,6804.8,-0.26896961992985036,195,0.052565310743917654
2026-03-07,2026-09-18,5250.0,6740.02,1849.2,1852.9,0.5311535990333558,86.7,91.6,0.3092281754875183,7011.9,-0.28938062908736234,195,0.0510857604944964
2026-03-07,2026-09-18,5300.0,6740.02,1588.6,1627.8,0.3882154608631134,90.7,95.7,0.3049271473312377,6815.0,-0.25141924459041975,195,0.04967454852059024
2026-03-07,2026-09-18,5400.0,6740.02,1505.8,1517.0,0.3596560617065429,99.3,104.5,0.2963823109054565,6809.5,-0.23191974245664632,195,0.046929541020393005
2026-03-07,2026-09-18,5425.0,6740.02,1469.9,1484.8,0.3489368695831298,101.6,107.1,0.2945093132781982,6798.0,-0.225610551847401,195,0.046338269708167665
2026-03-07,2026-09-18,5450.0,6740.02,1459.5,1499.6,0.3754964336967468,104.0,109.5,0.2923959921264647,6822.8,-0.22465433610942812,195,0.04567563331853651
2026-03-07,2026-09-18,5500.0,6740.02,1417.6,1428.6,0.349335501461029,108.8,114.6,0.2882914189147949,6811.4,-0.21384958682368574,195,0.04440227050104553
2026-03-07,2026-09-18,5525.0,6740.02,1481.2,1490.5,0.4083082241058349,111.4,116.9,0.285941588897705,6896.7,-0.22175978892662448,195,0.043681384906745495
2026-03-07,2026-09-18,5550.0,6740.02,1565.8,1569.6,0.473847882423401,114.0,119.5,0.2838091944503783,7000.95,-0.23224792637433392,195,0.043032310894908665
2026-03-07,2026-09-18,5600.0,6740.02,1520.0,1524.0,0.4651390156555176,119.4,125.4,0.2799869060134887,6999.6,-0.22308640682435166,195,0.04188101416467452
2026-03-07,2026-09-18,5650.0,6740.02,1375.7,1384.6,0.3945716366195679,125.0,131.2,0.2758518155288695,6902.05,-0.20016292376824366,195,0.04065307864510089
2026-03-07,2026-09-18,5675.0,6740.02,1263.2,1277.4,0.3324193955993652,128.0,134.3,0.2738624707984924,6814.15,-0.18293076913062908,195,0.040068841966607524
2026-03-07,2026-09-18,5700.0,6740.02,1241.4,1251.1,0.3265019056415557,131.0,137.3,0.271737705669403,6812.1,-0.17823426782869967,195,0.03944950474816948
2026-03-07,2026-09-18,5725.0,6740.02,1231.0,1269.1,0.3512428310203552,134.1,140.5,0.269714029006958,6837.75,-0.17761618071068142,195,0.03886411836004769
2026-03-07,2026-09-18,5750.0,6740.02,1136.4,1144.6,0.2756601289081573,137.2,143.6,0.2675549319458008,6750.1,-0.16035746478025598,195,0.03824438387304606
2026-03-07,2026-09-18,5775.0,6740.02,1180.6,1190.9,0.3217612380218505,140.5,146.8,0.2654158618450164,6817.1,-0.16589590507452884,195,0.03763530971285453
2026-03-07,2026-09-18,5800.0,6740.02,1357.1,1360.0,0.4412993034934997,143.8,150.1,0.2632958650398255,7011.6,-0.18970800281388103,195,0.03703649026487301
2026-03-07,2026-09-18,5825.0,6740.02,1150.0,1186.3,0.3417271638488769,147.2,153.1,0.2608964444541931,6843.0,-0.1610672325185964,195,0.036364537457873346
2026-03-07,2026-09-18,5850.0,6740.02,1313.3,1316.5,0.433508815908432,150.7,157.3,0.2593152682495118,7010.9,-0.1810244195788158,195,0.03592509487048402
2026-03-07,2026-09-18,5875.0,6740.02,1291.9,1295.5,0.4300365224456787,154.3,160.1,0.2566612191677093,7011.5,-0.17684559815434583,195,0.03519348322687043
2026-03-07,2026-09-18,5900.0,6740.02,1075.9,1085.9,0.3095619581604004,157.9,164.5,0.2550848112869264,6819.7,-0.14486313170638987,195,0.034762495575646396
2026-03-07,2026-09-18,5925.0,6740.02,1248.5,1252.2,0.4222336372184753,161.7,168.3,0.2530172660446167,7010.35,-0.16820694145223306,195,0.034201256708917833
2026-03-07,2026-09-18,5950.0,6740.02,1213.8,1217.1,0.4103013834953308,165.5,171.4,0.2504070855426787,6997.0,-0.1620902662062213,195,0.03349924152204326
2026-03-07,2026-09-18,5975.0,6740.02,971.1,978.0,0.272983191871643,169.4,175.4,0.2483528916072845,6777.15,-0.12597256177892735,195,0.03295187934271623
2026-03-07,2026-09-18,6000.0,6740.02,993.1,1002.9,0.2995580146217346,173.4,179.5,0.2462986976718902,6821.55,-0.12832724953205463,195,0.03240902589753285
2026-03-07,2026-09-18,6025.0,6740.02,1163.2,1166.7,0.4069912130451202,177.5,184.4,0.2447013091659546,7009.0,-0.15127755814146907,195,0.031990006816352765
2026-03-07,2026-09-18,6050.0,6740.02,953.1,962.8,0.2951063074302673,181.7,188.7,0.2426356712532043,6822.75,-0.12020434434539377,195,0.031452201227605864
2026-03-07,2026-09-18,6075.0,6740.02,1121.1,1124.5,0.3995287861442567,186.0,192.3,0.240052193365097,7008.65,-0.14296311124790945,195,0.030785988575840587
2026-03-07,2026-09-18,6100.0,6740.02,912.3,921.9,0.2899393516540526,190.3,197.6,0.2384834148025512,6823.15,-0.11203247087667809,195,0.030384920908212907
2026-03-07,2026-09-18,6125.0,6740.02,892.7,902.1,0.2876600928306578,194.8,202.1,0.2363319470596313,6823.95,-0.10805972665085313,195,0.029839161353956964
2026-03-07,2026-09-18,6150.0,6740.02,873.2,882.3,0.2853197994613647,199.4,206.8,0.2342329308795929,6824.65,-0.10408897588634548,195,0.029311473567524955
2026-03-07,2026-09-18,6175.0,6740.02,1013.2,1016.5,0.3709588966751098,204.1,211.5,0.232058575181961,6982.05,-0.12283368741500356,195,0.02876980973018893
2026-03-07,2026-09-18,6200.0,6740.02,833.7,842.4,0.2802815884304045,208.9,216.3,0.2298718218421936,6825.45,-0.09610898091235663,195,0.03476028622773188
2026-03-07,2026-09-18,6225.0,6740.02,814.2,822.9,0.2779308047485351,213.8,221.2,0.2276679025363921,6826.05,-0.09217273304099247,195,0.03414237006684722
2026-03-07,2026-09-18,6250.0,6740.02,794.8,803.4,0.2755142181968688,218.8,226.3,0.2255059444808959,6826.55,-0.0882379577651042,195,0.033526804564988
2026-03-07,2026-09-18,6275.0,6740.02,979.8,986.3,0.3852476560688018,223.9,231.5,0.2233230058002471,7030.35,-0.11366300619414696,195,0.026644567559816864
2026-03-07,2026-09-18,6300.0,6740.02,756.3,765.4,0.2710462987041473,229.1,236.8,0.2211171791648864,6827.9,-0.08046752585042385,195,0.032351954345813595
2026-03-07,2026-09-18,6325.0,6740.02,737.2,746.3,0.2686516464424133,234.5,242.2,0.2188865572452545,6828.4,-0.07658035091087678,195,0.031746734596386696
2026-03-07,2026-09-18,6350.0,6740.02,718.2,727.4,0.2662989554309846,240.1,247.8,0.2166845452690124,6828.85,-0.07270147168448376,195,0.031156333616399093
2026-03-07,2026-09-18,6375.0,6740.02,699.4,708.1,0.2636553966617584,245.6,253.4,0.2143976571273803,6829.25,-0.06883076684543603,195,0.030523473175505907
2026-03-07,2026-09-18,6400.0,6740.02,680.7,689.8,0.2614858092880249,251.4,259.2,0.2121355642700195,6829.95,-0.06501936254605976,195,0.029960174705990883
2026-03-07,2026-09-18,6425.0,6740.02,662.2,671.2,0.2590787593841552,257.2,265.1,0.2098391394805908,6830.55,-0.06120856664566705,195,0.029368067942306158
2026-03-07,2026-09-18,6450.0,6740.02,643.7,652.8,0.2567022267532348,263.2,271.1,0.2075055217647552,6831.1,-0.057405583979953934,195,0.02878104286842985
2026-03-07,2026-09-18,6475.0,6740.02,781.2,783.1,0.3330831462860107,269.5,277.4,0.2052405679130553,6983.7,-0.07563025470263264,195,0.03870515215580147
2026-03-07,2026-09-18,6500.0,6740.02,607.3,616.3,0.2518757293033599,275.7,283.7,0.2028802475833892,6832.1,-0.04982991647989946,195,0.027620948431693965
2026-03-07,2026-09-18,6525.0,6740.02,589.3,598.0,0.2493160930347442,282.3,290.2,0.2005275565719604,6832.4,-0.04603504957301143,195,0.027027441967697623
2026-03-07,2026-09-18,6550.0,6740.02,571.5,580.2,0.2469376530742645,288.9,296.9,0.1981796338844299,6832.95,-0.042291448694589576,195,0.026462488242566026
2026-03-07,2026-09-18,6575.0,6740.02,553.9,562.5,0.2445267885112762,295.5,303.7,0.1957802132987976,6833.6,-0.038577043041236846,195,0.025893630061219444
2026-03-07,2026-09-18,6600.0,6740.02,536.3,544.9,0.2420806383514404,302.5,310.6,0.1933254801559448,6834.05,-0.03484782099333537,195,0.02532041449764733
2026-03-07,2026-09-18,6625.0,6740.02,518.8,526.8,0.2392873542118072,309.7,317.8,0.1909174765872955,6834.05,-0.0310670981534294,195,0.024719081031755127
2026-03-07,2026-09-18,6650.0,6740.02,501.8,509.7,0.2369203582286835,316.9,325.1,0.1884465311431884,6834.75,-0.02740303839444607,195,0.02416624189171983
2026-03-07,2026-09-18,6675.0,6740.02,484.9,492.7,0.2345114009952545,324.3,332.6,0.1859622343921661,6835.35,-0.02373847160124227,195,0.023613441932125438
2026-03-07,2026-09-18,6700.0,6740.02,468.1,475.8,0.2320576215171813,332.1,340.4,0.1835084549140929,6835.7,-0.020051352580387014,195,0.023065449970338565
2026-03-07,2026-09-18,6725.0,6740.02,451.5,459.2,0.2296582009315491,340.0,348.2,0.1809306990146637,6836.25,-0.016407410190942672,195,0.022516255293159603
2026-03-07,2026-09-18,6750.0,6740.02,435.1,442.8,0.2272587803459167,347.9,356.3,0.1783748774051666,6836.85,-0.012784594359419362,195,0.021976054478494506
2026-03-07,2026-09-18,6775.0,6740.02,418.9,426.6,0.224857452430725,356.3,364.6,0.1757856775283813,6837.3,-0.009153550097493706,195,0.02143863625258132
2026-03-07,2026-09-18,6800.0,6740.02,403.0,410.6,0.2224504025268554,364.6,373.0,0.1731077868270873,6838.0,-0.0055726790350484915,195,0.020897893717239092
2026-03-07,2026-09-18,6825.0,6740.02,387.1,394.9,0.2200862675380706,373.5,381.9,0.1705367065811157,6838.3,-0.0019468216610497256,195,0.020379678111229524
2026-03-07,2026-09-18,6850.0,6740.02,371.7,379.9,0.2179643634033203,382.4,390.8,0.1678130399703979,6839.2,0.0015778865442471282,195,0.01987720545615401
2026-03-07,2026-09-18,6875.0,6740.02,356.4,364.6,0.2155725721359253,391.6,400.0,0.1650817440414428,6839.7,0.005147772529161157,195,0.01935277612518469
2026-03-07,2026-09-18,6900.0,6740.02,341.4,349.6,0.2132151128005981,401.0,409.4,0.1622855989074706,6840.3,0.008689821281437977,195,0.018832296559032118
2026-03-07,2026-09-18,6925.0,6740.02,326.6,334.7,0.2107851749420165,410.7,419.0,0.1594150679206848,6840.8,0.0122333682137936,195,0.018304385523316844
2026-03-07,2026-09-18,6950.0,6740.02,312.0,320.2,0.208431530265808,420.6,429.1,0.1566170154571533,6841.25,0.015771196100709806,195,0.01779848352275175
2026-03-07,2026-09-18,6975.0,6740.02,297.8,305.9,0.2060502293109893,431.6,439.3,0.1536759132766724,6841.4,0.01933993865415545,195,0.01728326372869503
2026-03-07,2026-09-18,7000.0,6740.02,283.9,291.9,0.2036889553165435,442.1,449.8,0.1506842668628693,6841.95,0.022837370331337984,195,0.016772722066147123
2026-03-07,2026-09-18,7025.0,6740.02,270.2,278.2,0.201343893623352,452.0,460.7,0.1476849911308288,6842.85,0.02627090370013418,195,0.0162706347031409
2026-03-07,2026-09-18,7050.0,6740.02,257.0,264.9,0.1990636811351776,463.1,471.8,0.1445560169887542,6843.5,0.02972832015499339,195,0.015770223906207186
2026-03-07,2026-09-18,7075.0,6740.02,243.9,251.8,0.1967415073966979,474.6,483.2,0.141338352022171,6843.95,0.0332023931952401,195,0.015265827611104807
2026-03-07,2026-09-18,7100.0,6740.02,231.3,239.2,0.1945328197669983,486.3,495.0,0.1380682354927063,6844.6,0.036634763829548285,195,0.0147750514261469
2026-03-07,2026-09-18,7125.0,6740.02,218.9,226.8,0.1922745415687561,498.4,507.1,0.134672235212326,6845.1,0.04007665831721701,195,0.014276964380321952
2026-03-07,2026-09-18,7150.0,6740.02,206.9,214.7,0.1900181707000733,510.9,519.7,0.1312438103294372,6845.5,0.043520854614242745,195,0.013784798485428823
2026-03-07,2026-09-18,7175.0,6740.02,195.3,203.0,0.1878132977294921,523.7,532.5,0.127578876581192,6846.05,0.04693091802945096,195,0.013285673702193211
2026-03-07,2026-09-18,7200.0,6740.02,184.1,191.7,0.1856589689922332,536.8,545.6,0.1236965072631836,6846.7,0.05031424165238622,195,0.012781957592052789
2026-03-07,2026-09-18,7225.0,6740.02,173.2,180.7,0.1834989182662963,550.4,559.3,0.119746427745819,6847.1,0.0537220290297525,195,0.012282026901514705
2026-03-07,2026-09-18,7250.0,6740.02,162.7,170.1,0.1813855971145629,564.3,573.3,0.1154816388511657,6847.6,0.05710324294809716,195,0.011770808478792234
2026-03-07,2026-09-18,7275.0,6740.02,152.6,159.9,0.1793180518722534,578.6,587.6,0.1108086814308166,6848.15,0.060465270252401476,195,0.011242353882559305
2026-03-07,2026-09-18,7300.0,6740.02,143.0,150.1,0.177298189868927,593.3,602.4,0.1057599800872802,6848.7,0.0638154949128063,195,0.010701216354723719
2026-03-07,2026-09-18,7325.0,6740.02,133.7,140.7,0.1753241037750244,608.5,617.6,0.1000723233413696,6849.15,0.06716859791974009,195,0.01012974140640595
2026-03-07,2026-09-18,7350.0,6740.02,124.9,131.7,0.1733977009201049,624.0,633.1,0.0933051180648803,6849.75,0.07048815796698439,195,0.009500292303174568
2026-03-07,2026-09-18,7375.0,6740.02,116.3,123.1,0.171520888633728,639.9,649.1,0.0849109606742859,6850.2,0.07381805329768411,195,0.008782652192608185
2026-03-07,2026-09-18,7400.0,6740.02,108.2,114.9,0.1696946205806732,656.1,665.4,0.0721795358657837,6850.8,0.07711456643404731,195,0.007813771214762736
2026-03-07,2026-09-18,7425.0,6740.02,100.5,107.0,0.1678569085502624,672.9,682.2,1.0000000000000004e-05,6851.2,0.08042886527553667,195,0.003763673494735152
2026-03-07,2026-09-18,7450.0,6740.02,93.2,99.6,0.1661412656116486,690.0,699.3,1.0000000000000004e-05,6851.75,0.08370993829282054,195,0.0036871352038005192
2026-03-07,2026-09-18,7475.0,6740.02,86.3,92.6,0.1644885645484924,707.5,716.9,1.0000000000000004e-05,6852.25,0.08698705378285697,195,0.003614148396582419
2026-03-07,2026-09-18,7500.0,6740.02,79.8,85.9,0.1628330024909973,725.3,734.7,1.0000000000000004e-05,6852.85,0.09023839640226422,195,0.003541766763530943
2026-03-07,2026-09-18,7525.0,6740.02,73.7,79.6,0.1612499189567565,743.6,753.1,1.0000000000000004e-05,6853.3,0.09350052254114263,195,0.003473238688409752
2026-03-07,2026-09-18,7550.0,6740.02,67.9,73.7,0.1597478969287872,762.2,771.8,1.0000000000000004e-05,6853.8,0.0967443202751139,195,0.0034088384918262013
2026-03-07,2026-09-18,7575.0,6740.02,62.5,68.1,0.1582582725429535,781.2,790.8,1.0000000000000004e-05,6854.3,0.09997715883961873,195,0.00334556506046402
2026-03-07,2026-09-18,7600.0,6740.02,57.5,62.9,0.1568687829589844,800.5,810.2,1.0000000000000004e-05,6854.85,0.10319181635549299,195,0.013146640926223087
2026-03-07,2026-09-18,7625.0,6740.02,52.8,58.1,0.1555927794837951,625.1,629.7,1.0000000000000004e-05,7053.05,0.07797217511065284,195,0.003233824569658288
2026-03-07,2026-09-18,7650.0,6740.02,48.4,53.5,0.1542690927696228,840.2,849.9,1.0000000000000004e-05,6855.9,0.10959605241363313,195,0.012714509128418315
2026-03-07,2026-09-18,7675.0,6740.02,44.3,49.3,0.1530865484428406,860.5,870.3,1.0000000000000004e-05,6856.4,0.11278577082249609,195,0.012520330976048561
2026-03-07,2026-09-18,7700.0,6740.02,40.6,45.4,0.1519669459915161,881.2,891.0,1.0000000000000004e-05,6856.9,0.11596488430091215,195,0.012337865127199268
2026-03-07,2026-09-18,7725.0,6740.02,37.1,41.8,0.1509293587112427,712.0,714.9,1.0000000000000004e-05,7051.0,0.09129237204690566,195,0.0030428935284872835
2026-03-07,2026-09-18,7750.0,6740.02,33.9,38.4,0.1498803274536133,732.3,734.8,1.0000000000000004e-05,7052.6,0.09429650020274959,195,0.003000744179116115
2026-03-07,2026-09-18,7800.0,6740.02,28.2,32.4,0.1480149591445923,960.0,984.0,1.0000000000000004e-05,6858.3,0.12866413607964805,195,0.01170450269989641
2026-03-07,2026-09-18,7900.0,6740.02,19.4,23.1,0.1451272621917725,856.5,859.7,1.0000000000000004e-05,7063.15,0.11197163183718377,195,0.011252259822190407
2026-03-07,2026-09-18,8000.0,6740.02,13.4,16.5,0.1430978635406494,1144.1,1157.8,1.0000000000000004e-05,6864.0,0.1531511794941748,195,0.010939766348575814
2026-03-07,2026-09-18,8100.0,6740.02,9.1,11.9,0.1419038752365112,1017.2,1020.4,1.0000000000000004e-05,7091.7,0.13293897554558523,195,0.010757968253129238
2026-03-07,2026-09-18,8500.0,6740.02,2.15,4.0,0.1444024769592285,1619.1,1629.7,1.0000000000000004e-05,6878.675,0.2116401173076187,195,0.011140149845567947
2026-03-07,2026-09-18,9200.0,6740.02,0.1,1.4,0.1635825830078125,2300.6,2324.6,1.0000000000000004e-05,6888.15,0.2894009401631962,195,0.014296043795572698
2026-03-07,2026-09-18,9400.0,6740.02,0.0,0.8,0.163796203918457,2237.5,2259.9,1.0000000000000004e-05,7151.700000000001,0.273359598593241,195,0.014333406305558538
2026-03-07,2026-09-18,9800.0,6740.02,0.0,0.9,0.1839681213378906,2887.7,2911.7,1.0000000000000004e-05,6900.75,0.35075228432808303,195,0.018081185165412614
2026-03-07,2026-09-30,2800.0,6740.02,3963.9,3979.4,0.6538807195281983,12.1,15.1,0.5679211909484863,6758.05,-0.8811149697222207,207,0.18291681419059677
2026-03-07,2026-09-30,4000.0,6740.02,2938.1,2952.5,0.6737398348999025,32.6,36.4,0.4259281345748902,6910.8,-0.5467910441985993,207,0.10288454409656514
2026-03-07,2026-09-30,4400.0,6740.02,2633.5,2651.6,0.6713785609054567,44.4,48.5,0.3830933273315429,6996.1,-0.463748310012202,207,0.08323129581181425
2026-03-07,2026-09-30,4600.0,6740.02,2238.9,2262.7,0.450013892250061,52.1,56.4,0.3631846213912963,6796.55,-0.3903588269987831,207,0.07480530226721596
2026-03-07,2026-09-30,5000.0,6740.02,1868.6,1892.4,0.4038355362892151,72.9,77.3,0.3257284835052489,6805.4,-0.3082785022504309,207,0.06017123920025273
2026-03-07,2026-09-30,5100.0,6740.02,1813.4,1822.7,0.411571664981842,79.5,84.0,0.3169318795776367,6836.3,-0.2930061098731807,207,0.056965161568687715
2026-03-07,2026-09-30,5250.0,6740.02,1713.0,1752.6,0.4446590645122527,90.7,95.4,0.3040688490295409,6889.75,-0.2718067232934908,207,0.05243500834159177
2026-03-07,2026-09-30,5300.0,6740.02,1666.9,1709.0,0.4388541069984436,95.0,99.6,0.2998631873512268,6890.65,-0.26245859964043017,207,0.050994552722154654
2026-03-07,2026-09-30,5350.0,6740.02,1552.6,1576.5,0.3661638701629638,99.2,104.0,0.2956804136276245,6812.95,-0.24172865194578028,207,0.04958183493047025
2026-03-07,2026-09-30,5375.0,6740.02,1530.5,1554.3,0.3635603653144836,101.4,106.2,0.2935213165664672,6813.6,-0.23716204083100767,207,0.04886037259927351
2026-03-07,2026-09-30,5450.0,6740.02,1675.4,1683.8,0.4919541619300843,108.5,113.5,0.2874216766357421,7018.6,-0.2529481592742903,207,0.046850746798413494
2026-03-07,2026-09-30,5500.0,6740.02,1420.5,1444.3,0.3508136818695068,113.6,118.6,0.2833209180831908,6816.3,-0.214568710404505,207,0.04552340746045189
2026-03-07,2026-09-30,5550.0,6740.02,1376.9,1400.8,0.3458412737083434,118.9,124.0,0.2792831014060973,6817.4,-0.20568023973820523,207,0.044235078085804784
2026-03-07,2026-09-30,5600.0,6740.02,1539.2,1547.9,0.4666458060073853,124.5,129.7,0.2752891533088684,7016.450000000001,-0.22549079438255806,207,0.0429789381134502
2026-03-07,2026-09-30,5650.0,6740.02,1295.0,1304.6,0.3290682175636291,130.4,135.7,0.2713238151550293,6816.75,-0.1877272735265029,207,0.04174969540478921
2026-03-07,2026-09-30,5800.0,6740.02,1163.6,1187.5,0.3215428487873077,150.0,155.4,0.2594039590740204,6822.85,-0.1624193555749392,207,0.038161960806953825
2026-03-07,2026-09-30,5850.0,6740.02,1121.9,1145.7,0.316741146621704,157.2,162.6,0.2554300379371644,6823.900000000001,-0.15398949467645773,207,0.03700167777008306
2026-03-07,2026-09-30,5900.0,6740.02,1080.5,1104.3,0.3120062009906768,164.7,170.1,0.2514246458625793,6825.0,-0.1456399901593496,207,0.035850331444533
2026-03-07,2026-09-30,6000.0,6740.02,998.7,1022.5,0.3025687343311309,180.6,186.3,0.2434653596115112,6827.15,-0.12914784055013523,207,0.03361644913826803
2026-03-07,2026-09-30,6025.0,6740.02,1172.6,1179.2,0.4021322909927368,184.9,190.5,0.2414111656761169,7013.2,-0.15187660823711746,207,0.033051577093183626
2026-03-07,2026-09-30,6050.0,6740.02,958.3,982.2,0.2979043598937987,189.2,194.8,0.2393550644111633,6828.25,-0.12101014616175937,207,0.03249097342429954
2026-03-07,2026-09-30,6075.0,6740.02,1072.4,1095.0,0.3713069843196869,193.6,199.2,0.237295148487091,6962.3,-0.13632789030002743,207,0.03193413811389229
2026-03-07,2026-09-30,6100.0,6740.02,1055.3,1072.6,0.3670183538055419,198.1,203.8,0.2352905451202392,6963.0,-0.1323216447811441,207,0.03139687564097731
2026-03-07,2026-09-30,6125.0,6740.02,1087.3,1098.6,0.3894542714118957,202.6,208.4,0.233216324224472,7012.45,-0.13530838426782738,207,0.030845752751091034
2026-03-07,2026-09-30,6150.0,6740.02,1015.6,1032.7,0.3610732075691223,207.3,213.2,0.2311916938972473,6963.9,-0.12428758042094724,207,0.030312512495082874
2026-03-07,2026-09-30,6175.0,6740.02,1047.4,1054.6,0.3808922690200805,212.2,217.9,0.2290364114952087,7010.95,-0.12696433003509552,207,0.029749970692204745
2026-03-07,2026-09-30,6200.0,6740.02,843.7,855.8,0.2795711081695556,217.1,222.9,0.226986032218933,6829.75,-0.09673877764065512,207,0.03638097825415241
2026-03-07,2026-09-30,6225.0,6740.02,824.3,836.3,0.2772250928115844,222.1,228.0,0.2249184869766235,6830.25,-0.09278783378312926,207,0.03574977545723348
2026-03-07,2026-09-30,6250.0,6740.02,805.0,816.5,0.2746540125656128,227.3,233.1,0.2227765558815002,6830.55,-0.08882373367864047,207,0.0350818453959609
2026-03-07,2026-09-30,6275.0,6740.02,967.1,972.7,0.3667179493999481,232.5,238.4,0.2206727713775634,7009.45,-0.11068575360676125,207,0.027616903314200143
2026-03-07,2026-09-30,6300.0,6740.02,929.6,937.0,0.355007899570465,237.9,243.8,0.2185460989189147,6992.45,-0.104281362152513,207,0.02708716781370943
2026-03-07,2026-09-30,6325.0,6740.02,822.4,831.2,0.3061812165164947,243.3,249.3,0.2163965385055541,6905.5,-0.08780816092226235,207,0.03871857162950965
2026-03-07,2026-09-30,6330.0,6740.02,744.2,755.5,0.267299349784851,244.4,250.4,0.2159568990421295,6832.45,-0.07638308467161913,207,0.033111011383751485
2026-03-07,2026-09-30,6340.0,6740.02,913.6,920.8,0.3578965501880645,246.7,252.6,0.2150680834674835,7007.55,-0.10010937079448878,207,0.026231879640986094
2026-03-07,2026-09-30,6345.0,6740.02,728.4,752.3,0.2702423592948914,247.8,253.7,0.2146189073562622,6834.6,-0.07433084498543333,207,0.03333131692808366
2026-03-07,2026-09-30,6350.0,6740.02,732.3,738.9,0.264635764055252,248.9,254.9,0.2142212291431427,6833.7,-0.07341144166867004,207,0.032510912415442836
2026-03-07,2026-09-30,6360.0,6740.02,724.8,731.3,0.2636639796447754,251.2,257.2,0.2133600698471069,6833.85,-0.0718598270220461,207,0.03226250162005629
2026-03-07,2026-09-30,6365.0,6740.02,721.1,727.4,0.2631203907203674,252.3,258.3,0.21289849609375,6833.95,-0.07108860529758597,207,0.032126680811627784
2026-03-07,2026-09-30,6375.0,6740.02,713.6,720.1,0.2622916560268402,254.6,260.7,0.2120726223945617,6834.2,-0.06955532765790393,207,0.031903728773251545
2026-03-07,2026-09-30,6380.0,6740.02,882.2,889.2,0.3525083441829681,255.8,261.8,0.2115996046638488,7006.9,-0.09372728048701738,207,0.04511717810691626
2026-03-07,2026-09-30,6400.0,6740.02,868.4,876.6,0.3514364249706267,260.4,266.6,0.2098925447082519,7009.0,-0.09089704715256151,207,0.04467374926407914
2026-03-07,2026-09-30,6405.0,6740.02,816.1,837.2,0.3323230754566192,261.6,267.8,0.2094576735687255,6966.95,-0.08409860398342112,207,0.041616411413009556
2026-03-07,2026-09-30,6425.0,6740.02,747.8,756.5,0.2959483934307098,266.5,272.6,0.2076809960842132,6907.6,-0.07242562394709447,207,0.03596165091131303
2026-03-07,2026-09-30,6450.0,6740.02,827.6,834.2,0.3429640670680999,272.6,278.8,0.2054875670909881,7005.2,-0.08257259960869118,207,0.042647557100984404
2026-03-07,2026-09-30,6460.0,6740.02,819.5,826.4,0.3416012800979614,275.1,281.3,0.2045958905220031,7004.75,-0.08095917256388092,207,0.0422976638924683
2026-03-07,2026-09-30,6475.0,6740.02,808.2,814.8,0.3395938157367706,278.8,285.1,0.2032569451713561,7004.55,-0.078611330311209,207,0.041780957783586405
2026-03-07,2026-09-30,6480.0,6740.02,770.7,773.6,0.3197776152801512,280.1,286.4,0.2028201667022704,6968.9,-0.07273688272823374,207,0.038721539341589006
2026-03-07,2026-09-30,6485.0,6740.02,799.8,806.5,0.3379554196453094,281.4,287.7,0.2023805272388457,7003.6,-0.07693248480161748,207,0.04139474496404498
2026-03-07,2026-09-30,6490.0,6740.02,629.3,635.8,0.2517364942455291,282.7,289.0,0.2019370731163025,6836.7,-0.0520426283586995,207,0.029181287044261466
2026-03-07,2026-09-30,6500.0,6740.02,622.1,628.6,0.2508123930740356,285.3,291.6,0.2010377672290802,6836.9,-0.05053223562501617,207,0.028947187290925987
2026-03-07,2026-09-30,6510.0,6740.02,601.7,605.4,0.2416772381496429,287.9,294.2,0.2001241563701629,6822.5,-0.04688651737987858,207,0.027673982017346943
2026-03-07,2026-09-30,6515.0,6740.02,611.4,617.8,0.2494019228649139,289.2,295.5,0.1996616289520263,6837.25,-0.04827839343154776,207,0.02859124741717963
2026-03-07,2026-09-30,6520.0,6740.02,595.5,598.8,0.2410525877189636,285.9,287.7,0.194508024482727,6830.35,-0.046501540840698935,207,0.026897671718228003
2026-03-07,2026-09-30,6525.0,6740.02,604.2,610.8,0.2485483928871155,291.9,298.1,0.1987241764736175,6837.5,-0.046781214539342524,207,0.02836364350659466
2026-03-07,2026-09-30,6530.0,6740.02,765.6,772.4,0.3321495084667206,293.2,299.5,0.1983017029762268,7002.65,-0.0698817055554618,207,0.039894073259114475
2026-03-07,2026-09-30,6535.0,6740.02,761.8,768.6,0.331488618774414,294.5,300.8,0.1978239169216156,7002.55,-0.06910202135748258,207,0.03972298247404578
2026-03-07,2026-09-30,6540.0,6740.02,698.2,702.2,0.2990382673168182,295.9,302.2,0.1973928604412078,6941.15,-0.05953030137374767,207,0.03494101368059647
2026-03-07,2026-09-30,6550.0,6740.02,751.0,755.9,0.328833616027832,298.5,304.9,0.1964687592697143,7001.75,-0.06669506816336014,207,0.03912336657335722
2026-03-07,2026-09-30,6555.0,6740.02,715.5,718.4,0.3110916364669799,299.9,306.3,0.1960262588119506,6968.85,-0.06122210111755677,207,0.03646156976740506
2026-03-07,2026-09-30,6560.0,6740.02,579.1,581.8,0.2431783065128326,301.3,307.7,0.1955799436950683,6835.95,-0.041204848051756345,207,0.027294056191765947
2026-03-07,2026-09-30,6575.0,6740.02,568.9,575.4,0.2438840184497833,305.4,311.8,0.1941647051620483,6838.55,-0.03930114279384076,207,0.027205851809175792
2026-03-07,2026-09-30,6580.0,6740.02,693.4,717.4,0.3168622620487212,302.1,303.9,0.1889872590732574,6982.4,-0.059357951879334035,207,0.03627940669178244
2026-03-07,2026-09-30,6585.0,6740.02,723.6,729.8,0.3243571135520934,308.2,314.7,0.1932854262351989,7000.25,-0.0611515275080433,207,0.03799070985785601
2026-03-07,2026-09-30,6590.0,6740.02,686.7,708.3,0.3147508482265472,309.6,316.1,0.1928143158340454,6974.65,-0.056728798722525106,207,0.03652591501640154
2026-03-07,2026-09-30,6595.0,6740.02,715.3,722.5,0.3231373762989042,311.0,317.5,0.1923384371089935,6999.65,-0.059548361635993655,207,0.037673335644634584
2026-03-07,2026-09-30,6600.0,6740.02,551.6,558.6,0.2418832297420501,312.4,318.9,0.1918596973896026,6839.45,-0.035637670012348445,207,0.026673640996715053
2026-03-07,2026-09-30,6605.0,6740.02,548.0,554.7,0.241201359424591,313.8,320.4,0.191425779914856,6839.25,-0.034851138525458854,207,0.0265365835825054
2026-03-07,2026-09-30,6610.0,6740.02,544.6,551.2,0.2407168977165222,315.3,321.8,0.1909384572124481,6839.35,-0.034109044015533906,207,0.026417502401262363
2026-03-07,2026-09-30,6615.0,6740.02,703.3,704.3,0.3188620970916747,316.8,323.2,0.1904463661861419,6998.8,-0.05639890822140868,207,0.03677725200592267
2026-03-07,2026-09-30,6620.0,6740.02,619.5,628.8,0.2821774740123748,318.2,324.6,0.1899495068359375,6922.75,-0.044717719582585025,207,0.03160349617212543
2026-03-07,2026-09-30,6625.0,6740.02,680.9,682.2,0.3101904232501983,319.7,326.1,0.1894993770599365,6983.65,-0.052721330861702054,207,0.03540123875516051
2026-03-07,2026-09-30,6630.0,6740.02,692.0,693.0,0.316814578809738,321.1,327.6,0.1890444789600372,6998.15,-0.05404102421363266,207,0.03628077463687605
2026-03-07,2026-09-30,6635.0,6740.02,688.2,689.2,0.3161107742023468,322.6,329.1,0.1885857662010193,6997.85,-0.05324429123597177,207,0.03611421216732273
2026-03-07,2026-09-30,6640.0,6740.02,673.8,675.6,0.3104965496444702,324.1,330.5,0.1880717408847809,6987.4,-0.05099656362034255,207,0.03524250715513751
2026-03-07,2026-09-30,6645.0,6740.02,665.0,666.2,0.3069880169200897,325.6,332.0,0.1876034914779663,6981.8,-0.04944207101998982,207,0.0346825324364035
2026-03-07,2026-09-30,6650.0,6740.02,517.2,523.7,0.2369709024620055,327.0,333.5,0.1871314274120331,6840.2,-0.02820011630530452,207,0.025501093660513487
2026-03-07,2026-09-30,6655.0,6740.02,673.0,674.1,0.3133232120513916,328.5,335.1,0.186704185590744,6996.75,-0.05007730367996808,207,0.03544909004609769
2026-03-07,2026-09-30,6660.0,6740.02,510.4,517.0,0.2360868552112579,330.0,336.6,0.1862235385417938,6840.4,-0.026726724904463865,207,0.025286052202105832
2026-03-07,2026-09-30,6665.0,6740.02,692.3,694.3,0.3257780740737915,331.6,338.1,0.1857371695041656,7023.45,-0.05238459667503101,207,0.037096646433843604
2026-03-07,2026-09-30,6670.0,6740.02,633.6,636.6,0.2981437297534941,333.1,339.6,0.1852469858074187,6968.75,-0.04381600873285988,207,0.03312944031872035
2026-03-07,2026-09-30,6675.0,6740.02,500.3,506.9,0.2347088096046448,334.6,341.2,0.1848016243553161,6840.7,-0.024520861293135604,207,0.024951865664153333
2026-03-07,2026-09-30,6680.0,6740.02,496.9,503.7,0.2343244826984405,336.1,342.7,0.1843019040107727,6840.9,-0.023801314377522732,207,0.024846812802319745
2026-03-07,2026-09-30,6685.0,6740.02,651.0,652.1,0.3093931594944,337.6,344.2,0.1837974153423309,6995.65,-0.045422316763213136,207,0.034486333714596924
2026-03-07,2026-09-30,6690.0,6740.02,631.4,632.6,0.3008435547447204,339.2,345.8,0.1833387025833129,6979.5,-0.04236340683053881,207,0.03323802662358415
2026-03-07,2026-09-30,6695.0,6740.02,565.4,567.5,0.2696215235233307,340.7,347.3,0.1828246772670745,6917.45,-0.0326862254648717,207,0.029023606763152077
2026-03-07,2026-09-30,6700.0,6740.02,483.6,490.3,0.2324543460655212,342.3,348.9,0.18235642786026,6841.35,-0.02087755418400701,207,0.024395939369955787
2026-03-07,2026-09-30,6705.0,6740.02,480.3,486.8,0.2319040814876556,343.8,350.5,0.1818834101295471,6841.4,-0.020138872319632063,207,0.02427572483650912
2026-03-07,2026-09-30,6710.0,6740.02,477.0,483.5,0.2314482297229766,345.4,352.1,0.1814046704101562,6841.5,-0.01940805485413736,207,0.024166189075141148
2026-03-07,2026-09-30,6715.0,6740.02,473.7,480.2,0.2309885632991791,347.0,353.7,0.1809221160316467,6841.6,-0.01867779243333353,207,0.024056009865468464
2026-03-07,2026-09-30,6720.0,6740.02,470.3,477.0,0.2305746727848053,348.6,355.3,0.1804338396644592,6841.7,-0.017948084230641745,207,0.02395075030293955
2026-03-07,2026-09-30,6725.0,6740.02,587.7,588.7,0.2871041062641143,350.2,356.9,0.1799407949733734,6959.65,-0.03429726023765207,207,0.030926783926568818
2026-03-07,2026-09-30,6730.0,6740.02,463.7,470.4,0.2296372203063965,351.8,358.5,0.1794429819583892,6841.9,-0.016490327182496444,207,0.023726540178215464
2026-03-07,2026-09-30,6735.0,6740.02,460.4,467.1,0.2291622952461242,353.4,360.1,0.1789404006195068,6842.0,-0.015762276693085612,207,0.02361328544326624
2026-03-07,2026-09-30,6740.0,6740.02,457.2,464.0,0.2287827366638183,355.0,361.7,0.178433050956726,6842.25,-0.015056699987340733,207,0.02351076193239452
2026-03-07,2026-09-30,6745.0,6740.02,605.5,608.4,0.301408124294281,356.6,363.4,0.1779695698738098,6991.95,-0.035957997638198035,207,0.03258165448550995
2026-03-07,2026-09-30,6750.0,6740.02,450.6,457.4,0.2278147669124603,358.3,364.9,0.1774021393299102,6842.4,-0.013596042399996379,207,0.023280516033328823
2026-03-07,2026-09-30,6755.0,6740.02,447.1,449.1,0.2248545914363861,360.0,366.6,0.1769291215991974,6839.8,-0.012475520028724764,207,0.02288769964147715
2026-03-07,2026-09-30,6760.0,6740.02,596.8,597.8,0.2995141460418701,361.6,368.2,0.176400791311264,6992.4,-0.03380095490001896,207,0.032112651172834496
2026-03-07,2026-09-30,6765.0,6740.02,612.9,614.2,0.3087446674442291,363.3,369.9,0.1759172832679748,7011.95,-0.035853574777613396,207,0.03330391899925265
2026-03-07,2026-09-30,6770.0,6740.02,589.5,590.4,0.2980722048950195,365.0,371.6,0.1754280532360076,6991.65,-0.03221549296790878,207,0.03178761393916501
2026-03-07,2026-09-30,6775.0,6740.02,434.5,441.2,0.2254725662136077,366.6,373.2,0.1748844643115997,6842.95,-0.009979558441090336,207,0.02272544564481446
2026-03-07,2026-09-30,6780.0,6740.02,431.3,438.0,0.2250119461250304,368.3,374.9,0.1743847439670563,6843.05,-0.009256436728173719,207,0.022616552892944154
2026-03-07,2026-09-30,6785.0,6740.02,537.8,539.4,0.2761722468948363,370.0,376.6,0.1738793016338348,6950.3,-0.024070530825892274,207,0.02871719454859065
2026-03-07,2026-09-30,6790.0,6740.02,424.9,431.6,0.2240792619705199,371.7,378.3,0.1733690909767151,6843.25,-0.007811823416473789,207,0.02239643493487484
2026-03-07,2026-09-30,6795.0,6740.02,421.6,423.5,0.2211906113529205,373.4,380.1,0.1729027488994598,6840.8,-0.006717636256501443,207,0.022019919421347647
2026-03-07,2026-09-30,6800.0,6740.02,418.6,425.2,0.2231294118499755,375.0,381.8,0.1723810942649841,6843.5,-0.006376684487122903,207,0.022178569871639374
2026-03-07,2026-09-30,6820.0,6740.02,405.9,412.7,0.2213288927459716,382.1,388.8,0.1703392979717254,6843.85,-0.003490966926797315,207,0.021749741181750257
2026-03-07,2026-09-30,6825.0,6740.02,402.8,409.6,0.2208806702995299,383.8,390.5,0.1697899870586395,6844.05,-0.0027873206014367106,207,0.021639094138203762
2026-03-07,2026-09-30,6835.0,6740.02,396.6,403.4,0.2199708740997314,387.4,394.1,0.168772426738739,6844.25,-0.0013524135328868347,207,0.021426109771907828
2026-03-07,2026-09-30,6840.0,6740.02,393.5,400.3,0.2195102540111541,389.2,395.9,0.168254586763382,6844.35,-0.000635762772294065,207,0.021318387226278476
2026-03-07,2026-09-30,6845.0,6740.02,390.4,397.2,0.2190448655986785,391.0,397.7,0.1677319784641266,6844.45,8.03538491751983e-05,207,0.02120989021257464
2026-03-07,2026-09-30,6850.0,6740.02,387.3,394.1,0.2185747088623046,392.8,399.5,0.1672026945114135,6844.55,0.0007959371118761682,207,0.021100418099609636
2026-03-07,2026-09-30,6855.0,6740.02,384.2,391.0,0.2181007374668121,394.6,401.3,0.1666667349052429,6844.65,0.0015109877944561362,207,0.02099008466690759
2026-03-07,2026-09-30,6865.0,6740.02,377.9,379.8,0.2146751735782623,398.1,404.9,0.1655776497268677,6842.35,0.0033047993397268545,207,0.020500402324469275
2026-03-07,2026-09-30,6870.0,6740.02,375.0,381.8,0.2167017112350463,400.1,406.8,0.1650731610584259,6844.95,0.0036529521224237197,207,0.02066484588680978
2026-03-07,2026-09-30,6875.0,6740.02,372.0,378.8,0.2162592107772826,401.8,408.6,0.1645133598327636,6845.2,0.004343966831475401,207,0.02055648243801329
2026-03-07,2026-09-30,6880.0,6740.02,369.0,375.7,0.2157633050918579,403.8,410.5,0.1639964735221863,6845.2,0.005070975224092694,207,0.02044727418956746
2026-03-07,2026-09-30,6890.0,6740.02,362.9,369.7,0.2148563698863983,407.5,414.2,0.1628949907016754,6845.45,0.006486887028934407,207,0.020231568985076137
2026-03-07,2026-09-30,6900.0,6740.02,356.9,363.7,0.2139313150501251,411.3,418.0,0.1618163958358764,6845.65,0.007907997546510741,207,0.02001751564579899
2026-03-07,2026-09-30,6905.0,6740.02,353.9,360.7,0.2134611583137512,413.2,419.9,0.1612670849227905,6845.75,0.00861776509460274,207,0.01990904112998833
2026-03-07,2026-09-30,6910.0,6740.02,350.9,357.7,0.2129871869182587,415.1,421.8,0.1607110983562469,6845.85,0.009327008516358351,207,0.019799749686534855
2026-03-07,2026-09-30,6915.0,6740.02,348.0,354.7,0.2125084471988678,417.0,423.7,0.1601484361362457,6846.0,0.010028425008728043,207,0.019689549731703674
2026-03-07,2026-09-30,6920.0,6740.02,345.0,351.8,0.212074529724121,418.8,425.7,0.1596286888313293,6846.15,0.010729319156885787,207,0.019588903777868177
2026-03-07,2026-09-30,6925.0,6740.02,342.1,348.8,0.2115862533569335,420.9,427.6,0.1590526753044128,6846.2,0.011444298252489734,207,0.019476887394466246
2026-03-07,2026-09-30,6930.0,6740.02,339.1,345.9,0.2111427992343902,422.7,429.5,0.1584699861240387,6846.4,0.012136846521396672,207,0.019369190066976794
2026-03-07,2026-09-30,6935.0,6740.02,336.2,343.0,0.2106945767879486,424.8,431.5,0.1579292581939697,6846.45,0.012850784004844336,207,0.01926567881189914
2026-03-07,2026-09-30,6940.0,6740.02,333.3,340.0,0.2101919954490661,426.6,433.5,0.1573818546104431,6846.6,0.013549595832161114,207,0.01915608273715555
2026-03-07,2026-09-30,6945.0,6740.02,330.4,337.1,0.2097342363548278,428.6,435.5,0.1568277753734589,6846.7,0.014255191836683598,207,0.0190507641421601
2026-03-07,2026-09-30,6950.0,6740.02,327.5,334.2,0.2092717089366912,430.6,437.5,0.1562660668182373,6846.8,0.014960269737328469,207,0.01894445079404048
2026-03-07,2026-09-30,6955.0,6740.02,324.6,331.3,0.2088044131946563,432.6,439.5,0.1556967289447784,6846.9,0.015664830279602,207,0.01883715349488846
2026-03-07,2026-09-30,6960.0,6740.02,321.7,328.5,0.2083819396972655,434.7,441.5,0.1551207154178619,6847.0,0.016368874207402344,207,0.018734092682931292
2026-03-07,2026-09-30,6965.0,6740.02,318.8,325.6,0.207905107307434,436.8,443.5,0.1545361189079284,6847.05,0.017079704651271663,207,0.018624845198166144
2026-03-07,2026-09-30,6970.0,6740.02,315.7,317.7,0.2049353951835632,438.7,445.5,0.1539448467445373,6844.6,0.018155204554710955,207,0.01826066493534178
2026-03-07,2026-09-30,6975.0,6740.02,313.2,319.9,0.2069848207950591,440.7,447.6,0.1533955358314514,6847.4,0.01846330952899623,207,0.018413642670236936
2026-03-07,2026-09-30,6980.0,6740.02,310.3,317.1,0.2065423203372954,442.8,449.6,0.1527890050315857,6847.5,0.01916529461918501,207,0.018306598142473176
2026-03-07,2026-09-30,6985.0,6740.02,307.5,314.2,0.206045460987091,445.0,451.7,0.1522244354820251,6847.5,0.019881370553828995,207,0.0181986061467193
2026-03-07,2026-09-30,6990.0,6740.02,304.7,311.4,0.2055934238815307,447.0,453.8,0.1516522366142273,6847.65,0.02057502852551302,207,0.018094701111103718
2026-03-07,2026-09-30,6995.0,6740.02,301.9,308.6,0.2051356647872924,449.0,455.9,0.1510724084281921,6847.8,0.021268175311972115,207,0.01798974494845535
2026-03-07,2026-09-30,7000.0,6740.02,299.1,305.8,0.2046731373691558,451.1,458.0,0.15048399725914,6847.9,0.02196811312623278,207,0.017883749443436955
2026-03-07,2026-09-30,7005.0,6740.02,296.3,303.0,0.2042048879623412,453.3,460.1,0.1498879567718506,6847.95,0.022674842378053804,207,0.017776726532352162
2026-03-07,2026-09-30,7010.0,6740.02,293.6,300.3,0.2037824144649505,455.4,462.2,0.1492823796367645,6848.15,0.02335915824134393,207,0.017673652745654713
2026-03-07,2026-09-30,7015.0,6740.02,290.8,297.5,0.2033036747455596,457.5,464.4,0.1487206710815429,6848.2,0.02406486953398215,207,0.01756964108998965
2026-03-07,2026-09-30,7020.0,6740.02,288.1,294.8,0.2028707109355926,459.7,466.4,0.1480473837471008,6848.4,0.024748169689194174,207,0.017459387944778408
2026-03-07,2026-09-30,7025.0,6740.02,285.4,292.0,0.2023814809036254,461.9,468.6,0.1474675555610657,6848.45,0.02545286592252547,207,0.01735317130223388
2026-03-07,2026-09-30,7030.0,6740.02,282.7,289.3,0.2019380267810821,464.1,470.8,0.1468800980567932,6848.55,0.026149754787682535,207,0.01725105166615767
2026-03-07,2026-09-30,7035.0,6740.02,279.9,286.7,0.2015393949031829,466.2,473.0,0.1462831039047241,6848.7,0.026838837324813233,207,0.017152713404201457
2026-03-07,2026-09-30,7040.0,6740.02,277.2,279.2,0.198666002922058,468.4,475.2,0.145677526769638,6846.4,0.027885203489535642,207,0.016811301748760915
2026-03-07,2026-09-30,7045.0,6740.02,274.5,281.3,0.200624830379486,470.6,477.4,0.145063366651535,6848.9,0.028230089913097223,207,0.01694285494539555
2026-03-07,2026-09-30,7050.0,6740.02,271.9,278.6,0.2001594419670105,472.9,479.6,0.1444387162208557,6849.0,0.028924960608409083,207,0.016836173534026864
2026-03-07,2026-09-30,7055.0,6740.02,269.2,276.0,0.1997398294639587,475.1,481.8,0.1438054828071594,6849.15,0.029612028321386395,207,0.016733452046422077
2026-03-07,2026-09-30,7060.0,6740.02,266.6,273.3,0.1992629970741272,472.2,474.5,0.138125455379486,6856.6,0.029233359453085604,207,0.016139048181337063
2026-03-07,2026-09-30,7065.0,6740.02,264.0,270.7,0.1988319405937194,479.6,486.4,0.1426153091621399,6849.35,0.030999258875695,207,0.016529690714882816
2026-03-07,2026-09-30,7070.0,6740.02,353.3,354.2,0.2417258750534057,481.8,488.6,0.141952512140274,6938.55,0.018767660937037366,207,0.020871427872264
2026-03-07,2026-09-30,7075.0,6740.02,258.7,265.4,0.1979030710983276,484.1,490.9,0.141332630033493,6849.55,0.03238448684373226,207,0.016316259048586555
2026-03-07,2026-09-30,7080.0,6740.02,256.2,262.8,0.1974548486518859,368.5,369.4,0.0663240341186523,6970.55,0.015579776433770079,207,0.009865010200071491
2026-03-07,2026-09-30,7085.0,6740.02,253.6,260.2,0.197001857881546,488.2,495.5,0.1400623485469818,6850.05,0.03372392162507628,207,0.016108042332771022
2026-03-07,2026-09-30,7090.0,6740.02,251.0,257.7,0.1965936893558502,486.2,488.2,0.1342058931350708,6857.15,0.033393437025334406,207,0.015514843357305963
2026-03-07,2026-09-30,7095.0,6740.02,248.5,255.1,0.1961292546081542,493.5,500.1,0.1387510594749451,6850.0,0.03514165833787205,207,0.015899985428357404
2026-03-07,2026-09-30,7100.0,6740.02,246.0,252.6,0.1957096421051025,495.8,502.5,0.1381330846977233,6850.15,0.03582423420267051,207,0.01580160959692004
2026-03-07,2026-09-30,7105.0,6740.02,243.4,250.0,0.1952337633800506,498.2,504.8,0.1374502607154846,6850.2,0.03652091262086446,207,0.015692111367738713
2026-03-07,2026-09-30,7110.0,6740.02,240.9,247.5,0.1948027068996429,379.5,380.3,0.0518168854904174,6974.3,0.01927027956690277,207,0.008623283036700258
2026-03-07,2026-09-30,7115.0,6740.02,345.5,348.6,0.2469548190402984,502.4,509.6,0.1361589986038208,6956.05,0.022593447036509992,207,0.020810049886889895
2026-03-07,2026-09-30,7120.0,6740.02,235.9,242.6,0.193975879535675,504.8,512.0,0.135496201581955,6850.85,0.038534993256737794,207,0.015390570830718018
2026-03-07,2026-09-30,7125.0,6740.02,233.4,240.1,0.1935276570892334,507.7,514.5,0.1348772731399536,6850.65,0.039266187871451204,207,0.015291033032300887
2026-03-07,2026-09-30,7135.0,6740.02,228.6,235.2,0.1926655441284179,507.8,510.0,0.1282302296257018,6858.0,0.03959639688807113,207,0.014599752195851934
2026-03-07,2026-09-30,7140.0,6740.02,226.2,232.7,0.1921992020511627,509.8,513.0,0.127833505077362,6858.05,0.040289631582019626,207,0.014521324151935959
2026-03-07,2026-09-30,7145.0,6740.02,223.7,230.3,0.1917795895481109,517.6,524.2,0.1321154599380493,6851.1,0.042003588058311975,207,0.014873942902671185
2026-03-07,2026-09-30,7150.0,6740.02,221.4,227.9,0.1913533013916015,520.1,526.7,0.1314345432853698,6851.25,0.04268123932772711,207,0.014772426358177632
2026-03-07,2026-09-30,7155.0,6740.02,219.0,225.5,0.1909212912464142,436.8,438.7,0.0703542214775085,6939.5,0.03058168719465683,207,0.009678652715529985
2026-03-07,2026-09-30,7160.0,6740.02,336.9,337.9,0.2493828495693206,524.6,531.8,0.1300936906051635,6969.2,0.027009540405940995,207,0.02041678494545133
2026-03-07,2026-09-30,7165.0,6740.02,214.3,220.8,0.1900906492233276,378.7,380.5,1.0000000000000004e-05,7002.95,0.02287657242947273,207,0.005123711756761675
2026-03-07,2026-09-30,7170.0,6740.02,211.9,218.5,0.1896929710102081,530.2,536.9,0.1286975253677368,6851.65,0.04541615543093119,207,0.014372677530168076
2026-03-07,2026-09-30,7175.0,6740.02,209.6,216.1,0.1892361655807495,532.2,539.4,0.1279498521804809,6852.05,0.046054884070914015,207,0.014264138877868565
2026-03-07,2026-09-30,7180.0,6740.02,207.3,213.8,0.1888260897254944,535.4,541.9,0.1271859666919708,6851.9,0.046773396983799634,207,0.014158746095100967
2026-03-07,2026-09-30,7185.0,6740.02,205.0,211.5,0.1884102918815612,538.0,544.5,0.1264669034481048,6852.0,0.04745493906911483,207,0.01405723504431922
2026-03-07,2026-09-30,7190.0,6740.02,202.7,209.2,0.1879868647193908,549.4,553.4,0.1294986037826538,6844.55,0.049238456570697475,207,0.014291084726686502
2026-03-07,2026-09-30,7195.0,6740.02,200.2,202.0,0.1849494423961639,538.6,540.6,0.1194031084251403,6856.5,0.048189232881559504,207,0.013133224907278735
2026-03-07,2026-09-30,7200.0,6740.02,198.2,204.6,0.1871228444290161,545.8,552.4,0.124278242778778,6852.3,0.04949666368144875,207,0.013748576631944258
2026-03-07,2026-09-30,7205.0,6740.02,196.0,202.3,0.186681297636032,548.4,555.0,0.1234952839946746,6852.45,0.050168976890379705,207,0.013640663658196476
2026-03-07,2026-09-30,7210.0,6740.02,193.7,200.1,0.1862864804172516,551.1,557.6,0.1226951592445373,6852.55,0.050848105521596194,207,0.013535765962434335
2026-03-07,2026-09-30,7215.0,6740.02,317.7,318.8,0.2489441637706756,553.8,560.3,0.1219408104038238,6976.2,0.03365783630535379,207,0.019502755111070375
2026-03-07,2026-09-30,7220.0,6740.02,189.3,195.7,0.1854777726840972,551.7,553.8,0.1152699252700805,6859.75,0.05118395497969668,207,0.012823958773781249
2026-03-07,2026-09-30,7225.0,6740.02,187.1,193.5,0.1850638821697234,559.2,565.7,0.120377753829956,6852.85,0.05288260985849523,207,0.013227384076333734
2026-03-07,2026-09-30,7230.0,6740.02,184.8,186.5,0.1820417184829711,561.9,568.4,0.1195690460968017,6850.5,0.05391739385964699,207,0.012897667147432734
2026-03-07,2026-09-30,7235.0,6740.02,306.5,308.2,0.2468050936698913,510.8,513.5,0.0739132984352112,7030.2,0.028715205163419407,207,0.014583616038450568
2026-03-07,2026-09-30,7240.0,6740.02,180.7,187.0,0.1838365155982971,567.4,573.9,0.1179554452896118,6853.2,0.05490550992094443,207,0.012913168660897133
2026-03-07,2026-09-30,7245.0,6740.02,178.6,184.8,0.1833968761348724,570.1,577.3,0.117550137758255,6853.0,0.05562506316895912,207,0.012840962171531764
2026-03-07,2026-09-30,7250.0,6740.02,176.5,182.7,0.1830039662456511,572.4,579.4,0.1162607829761505,6853.7,0.05621281643338161,207,0.012697803942633612
2026-03-07,2026-09-30,7255.0,6740.02,174.3,180.6,0.1826053343677521,575.2,582.2,0.1154148823165893,6853.75,0.056894938600030025,207,0.012592412505057831
2026-03-07,2026-09-30,7260.0,6740.02,172.3,174.1,0.179771996307373,573.8,576.2,0.1083711142539977,6858.2,0.05693481219991972,207,0.011771558628728997
2026-03-07,2026-09-30,7265.0,6740.02,170.2,176.4,0.1817870899868011,580.8,587.8,0.1136525098037719,6854.0,0.0582358735698291,207,0.01237527624983129
2026-03-07,2026-09-30,7270.0,6740.02,168.1,174.4,0.1814227900409698,584.2,591.3,0.1132271753120422,6853.5,0.05899682085612913,207,0.012309212761016408
2026-03-07,2026-09-30,7275.0,6740.02,166.1,172.3,0.1809965018844604,581.8,584.2,0.1050437778377533,6861.2,0.05856145950402339,207,0.011600370969916018
2026-03-07,2026-09-30,7280.0,6740.02,164.1,170.3,0.1806188506317138,589.9,597.0,0.1113980462646484,6853.75,0.0603349144724735,207,0.012090199103497937
2026-03-07,2026-09-30,7285.0,6740.02,162.0,168.3,0.1802354773902893,588.2,590.6,0.1034692772865295,6860.75,0.060000674439338396,207,0.01141170978084276
2026-03-07,2026-09-30,7290.0,6740.02,160.1,166.3,0.1798444748306274,595.7,602.1,0.1090110233211517,6854.3,0.06162735346475278,207,0.011829837160404165
2026-03-07,2026-09-30,7295.0,6740.02,158.1,164.3,0.1794458429527282,598.6,605.0,0.1080258876037597,6854.4,0.06229840014351118,207,0.011716766537611225
2026-03-07,2026-09-30,7300.0,6740.02,156.1,162.3,0.1790414890861511,601.5,607.9,0.1070092809486389,6854.5,0.06296897726052744,207,0.01160122185531626
2026-03-07,2026-09-30,7305.0,6740.02,154.2,160.3,0.1786295059013366,603.9,610.8,0.1059592960262298,6854.9,0.06359532018683907,207,0.011482940232733902
2026-03-07,2026-09-30,7310.0,6740.02,152.3,158.3,0.1782098933982849,607.4,613.8,0.1049522260189056,6854.7,0.06430872538121589,207,0.011368097723066368
2026-03-07,2026-09-30,7315.0,6740.02,150.4,152.0,0.1753231501102447,605.0,607.4,0.095893364276886,6860.0,0.0642195927342938,207,0.010429170081503469
2026-03-07,2026-09-30,7320.0,6740.02,148.4,154.5,0.177465081205368,470.6,471.6,1.0000000000000004e-05,7000.35,0.0446501801678652,207,0.0044657278910358615
2026-03-07,2026-09-30,7325.0,6740.02,146.6,152.6,0.1770817079639434,616.3,622.7,0.1016210749435424,6855.1,0.06630025410320586,207,0.011012859540053472
2026-03-07,2026-09-30,7330.0,6740.02,231.0,232.2,0.2218743889999389,459.0,460.8,1.0000000000000004e-05,7101.7,0.031641323891944684,207,0.006980250130786558
2026-03-07,2026-09-30,7335.0,6740.02,142.9,148.8,0.1762930271911621,534.4,536.5,1.0000000000000004e-05,6945.4,0.05457784165482029,207,0.00440693889118555
2026-03-07,2026-09-30,7340.0,6740.02,141.0,147.0,0.1759458932113647,622.4,634.3,0.1003164615249633,6855.65,0.0682657128090793,207,0.010820838321509157
2026-03-07,2026-09-30,7345.0,6740.02,139.1,145.2,0.1755930372428894,618.6,642.5,0.1036676395606994,6856.6,0.06880811757377561,207,0.011056993699329646
2026-03-07,2026-09-30,7350.0,6740.02,137.3,143.4,0.175231598291397,628.6,640.6,0.0980181294059753,6855.75,0.06961259700484462,207,0.01058612372133181
2026-03-07,2026-09-30,7375.0,6740.02,128.6,134.5,0.173377673959732,644.2,656.2,0.0910601911735534,6856.35,0.07292067205839149,207,0.009914362051276488
2026-03-07,2026-09-30,7400.0,6740.02,120.1,126.1,0.1716391430664062,660.2,672.0,0.0818115501403808,6857.0,0.07620997190789669,207,0.009107610653841906
2026-03-07,2026-09-30,7425.0,6740.02,112.2,118.0,0.1698996585083008,676.6,688.3,0.0667512759399414,6857.65,0.07948786723763517,207,0.007940245622240978
2026-03-07,2026-09-30,7450.0,6740.02,104.5,110.3,0.1682202548313141,693.3,705.4,1.0000000000000004e-05,6858.05,0.08279088762199471,207,0.004012598396305506
2026-03-07,2026-09-30,7475.0,6740.02,97.2,102.9,0.1665418048191071,710.4,722.6,1.0000000000000004e-05,6858.55,0.08606807014318918,207,0.0039329296325478795
2026-03-07,2026-09-30,7500.0,6740.02,90.3,96.0,0.1649978215408325,721.1,744.9,1.0000000000000004e-05,6860.15,0.08917371315431329,207,0.0038603488370669895
2026-03-07,2026-09-30,7550.0,6740.02,77.6,83.1,0.161939418592453,757.2,781.0,1.0000000000000004e-05,6861.25,0.09565792237897144,207,0.0037185726957285944
2026-03-07,2026-09-30,7600.0,6740.02,66.3,71.8,0.1592395936012268,611.8,618.8,1.0000000000000004e-05,7053.75,0.0745888569910726,207,0.0035956230437440215
2026-03-07,2026-09-30,7650.0,6740.02,56.5,61.7,0.1566666060256958,743.6,760.9,1.0000000000000004e-05,6956.85,0.09497886214706233,207,0.0034803730734769434
2026-03-07,2026-09-30,7700.0,6740.02,47.9,52.8,0.1542786294174194,696.2,702.4,1.0000000000000004e-05,7051.05,0.08804378695513841,207,0.003375089795666915
2026-03-07,2026-09-30,7750.0,6740.02,40.4,45.1,0.1521614936065674,736.9,744.1,1.0000000000000004e-05,7052.25,0.09434612852209665,207,0.003283099888736912
2026-03-07,2026-09-30,7800.0,6740.02,33.9,38.4,0.150223646774292,957.2,973.6,1.0000000000000004e-05,6870.75,0.12685046311425535,207,0.012798352927081154
2026-03-07,2026-09-30,7900.0,6740.02,23.8,27.8,0.1470994409561157,929.3,947.0,1.0000000000000004e-05,6987.65,0.12271845431698124,207,0.012271552944185115
2026-03-07,2026-09-30,8000.0,6740.02,16.3,20.2,0.1449250852584838,910.1,918.5,1.0000000000000004e-05,7103.95,0.11879057430302421,207,0.0119114493967014
2026-03-07,2026-09-30,8100.0,6740.02,11.3,14.8,0.1435823252487182,1024.2,1032.4,1.0000000000000004e-05,7084.75,0.1339194749734106,207,0.011691747982554906
2026-03-07,2026-09-30,8200.0,6740.02,7.8,10.9,0.1427736175155639,1322.0,1345.8,1.0000000000000004e-05,6875.45,0.1761770583141732,207,0.011560414555357452
2026-03-07,2026-09-30,8300.0,6740.02,5.4,8.3,0.1430444583129883,1417.2,1441.0,1.0000000000000004e-05,6877.75,0.18796395122859028,207,0.01160431624709491
2026-03-07,2026-09-30,8600.0,6740.02,1.9,4.1,0.1466302378845214,1484.5,1494.9,1.0000000000000004e-05,7113.3,0.18979593210055773,207,0.012193392654928126
2026-03-07,2026-10-16,600.0,6740.02,6094.4,6118.4,1.0000000000000004e-05,0.0,1.15,1.0288134497070316,6705.825,-2.413802175436117,223,0.6466737985985547
2026-03-07,2026-10-16,800.0,6740.02,6133.9,6152.0,2.3702433322143546,0.2,1.55,0.938477177734375,6942.075,-2.1607442724983823,223,0.5380955866509751
2026-03-07,2026-10-16,1000.0,6740.02,5903.2,5927.2,1.9860611658859253,0.45,2.15,0.8710950390625,6913.9,-1.9335338779872577,223,0.46359962865392756
2026-03-07,2026-10-16,1200.0,6740.02,5709.9,5733.9,1.8018389119529723,0.9,2.9,0.8183611914062499,6920.0,-1.7520942128356236,223,0.4091683666596385
2026-03-07,2026-10-16,1400.0,6740.02,5527.9,5547.5,1.6772820396232606,1.85,3.8,0.7781394256591796,6934.875,-1.6000907924698002,223,0.3699362064812031
2026-03-07,2026-10-16,1600.0,6740.02,5150.2,5187.8,0.984001319656372,2.55,4.8,0.7347133462524414,6765.325,-1.44180667261257,223,0.3297978776959057
2026-03-07,2026-10-16,2000.0,6740.02,4564.0,4611.2,1.0000000000000004e-05,5.0,7.5,0.6657443093872072,6581.35,-1.1910927109066267,223,0.27078644729414586
2026-03-07,2026-10-16,3000.0,6740.02,3620.7,3635.7,1.0000000000000004e-05,15.8,18.7,0.5272111488342286,6610.95,-0.7901150765024088,223,0.16981700215476409
2026-03-07,2026-10-16,3200.0,6740.02,3576.6,3600.6,0.5921023151016238,18.7,21.9,0.5024921577453614,6768.299999999999,-0.7490991377569971,223,0.15426612656662023
2026-03-07,2026-10-16,3400.0,6740.02,3391.5,3406.2,0.5733723388290406,22.0,25.4,0.4845403719329834,6775.15,-0.6894860751199599,223,0.14344054784479102
2026-03-07,2026-10-16,4000.0,6740.02,2696.6,2718.4,1.0000000000000004e-05,35.0,39.0,0.4163800428009032,6670.5,-0.5114004585168332,223,0.10592337487551419
2026-03-07,2026-10-16,4500.0,6740.02,2419.3,2431.6,0.5178671413230898,51.5,56.1,0.3656450765228271,6871.65,-0.42332685529315356,223,0.08168295836367301
2026-03-07,2026-10-16,4975.0,6740.02,2120.6,2125.7,0.5564276230239869,76.4,81.7,0.3229762069511412,7019.099999999999,-0.3442096340799785,223,0.06373134122523247
2026-03-07,2026-10-16,5000.0,6740.02,1884.7,1899.2,0.3952144066810609,77.8,83.4,0.3208571638107299,6811.35,-0.30915242596625,223,0.06289780346249978
2026-03-07,2026-10-16,5200.0,6740.02,1704.7,1718.6,0.3744702903938293,92.6,98.6,0.3042843772697449,6816.05,-0.2706214995934782,223,0.05656806312834884
2026-03-07,2026-10-16,5275.0,6740.02,1877.6,1886.0,0.5281829332447052,98.9,105.1,0.2982247912597655,7054.8,-0.2907295568519423,223,0.054337478973124784
2026-03-07,2026-10-16,5400.0,6740.02,1606.8,1623.4,0.4124967198181152,110.5,117.0,0.288257086982727,6901.35,-0.2453180910695077,223,0.05076588780179765
2026-03-07,2026-10-16,5500.0,6740.02,1440.8,1453.8,0.3447674471664428,120.8,127.6,0.2804084258460998,6823.1,-0.21556582179699998,223,0.04803901758538014
2026-03-07,2026-10-16,5525.0,6740.02,1622.0,1626.4,0.4684167615032196,123.8,130.4,0.2784515057182312,7022.1,-0.23977907119801492,223,0.047370845893685704
2026-03-07,2026-10-16,5550.0,6740.02,1600.2,1603.6,0.4642130071544647,126.4,133.4,0.2766052107048034,7022.0,-0.23525014998789728,223,0.046744736157144806
2026-03-07,2026-10-16,5575.0,6740.02,1578.1,1582.5,0.461039210767746,129.2,136.3,0.2746292172813416,7022.55,-0.2308340825962525,223,0.04607925796591069
2026-03-07,2026-10-16,5600.0,6740.02,1354.8,1367.5,0.335225077381134,132.2,139.3,0.2726818338012695,6825.4,-0.19788434967114274,223,0.04542808299782127
2026-03-07,2026-10-16,5800.0,6740.02,1381.9,1385.0,0.4271764817714691,158.3,165.4,0.2568223885154724,7021.6,-0.19113319474339716,223,0.04029746808532239
2026-03-07,2026-10-16,5850.0,6740.02,1090.7,1105.8,0.280433221130371,165.6,173.1,0.2531336131477356,6778.9,-0.14737318565799465,223,0.03914818526428965
2026-03-07,2026-10-16,5900.0,6740.02,1103.7,1115.6,0.3073980927753448,173.2,180.7,0.2491482480335235,6832.7,-0.14676755934242183,223,0.037925182022172155
2026-03-07,2026-10-16,5950.0,6740.02,1254.1,1257.1,0.4059755600547791,181.2,188.7,0.2451905391979217,7020.65,-0.16546458678634435,223,0.03672987209373526
2026-03-07,2026-10-16,5975.0,6740.02,1133.8,1148.8,0.3541801185417175,185.3,192.9,0.243247924041748,6927.2,-0.14787159333388006,223,0.036150164982981535
2026-03-07,2026-10-16,6000.0,6740.02,1022.6,1034.3,0.2983382773685454,189.5,197.2,0.2413072162151336,6835.1,-0.13031163141873997,223,0.035575631477375025
2026-03-07,2026-10-16,6025.0,6740.02,1217.7,1224.7,0.4121591224861144,193.8,201.6,0.2393646010589599,7048.5,-0.15689734885212434,223,0.035005142272727816
2026-03-07,2026-10-16,6050.0,6740.02,1084.6,1088.0,0.3458546250152587,198.2,206.1,0.2374191249084472,6934.15,-0.13640020752143472,223,0.03443843428635974
2026-03-07,2026-10-16,6075.0,6740.02,1181.5,1189.0,0.408282475156784,202.7,210.7,0.2354688804340362,7053.55,-0.14934904696006232,223,0.03387497913585597
2026-03-07,2026-10-16,6100.0,6740.02,1124.4,1128.8,0.3837465877056121,207.3,215.2,0.2333965668678283,7015.35,-0.1398118342167839,223,0.033281349331311154
2026-03-07,2026-10-16,6125.0,6740.02,1133.9,1140.8,0.3976290859031677,211.9,219.9,0.2313757511997223,7046.45,-0.14014518747218313,223,0.03270752500888105
2026-03-07,2026-10-16,6150.0,6740.02,1082.8,1087.1,0.3767056806373596,216.7,224.8,0.2294045261001587,7014.2,-0.13148458389280399,223,0.03215259002941963
2026-03-07,2026-10-16,6175.0,6740.02,883.7,894.4,0.2819342894935608,221.6,229.8,0.2274218570232391,6838.35,-0.1020375919500719,223,0.031599222834447646
2026-03-07,2026-10-16,6200.0,6740.02,864.8,875.0,0.2797008065795897,226.6,234.8,0.2253705240821838,6839.2,-0.09812147367884103,223,0.038963453383280375
2026-03-07,2026-10-16,6225.0,6740.02,845.0,855.7,0.2774644626712799,231.6,240.0,0.2233611523914337,6839.55,-0.09414849764578123,223,0.03831113983887453
2026-03-07,2026-10-16,6250.0,6740.02,826.4,836.6,0.2752767556667327,236.8,245.3,0.2213355683994293,6840.45,-0.09027205519580062,223,0.037669251707130154
2026-03-07,2026-10-16,6275.0,6740.02,971.9,976.7,0.3554246510791777,242.1,250.6,0.2192384595489502,7002.95,-0.10975800383281488,223,0.029366046516228653
2026-03-07,2026-10-16,6300.0,6740.02,788.4,798.6,0.2708269558048248,247.5,256.2,0.2172300415229797,6841.65,-0.08247929721633483,223,0.036382546629356895
2026-03-07,2026-10-16,6325.0,6740.02,863.4,866.7,0.3131944673061371,253.1,261.8,0.2151462839794159,6932.6,-0.09172488860085,223,0.04263637036409803
2026-03-07,2026-10-16,6350.0,6740.02,750.8,761.0,0.2663418703460694,258.7,267.4,0.2129871869182587,6842.85,-0.07474949861507504,223,0.035092921209420425
2026-03-07,2026-10-16,6375.0,6740.02,890.8,898.2,0.3428744225788116,264.5,273.4,0.2109596955966949,7000.55,-0.09360462635282187,223,0.046850196843505984
2026-03-07,2026-10-16,6400.0,6740.02,713.8,723.9,0.2618596458816529,270.3,279.3,0.2088015522003173,6844.05,-0.06708167130683396,223,0.03383520399570554
2026-03-07,2026-10-16,6425.0,6740.02,695.5,705.5,0.2595965993595123,276.4,285.5,0.2067168409919738,6844.55,-0.06325608438097426,223,0.03321298225855746
2026-03-07,2026-10-16,6450.0,6740.02,804.1,807.8,0.317369611711502,282.5,291.5,0.2044480724811553,6968.95,-0.07738443699245631,223,0.04159006445518486
2026-03-07,2026-10-16,6475.0,6740.02,815.5,817.7,0.3286676783561706,288.8,298.0,0.2023481026363372,6998.2,-0.07770436554567577,223,0.043069205756758565
2026-03-07,2026-10-16,6500.0,6740.02,641.2,651.2,0.2528522820377349,295.2,304.5,0.2001623029613495,6846.35,-0.05191348664395324,223,0.03134558477498772
2026-03-07,2026-10-16,6525.0,6740.02,623.5,633.3,0.2505634865665435,301.8,311.1,0.1979374030303955,6846.95,-0.0481623444352713,223,0.030724061436398487
2026-03-07,2026-10-16,6550.0,6740.02,605.8,615.6,0.248300440044403,308.5,317.9,0.1957210860824584,6847.5,-0.04441857250793567,223,0.030113418351423317
2026-03-07,2026-10-16,6575.0,6740.02,588.3,598.1,0.2460612351417541,315.5,324.7,0.1934132173156738,6848.1,-0.04069666347273125,223,0.02949981379650315
2026-03-07,2026-10-16,6600.0,6740.02,570.9,580.7,0.2437943739604949,322.3,331.7,0.1911072558784484,6848.8,-0.03700380541375907,223,0.02888910435818832
2026-03-07,2026-10-16,6625.0,6740.02,553.7,563.1,0.2413539457893371,329.5,338.9,0.1888022481060028,6849.2,-0.03328148526039309,223,0.02826209609977749
2026-03-07,2026-10-16,6650.0,6740.02,536.7,546.2,0.2391729144382476,336.8,346.3,0.1864924720096588,6849.9,-0.029617198959665407,223,0.027675066939743528
2026-03-07,2026-10-16,6675.0,6740.02,520.0,529.2,0.236862184677124,344.3,353.8,0.1841264296913147,6850.55,-0.025959736735395842,223,0.02707027753041941
2026-03-07,2026-10-16,6700.0,6740.02,503.2,512.5,0.2346115357971191,352.0,361.5,0.1817498970603943,6851.1,-0.022301696926598474,223,0.02647847666984181
2026-03-07,2026-10-16,6725.0,6740.02,486.7,495.9,0.232324647655487,359.8,369.4,0.1793590594577789,6851.7,-0.018664871178346455,223,0.02588685949223442
2026-03-07,2026-10-16,6750.0,6740.02,470.1,479.5,0.2300463424968719,368.1,377.4,0.1769005116558075,6852.05,-0.015005372690332369,223,0.025294575677645176
2026-03-07,2026-10-16,6775.0,6740.02,454.2,463.3,0.2277737593269348,376.1,385.7,0.1744667591381073,6852.85,-0.011425257374235952,223,0.024712895847253957
2026-03-07,2026-10-16,6800.0,6740.02,438.2,447.4,0.2255526740550994,384.4,394.2,0.1720053503417969,6853.5,-0.007836858507237776,223,0.02414087764110068
2026-03-07,2026-10-16,6825.0,6740.02,422.4,431.9,0.2234269552612304,393.1,402.8,0.1694638337039947,6854.2,-0.004269261996516578,223,0.02357738860820473
2026-03-07,2026-10-16,6850.0,6740.02,406.7,416.3,0.2211581867504119,401.9,411.7,0.1669309000492096,6854.7,-0.0006858961063373861,223,0.023004609631733567
2026-03-07,2026-10-16,6875.0,6740.02,391.5,400.6,0.2187425538635253,410.9,420.7,0.1643073682403564,6855.25,0.002876861473237797,223,0.022411078869661052
2026-03-07,2026-10-16,6900.0,6740.02,376.3,385.4,0.2164623413753509,420.2,430.1,0.1617286586761474,6855.7,0.006440988557995553,223,0.021846123597225608
2026-03-07,2026-10-16,6925.0,6740.02,361.3,370.8,0.2143642788600921,429.6,439.7,0.1590936828899383,6856.4,0.00995552942263742,223,0.021302739294774414
2026-03-07,2026-10-16,6950.0,6740.02,346.6,356.1,0.2121117226505279,439.9,449.6,0.1564444021320343,6856.6,0.013529967524635736,223,0.020747189463415704
2026-03-07,2026-10-16,6975.0,6740.02,332.3,341.7,0.2098915910434722,450.0,459.5,0.1536272763729095,6857.25,0.0170258409769207,223,0.02018393879027029
2026-03-07,2026-10-16,7000.0,6740.02,318.1,327.4,0.2076066102313995,459.5,469.7,0.1507777260112762,6858.15,0.02047242298781244,223,0.019617788451708924
2026-03-07,2026-10-16,7025.0,6740.02,304.3,313.5,0.2053979226016998,470.0,480.2,0.1478871680641174,6858.8,0.02394271589725021,223,0.019063499471881025
2026-03-07,2026-10-16,7050.0,6740.02,290.6,299.8,0.2031663470172882,480.8,491.0,0.1449451122188568,6859.3,0.027422221109228272,223,0.018509242558553816
2026-03-07,2026-10-16,7075.0,6740.02,277.4,286.5,0.2010062962913513,492.8,502.1,0.1419401144981384,6859.5,0.03093289074521884,223,0.017964061417922426
2026-03-07,2026-10-16,7100.0,6740.02,264.2,273.4,0.1988176356220245,504.4,513.6,0.1389112751579284,6859.8,0.03441649725342762,223,0.01742161796601698
2026-03-07,2026-10-16,7125.0,6740.02,251.7,260.7,0.1966966851520538,514.8,525.1,0.1356344829750061,6861.25,0.03772008527275232,223,0.01686918711221866
2026-03-07,2026-10-16,7150.0,6740.02,239.3,248.2,0.1945423564147949,526.8,537.2,0.1324053740310669,6861.75,0.04114984546029909,223,0.016327085282839094
2026-03-07,2026-10-16,7175.0,6740.02,227.3,236.3,0.1925511043548584,540.1,549.4,0.1289359415626526,6862.05,0.04459653073058116,223,0.0157862495304707
2026-03-07,2026-10-16,7200.0,6740.02,215.5,224.5,0.1904721151351928,551.7,562.2,0.1254760457420349,6863.05,0.04792907667836719,223,0.015246974384013469
2026-03-07,2026-10-16,7225.0,6740.02,204.1,213.0,0.1884036162281036,564.6,575.1,0.1217128845214843,6863.7,0.05130057906168886,223,0.014689322205677202
2026-03-07,2026-10-16,7250.0,6740.02,193.0,201.9,0.1863932908725739,578.0,588.5,0.1178352835273742,6864.2,0.054681969576274254,223,0.014136829234491591
2026-03-07,2026-10-16,7275.0,6740.02,183.0,191.1,0.1843896411705017,591.6,602.2,0.1136715830993652,6865.15,0.05798592411274537,223,0.013569472624078888
2026-03-07,2026-10-16,7300.0,6740.02,172.0,180.7,0.182444165019989,605.6,616.2,0.1091416753959655,6865.45,0.0613727611919611,223,0.012986283164267467
2026-03-07,2026-10-16,7325.0,6740.02,162.7,170.6,0.1805015498638152,620.0,630.7,0.1042779850196838,6866.3,0.0646677672596848,223,0.012387097615018515
2026-03-07,2026-10-16,7350.0,6740.02,152.5,160.9,0.178617108259201,634.8,645.5,0.0987658025932312,6866.55,0.06803851653291837,223,0.011751989910241054
2026-03-07,2026-10-16,7375.0,6740.02,143.3,151.6,0.1767908402061462,649.9,660.7,0.0923857852172851,6867.15,0.07134672922608695,223,0.011066918092725487
2026-03-07,2026-10-16,7400.0,6740.02,134.5,142.7,0.1750246530342102,665.4,676.3,0.0845275874328613,6867.75,0.07464345853630998,223,0.010289672954465248
2026-03-07,2026-10-16,7425.0,6740.02,126.0,134.1,0.1732622805213928,681.3,692.2,0.0732323817825317,6868.3,0.07793606176884209,223,0.00928040748998949
2026-03-07,2026-10-16,7450.0,6740.02,118.0,125.9,0.1715638035488128,697.5,708.4,1.0000000000000004e-05,6869.0,0.08119549715972364,223,0.0044962863865192285
2026-03-07,2026-10-16,7475.0,6740.02,110.9,118.0,0.1698710485649109,714.1,725.1,1.0000000000000004e-05,6869.85,0.08442184734199411,223,0.004408002916107902
2026-03-07,2026-10-16,7500.0,6740.02,102.9,110.5,0.168246003780365,731.0,742.1,1.0000000000000004e-05,6870.15,0.08771708048523112,223,0.004324074291927959
2026-03-07,2026-10-16,7525.0,6740.02,96.0,103.4,0.1666943911838532,748.4,759.5,1.0000000000000004e-05,6870.75,0.0909575400536487,223,0.004244691062270789
2026-03-07,2026-10-16,7550.0,6740.02,89.4,96.6,0.1651561298942566,766.2,777.4,1.0000000000000004e-05,6871.2,0.09420879979105544,223,0.004166716885977368
2026-03-07,2026-10-16,7575.0,6740.02,83.1,90.2,0.1637027447700501,784.2,795.5,1.0000000000000004e-05,6871.8,0.09742727074584427,223,0.004093709181117819
2026-03-07,2026-10-16,7600.0,6740.02,77.2,84.1,0.1622693866062164,802.6,813.9,1.0000000000000004e-05,6872.4,0.10063485708661055,223,0.01608737507942842
2026-03-07,2026-10-16,7625.0,6740.02,71.6,78.4,0.1609352095794678,821.4,832.7,1.0000000000000004e-05,6872.95,0.1038389052240598,223,0.015823922178554387
2026-03-07,2026-10-16,7650.0,6740.02,66.4,73.0,0.1596344108200073,840.4,851.8,1.0000000000000004e-05,6873.6,0.10701766138614521,223,0.015569154414467786
2026-03-07,2026-10-16,7675.0,6740.02,61.5,67.9,0.1583746196460723,648.9,652.1,1.0000000000000004e-05,7089.2,0.07939579427441337,223,0.0038315810726822688
2026-03-07,2026-10-16,7700.0,6740.02,56.9,63.1,0.1571625117111206,879.5,891.0,1.0000000000000004e-05,6874.75,0.11336504960453982,223,0.01509071858761269
2026-03-07,2026-10-16,7725.0,6740.02,52.6,58.6,0.1560066699981689,899.5,911.0,1.0000000000000004e-05,6875.35,0.11651927143608876,223,0.014869567347160599
2026-03-07,2026-10-16,7750.0,6740.02,48.6,54.5,0.1550034146499634,914.2,925.1,1.0000000000000004e-05,6881.9,0.1187980667552301,223,0.01467893440370442
2026-03-07,2026-10-16,7800.0,6740.02,41.3,46.9,0.1529854599761963,961.1,972.9,1.0000000000000004e-05,6877.1,0.12592668223919842,223,0.014299218808220892
2026-03-07,2026-10-16,7900.0,6740.02,29.7,34.6,0.1496056719970703,987.0,996.1,1.0000000000000004e-05,6940.6,0.12947453335989723,223,0.013674394881901322
2026-03-07,2026-10-16,8000.0,6740.02,21.1,25.5,0.1470574797058105,889.7,893.8,1.0000000000000004e-05,7131.55,0.11491293957534914,223,0.013212537592454101
2026-03-07,2026-10-16,8400.0,6740.02,5.4,8.1,0.1437234676361084,1503.0,1527.0,1.0000000000000004e-05,6891.75,0.19790666178230087,223,0.012620232981656146
2026-03-07,2026-10-16,8500.0,6740.02,3.9,6.4,0.144616097869873,1505.9,1515.1,1.0000000000000004e-05,6994.65,0.19492059237046988,223,0.012777481959378733
2026-03-07,2026-10-16,11000.0,6740.02,0.0,0.8,0.2159502233886718,3759.9,3799.0,1.0000000000000004e-05,7220.950000000001,0.42090874960201763,223,0.028491762391508628
2026-03-07,2026-10-16,11200.0,6740.02,0.0,0.8,0.2229691961669921,4073.5,4112.6,1.0000000000000004e-05,7107.35,0.4547843184478456,223,0.030373982257468707
2026-03-07,2026-10-16,11400.0,6740.02,0.05,0.75,0.22852333984375,4155.7,4190.9,1.0000000000000004e-05,7227.1,0.45577550619519774,223,0.03190605605012405
2026-03-07,2026-11-20,600.0,6740.02,6105.7,6144.7,1.186405435180664,0.0,1.3,0.9672854833984376,6724.55,-2.4165906325168773,258,0.6613573458889974
2026-03-07,2026-11-20,1000.0,6740.02,5705.7,5908.6,1.434725726776123,0.65,2.45,0.8243425769042967,6805.599999999999,-1.9177458026795375,258,0.48033286711529266
2026-03-07,2026-11-20,3400.0,6740.02,3392.7,3416.7,0.5447852833938599,25.8,28.8,0.4611565115356446,6777.4,-0.6898181159566545,258,0.15032234152872623
2026-03-07,2026-11-20,3500.0,6740.02,3518.2,3531.5,0.807636277294159,27.9,31.0,0.4501474053192138,6995.4,-0.6924898216897957,258,0.1432307756740551
2026-03-07,2026-11-20,3800.0,6740.02,3012.9,3036.9,0.5011532123947144,34.4,38.4,0.4181309713363647,6788.5,-0.5802289373258587,258,0.12358094622246162
2026-03-07,2026-11-20,4400.0,6740.02,2449.8,2473.8,0.4503419529342651,54.5,59.1,0.3598429800033568,6805.0,-0.4360530951792139,258,0.09152777623694693
2026-03-07,2026-11-20,4500.0,6740.02,2576.8,2582.1,0.6079846483421325,59.0,63.8,0.3510692640304564,7018.049999999999,-0.4444080048962749,258,0.08711891523807307
2026-03-07,2026-11-20,4600.0,6740.02,2484.3,2489.6,0.5911162257194521,63.9,68.8,0.3423222506713866,7020.6,-0.422792380975781,258,0.08283180003457179
2026-03-07,2026-11-20,4750.0,6740.02,2345.6,2350.2,0.5658097771263122,72.4,77.3,0.3296938216590881,7023.049999999999,-0.3910529785696064,258,0.07683311818730149
2026-03-07,2026-11-20,4800.0,6740.02,2342.4,2351.0,0.5885756627464294,75.4,80.4,0.3255778044700622,7068.799999999999,-0.38707481632981566,258,0.07492666834245172
2026-03-07,2026-11-20,4850.0,6740.02,2288.5,2296.7,0.5745634661388397,78.6,83.7,0.3215666904067992,7061.45,-0.37567170790393434,258,0.07309184982418909
2026-03-07,2026-11-20,4900.0,6740.02,2128.1,2134.6,0.4891160555458069,81.9,87.1,0.3175403177070618,6946.85,-0.3490531143069271,258,0.07127292649131906
2026-03-07,2026-11-20,5000.0,6740.02,1906.3,1922.3,0.3861832012176512,89.0,95.1,0.3103191679954528,6822.25,-0.31075141703572556,258,0.06806816546452228
2026-03-07,2026-11-20,5100.0,6740.02,1817.1,1832.7,0.376415766544342,97.0,102.5,0.3019536205482483,6825.15,-0.29137377912120804,258,0.0644476853486204
2026-03-07,2026-11-20,5250.0,6740.02,1891.2,1895.2,0.4893973866558076,110.2,116.1,0.2906755808639525,7030.05,-0.2919657415692818,258,0.059723319655161144
2026-03-07,2026-11-20,5300.0,6740.02,1886.5,1894.3,0.5060493273735046,114.8,121.0,0.2869257709503173,7072.5,-0.288507203635509,258,0.05819235806340262
2026-03-07,2026-11-20,5400.0,6740.02,1756.6,1760.9,0.4671970242500305,125.0,131.7,0.2796683819770812,7030.4,-0.2638446496379253,258,0.05528579780942761
2026-03-07,2026-11-20,5500.0,6740.02,1468.8,1483.0,0.3394364610481262,136.6,143.9,0.2728573081207275,6835.65,-0.21740347217228845,258,0.05262571653008637
2026-03-07,2026-11-20,5550.0,6740.02,1426.4,1440.4,0.3350152711296081,142.4,150.1,0.2692505479240418,6837.15,-0.20857305037977353,258,0.05124364725974891
2026-03-07,2026-11-20,5600.0,6740.02,1568.1,1578.6,0.4354190064620972,148.7,156.5,0.26560373380661,7020.75,-0.2261034521967231,258,0.0498649276720527
2026-03-07,2026-11-20,5700.0,6740.02,1495.7,1499.3,0.4258613780403137,162.3,170.2,0.2583673254585267,7031.25,-0.20989832456418914,258,0.047184789356341926
2026-03-07,2026-11-20,5800.0,6740.02,1218.4,1231.6,0.3133537293243408,177.0,184.7,0.2508915472507476,6844.15,-0.1655363552449971,258,0.044493738817324706
2026-03-07,2026-11-20,5900.0,6740.02,1326.0,1331.1,0.4004595629692077,193.0,200.5,0.243431981344223,7031.8,-0.17549036765604353,258,0.04188727512773405
2026-03-07,2026-11-20,5950.0,6740.02,1272.6,1277.4,0.3879474810600281,201.5,209.6,0.2400893862915039,7019.45,-0.165293647832502,258,0.040744853862291486
2026-03-07,2026-11-20,6000.0,6740.02,1056.8,1068.3,0.2954343681144714,210.3,218.6,0.2364635527992248,6848.1,-0.13221177230850445,258,0.03952348779459561
2026-03-07,2026-11-20,6025.0,6740.02,1037.1,1048.5,0.2933372592639922,214.8,223.2,0.2346239334392547,6848.8,-0.12815597506942022,258,0.03891091686785484
2026-03-07,2026-11-20,6050.0,6740.02,1230.5,1236.7,0.3963883680248261,219.5,227.8,0.2327280478572845,7059.95,-0.15437969728434747,258,0.038284615942305
2026-03-07,2026-11-20,6075.0,6740.02,997.7,1007.4,0.2882389673519134,224.2,232.6,0.2308846138381958,6849.15,-0.11994256775677879,258,0.037680514701536716
2026-03-07,2026-11-20,6100.0,6740.02,978.8,990.1,0.2872872099018096,229.0,237.5,0.2290373651599884,6851.2,-0.11613504823396106,258,0.037079982402665496
2026-03-07,2026-11-20,6125.0,6740.02,954.0,970.8,0.2852606722450256,233.9,242.5,0.2271834408283233,6849.2,-0.11175310070188836,258,0.036482130062854355
2026-03-07,2026-11-20,6150.0,6740.02,940.8,947.5,0.2811799406528472,238.9,247.6,0.2253228408432006,6850.9,-0.10792794868652356,258,0.03588701017056926
2026-03-07,2026-11-20,6175.0,6740.02,921.1,932.3,0.2811122304534911,244.0,252.8,0.2234546115398406,6853.3,-0.10422140557975589,258,0.03529437414233598
2026-03-07,2026-11-20,6200.0,6740.02,902.1,913.2,0.2790399168872832,249.2,258.1,0.2215758919239044,6854.0,-0.10028313140137118,258,0.03470338623979022
2026-03-07,2026-11-20,6225.0,6740.02,883.1,894.3,0.2770143328952789,254.6,263.5,0.2196857283306121,6854.65,-0.09635381173784803,258,0.04359686665207218
2026-03-07,2026-11-20,6250.0,6740.02,864.3,875.4,0.2749382046699524,260.0,269.1,0.2178327576637267,6855.3,-0.09244061198451471,258,0.04290985691806105
2026-03-07,2026-11-20,6275.0,6740.02,1006.4,1011.1,0.346932266216278,265.5,274.7,0.215915891456604,7013.65,-0.11128476525548159,258,0.032953083351624654
2026-03-07,2026-11-20,6300.0,6740.02,987.8,991.4,0.3439520637798309,271.1,280.4,0.2139818592834472,7013.85,-0.10733713229199104,258,0.032365383327176596
2026-03-07,2026-11-20,6325.0,6740.02,808.3,819.4,0.268734615278244,276.8,286.2,0.2120325684738159,6857.35,-0.0808110351160646,258,0.04084477255000331
2026-03-07,2026-11-20,6350.0,6740.02,790.4,796.6,0.2645995247936248,282.7,292.1,0.2100632507038116,6856.1,-0.07668395404880124,258,0.03981412713306566
2026-03-07,2026-11-20,6375.0,6740.02,771.4,782.6,0.2645833124923705,288.6,298.2,0.2081225428771972,6858.6,-0.07311924823316084,258,0.039486515774502774
2026-03-07,2026-11-20,6400.0,6740.02,754.0,761.0,0.2609241007328033,294.7,304.3,0.2061112638568877,6858.0,-0.06911786367510238,258,0.03854485219080534
2026-03-07,2026-11-20,6425.0,6740.02,735.7,741.8,0.2583444375038147,300.9,310.6,0.2041247801208495,6858.0,-0.06521922325944515,258,0.03779484008944877
2026-03-07,2026-11-20,6450.0,6740.02,717.9,728.3,0.2583539741516114,307.2,317.0,0.2021115937709808,6861.0,-0.061773072901072666,258,0.03746805693459386
2026-03-07,2026-11-20,6475.0,6740.02,852.8,854.9,0.3227401749181746,313.6,323.5,0.2000707511425018,7010.3,-0.07943188855088053,258,0.04830100425847457
2026-03-07,2026-11-20,6500.0,6740.02,682.3,692.7,0.2541845517349243,320.2,330.2,0.1980480281448364,6862.3,-0.054240485611369585,258,0.036140199333297034
2026-03-07,2026-11-20,6525.0,6740.02,664.8,675.1,0.2520998405265808,326.9,336.9,0.1959471046352386,6863.05,-0.05051099613488528,258,0.0354743046491509
2026-03-07,2026-11-20,6550.0,6740.02,647.4,657.4,0.2499073651981353,333.7,343.8,0.1938590556001663,6863.65,-0.04677432056244121,258,0.034799717908807475
2026-03-07,2026-11-20,6575.0,6740.02,630.0,640.1,0.2478321906375885,340.7,350.8,0.1917357209682464,6864.3,-0.043059489460447,258,0.034144347136771835
2026-03-07,2026-11-20,6600.0,6740.02,612.9,623.2,0.2458733631801605,347.8,357.9,0.1895737629127502,6865.2,-0.03939552304796647,258,0.03350716678261947
2026-03-07,2026-11-20,6625.0,6740.02,595.9,606.0,0.2437118819570541,355.1,365.3,0.1874623490905761,6865.75,-0.03569491119823868,258,0.03285280419180474
2026-03-07,2026-11-20,6650.0,6740.02,579.0,589.1,0.2416176341009139,362.5,372.7,0.185263198108673,6866.45,-0.032030378563785704,258,0.03220180081250066
2026-03-07,2026-11-20,6675.0,6740.02,562.3,572.5,0.2395887122821807,370.0,380.3,0.1830630934619903,6867.25,-0.02839453068925258,258,0.031566927134173
2026-03-07,2026-11-20,6700.0,6740.02,545.7,555.9,0.2374877887725829,377.8,388.1,0.1808601278209686,6867.85,-0.02474357598046726,258,0.03092730456444288
2026-03-07,2026-11-20,6725.0,6740.02,529.3,539.4,0.2353601626491546,385.8,396.0,0.1786047106170654,6868.45,-0.021106536658910546,258,0.030282646852716397
2026-03-07,2026-11-20,6750.0,6740.02,513.2,523.0,0.2332029729175568,393.7,403.9,0.1762520196056366,6869.3,-0.017519703873149547,258,0.02962642113202701
2026-03-07,2026-11-20,6775.0,6740.02,497.1,506.9,0.2311030030727386,402.0,412.1,0.1739288922023773,6869.95,-0.01391746142163001,258,0.028989805299355707
2026-03-07,2026-11-20,6800.0,6740.02,481.0,490.9,0.228970608625412,410.4,420.6,0.1716334210777282,6870.45,-0.010306994090428722,258,0.028359428672954632
2026-03-07,2026-11-20,6825.0,6740.02,465.5,475.3,0.2269364416503906,418.9,429.2,0.1692721470832825,6871.35,-0.0067682524085697264,258,0.02774052151566634
2026-03-07,2026-11-20,6850.0,6740.02,450.0,459.6,0.2247773445892333,428.1,438.0,0.1668860778045654,6871.75,-0.0031701522350104576,258,0.027107713014955872
2026-03-07,2026-11-20,6875.0,6740.02,434.6,444.2,0.2226678380966186,436.6,446.9,0.164424669008255,6872.65,0.0003418766149690781,258,0.026478682970300038
2026-03-07,2026-11-20,6900.0,6740.02,419.4,429.0,0.2205611925983429,446.2,455.9,0.1618850597000122,6873.15,0.003898895171124647,258,0.02584685278180872
2026-03-07,2026-11-20,6925.0,6740.02,404.5,414.0,0.2184564544296264,455.5,465.2,0.1593483113861084,6873.9,0.007406421322132827,258,0.025223288901955625
2026-03-07,2026-11-20,6950.0,6740.02,389.7,399.3,0.2163965385055541,465.1,474.8,0.1568106094074249,6874.55,0.01091547271176251,258,0.024613124942028605
2026-03-07,2026-11-20,6975.0,6740.02,375.2,384.6,0.2142441170978546,474.9,484.6,0.1542204558658599,6875.15,0.014418866210989225,258,0.02399155103737519
2026-03-07,2026-11-20,7000.0,6740.02,360.8,370.3,0.212176571855545,484.3,495.0,0.1517533250808715,6875.9,0.01788760497961664,258,0.02340465906171979
2026-03-07,2026-11-20,7025.0,6740.02,346.9,356.2,0.2101023509597778,494.5,505.2,0.1490391951179504,6876.7,0.02133632950676377,258,0.0227928244731014
2026-03-07,2026-11-20,7050.0,6740.02,332.9,342.3,0.2080185934162139,505.0,515.7,0.1462964552116394,6877.25,0.0248087540863069,258,0.022184316198981355
2026-03-07,2026-11-20,7075.0,6740.02,319.4,328.6,0.2059243455600738,515.7,526.4,0.143469792804718,6877.95,0.02824680110075346,258,0.02157238088514262
2026-03-07,2026-11-20,7100.0,6740.02,306.0,315.4,0.2039521667957305,526.8,537.0,0.1404047142028808,6878.8,0.03165056591936239,258,0.020954841551165525
2026-03-07,2026-11-20,7125.0,6740.02,293.0,302.3,0.2019199071502685,538.0,548.8,0.1377087038707733,6879.25,0.03510009177956837,258,0.020383341851652866
2026-03-07,2026-11-20,7150.0,6740.02,280.2,289.5,0.1999162574481964,549.5,559.7,0.1343603868293762,6880.25,0.03845736821154211,258,0.019745990223729113
2026-03-07,2026-11-20,7175.0,6740.02,267.7,276.9,0.197893534450531,561.3,571.5,0.1312123393917084,6880.9,0.04185330430234324,258,0.019139831821195698
2026-03-07,2026-11-20,7200.0,6740.02,255.5,264.7,0.1959413826465607,573.3,583.5,0.1279050299358368,6881.7,0.045215311575954785,258,0.01853297036106987
2026-03-07,2026-11-20,7225.0,6740.02,243.6,252.8,0.1940130724620819,585.7,596.5,0.1248370903396606,6882.1,0.0486233960690843,258,0.017965534239879455
2026-03-07,2026-11-20,7250.0,6740.02,232.0,241.4,0.1922020630455017,598.4,608.6,0.1209737943172454,6883.2,0.051917808775309666,258,0.017331789280686346
2026-03-07,2026-11-20,7275.0,6740.02,220.7,229.7,0.1901268884849548,611.1,621.6,0.1172363820457458,6883.85,0.05526572460283718,258,0.016694398944111496
2026-03-07,2026-11-20,7300.0,6740.02,209.7,219.0,0.1884055235576629,624.4,635.6,0.1136801660823822,6884.35,0.05862362856407933,258,0.016126018549594404
2026-03-07,2026-11-20,7325.0,6740.02,199.1,208.0,0.1864133178329468,638.0,649.3,0.1094869020462036,6884.9,0.061962547156241755,258,0.015472390789129192
2026-03-07,2026-11-20,7350.0,6740.02,188.8,197.9,0.1847320068264007,651.9,663.3,0.1049131257629394,6885.75,0.06524625451496331,258,0.01482515762386005
2026-03-07,2026-11-20,7375.0,6740.02,178.9,187.8,0.1829209974098205,661.4,668.1,0.0923819705581664,6893.6,0.06750245728246346,258,0.013393332079706484
2026-03-07,2026-11-20,7400.0,6740.02,169.2,177.7,0.1809726602649688,680.8,692.2,0.094005108013153,6886.95,0.07185168372909363,258,0.013361709209713593
2026-03-07,2026-11-20,7425.0,6740.02,159.9,168.3,0.1792417586898803,695.8,707.3,0.0872283660888672,6887.55,0.07513725070795008,258,0.01254769347198433
2026-03-07,2026-11-20,7450.0,6740.02,151.0,159.5,0.1776853777694702,711.0,722.6,0.0782848977851868,6888.45,0.07836793638956299,258,0.011578329964124641
2026-03-07,2026-11-20,7475.0,6740.02,142.4,150.5,0.175882951335907,726.7,738.3,0.0635202596664428,6888.95,0.08164544063948295,258,0.010128072287030677
2026-03-07,2026-11-20,7500.0,6740.02,134.1,142.2,0.1743103581142425,742.7,754.4,1.0000000000000004e-05,6889.6,0.0848899923543578,258,0.005369861309105521
2026-03-07,2026-11-20,7525.0,6740.02,126.3,134.1,0.1727024792957306,759.0,770.7,1.0000000000000004e-05,6890.35,0.08810892864121454,258,0.005271258171339294
2026-03-07,2026-11-20,7550.0,6740.02,118.7,126.6,0.1712843797683715,775.7,787.5,1.0000000000000004e-05,6891.05,0.09132409507123386,258,0.0051850515420408345
2026-03-07,2026-11-20,7575.0,6740.02,111.5,119.3,0.1698357629680633,792.6,804.4,1.0000000000000004e-05,6891.9,0.09450654241133494,258,0.005097723606257887
2026-03-07,2026-11-20,7600.0,6740.02,104.6,112.2,0.1683547215652466,809.9,821.8,1.0000000000000004e-05,6892.55,0.09770712914090371,258,0.005009207741560068
2026-03-07,2026-11-20,7625.0,6740.02,98.1,105.6,0.1670224518680572,827.7,839.7,1.0000000000000004e-05,6893.15,0.10090415761971065,258,0.01971862151350277
2026-03-07,2026-11-20,7650.0,6740.02,91.8,99.2,0.1656634795570374,845.7,857.8,1.0000000000000004e-05,6893.75,0.10409044381876889,258,0.019399047184678893
2026-03-07,2026-11-20,7700.0,6740.02,80.3,87.4,0.1631210092544556,712.8,716.4,1.0000000000000004e-05,7069.25,0.0854659366150292,258,0.0047026201058474925
2026-03-07,2026-11-20,7725.0,6740.02,75.1,82.0,0.1619518162345886,894.9,905.7,1.0000000000000004e-05,6903.25,0.11246950758034811,258,0.01853952005938067
2026-03-07,2026-11-20,7800.0,6740.02,60.9,67.3,0.1585777502441406,960.0,972.5,1.0000000000000004e-05,6897.85,0.1229139648507911,258,0.017775071071515623
2026-03-07,2026-11-20,8000.0,6740.02,34.0,39.2,0.1517895643424987,927.2,930.3,1.0000000000000004e-05,7107.85,0.11824173459265694,258,0.01628585900155527
2026-03-07,2026-11-20,8200.0,6740.02,18.5,22.7,0.1476354005622863,1301.5,1312.4,1.0000000000000004e-05,6913.65,0.1706364359786335,258,0.015406637169288152
2026-03-07,2026-11-20,8300.0,6740.02,13.7,17.4,0.1464662075424194,1392.6,1404.2,1.0000000000000004e-05,6917.15,0.18225167971734216,258,0.015163578870081207
2026-03-07,2026-11-20,8400.0,6740.02,10.1,13.4,0.1457223490142822,1264.6,1268.4,1.0000000000000004e-05,7145.25,0.16178390557640657,258,0.015009947327610929
2026-03-07,2026-11-20,8600.0,6740.02,5.5,8.3,0.1458520474243164,1675.0,1699.0,1.0000000000000004e-05,6919.9,0.21736088460135064,258,0.015036678061285426
2026-03-07,2026-11-20,9000.0,6740.02,1.7,3.8,0.1503838624572754,1896.7,1903.2,1.0000000000000004e-05,7102.8,0.2367355048336767,258,0.015985613618062274
2026-03-07,2026-11-20,9200.0,6740.02,0.95,2.8,0.1540611938476562,2007.0,2017.8,1.0000000000000004e-05,7189.475,0.24658533306865674,258,0.016776963490518892
2026-03-07,2026-12-18,600.0,6740.02,6078.9,6117.8,1.0000000000000004e-05,0.2,1.4,0.9362799340820313,6697.55,-2.412567411646942,286,0.6868858983010704
2026-03-07,2026-12-18,1000.0,6740.02,5701.7,5719.9,1.0000000000000004e-05,0.7,2.65,0.7891866784667969,6709.124999999999,-1.9034685400959594,286,0.4880144258966144
2026-03-07,2026-12-18,1200.0,6740.02,5498.7,5537.7,1.0000000000000004e-05,1.5,3.5,0.7442042181396484,6715.7,-1.7221265119775315,286,0.4339677168024597
2026-03-07,2026-12-18,1400.0,6740.02,5144.5,5181.3,1.0000000000000004e-05,2.2,4.5,0.7006865869140625,6559.549999999999,-1.5444497664208887,286,0.38469875129108366
2026-03-07,2026-12-18,1800.0,6740.02,4858.4,4897.5,1.0000000000000004e-05,5.1,7.4,0.6370885900878906,6671.7,-1.3100880351146373,286,0.31803346652978204
2026-03-07,2026-12-18,2000.0,6740.02,4738.4,4756.0,0.597080445251465,6.4,8.0,0.599033550720215,6740.0,-1.2149127443642704,286,0.2811741965427451
2026-03-07,2026-12-18,2200.0,6740.02,3542.9,3582.2,1.0000000000000004e-05,8.9,11.5,0.5811504287719728,5752.35,-0.9611511066038431,286,0.2646368349766807
2026-03-07,2026-12-18,2500.0,6740.02,4261.3,4279.4,0.6168937847137451,12.6,15.4,0.5433090103149415,6756.35,-0.9941920715317744,286,0.23129539363607873
2026-03-07,2026-12-18,2600.0,6740.02,4071.5,4098.1,1.0000000000000004e-05,14.0,16.9,0.5313538686370849,6669.35,-0.9420109588770492,286,0.22122839189770027
2026-03-07,2026-12-18,2700.0,6740.02,4010.2,4049.4,0.4737906625366211,15.5,18.4,0.5194368735504151,6712.85,-0.9107718269923795,286,0.21141642291149415
2026-03-07,2026-12-18,2800.0,6740.02,3831.4,3854.0,1.0000000000000004e-05,16.5,20.0,0.5064594032287597,6624.45,-0.8611479323769461,286,0.20098444481091998
2026-03-07,2026-12-18,2900.0,6740.02,4042.6,4053.8,0.8471733117294311,18.1,21.7,0.5022556488800051,6928.299999999999,-0.8709037358705933,286,0.19766183762716777
2026-03-07,2026-12-18,3000.0,6740.02,3965.5,3978.5,0.8475986462211608,19.8,23.5,0.4906285678863525,6950.35,-0.8401797293528136,286,0.18861613152081363
2026-03-07,2026-12-18,3200.0,6740.02,3581.8,3621.1,0.5503852029800416,23.4,27.1,0.4670844918060303,6776.2,-0.7502656630470924,286,0.17094801597509454
2026-03-07,2026-12-18,3300.0,6740.02,2895.3,2928.5,1.0000000000000004e-05,25.4,29.1,0.4558236180877686,6184.65,-0.6281479472502114,286,0.16280465438546424
2026-03-07,2026-12-18,3400.0,6740.02,2633.8,2848.6,1.0000000000000004e-05,27.5,31.4,0.4452875296020507,6111.75,-0.5864377162641862,286,0.1553653737793474
2026-03-07,2026-12-18,3500.0,6740.02,3525.6,3532.1,0.7711242675399779,29.8,33.9,0.4350909457778931,6997.0,-0.6927185172683917,286,0.14833145614794474
2026-03-07,2026-12-18,3600.0,6740.02,3378.9,3387.3,0.7006293670272827,32.2,36.4,0.4246959996795654,6948.8,-0.657635137336356,286,0.1413284217894084
2026-03-07,2026-12-18,3700.0,6740.02,3356.0,3363.7,0.7484022504997255,34.7,39.1,0.4145871530151367,7022.95,-0.640850538036745,286,0.13468054008034566
2026-03-07,2026-12-18,3800.0,6740.02,3014.4,3053.9,0.5149260391426087,37.5,41.9,0.4045011943054199,6794.450000000001,-0.5811050357257759,286,0.12820730912775388
2026-03-07,2026-12-18,3850.0,6740.02,2030.0,2068.7,1.0000000000000004e-05,39.0,43.4,0.3995917280197144,5858.15,-0.41976070578689734,286,0.12511406861125884
2026-03-07,2026-12-18,3900.0,6740.02,2992.6,3005.7,0.5475852431869508,40.7,45.0,0.3948157748031616,6856.299999999999,-0.5641913844954376,286,0.12214119415221468
2026-03-07,2026-12-18,3950.0,6740.02,1941.9,1984.6,1.0000000000000004e-05,42.0,46.7,0.3901695199966431,5868.9,-0.3959516438402084,286,0.11928335545107265
2026-03-07,2026-12-18,4000.0,6740.02,2837.4,2854.1,0.4776930588150025,43.9,48.4,0.3854546013259887,6799.6,-0.5305694258025871,286,0.11641786687519394
2026-03-07,2026-12-18,4050.0,6740.02,2779.9,2819.5,0.4861749533653259,45.6,50.1,0.380678648109436,6801.85,-0.5184777528858517,286,0.11355080184700919
2026-03-07,2026-12-18,4100.0,6740.02,2733.2,2772.8,0.4805330725288391,47.3,51.9,0.3760133200073242,6803.4,-0.5064355135134498,286,0.11078465975714544
2026-03-07,2026-12-18,4150.0,6740.02,2686.6,2726.2,0.4749617628860473,49.2,53.8,0.3714471730422973,6804.9,-0.4945346066756995,286,0.10811035253501014
2026-03-07,2026-12-18,4175.0,6740.02,2640.5,2680.0,0.4473054842758178,49.9,54.8,0.3692155974578857,6782.9,-0.48529038081324744,286,0.10681524662511911
2026-03-07,2026-12-18,4200.0,6740.02,2650.8,2667.5,0.4565999012184144,51.2,55.8,0.3669668559074401,6805.65,-0.4826686242540223,286,0.10551807280463912
2026-03-07,2026-12-18,4225.0,6740.02,2616.8,2656.4,0.466638176689148,52.0,56.8,0.3646990410614014,6807.200000000001,-0.47696161474407345,286,0.10421792245922258
2026-03-07,2026-12-18,4250.0,6740.02,2593.6,2633.2,0.4639126027488708,52.9,57.9,0.3625628319549561,6808.0,-0.47117940833474753,286,0.1030005940683467
2026-03-07,2026-12-18,4275.0,6740.02,2519.4,2543.6,0.3868412299156188,53.9,58.9,0.36025877784729,6750.1,-0.45677321720079156,286,0.10169563475776053
2026-03-07,2026-12-18,4300.0,6740.02,2558.0,2574.7,0.4462793409729004,55.4,60.0,0.3580825148200989,6808.65,-0.4595788399247149,286,0.10047069315640408
2026-03-07,2026-12-18,4325.0,6740.02,2157.5,2197.1,1.0000000000000004e-05,56.1,61.1,0.3558871784973144,6443.700000000001,-0.39869076891234767,286,0.09924253581416681
2026-03-07,2026-12-18,4350.0,6740.02,2500.9,2540.5,0.4529988630104065,57.2,62.3,0.3538100966072082,6810.95,-0.44835576606572003,286,0.09808748809836651
2026-03-07,2026-12-18,4375.0,6740.02,1840.3,1883.1,1.0000000000000004e-05,59.0,63.4,0.3515727990341186,6175.5,-0.3446833310863543,286,0.09685090916141324
2026-03-07,2026-12-18,4400.0,6740.02,2464.1,2483.9,0.4376887286376953,59.4,64.6,0.3494518485641479,6812.0,-0.4370812218762264,286,0.0956858794985245
2026-03-07,2026-12-18,4425.0,6740.02,2411.4,2450.8,0.4254112482643128,60.6,65.8,0.3473099174690246,6792.900000000001,-0.4286076706045556,286,0.09451647980517654
2026-03-07,2026-12-18,4450.0,6740.02,2388.8,2428.3,0.4235039187049866,61.8,67.0,0.3451450984191894,6794.15,-0.42315785162090724,286,0.09334188970783149
2026-03-07,2026-12-18,4475.0,6740.02,2395.2,2414.6,0.4298763067626954,63.0,68.3,0.3430889971542357,6814.25,-0.42050965600828216,286,0.09223308808474946
2026-03-07,2026-12-18,4500.0,6740.02,2373.4,2390.8,0.4265995145797729,64.5,69.6,0.3410100079345703,6815.05,-0.4150560051024613,286,0.09111867971588826
2026-03-07,2026-12-18,4525.0,6740.02,2349.4,2368.5,0.4246940923500061,65.7,70.9,0.3389081307601928,6815.65,-0.4096038612914225,286,0.08999888831034311
2026-03-07,2026-12-18,4550.0,6740.02,2532.3,2539.6,0.5714821752357484,67.0,72.3,0.336903527393341,7016.299999999999,-0.43310878059993485,286,0.08893737045545655
2026-03-07,2026-12-18,4575.0,6740.02,1657.3,1686.1,1.0000000000000004e-05,68.4,73.7,0.3348760360717773,6175.65,-0.30000744140467356,286,0.08787013815630641
2026-03-07,2026-12-18,4600.0,6740.02,2283.9,2295.7,0.4135915269851684,69.9,75.1,0.3328199348068237,6817.3,-0.39340719554528053,286,0.08679442513802207
2026-03-07,2026-12-18,4650.0,6740.02,2210.3,2250.4,0.4090444533157348,72.6,78.0,0.3287554155158996,6805.05,-0.38079776401574594,286,0.08468743902486327
2026-03-07,2026-12-18,4675.0,6740.02,1594.0,1634.2,1.0000000000000004e-05,74.0,79.6,0.3268538079452515,6212.3,-0.2843020350049322,286,0.08371056374174533
2026-03-07,2026-12-18,4700.0,6740.02,2192.9,2206.2,0.405344233970642,75.6,81.1,0.3248129653167724,6821.200000000001,-0.3724729007406093,286,0.08266846645817037
2026-03-07,2026-12-18,4725.0,6740.02,2167.4,2185.6,0.4046938345909118,77.0,82.7,0.3228560451889037,6821.65,-0.3672338171318659,286,0.08167535181286455
2026-03-07,2026-12-18,4750.0,6740.02,2270.4,2277.8,0.4891522948074341,79.0,84.3,0.3208705151176452,6942.450000000001,-0.3795101201097686,286,0.08067385155329537
2026-03-07,2026-12-18,4775.0,6740.02,2318.8,2331.9,0.5339173195648192,80.4,85.9,0.3188601897621154,7017.200000000001,-0.3849703041401991,286,0.07966613889295293
2026-03-07,2026-12-18,4800.0,6740.02,2102.4,2114.7,0.3950761252880097,82.0,87.6,0.3169261575889587,6823.75,-0.3517932561999851,286,0.07870264700858363
2026-03-07,2026-12-18,4850.0,6740.02,2054.8,2072.5,0.3926490484237671,85.4,91.2,0.3131744403457642,6825.35,-0.3416649168580342,286,0.07685033919058198
2026-03-07,2026-12-18,4875.0,6740.02,1416.9,1443.7,1.0000000000000004e-05,87.2,93.0,0.3112537594795227,6215.200000000001,-0.24287780020426353,286,0.07591059232323032
2026-03-07,2026-12-18,4900.0,6740.02,2012.3,2025.8,0.3865818330955504,89.0,94.8,0.309302561340332,6827.15,-0.33167210466160935,286,0.07496183367995424
2026-03-07,2026-12-18,4925.0,6740.02,2195.1,2206.5,0.5193491363906861,90.8,96.8,0.3075153935432433,7032.0,-0.3561468857588237,286,0.07409806887148483
2026-03-07,2026-12-18,4950.0,6740.02,1965.4,1982.7,0.3831991841220855,92.7,98.8,0.3056938938140869,6828.3,-0.3216881641175126,286,0.073222861426171
2026-03-07,2026-12-18,4975.0,6740.02,1663.1,1679.0,1.0000000000000004e-05,94.7,100.7,0.3037465103340149,6548.35,-0.2747877389054082,286,0.07229291936018153
2026-03-07,2026-12-18,5000.0,6740.02,1922.9,1936.5,0.3773999485969542,96.4,102.9,0.3020451723670959,6830.05,-0.31189408176601924,286,0.07148533654514203
2026-03-07,2026-12-18,5025.0,6740.02,1895.2,1919.2,0.3786921643733977,98.7,104.9,0.3001263988304137,6830.4,-0.306957783076421,286,0.07057998522910956
2026-03-07,2026-12-18,5050.0,6740.02,1843.5,1859.4,0.3487337389850616,101.0,107.0,0.2982667525100707,6797.45,-0.2971592985647094,286,0.0697080381280287
2026-03-07,2026-12-18,5075.0,6740.02,1062.9,1100.9,1.0000000000000004e-05,102.9,108.9,0.2961982536029815,6051.0,-0.17589702271233343,286,0.06874453138386975
2026-03-07,2026-12-18,5100.0,6740.02,2031.4,2036.8,0.490242333650589,105.1,111.4,0.2946199383926391,7025.85,-0.32035566461133164,286,0.0680138622360712
2026-03-07,2026-12-18,5125.0,6740.02,2006.8,2017.7,0.4887126553440095,107.3,113.7,0.2928318169307707,7026.75,-0.3155937694927985,286,0.0671907815890281
2026-03-07,2026-12-18,5150.0,6740.02,1774.6,1813.5,0.3704906472682952,109.5,116.0,0.2910074562072753,6831.3,-0.2825182775449469,286,0.0663561838808591
2026-03-07,2026-12-18,5175.0,6740.02,1752.7,1792.8,0.3690363084793091,111.8,118.4,0.2892317323875427,6832.65,-0.2778732533244866,286,0.06554884541285246
2026-03-07,2026-12-18,5200.0,6740.02,1746.3,1760.8,0.359984122390747,114.1,120.4,0.2870974306106567,6836.3,-0.2735880240160791,286,0.06458501729777226
2026-03-07,2026-12-18,5225.0,6740.02,1693.9,1715.8,0.3421372397041321,116.7,123.3,0.2856535821342467,6809.85,-0.2649152956362429,286,0.06393703871241717
2026-03-07,2026-12-18,5250.0,6740.02,1920.1,1925.9,0.4826988452434539,119.1,125.8,0.2838492483711242,7050.55,-0.2948775513620939,286,0.06313187177820195
2026-03-07,2026-12-18,5275.0,6740.02,1754.7,1772.4,0.40181185962677,121.7,128.4,0.2820868758583068,6913.5,-0.27049734248440543,286,0.062350355019202566
2026-03-07,2026-12-18,5300.0,6740.02,1867.0,1873.4,0.4710460153007507,124.1,130.6,0.2799811840248107,7042.85,-0.28430609723595773,286,0.06142297680731339
2026-03-07,2026-12-18,5325.0,6740.02,1611.1,1632.4,0.3363065332412719,126.7,133.7,0.2785249379062653,6816.55,-0.246940767164325,286,0.06078568859234806
2026-03-07,2026-12-18,5350.0,6740.02,1802.5,1808.5,0.4524657643985748,129.4,136.9,0.2770953944015502,7022.35,-0.27200135894566,286,0.06016331855667256
2026-03-07,2026-12-18,5375.0,6740.02,1808.3,1815.1,0.4651733475875854,132.2,139.3,0.275035478477478,7050.95,-0.2714037855052958,286,0.059272140067128457
2026-03-07,2026-12-18,5400.0,6740.02,1573.3,1587.2,0.342318436012268,135.0,141.7,0.2729450452804565,6841.9,-0.23666651726890417,286,0.05837455713572884
2026-03-07,2026-12-18,5425.0,6740.02,1750.1,1759.3,0.4517915233993531,138.2,145.2,0.2716041926002502,7038.0,-0.2603061394728701,286,0.057802431526788135
2026-03-07,2026-12-18,5450.0,6740.02,1530.3,1545.5,0.3386735292243956,141.2,148.6,0.2701412708282471,6843.0,-0.2276106232952079,286,0.057181434450806305
2026-03-07,2026-12-18,5475.0,6740.02,1587.1,1604.3,0.383248774690628,143.9,151.2,0.2680813549041747,6923.15,-0.23467859266600985,286,0.056312704861139186
2026-03-07,2026-12-18,5500.0,6740.02,1488.5,1502.3,0.3339977108097076,147.0,153.9,0.2660576782417297,6844.95,-0.21876306187340896,286,0.055465733729574286
2026-03-07,2026-12-18,5525.0,6740.02,1676.6,1683.2,0.444508385477066,150.1,157.6,0.2646691423225402,7051.05,-0.2438932945006832,286,0.05488830109796226
2026-03-07,2026-12-18,5550.0,6740.02,1627.2,1632.7,0.4257774555397034,153.3,161.3,0.2632300621700287,7022.65,-0.23534271192435915,286,0.05429303772654968
2026-03-07,2026-12-18,5575.0,6740.02,1620.7,1626.2,0.4306392385864258,156.6,164.2,0.2612216441440582,7038.05,-0.23303882581896732,286,0.05346769793870395
2026-03-07,2026-12-18,5600.0,6740.02,1405.0,1418.6,0.3258820235347748,160.0,168.2,0.2598826987934112,6847.7,-0.20114623172750595,286,0.05292098328710687
2026-03-07,2026-12-18,5625.0,6740.02,1383.7,1398.2,0.3240691067886351,163.4,170.9,0.2576692428398132,6848.8,-0.19685250635565504,286,0.05202335197209257
2026-03-07,2026-12-18,5650.0,6740.02,1363.0,1377.5,0.3220501984500884,167.0,175.2,0.2564237566375732,6849.15,-0.19246901182504128,286,0.05152164079146262
2026-03-07,2026-12-18,5675.0,6740.02,1536.8,1541.6,0.4185181592369079,170.5,178.1,0.2542598912525177,7039.9,-0.21552340215614454,286,0.0506557654732226
2026-03-07,2026-12-18,5700.0,6740.02,1322.3,1336.1,0.3179112933063507,174.2,181.7,0.2524889357566833,6851.25,-0.1839649425376847,286,0.04995257404479224
2026-03-07,2026-12-18,5725.0,6740.02,1342.4,1355.2,0.3372535223674774,177.9,186.4,0.2513330940437316,6891.65,-0.185467984418732,286,0.04949627591840065
2026-03-07,2026-12-18,5750.0,6740.02,1281.1,1295.1,0.3138534496688842,181.7,190.2,0.2495859801673889,6852.15,-0.17536261683156468,286,0.048810532021614374
2026-03-07,2026-12-18,5775.0,6740.02,1441.0,1447.8,0.4014933355903626,185.6,194.0,0.2477940440464019,7029.6,-0.19659154879163912,286,0.04811216450343251
2026-03-07,2026-12-18,5800.0,6740.02,1240.3,1254.2,0.3097097762012482,189.6,197.9,0.2460145055675506,6853.5,-0.16690155313692515,286,0.04742360867835307
2026-03-07,2026-12-18,5825.0,6740.02,1263.3,1230.9,0.3060868037033081,193.6,201.9,0.244247364730835,6874.35,-0.16563809417662212,286,0.04674476082437221
2026-03-07,2026-12-18,5850.0,6740.02,1377.2,1381.8,0.3908561586380005,197.7,205.9,0.2424334943199157,7027.7,-0.18341782177272734,286,0.04605305140300021
2026-03-07,2026-12-18,5875.0,6740.02,1366.1,1375.0,0.3947843038654328,201.9,210.2,0.2407407393360137,7039.5,-0.18083108489022232,286,0.045412179788357376
2026-03-07,2026-12-18,5900.0,6740.02,1160.3,1173.9,0.301770516910553,206.2,214.5,0.2389983937835693,6856.75,-0.15028121763300695,286,0.04475722306329329
2026-03-07,2026-12-18,5925.0,6740.02,1361.8,1367.6,0.4053032263851165,210.6,218.9,0.2372627238845825,7074.95,-0.17737968934532483,286,0.04410950586714424
2026-03-07,2026-12-18,5950.0,6740.02,1121.0,1134.4,0.2979014988994597,215.0,223.4,0.2355299149799347,6858.5,-0.14209753937878625,286,0.04346756570748002
2026-03-07,2026-12-18,5975.0,6740.02,1100.0,1111.5,0.2943328852939605,219.6,228.0,0.2338009207344054,6856.95,-0.13767863863948804,286,0.04283172869416201
2026-03-07,2026-12-18,6000.0,6740.02,1081.7,1093.7,0.2932771783828734,224.2,232.6,0.2320204285907745,6859.3,-0.133845926486894,286,0.04218184952072809
2026-03-07,2026-12-18,6025.0,6740.02,1062.3,1074.2,0.2913297949028014,228.9,237.4,0.2302933416748047,6860.1,-0.12980453951430326,286,0.041556209974926095
2026-03-07,2026-12-18,6050.0,6740.02,1042.9,1054.8,0.2893900407409667,233.7,242.1,0.2284623052978515,6860.95,-0.12578764407203918,286,0.040898019543601345
2026-03-07,2026-12-18,6075.0,6740.02,1023.6,1035.4,0.2874073716640472,238.6,247.2,0.2267829016208648,6861.6,-0.12175866146746257,286,0.04029895495267822
2026-03-07,2026-12-18,6100.0,6740.02,1004.4,1016.1,0.2854304245758056,243.6,252.3,0.2250481853866576,6862.3,-0.11775389133369545,286,0.03968480033782641
2026-03-07,2026-12-18,6125.0,6740.02,985.2,997.0,0.2835059290504455,248.6,257.4,0.2232591102600097,6863.1,-0.11378047827691967,286,0.03905634046528787
2026-03-07,2026-12-18,6150.0,6740.02,966.1,977.8,0.2814889280414581,253.8,262.7,0.2215139037132263,6863.7,-0.10979457311838044,286,0.038448123638208036
2026-03-07,2026-12-18,6175.0,6740.02,947.1,958.9,0.2795701545047759,259.0,268.0,0.2197124309444427,6864.5,-0.10585432084148162,286,0.037825304002996496
2026-03-07,2026-12-18,6200.0,6740.02,928.3,940.0,0.2776051282262802,264.4,273.5,0.217951012096405,6865.2,-0.10191588002930038,286,0.03722124956361732
2026-03-07,2026-12-18,6225.0,6740.02,909.6,921.2,0.2756410556125641,269.9,279.3,0.2162754230785369,6865.8,-0.09797912321881574,286,0.0474019185577026
2026-03-07,2026-12-18,6250.0,6740.02,890.9,902.6,0.2737222820758819,275.4,284.9,0.2144434330368042,6866.6,-0.0940876145941215,286,0.04668181432033105
2026-03-07,2026-12-18,6275.0,6740.02,872.4,884.0,0.2717558253002167,281.1,290.7,0.2126476822566986,6867.3,-0.09019753086608442,286,0.045965049880934625
2026-03-07,2026-12-18,6300.0,6740.02,854.7,865.5,0.2697865075302124,286.8,296.5,0.2107908969306945,6868.45,-0.08638882874932634,286,0.04524179967124472
2026-03-07,2026-12-18,6325.0,6740.02,835.7,847.2,0.2678591510105133,292.7,302.6,0.2090123121166228,6868.8,-0.08247938387457518,286,0.04454673165114687
2026-03-07,2026-12-18,6350.0,6740.02,817.5,828.9,0.2658822039222717,298.7,308.5,0.2070792336082458,6869.6,-0.0786510674715377,286,0.04381921994370343
2026-03-07,2026-12-18,6375.0,6740.02,799.3,810.8,0.2639443570899963,304.7,314.7,0.2052195872879028,6870.35,-0.07483096003470668,286,0.04311837994343104
2026-03-07,2026-12-18,6400.0,6740.02,781.4,792.8,0.2619998346042633,310.9,321.0,0.2033408676719665,6871.15,-0.07103349632844552,286,0.04241849533544612
2026-03-07,2026-12-18,6425.0,6740.02,763.3,774.7,0.2599589919757843,317.3,327.3,0.2013972988510131,6871.7,-0.06721489753447418,286,0.04169520092222034
2026-03-07,2026-12-18,6450.0,6740.02,746.4,756.9,0.2579982571887971,323.7,333.8,0.199475664319992,6872.9,-0.06350601153875747,286,0.04099641316036993
2026-03-07,2026-12-18,6475.0,6740.02,728.7,739.2,0.2560270320892334,330.2,340.3,0.1974863195896148,6873.7,-0.05975392717800264,286,0.04028963493368564
2026-03-07,2026-12-18,6500.0,6740.02,711.3,721.7,0.2540882315921784,336.9,347.2,0.1956037853145599,6874.45,-0.0560094634508728,286,0.039613528958849294
2026-03-07,2026-12-18,6525.0,6740.02,693.9,704.2,0.2520931648731231,343.7,354.0,0.1936058576011657,6875.2,-0.05227978082983645,286,0.038913163650327036
2026-03-07,2026-12-18,6550.0,6740.02,676.6,687.2,0.2502583138370514,350.6,361.0,0.1916231885242462,6876.1,-0.04858658110683963,286,0.03824941710199736
2026-03-07,2026-12-18,6575.0,6740.02,659.4,670.0,0.2482785057544708,357.7,368.1,0.1896085716772079,6876.8,-0.04487884940222605,286,0.0375610249851739
2026-03-07,2026-12-18,6600.0,6740.02,642.4,653.0,0.2463254002857208,364.9,375.4,0.1876044451427459,6877.55,-0.04119283484139174,286,0.03688520662706978
2026-03-07,2026-12-18,6625.0,6740.02,625.4,636.0,0.2443131676006317,372.2,382.7,0.1855216412639617,6878.25,-0.037513887252740276,286,0.03619231328269534
2026-03-07,2026-12-18,6650.0,6740.02,608.8,619.2,0.2423247765350341,379.7,390.2,0.1834445593738556,6879.05,-0.03386370634802719,286,0.03551092112088008
2026-03-07,2026-12-18,6675.0,6740.02,592.0,602.6,0.2403592734241485,387.3,397.9,0.1813703384780883,6879.7,-0.03020584205706579,286,0.034840258595061936
2026-03-07,2026-12-18,6700.0,6740.02,575.6,586.1,0.2383727896881103,395.0,405.6,0.1792121950817108,6880.55,-0.026591064213616823,286,0.03415882519074695
2026-03-07,2026-12-18,6725.0,6740.02,559.4,569.6,0.2363224104118347,402.9,413.6,0.1770931519412994,6881.25,-0.02296839600095024,286,0.03348010560136083
2026-03-07,2026-12-18,6750.0,6740.02,543.3,553.4,0.2343321120166778,411.0,421.7,0.1749273792266845,6882.0,-0.019366802490850203,286,0.03281033747631087
2026-03-07,2026-12-18,6775.0,6740.02,527.3,537.5,0.2324009408378601,419.2,430.0,0.1727525466966629,6882.8,-0.015786179131100968,286,0.032155283328737426
2026-03-07,2026-12-18,6800.0,6740.02,511.4,521.6,0.2304011057949065,427.6,438.4,0.1705243089389801,6883.5,-0.012204631338799874,286,0.03148765741051243
2026-03-07,2026-12-18,6825.0,6740.02,495.8,505.9,0.2284146220588684,436.2,447.0,0.1682812893772126,6884.25,-0.008643852714149578,286,0.03082681287597908
2026-03-07,2026-12-18,6850.0,6740.02,480.3,490.3,0.2263985747146606,444.9,455.6,0.165936227684021,6885.05,-0.005103742044239745,286,0.03015274437776629
2026-03-07,2026-12-18,6875.0,6740.02,465.0,474.9,0.2243939713478088,453.7,464.5,0.1636102392864227,6885.85,-0.0015769377979443814,286,0.029490766093417418
2026-03-07,2026-12-18,6900.0,6740.02,449.9,459.7,0.2223969972991943,462.9,473.6,0.1612575482749939,6886.55,0.001951177672023478,286,0.028833268326825166
2026-03-07,2026-12-18,6925.0,6740.02,434.9,444.7,0.2204086062335967,472.1,482.9,0.1588733863258362,6887.3,0.00545891612850606,286,0.028179781743587783
2026-03-07,2026-12-18,6950.0,6740.02,420.2,429.9,0.2184249834918975,481.6,492.4,0.1564539387798309,6888.05,0.008953633476456056,286,0.02752930343835151
2026-03-07,2026-12-18,6975.0,6740.02,405.6,415.3,0.216445175409317,491.3,502.1,0.1539925299835205,6888.75,0.012442681492121367,286,0.026880884084204967
2026-03-07,2026-12-18,7000.0,6740.02,391.3,400.9,0.2144682283210754,501.3,511.5,0.1512698170375824,6889.7,0.0158826063419949,286,0.0262031471899402
2026-03-07,2026-12-18,7025.0,6740.02,377.1,386.7,0.2124912812328338,510.9,521.9,0.1488370181846618,6890.5,0.019331563886747075,286,0.025575087690782643
2026-03-07,2026-12-18,7050.0,6740.02,363.2,372.7,0.2105124268150329,521.5,532.2,0.1462144400405883,6891.1,0.022796892872495738,286,0.024927849627038107
2026-03-07,2026-12-18,7075.0,6740.02,349.5,360.0,0.2089989608097076,532.0,542.8,0.1435670666122436,6892.35,0.026155342635935996,286,0.02434972729858868
2026-03-07,2026-12-18,7100.0,6740.02,336.1,346.1,0.2068865933227539,542.8,553.5,0.1407985777568817,6892.95,0.02959563390573744,286,0.023680208056137797
2026-03-07,2026-12-18,7125.0,6740.02,322.9,333.2,0.2051089621734619,553.8,564.5,0.1379871739864349,6893.9,0.03297276353223024,286,0.023059231625537822
2026-03-07,2026-12-18,7150.0,6740.02,310.0,320.2,0.2031959106254577,565.2,576.4,0.1353979741096496,6894.3,0.03641737345708339,286,0.022458016555536427
2026-03-07,2026-12-18,7175.0,6740.02,297.3,307.1,0.2011426703548431,576.7,587.9,0.1324273083209992,6894.9,0.03982075376882724,286,0.021796516556648857
2026-03-07,2026-12-18,7200.0,6740.02,284.8,294.9,0.199382205171585,588.5,599.8,0.1294242179298401,6895.7,0.04318299708720005,286,0.021178430046306485
2026-03-07,2026-12-18,7225.0,6740.02,272.7,282.4,0.1973899994468688,600.5,611.1,0.1258842142677307,6896.75,0.04649694785020664,286,0.02047176584541005
2026-03-07,2026-12-18,7250.0,6740.02,260.8,270.6,0.1956028316497803,612.8,623.4,0.1225597388458252,6897.6,0.04982794385585016,286,0.019829481151787766
2026-03-07,2026-12-18,7275.0,6740.02,249.2,258.7,0.1936668921470642,625.2,636.0,0.1190893527126312,6898.35,0.05316156048536636,286,0.019161308251944516
2026-03-07,2026-12-18,7300.0,6740.02,237.9,247.5,0.1919359905719757,638.1,649.7,0.1158764560699462,6898.8,0.05652686471923687,286,0.018560323054793285
2026-03-07,2026-12-18,7325.0,6740.02,226.9,236.2,0.1900515489673615,651.2,662.7,0.1119101642513275,6899.6,0.0598297159947943,286,0.017861459320198777
2026-03-07,2026-12-18,7350.0,6740.02,216.1,225.5,0.1883282767105102,664.9,675.7,0.1074708547019958,6900.5,0.06310644047878769,286,0.01713984799814822
2026-03-07,2026-12-18,7375.0,6740.02,205.7,214.9,0.1865382479190826,678.4,690.2,0.1034082427406311,6901.0,0.06642957358741881,286,0.016468304581864834
2026-03-07,2026-12-18,7400.0,6740.02,195.6,204.8,0.1848655198955535,692.5,704.4,0.0985083131027221,6901.75,0.06970499757542845,286,0.015730142848798964
2026-03-07,2026-12-18,7425.0,6740.02,185.9,194.8,0.1831212670135497,706.9,718.9,0.0929389107894897,6902.45,0.0729762636450907,286,0.014928655771118269
2026-03-07,2026-12-18,7450.0,6740.02,176.4,185.4,0.1815458127975463,721.6,733.6,0.0862365547180176,6903.3,0.0762144742489673,286,0.014046791340233417
2026-03-07,2026-12-18,7475.0,6740.02,167.3,175.9,0.1797996525859833,736.6,748.7,0.0777203282356262,6903.95,0.0794704077002953,286,0.012990774376298333
2026-03-07,2026-12-18,7500.0,6740.02,158.4,167.2,0.1783243331718445,751.9,764.1,0.0640657559204101,6904.8,0.08268619861895386,286,0.011509140556837825
2026-03-07,2026-12-18,7525.0,6740.02,150.0,158.4,0.1766744931030273,767.6,779.9,1.0000000000000004e-05,6905.45,0.08591985573062098,286,0.006115191294163753
2026-03-07,2026-12-18,7550.0,6740.02,141.8,150.3,0.175254486246109,783.6,795.9,1.0000000000000004e-05,6906.3,0.08911352475010993,286,0.006017291150538484
2026-03-07,2026-12-18,7575.0,6740.02,134.0,142.1,0.1736542367458343,799.9,812.3,1.0000000000000004e-05,6906.95,0.09232520034766406,286,0.0059079112312402544
2026-03-07,2026-12-18,7600.0,6740.02,126.5,134.5,0.172239951877594,816.6,828.0,1.0000000000000004e-05,6908.2,0.0954391354871726,286,0.005812077488797512
2026-03-07,2026-12-18,7625.0,6740.02,119.2,127.3,0.1709134041690826,833.5,846.0,1.0000000000000004e-05,6908.5,0.09867978497888817,286,0.005722901155154661
2026-03-07,2026-12-18,7650.0,6740.02,112.4,120.1,0.1694542970561981,851.0,863.2,1.0000000000000004e-05,6909.15,0.10185902775547864,286,0.02249978360047048
2026-03-07,2026-12-18,7675.0,6740.02,105.8,113.5,0.1682002278709412,868.6,881.3,1.0000000000000004e-05,6909.7,0.10504207197624238,286,0.022167990585121235
2026-03-07,2026-12-18,7700.0,6740.02,99.5,107.2,0.1669890736007691,886.4,899.1,1.0000000000000004e-05,6910.6,0.10816386416945117,286,0.021849891235025534
2026-03-07,2026-12-18,7725.0,6740.02,93.6,101.0,0.1657035334777832,904.6,917.4,1.0000000000000004e-05,6911.3,0.11130406955867439,286,0.021514769994543905
2026-03-07,2026-12-18,7750.0,6740.02,87.9,95.2,0.1645257574748992,922.8,935.7,1.0000000000000004e-05,6912.3,0.11439041002759667,286,0.021210014557778503
2026-03-07,2026-12-18,7775.0,6740.02,82.5,89.5,0.1632735956192016,830.6,837.4,1.0000000000000004e-05,7027.0,0.10115358585523718,286,0.02088839553303248
2026-03-07,2026-12-18,7800.0,6740.02,77.4,84.4,0.1622693866062164,961.6,972.6,1.0000000000000004e-05,6913.8,0.12060431942965921,286,0.020632238891105503
2026-03-07,2026-12-18,7825.0,6740.02,72.6,79.4,0.1612003283882141,792.8,800.8,1.0000000000000004e-05,7104.2,0.09663757797948752,286,0.005090950831509759
2026-03-07,2026-12-18,7850.0,6740.02,68.0,74.7,0.1601989803695678,902.7,907.8,1.0000000000000004e-05,7016.1,0.11230602369032029,286,0.020109101389245106
2026-03-07,2026-12-18,7900.0,6740.02,59.6,66.0,0.158293558139801,859.0,863.0,1.0000000000000004e-05,7101.8,0.10651448642999581,286,0.019633587005171912
2026-03-07,2026-12-18,7950.0,6740.02,52.2,58.3,0.156603664150238,957.2,977.1,1.0000000000000004e-05,7038.1,0.12183368128580445,286,0.019216620221452693
2026-03-07,2026-12-18,8000.0,6740.02,45.6,51.4,0.1550301172637939,1122.1,1135.8,1.0000000000000004e-05,6919.55,0.14509080306646246,286,0.018832384811025057
2026-03-07,2026-12-18,8050.0,6740.02,39.7,45.3,0.1536263227081299,1150.9,1190.4,1.0000000000000004e-05,6921.85,0.1509890164896795,286,0.018492875206145825
2026-03-07,2026-12-18,8100.0,6740.02,34.6,39.9,0.152363670539856,1194.1,1233.6,1.0000000000000004e-05,6923.4,0.15695708323185323,286,0.01819013916906314
2026-03-07,2026-12-18,8150.0,6740.02,30.1,35.1,0.151200199508667,1046.7,1054.8,1.0000000000000004e-05,7131.85,0.1334472594416446,286,0.017913394780267843
2026-03-07,2026-12-18,8200.0,6740.02,26.2,30.9,0.1501969441604614,1282.4,1321.7,1.0000000000000004e-05,6926.5,0.1687795191544107,286,0.01767646274534317
2026-03-07,2026-12-18,8400.0,6740.02,15.0,18.8,0.1475953466415405,1464.4,1503.9,1.0000000000000004e-05,6932.75,0.19197514596500515,286,0.01706940957854148
2026-03-07,2026-12-18,8500.0,6740.02,11.3,14.8,0.1469773718643188,1557.7,1597.1,1.0000000000000004e-05,6935.65,0.2033913866522623,286,0.01692677118433064
2026-03-07,2026-12-18,8600.0,6740.02,8.5,11.7,0.1466416818618774,1651.8,1691.2,1.0000000000000004e-05,6938.6,0.21466217819743025,286,0.01684953944590164
2026-03-07,2026-12-18,8700.0,6740.02,6.4,9.4,0.1468209708404541,1746.7,1786.0,1.0000000000000004e-05,6941.55,0.22579793313966498,286,0.016890766243453623
2026-03-07,2026-12-18,8800.0,6740.02,4.9,7.6,0.1472100660705566,1675.7,1683.0,1.0000000000000004e-05,7126.9,0.21087536421201575,286,0.016980410454833766
2026-03-07,2026-12-18,8900.0,6740.02,3.7,6.3,0.148171360168457,1672.7,1678.2,1.0000000000000004e-05,7229.55,0.20787448316835166,286,0.017202901546884367
2026-03-07,2026-12-18,9000.0,6740.02,2.9,5.3,0.1494149390411377,2033.8,2073.0,1.0000000000000004e-05,6950.7,0.258382203406919,286,0.017492875798571866
2026-03-07,2026-12-18,9200.0,6740.02,1.7,3.8,0.1520470538330078,2226.4,2265.5,1.0000000000000004e-05,6956.8,0.27948388555029613,286,0.01811461830597015
2026-03-07,2026-12-18,9400.0,6740.02,1.0,2.9,0.1556633506774902,2362.0,2398.9,1.0000000000000004e-05,7021.5,0.29173281884986035,286,0.01898654389267118
2026-03-07,2026-12-18,9600.0,6740.02,0.55,2.3,0.1597068893432617,2713.8,2753.1,1.0000000000000004e-05,6867.975,0.3348937955150758,286,0.019985750915228598
2026-03-07,2026-12-18,10000.0,6740.02,0.5,1.6,0.1687705194091797,3000.4,3039.4,1.0000000000000004e-05,6981.15,0.35937143334362603,286,0.022318568853124027
2026-03-07,2026-12-18,10200.0,6740.02,0.0,1.1,0.1695639685058594,3163.5,3248.5,1.0000000000000004e-05,6994.55,0.3772564459076265,286,0.022528916911836817
2026-03-07,2026-12-18,10400.0,6740.02,0.0,1.25,0.1788107022094726,3388.1,3427.1,1.0000000000000004e-05,6993.025,0.3968925824284125,286,0.025053025825338027
2026-03-07,2026-12-18,10600.0,6740.02,0.0,1.15,0.1841817422485351,3582.0,3621.0,1.0000000000000004e-05,6999.075,0.4150760036514876,286,0.026580694396777706
2026-03-07,2026-12-18,10800.0,6740.02,0.0,1.05,0.189186575012207,3775.9,3815.0,1.0000000000000004e-05,7005.075000000001,0.4329112477604036,286,0.028044893718210787
2026-03-07,2026-12-18,11000.0,6740.02,0.0,1.0,0.194771235961914,3969.8,4008.9,1.0000000000000004e-05,7011.15,0.4503935338516171,286,0.029725064729933238
2026-03-07,2026-12-18,11400.0,6740.02,0.0,0.85,0.2041705560302734,4208.7,4247.7,1.0000000000000004e-05,7172.225,0.46339742814742335,286,0.03266324975785575
2026-03-07,2026-12-18,12000.0,6740.02,0.05,0.5,0.2118609088134765,4950.6,4967.2,1.0000000000000004e-05,7041.375,0.5331031861890525,286,0.035170199395659865
2026-03-07,2026-12-31,2800.0,6740.02,3966.0,4005.4,0.5845988806152342,16.9,20.7,0.505788023223877,6766.9,-0.8824236623625776,299,0.20956338577144767
2026-03-07,2026-12-31,3000.0,6740.02,3787.5,3805.4,0.5682187343597411,20.4,24.3,0.4827017062377929,6774.1,-0.8144942279450509,299,0.1908692608883783
2026-03-07,2026-12-31,3200.0,6740.02,3824.2,3842.2,0.8395287348556517,24.1,28.3,0.4604851315307617,7007.0,-0.783758839582716,299,0.17370389137509581
2026-03-07,2026-12-31,4000.0,6740.02,2832.8,2872.4,0.487847681388855,45.1,49.9,0.3795914702606201,6805.1,-0.5313779699527165,299,0.11803511124408535
2026-03-07,2026-12-31,4200.0,6740.02,2879.9,2893.9,0.6356542782592774,52.5,57.6,0.3616358697891235,7031.85,-0.5153653038080225,299,0.10713252107704828
2026-03-07,2026-12-31,4500.0,6740.02,2581.6,2594.1,0.5708193782138825,66.5,71.8,0.3362512206840514,7018.7,-0.44450061892736686,299,0.09262027435628184
2026-03-07,2026-12-31,4800.0,6740.02,2228.6,2241.1,0.4778971430778503,84.8,89.8,0.3122150535774231,6947.549999999999,-0.36977316152817263,299,0.07985203743678244
2026-03-07,2026-12-31,5000.0,6740.02,1932.2,1945.2,0.3753419400024413,99.8,105.0,0.297303551082611,6836.3,-0.3128087371693606,299,0.0724066603956517
2026-03-07,2026-12-31,5100.0,6740.02,1834.0,1867.1,0.3733411512947082,108.4,113.7,0.2900957526779174,6839.5,-0.29347408981708195,299,0.06893837855016015
2026-03-07,2026-12-31,5300.0,6740.02,1781.9,1793.0,0.4151288346099854,128.1,133.5,0.2760044018936157,6956.65,-0.2719912160766324,299,0.06240370008090714
2026-03-07,2026-12-31,5400.0,6740.02,1784.2,1795.0,0.4526479143714905,139.3,144.9,0.2692085866737366,7047.5,-0.26627399043590183,299,0.059368508708280414
2026-03-07,2026-12-31,5450.0,6740.02,1741.6,1753.1,0.4470174775123596,145.3,150.9,0.2657887447738647,7049.25,-0.2573056195112307,299,0.057869735336141134
2026-03-07,2026-12-31,5500.0,6740.02,1488.1,1526.7,0.340724862165451,151.6,157.3,0.2624795279884339,6852.95,-0.21993112426393308,299,0.05643768570218159
2026-03-07,2026-12-31,5600.0,6740.02,1404.7,1443.1,0.3323144924736022,165.0,170.7,0.2557552376270294,6856.05,-0.20236487640992928,299,0.05358304583705156
2026-03-07,2026-12-31,5700.0,6740.02,1322.5,1360.6,0.3240252382087706,179.5,185.4,0.2491539700222015,6859.1,-0.18511006295515167,299,0.05085269187005315
2026-03-07,2026-12-31,5780.0,6740.02,1425.1,1464.5,0.4024079001140594,192.0,197.9,0.2437981886196136,7029.85,-0.19576168578404746,299,0.04868994376845809
2026-03-07,2026-12-31,5800.0,6740.02,1241.5,1279.3,0.3158590067005157,195.2,201.1,0.2424296796607971,6862.25,-0.16817745874719595,299,0.04814485677959061
2026-03-07,2026-12-31,5900.0,6740.02,1345.4,1354.5,0.3833012262535095,212.1,218.2,0.2357502115440368,7034.8,-0.17591690996839834,299,0.04552841235801198
2026-03-07,2026-12-31,5950.0,6740.02,1118.6,1159.6,0.3037255297088622,221.1,227.2,0.2323647015762329,6864.95,-0.14303753631467792,299,0.044230172622040875
2026-03-07,2026-12-31,6000.0,6740.02,1091.4,1105.8,0.2927002111911773,230.3,236.5,0.2289391376876831,6865.2,-0.13470570285229133,299,0.042935686303530944
2026-03-07,2026-12-31,6050.0,6740.02,1052.7,1067.0,0.2888550347995757,239.9,246.2,0.2255154811286926,6866.8,-0.12663993237188706,299,0.041661129962693166
2026-03-07,2026-12-31,6055.0,6740.02,1216.7,1226.3,0.3647801025676728,185.2,186.0,0.1939463159275055,7090.9,-0.15792789483406167,299,0.030813525657790903
2026-03-07,2026-12-31,6100.0,6740.02,1014.3,1028.8,0.2851300201702117,249.9,256.2,0.222035558347702,6868.5,-0.11865697060385723,299,0.04038530674537522
2026-03-07,2026-12-31,6150.0,6740.02,976.4,990.7,0.2812819827842712,199.8,201.0,0.1864667230606079,6933.15,-0.1198621735634398,299,0.028482689873642386
2026-03-07,2026-12-31,6180.0,6740.02,953.8,968.0,0.2789655310344695,205.4,206.2,0.1841769739246368,6935.1,-0.11527720180390448,299,0.027787468930101006
2026-03-07,2026-12-31,6200.0,6740.02,938.8,953.0,0.2774472967052459,271.0,277.4,0.2150194465637206,6871.7,-0.1028622362647118,299,0.03787335714457545
2026-03-07,2026-12-31,6225.0,6740.02,920.2,934.3,0.2755313841629028,276.5,282.9,0.2132227421188354,6872.55,-0.09896177405288994,299,0.04892143711730833
2026-03-07,2026-12-31,6240.0,6740.02,909.0,923.1,0.2743698204612732,279.8,286.3,0.2121641742134094,6873.0,-0.09662050975813193,299,0.04847800209880625
2026-03-07,2026-12-31,6250.0,6740.02,1073.6,1081.6,0.3476532367897033,282.1,288.5,0.2114165010261535,7042.3,-0.11935335761078632,299,0.03661475105462007
2026-03-07,2026-12-31,6300.0,6740.02,864.9,878.8,0.2697822160387039,293.5,300.1,0.207814509153366,6875.05,-0.0873492828559746,299,0.04671334996050867
2026-03-07,2026-12-31,6390.0,6740.02,803.6,810.8,0.261723271818161,315.3,322.0,0.2011884462642669,6878.55,-0.07367360552972792,299,0.04388485641278736
2026-03-07,2026-12-31,6400.0,6740.02,796.5,803.6,0.2609469886875153,317.8,324.5,0.2004321900939941,6878.9,-0.07216076507593125,299,0.043594762491312944
2026-03-07,2026-12-31,6450.0,6740.02,915.3,924.6,0.324304661989212,330.6,337.3,0.1966299286174774,7036.0,-0.08695969606763063,299,0.055575672232518594
2026-03-07,2026-12-31,6470.0,6740.02,892.4,901.8,0.3188249041652678,335.8,342.6,0.1951136016178131,7027.9,-0.0827118329117218,299,0.05409294762345017
2026-03-07,2026-12-31,6500.0,6740.02,725.8,732.8,0.2532432845973968,343.8,350.8,0.1928667673969268,6882.0,-0.05710713047369725,299,0.04075701326618018
2026-03-07,2026-12-31,6525.0,6740.02,709.4,711.6,0.2497032809352874,350.8,357.6,0.1909031716156005,6881.3,-0.0531666343754054,299,0.03975758887863964
2026-03-07,2026-12-31,6540.0,6740.02,698.1,705.9,0.2505282009696959,350.1,352.1,0.1856236833953857,6890.9,-0.0522645351187641,299,0.038957747537211124
2026-03-07,2026-12-31,6560.0,6740.02,766.7,769.0,0.2813849785804748,271.6,272.8,0.1480626423835755,7055.65,-0.07283811134361114,299,0.03776928252489938
2026-03-07,2026-12-31,6575.0,6740.02,674.1,681.3,0.2475870987892151,364.8,371.8,0.1870188949680328,6884.4,-0.045983404349860306,299,0.03868207436514231
2026-03-07,2026-12-31,6580.0,6740.02,807.0,809.7,0.3026173712348938,366.2,373.2,0.1866059581184387,7018.65,-0.06453614651469096,299,0.04901541118430425
2026-03-07,2026-12-31,6595.0,6740.02,805.5,807.0,0.304498951845169,370.6,377.6,0.1854339041042327,7027.15,-0.06346943204890215,299,0.04915768958786468
2026-03-07,2026-12-31,6600.0,6740.02,657.1,665.0,0.2459525173568725,372.0,379.1,0.1850505308628082,6885.5,-0.04234810215266366,299,0.038043373044398816
2026-03-07,2026-12-31,6605.0,6740.02,804.8,806.9,0.3064511036491394,281.8,283.0,0.1437206066417694,7128.45,-0.07626688151465337,299,0.04150254524323722
2026-03-07,2026-12-31,6610.0,6740.02,785.0,787.8,0.2994359455299377,370.3,372.2,0.180131527929306,7025.15,-0.06091291344142438,299,0.04709965994412646
2026-03-07,2026-12-31,6625.0,6740.02,640.3,647.6,0.2438000959491729,379.4,386.5,0.1830487884902953,6886.0,-0.03863999304404609,299,0.03731355553014954
2026-03-07,2026-12-31,6630.0,6740.02,770.6,773.3,0.2973226243782042,287.3,288.6,0.1411552483844757,7114.0,-0.07045986932849231,299,0.03937437714098835
2026-03-07,2026-12-31,6640.0,6740.02,763.5,766.1,0.2962764541149139,384.0,391.0,0.1818357268905639,7017.3,-0.055266565181294164,299,0.04681423700693056
2026-03-07,2026-12-31,6645.0,6740.02,627.0,634.2,0.2422532516765594,385.5,392.5,0.1814246973705291,6886.6,-0.035712802269207054,299,0.036761231745284555
2026-03-07,2026-12-31,6650.0,6740.02,623.6,630.8,0.2418403148269653,387.0,394.0,0.1810108068561554,6886.7,-0.03497516061496115,299,0.03661788922020091
2026-03-07,2026-12-31,6665.0,6740.02,745.3,748.1,0.2936305111837387,391.5,398.6,0.179792023267746,7016.65,-0.05141594252987552,299,0.04590036982316006
2026-03-07,2026-12-31,6675.0,6740.02,738.2,741.0,0.2926010300540923,394.6,401.7,0.178976639881134,7016.45,-0.04988818783734823,299,0.04554333159978057
2026-03-07,2026-12-31,6695.0,6740.02,593.8,601.1,0.2383861409950256,400.8,407.9,0.1773067728519439,6888.1,-0.02843430587923157,299,0.03538861574531001
2026-03-07,2026-12-31,6700.0,6740.02,590.6,597.9,0.2380313776969909,402.3,409.5,0.1769024189853668,6888.35,-0.02772405244570232,299,0.035259483995302474
2026-03-07,2026-12-31,6720.0,6740.02,577.5,584.8,0.2364635527992248,408.6,415.8,0.1752068030071258,6888.95,-0.024830524102209116,299,0.034707035666485246
2026-03-07,2026-12-31,6725.0,6740.02,574.3,581.5,0.236055384273529,410.2,417.4,0.1747843295097351,6889.1,-0.024108526912706416,299,0.0345671177096115
2026-03-07,2026-12-31,6730.0,6740.02,571.0,578.3,0.2356858391714096,321.7,323.0,0.1348472326993942,6982.3,-0.03680323173417692,299,0.028117214005242638
2026-03-07,2026-12-31,6740.0,6740.02,564.6,571.8,0.2348976352310181,415.0,422.3,0.1735388433074951,6889.55,-0.021945845921982815,299,0.034163895029644835
2026-03-07,2026-12-31,6750.0,6740.02,558.2,565.4,0.2341404253959655,418.2,425.5,0.1726624253749847,6889.95,-0.020521323220747994,299,0.033891150177545355
2026-03-07,2026-12-31,6765.0,6740.02,688.2,689.5,0.2881235739135741,423.1,430.4,0.1713635339450836,7027.1,-0.03801184131001683,299,0.04323793992068892
2026-03-07,2026-12-31,6770.0,6740.02,545.3,552.7,0.2326364960384369,424.8,432.1,0.1709505970954895,6890.55,-0.017649820750014002,299,0.03335745204215306
2026-03-07,2026-12-31,6775.0,6740.02,542.1,549.5,0.2322435861492157,426.4,433.8,0.1705338455867767,6890.7,-0.01693330961591686,299,0.03322374533920326
2026-03-07,2026-12-31,6785.0,6740.02,535.7,543.1,0.231450137052536,429.8,437.1,0.1696478910064697,6890.95,-0.015494663220962745,299,0.0329472663052973
2026-03-07,2026-12-31,6795.0,6740.02,529.4,536.8,0.2306872052288055,433.1,440.5,0.1687886390399933,6891.3,-0.014072698870053076,299,0.03268130417542918
2026-03-07,2026-12-31,6800.0,6740.02,526.3,533.7,0.2303219516181946,434.9,442.1,0.1683127603149414,6891.5,-0.013366155970295475,299,0.032543822214963214
2026-03-07,2026-12-31,6805.0,6740.02,523.9,526.0,0.2280636734199524,436.6,443.8,0.1678731208515167,6889.75,-0.012377163793593755,299,0.032104806556392
2026-03-07,2026-12-31,6820.0,6740.02,513.7,521.1,0.2287531730556488,441.7,448.9,0.1665322681713104,6892.1,-0.010516356281369996,299,0.03199926262585722
2026-03-07,2026-12-31,6825.0,6740.02,642.5,644.0,0.2801609498357771,443.4,450.6,0.1660773700714111,7021.25,-0.02834892379348199,299,0.04078045397802974
2026-03-07,2026-12-31,6830.0,6740.02,645.3,646.7,0.2821555397224425,445.1,452.4,0.1656596648979187,7027.25,-0.028470775054425138,299,0.04106917725292028
2026-03-07,2026-12-31,6835.0,6740.02,504.4,511.7,0.2275677677345275,446.9,454.1,0.1651971374797821,6892.55,-0.008384647975468737,299,0.031592477369612106
2026-03-07,2026-12-31,6840.0,6740.02,502.4,504.5,0.2254987919950485,448.6,455.9,0.1647713261556625,6891.2,-0.0074575036832499495,299,0.03119241011732165
2026-03-07,2026-12-31,6845.0,6740.02,619.6,622.2,0.2747169544410705,450.4,457.6,0.1643006925868987,7011.9,-0.024090246950482466,299,0.0394713779631441
2026-03-07,2026-12-31,6850.0,6740.02,495.1,502.5,0.2264405359649658,452.1,459.4,0.1638667751121521,6893.05,-0.006265005338746577,299,0.03119835570342108
2026-03-07,2026-12-31,6855.0,6740.02,492.1,499.4,0.2260457187461853,453.9,461.1,0.1633875585603714,6893.25,-0.005564358909913777,299,0.03105878422235885
2026-03-07,2026-12-31,6860.0,6740.02,489.0,496.3,0.2256480405330658,455.6,462.9,0.1629455349349975,6893.4,-0.004856990367443129,299,0.030924989795630794
2026-03-07,2026-12-31,6865.0,6740.02,557.8,560.2,0.2527397495937347,457.4,464.7,0.1624992198181152,6962.95,-0.014167195901825145,299,0.03531136788612763
2026-03-07,2026-12-31,6870.0,6740.02,483.5,485.9,0.2231208288669586,459.2,466.5,0.1620486132097244,6891.85,-0.0031754478300975364,299,0.0303823933108146
2026-03-07,2026-12-31,6875.0,6740.02,479.7,487.2,0.2245189014339446,461.0,468.3,0.1615941919422149,6893.8,-0.0027308133872475746,299,0.030531447220599698
2026-03-07,2026-12-31,6880.0,6740.02,476.7,484.2,0.2241507868289947,462.7,470.1,0.1611345255184173,6894.05,-0.0020400688066137132,299,0.030400675891289183
2026-03-07,2026-12-31,6885.0,6740.02,473.7,481.1,0.2237388036441802,464.6,471.9,0.1606710444355011,6894.15,-0.001328093727831187,299,0.03026267702663866
2026-03-07,2026-12-31,6890.0,6740.02,470.6,478.1,0.2233649670505523,466.4,473.7,0.1602037486934662,6894.3,-0.0006238982232657658,299,0.030130385581888484
2026-03-07,2026-12-31,6895.0,6740.02,467.6,475.1,0.2229882694625854,468.2,475.5,0.1597316846275329,6894.5,7.251894560638261e-05,299,0.02999718795504379
2026-03-07,2026-12-31,6900.0,6740.02,464.6,472.1,0.2226087108802795,470.0,477.3,0.1592548522377014,6894.7,0.0007684110942296255,299,0.02986309210295266
2026-03-07,2026-12-31,6905.0,6740.02,461.6,469.1,0.2222262913036346,471.9,479.2,0.1588152127742767,6894.8,0.001478282563156082,299,0.02973465460353227
2026-03-07,2026-12-31,6910.0,6740.02,590.4,591.9,0.2734504876136779,473.7,481.0,0.1583297974014282,7023.8,-0.016334744343750405,299,0.03818070557793846
2026-03-07,2026-12-31,6915.0,6740.02,455.6,463.1,0.2214519155025482,475.5,482.9,0.1578806212902068,6895.15,0.002874699213239494,299,0.02946853347083454
2026-03-07,2026-12-31,6920.0,6740.02,452.6,460.1,0.2210609129428863,477.4,484.7,0.1573856692695618,6895.3,0.003575749541133722,299,0.02933104305540869
2026-03-07,2026-12-31,6925.0,6740.02,449.6,457.1,0.2206660957241057,479.3,486.6,0.1569279101753235,6895.4,0.00428352945789233,299,0.029199036132919368
2026-03-07,2026-12-31,6930.0,6740.02,571.0,572.5,0.2688481013870238,476.1,478.4,0.1522883310222625,7024.5,-0.013544225107757261,299,0.03632151542193424
2026-03-07,2026-12-31,6935.0,6740.02,443.7,451.2,0.2199093627214431,483.0,490.3,0.1559570794296264,6895.8,0.005668523146163952,299,0.02893246514949018
2026-03-07,2026-12-31,6940.0,6740.02,440.7,448.2,0.2195059625196457,479.0,482.4,0.1514247875642776,6903.75,0.005237032285452922,299,0.02817760053834847
2026-03-07,2026-12-31,6945.0,6740.02,437.8,445.2,0.2190992244911194,486.8,494.1,0.1550077061414718,6896.05,0.00707319229115408,299,0.02866222100592752
2026-03-07,2026-12-31,6950.0,6740.02,434.9,442.3,0.2187311098861694,488.7,496.0,0.1545256285953521,6896.25,0.007763873972197273,299,0.02853209400940892
2026-03-07,2026-12-31,6955.0,6740.02,431.9,439.4,0.2183601342868805,490.6,497.9,0.154039259557724,6896.4,0.008461289055847235,299,0.028401172090556735
2026-03-07,2026-12-31,6960.0,6740.02,429.0,436.4,0.2179443364429474,487.5,489.9,0.149431151342392,6904.0,0.008078520565201476,299,0.02764004106755431
2026-03-07,2026-12-31,6965.0,6740.02,426.1,433.5,0.2175666851902008,494.4,501.8,0.1530932240962982,6896.7,0.009854570901328125,299,0.028136466943377004
2026-03-07,2026-12-31,6970.0,6740.02,423.2,430.6,0.2171861729431152,496.3,503.7,0.1525915964221954,6896.9,0.010543189485952098,299,0.028002701381040183
2026-03-07,2026-12-31,6975.0,6740.02,420.3,427.7,0.2168023228693008,498.3,505.6,0.1520852004241943,6897.05,0.011238543755772192,299,0.027868029758658253
2026-03-07,2026-12-31,6980.0,6740.02,417.4,424.8,0.2164156118011474,495.2,497.4,0.1473550231170654,6904.8,0.010832094850970224,299,0.027100269434117193
2026-03-07,2026-12-31,6985.0,6740.02,414.5,421.9,0.2160255629062652,502.2,509.5,0.151098157377243,6897.35,0.012627712845876715,299,0.027602169844141277
2026-03-07,2026-12-31,6990.0,6740.02,411.6,419.0,0.2156326530170441,504.1,511.5,0.1506175103282928,6897.5,0.013321529136414873,299,0.02747096949520226
2026-03-07,2026-12-31,6995.0,6740.02,408.7,416.2,0.2152769360542297,433.0,434.6,0.116749059343338,6973.65,0.0030568475300181636,299,0.022576806318016406
2026-03-07,2026-12-31,7000.0,6740.02,405.9,413.3,0.2148778273439407,508.1,515.4,0.1495989963436126,6897.85,0.014700380210558372,299,0.027205591196304776
2026-03-07,2026-12-31,7005.0,6740.02,403.0,410.4,0.214474903974533,510.1,517.4,0.1491030906581878,6897.95,0.015399913778411142,299,0.02707157431244114
2026-03-07,2026-12-31,7010.0,6740.02,400.2,407.6,0.2141106040287017,400.9,403.6,0.098887871685028,7011.65,-0.00023535033432092346,299,0.020063318968449557
2026-03-07,2026-12-31,7015.0,6740.02,397.3,404.7,0.2137014818382263,439.0,449.5,0.1174709835815429,6971.75,0.006184444256133717,299,0.022460880379322094
2026-03-07,2026-12-31,7020.0,6740.02,394.5,401.9,0.2133305062389373,516.1,523.4,0.1475810416698456,6898.45,0.017466469350488546,299,0.02667594964298643
2026-03-07,2026-12-31,7025.0,6740.02,391.7,399.1,0.2129566696453094,518.0,525.4,0.1470627248620987,6898.7,0.018142227164298915,299,0.02654422970001558
2026-03-07,2026-12-31,7030.0,6740.02,388.8,396.3,0.2125790183925628,398.8,400.2,0.091089754781723,7023.05,0.0009891092064171127,299,0.018885070148322997
2026-03-07,2026-12-31,7035.0,6740.02,508.7,510.3,0.2603280602455139,401.0,402.3,0.0904212357711792,7142.85,-0.015214165805980399,299,0.025194859950825713
2026-03-07,2026-12-31,7040.0,6740.02,383.2,390.7,0.211814179239273,519.1,521.2,0.1411333140945435,6906.8,0.019101736613812943,299,0.02551164930283336
2026-03-07,2026-12-31,7050.0,6740.02,377.7,385.1,0.2110359887790679,528.3,535.7,0.1445111947441101,6899.4,0.021593165523640302,299,0.025888853502512365
2026-03-07,2026-12-31,7055.0,6740.02,374.9,382.3,0.2106421252250671,529.6,537.7,0.1439571155071258,6899.95,0.022222420104630426,299,0.0257509902991962
2026-03-07,2026-12-31,7070.0,6740.02,366.6,374.0,0.2094815151882171,536.6,544.0,0.1423873832798004,6900.0,0.024339068305267622,299,0.025355962185629934
2026-03-07,2026-12-31,7075.0,6740.02,363.9,371.3,0.2091153079128265,533.8,535.9,0.1374483533859253,6907.75,0.023923473824465136,299,0.024597126731853422
2026-03-07,2026-12-31,7080.0,6740.02,361.2,368.5,0.2087042783927916,540.8,548.2,0.1413097420787811,6900.35,0.02570177275118445,299,0.025089338728408
2026-03-07,2026-12-31,7090.0,6740.02,355.7,363.1,0.2079556515407561,539.0,542.0,0.1356826430463791,6908.9,0.02587490501678216,299,0.024183627379807983
2026-03-07,2026-12-31,7100.0,6740.02,350.3,357.6,0.2071512352991104,549.2,556.7,0.1391182204151153,6901.0,0.02842845540880491,299,0.02455538236453918
2026-03-07,2026-12-31,7105.0,6740.02,347.6,354.9,0.2067645242309569,551.4,558.8,0.1385422068881989,6901.15,0.02911069716652954,299,0.024419030704317043
2026-03-07,2026-12-31,7110.0,6740.02,344.9,352.2,0.2063744753360747,553.6,561.0,0.1380033862876892,6901.25,0.02979968919903228,299,0.02428783380917146
2026-03-07,2026-12-31,7115.0,6740.02,342.2,349.5,0.2059806117820739,555.7,563.1,0.1374130677890778,6901.45,0.03047369708841812,299,0.02414920995318838
2026-03-07,2026-12-31,7120.0,6740.02,339.5,346.9,0.2056258484840393,558.0,565.2,0.1368160736370087,6901.6,0.031154456643652347,299,0.02401553050531604
2026-03-07,2026-12-31,7125.0,6740.02,336.9,344.2,0.205224355611801,560.2,567.4,0.1362553187465667,6901.75,0.031834723520018544,299,0.02388075481641723
2026-03-07,2026-12-31,7130.0,6740.02,334.2,341.5,0.2048200017452239,562.3,569.6,0.1356878882026672,6901.9,0.03251449840939543,299,0.023745028295830663
2026-03-07,2026-12-31,7135.0,6740.02,331.6,338.9,0.2044542713022231,564.5,571.8,0.1351118746757507,6902.1,0.03318653780390382,299,0.023613866493702774
2026-03-07,2026-12-31,7140.0,6740.02,328.9,336.3,0.2040847262001037,566.7,574.0,0.1345291854953766,6902.25,0.033865330946554056,299,0.023481612997890845
2026-03-07,2026-12-31,7150.0,6740.02,323.7,331.1,0.2033346688508987,571.1,578.4,0.1333399655151367,6902.65,0.03520696086307332,299,0.023213419875496976
2026-03-07,2026-12-31,7160.0,6740.02,318.5,325.9,0.2025703065299987,575.6,582.9,0.1321631431770325,6902.95,0.03656112450503037,299,0.022946505632519255
2026-03-07,2026-12-31,7175.0,6740.02,310.8,318.2,0.201437352771759,502.1,504.2,0.088601643371582,6986.35,0.026644516315616956,299,0.017227851483470724
2026-03-07,2026-12-31,7185.0,6740.02,405.0,407.8,0.240488018169403,468.0,469.1,0.061796033744812,7122.85,0.008687593299254549,299,0.018713232030452786
2026-03-07,2026-12-31,7200.0,6740.02,298.2,305.5,0.1995319305419922,594.0,601.4,0.1273471360397338,6904.15,0.041958345941558756,299,0.02188227899084438
2026-03-07,2026-12-31,7225.0,6740.02,286.5,288.5,0.1956838931560516,469.5,470.9,1.0000000000000004e-05,7042.3,0.025612412639399482,299,0.007842831401200734
2026-03-07,2026-12-31,7250.0,6740.02,273.8,281.1,0.1958588906431198,479.4,480.9,1.0000000000000004e-05,7047.3,0.0283569041208911,299,0.00785686443438915
2026-03-07,2026-12-31,7260.0,6740.02,371.6,373.0,0.236412054901123,617.9,620.0,0.1142857432174682,7013.35,0.034564353212273455,299,0.02518746214792001
2026-03-07,2026-12-31,7275.0,6740.02,363.8,365.0,0.235078831539154,630.5,637.6,0.1173107678985595,7005.35,0.03776967020555417,299,0.025431061991623132
2026-03-07,2026-12-31,7300.0,6740.02,250.6,257.7,0.1922201826763153,643.1,650.4,0.1137211736679077,6907.4,0.055281047461438346,299,0.019168790371918563
2026-03-07,2026-12-31,7325.0,6740.02,239.4,246.5,0.1904654394817352,656.2,663.4,0.1098616923046112,6908.15,0.05859128089960837,299,0.018471725643847282
2026-03-07,2026-12-31,7350.0,6740.02,228.6,235.5,0.1886944839859008,669.5,676.7,0.1057227871608734,6908.95,0.061882640681602374,299,0.01775190228445509
2026-03-07,2026-12-31,7360.0,6740.02,224.2,231.3,0.1880450382709503,674.9,682.1,0.1039689976310729,6909.25,0.06319883920213643,299,0.017463278734227834
2026-03-07,2026-12-31,7390.0,6740.02,211.8,218.7,0.1859951358270645,553.1,557.0,1.0000000000000004e-05,7050.2,0.04707174974399363,299,0.007085462503876282
2026-03-07,2026-12-31,7395.0,6740.02,210.5,212.5,0.183760222415924,694.2,701.4,0.0972771318721771,6908.7,0.06802260922281998,299,0.016175079696624267
2026-03-07,2026-12-31,7400.0,6740.02,207.7,214.6,0.1853223253250122,697.0,704.2,0.0962281006145477,6910.55,0.0684307708078835,299,0.01623419319292982
2026-03-07,2026-12-31,7405.0,6740.02,205.6,212.6,0.1850018939590453,699.9,707.0,0.0951418764305114,6910.65,0.06909174779397796,299,0.016072382941325285
2026-03-07,2026-12-31,7450.0,6740.02,188.0,194.8,0.1820092938804626,725.8,732.9,0.0837226943588256,6912.05,0.07494776711958108,299,0.014461255741443808
2026-03-07,2026-12-31,7455.0,6740.02,187.0,188.9,0.1797996525859833,728.7,735.8,0.0821262595176696,6910.7,0.07581401310766829,299,0.014049965647923164
2026-03-07,2026-12-31,7465.0,6740.02,182.4,189.1,0.1810384631347656,734.6,741.7,0.0787045102882385,6912.6,0.07687959770122778,299,0.013816751548318084
2026-03-07,2026-12-31,7470.0,6740.02,180.6,187.2,0.1807056341266631,737.6,744.7,0.0768486786270141,6912.75,0.07752746658497961,299,0.013584885603690183
2026-03-07,2026-12-31,7500.0,6740.02,169.7,176.3,0.1788488488006591,755.7,762.8,0.0594843503189086,6913.75,0.08139083821551406,299,0.01163288453901896
2026-03-07,2026-12-31,7510.0,6740.02,166.2,172.7,0.1782079860687256,752.9,762.3,1.0000000000000004e-05,6921.85,0.08155239083525087,299,0.006504611997917363
2026-03-07,2026-12-31,7570.0,6740.02,146.2,152.6,0.1747023143386841,796.2,810.8,1.0000000000000004e-05,6915.9,0.09036995895783455,299,0.006251228384720664
2026-03-07,2026-12-31,7590.0,6740.02,139.8,146.3,0.1735808045578002,808.9,823.2,1.0000000000000004e-05,6917.0,0.09284944178909083,299,0.006171230452520748
2026-03-07,2026-12-31,7600.0,6740.02,136.8,143.2,0.1730171886730194,815.5,829.8,1.0000000000000004e-05,6917.35,0.09411549898288728,299,0.006131221916442814
2026-03-07,2026-12-31,7650.0,6740.02,122.2,128.5,0.1703202246761322,677.7,679.1,1.0000000000000004e-05,7096.95,0.0750405335507954,299,0.005941577565772795
2026-03-07,2026-12-31,7690.0,6740.02,111.4,117.6,0.1682698453998566,719.4,720.6,1.0000000000000004e-05,7084.5,0.08201148449540807,299,0.005799393016419241
2026-03-07,2026-12-31,7700.0,6740.02,108.8,115.0,0.1677768007087708,884.1,898.6,1.0000000000000004e-05,6920.55,0.10672508261962332,299,0.023059088772507143
2026-03-07,2026-12-31,7730.0,6740.02,101.3,107.4,0.1662890836524964,739.0,747.3,1.0000000000000004e-05,7091.2,0.08625428390861231,299,0.005663671357448177
2026-03-07,2026-12-31,7750.0,6740.02,96.6,102.6,0.1653497238445282,907.9,947.1,1.0000000000000004e-05,6922.1,0.11297365156474799,299,0.02239676389441934
2026-03-07,2026-12-31,7800.0,6740.02,85.5,91.4,0.1631286385726928,944.8,984.4,1.0000000000000004e-05,6923.85,0.11915176039440908,299,0.02179910921657943
2026-03-07,2026-12-31,7900.0,6740.02,66.5,72.3,0.159278693857193,1030.0,1040.2,1.0000000000000004e-05,6934.3,0.13038264807538405,299,0.02078230408969636
2026-03-07,2026-12-31,7970.0,6740.02,55.5,61.2,0.1569794080734253,890.9,929.7,1.0000000000000004e-05,7118.05,0.11305068129372514,299,0.020186624200454282
2026-03-07,2026-12-31,8000.0,6740.02,51.4,56.9,0.1560467239189148,1103.9,1143.5,1.0000000000000004e-05,6930.45,0.14351679552127905,299,0.0199474614621972
2026-03-07,2026-12-31,8050.0,6740.02,45.0,50.4,0.1546391147041321,1035.8,1054.0,1.0000000000000004e-05,7052.8,0.13224739033412308,299,0.01958921502232011
2026-03-07,2026-12-31,8200.0,6740.02,29.8,35.0,0.1512784000205994,1275.8,1315.2,1.0000000000000004e-05,6936.9,0.16727916542431298,299,0.01874701682061631
2026-03-07,2026-12-31,8290.0,6740.02,23.1,28.6,0.1503361792182922,1356.2,1395.6,1.0000000000000004e-05,6939.95,0.1777553992653948,299,0.01851421662412161
2026-03-07,2026-12-31,8300.0,6740.02,22.5,27.9,0.1501683342170715,1365.2,1404.6,1.0000000000000004e-05,6940.3,0.17891051355242163,299,0.018472898772212313
2026-03-07,2026-12-31,8400.0,6740.02,16.9,22.3,0.149411124382019,1242.3,1252.1,1.0000000000000004e-05,7172.4,0.15799137921319623,299,0.018287072719563417
2026-03-07,2026-12-31,8500.0,6740.02,12.7,17.9,0.1489800679016113,1331.0,1341.2,1.0000000000000004e-05,7179.2,0.16887820725668903,299,0.018181707202626428
2026-03-07,2026-12-31,8600.0,6740.02,9.6,14.5,0.1489457359695434,1642.6,1681.9,1.0000000000000004e-05,6949.8,0.21304932107524369,299,0.018173328347367596
2026-03-07,2026-12-31,8800.0,6740.02,5.4,9.8,0.149849810180664,1832.0,1871.2,1.0000000000000004e-05,6956.0,0.2351471249921242,299,0.01839461566504967
2026-03-07,2027-01-15,1000.0,6740.02,5867.6,5889.6,1.5617163637924192,0.05,2.75,0.7399928344726561,6877.200000000001,-1.9282115923635552,314,0.47107690425275345
2026-03-07,2027-01-15,1200.0,6740.02,5698.8,5737.8,1.510111397209167,0.15,2.85,0.6738313867187502,6916.8,-1.7516316781372756,314,0.3906063113599358
2026-03-07,2027-01-15,1600.0,6740.02,5117.2,5156.3,0.754183366394043,2.6,7.5,0.6433751483154297,6731.7,-1.436824082809994,314,0.3560945659768465
2026-03-07,2027-01-15,2000.0,6740.02,4733.9,4773.0,0.6225776268005372,6.1,10.5,0.5827068096923829,6745.15,-1.2156765475478275,314,0.2921036410504897
2026-03-07,2027-01-15,3000.0,6740.02,3781.6,3821.0,0.5646253254699709,20.6,25.7,0.4757513973236084,6778.15,-0.8150919146938291,314,0.1947138879599586
2026-03-07,2027-01-15,3200.0,6740.02,3592.3,3631.7,0.5447547661209107,24.7,29.9,0.4539849523925781,6784.7,-0.7515192673230863,314,0.17730447621274492
2026-03-07,2027-01-15,3400.0,6740.02,3403.5,3442.9,0.5244607796096802,29.4,34.5,0.4328326675796509,6791.25,-0.69185958726148,314,0.16116726874239068
2026-03-07,2027-01-15,4000.0,6740.02,2841.0,2880.6,0.484731104888916,46.6,52.5,0.3747201505661011,6811.25,-0.5322812957952805,314,0.12079553438205035
2026-03-07,2027-01-15,4400.0,6740.02,2485.3,2498.9,0.4313592554950714,63.3,69.9,0.3402928520202636,6825.5,-0.4390610575366799,314,0.0996190594321389
2026-03-07,2027-01-15,4500.0,6740.02,2393.8,2407.5,0.4216347357368469,68.3,75.4,0.3323984149742126,6828.8,-0.41707156590896854,314,0.09505055827696934
2026-03-07,2027-01-15,5000.0,6740.02,1931.2,1970.6,0.3836016306591033,101.8,110.6,0.2949479990768432,6844.7,-0.3140367177344588,314,0.07483895111797842
2026-03-07,2027-01-15,5050.0,6740.02,1887.2,1926.6,0.3790440666770935,106.1,115.0,0.2913898757839201,6846.35,-0.3043274202582763,314,0.07304419383216898
2026-03-07,2027-01-15,5075.0,6740.02,2097.1,2105.1,0.4977848683929443,108.3,117.3,0.2896456229019165,7063.3,-0.3305858394659384,314,0.07217232952328523
2026-03-07,2027-01-15,5100.0,6740.02,2095.3,2103.8,0.5037977248287202,110.5,119.6,0.2878698990821837,7084.5,-0.3286687592918643,314,0.07129011162312932
2026-03-07,2027-01-15,5150.0,6740.02,1813.0,1824.3,0.3605925605201721,115.2,124.5,0.2844576865005492,6848.8,-0.2850767397704942,314,0.06961007966713108
2026-03-07,2027-01-15,5200.0,6740.02,1756.6,1795.8,0.365650798511505,120.0,129.5,0.2809863467025756,6851.45,-0.2758016831180662,314,0.06792149229710588
2026-03-07,2027-01-15,5275.0,6740.02,1702.9,1717.1,0.3506267635726928,127.8,137.5,0.2758975914382934,6852.35,-0.2616129797718549,314,0.06548360827916647
2026-03-07,2027-01-15,5300.0,6740.02,1872.9,1878.7,0.4524924670124054,130.6,139.5,0.2736564792060852,7040.75,-0.28400787802843064,314,0.06442408423014179
2026-03-07,2027-01-15,5325.0,6740.02,1865.1,1873.9,0.4585053234481812,133.1,143.1,0.2725178034591674,7056.4,-0.281522294844625,314,0.06388906659039383
2026-03-07,2027-01-15,5375.0,6740.02,1617.4,1630.9,0.3419274334526061,138.7,149.0,0.2692028646850586,6855.3,-0.2432635017190983,314,0.06234421166947283
2026-03-07,2027-01-15,5400.0,6740.02,1585.5,1624.4,0.3483665780448913,141.5,151.9,0.2674557508087158,6858.25,-0.23905335358268842,314,0.06153761559771321
2026-03-07,2027-01-15,5425.0,6740.02,1575.0,1588.5,0.3378381188774109,144.6,155.0,0.2658059107398987,6856.95,-0.23424483703053905,314,0.060780749605095434
2026-03-07,2027-01-15,5500.0,6740.02,1501.4,1540.1,0.3399361813926697,153.8,164.4,0.2606961748504638,6861.65,-0.22119984535926193,314,0.0584663660620339
2026-03-07,2027-01-15,5550.0,6740.02,1670.9,1677.4,0.4291820388031006,162.0,171.2,0.2574346413040161,7057.55,-0.24030003802377553,314,0.05701258818247895
2026-03-07,2027-01-15,5600.0,6740.02,1418.5,1456.8,0.3316230855083465,168.9,178.1,0.2540739266204834,6864.15,-0.20354561735263424,314,0.05553374766888258
2026-03-07,2027-01-15,5625.0,6740.02,1397.9,1436.2,0.3295946405220031,171.3,181.6,0.2523649593353271,6865.6,-0.19930248716463939,314,0.0547891913093175
2026-03-07,2027-01-15,5750.0,6740.02,1296.1,1334.1,0.3194676742267608,191.2,200.3,0.2439097673988342,6869.35,-0.17786963268386716,314,0.05117939735512813
2026-03-07,2027-01-15,5775.0,6740.02,1478.4,1486.2,0.4016974198532104,194.3,204.3,0.2422389467048644,7058.0,-0.20062346884522111,314,0.05048062491072381
2026-03-07,2027-01-15,5800.0,6740.02,1256.0,1293.7,0.3154241355609893,199.1,208.4,0.2405805236530304,6871.1,-0.1694662923129401,314,0.049791787247688284
2026-03-07,2027-01-15,5825.0,6740.02,1433.3,1438.3,0.3928750669765471,202.6,212.3,0.2387704679012298,7053.35,-0.19134368181639327,314,0.04904536879812733
2026-03-07,2027-01-15,5850.0,6740.02,1413.1,1417.0,0.3897136682319642,207.5,216.5,0.2370796202468872,7053.05,-0.18701848613905725,314,0.04835320095789641
2026-03-07,2027-01-15,5875.0,6740.02,1290.5,1299.3,0.3409756760025025,211.4,220.8,0.2353964019107818,6953.8,-0.16858221271620372,314,0.047669042011556945
2026-03-07,2027-01-15,5900.0,6740.02,1176.6,1214.0,0.3074877372646331,216.2,225.3,0.2337723107910156,6874.55,-0.15287383595326445,314,0.047013536695527
2026-03-07,2027-01-15,5950.0,6740.02,1277.7,1283.2,0.3544442836856841,225.1,234.4,0.2304354377269744,7000.7,-0.16261892449810816,314,0.04568097030567835
2026-03-07,2027-01-15,5975.0,6740.02,1257.3,1264.3,0.3524425413131713,228.9,239.0,0.2287217021179199,7001.85,-0.15859030203470723,314,0.04500404313477152
2026-03-07,2027-01-15,6000.0,6740.02,1106.3,1121.2,0.2928804538345336,234.4,243.9,0.2271109623050689,6874.6,-0.13607399081377056,314,0.04437240605076222
2026-03-07,2027-01-15,6025.0,6740.02,1090.0,1100.3,0.2902707501649856,238.4,248.7,0.225401041355133,6876.6,-0.13220686437185275,314,0.043706760672354
2026-03-07,2027-01-15,6050.0,6740.02,1250.1,1253.7,0.3670774810218811,244.0,253.6,0.2236920740699767,7053.1,-0.15340896444659685,314,0.04304651292203445
2026-03-07,2027-01-15,6075.0,6740.02,1048.7,1063.4,0.2872166387081145,248.6,258.6,0.2219811994552611,6877.45,-0.12406595447994719,314,0.0423905616828528
2026-03-07,2027-01-15,6100.0,6740.02,1029.5,1044.3,0.285327428779602,253.9,263.8,0.2203170544147491,6878.05,-0.12004641035948908,314,0.041757358362524206
2026-03-07,2027-01-15,6125.0,6740.02,1010.7,1025.2,0.2833981649303435,259.2,269.0,0.2186014114761352,6878.85,-0.11607273038035842,314,0.041109548518352315
2026-03-07,2027-01-15,6150.0,6740.02,991.8,1006.5,0.2816081361389159,264.2,274.3,0.216881000213623,6879.9,-0.1121520351374724,314,0.04046502364835541
2026-03-07,2027-01-15,6175.0,6740.02,1139.3,1145.3,0.3494642462062835,268.9,279.7,0.2151558206272125,7043.0,-0.13152533324923235,314,0.03982382609596587
2026-03-07,2027-01-15,6200.0,6740.02,954.4,969.0,0.2778592798900604,275.1,285.2,0.2134230117225647,6881.55,-0.10429462521774263,314,0.03918494774486909
2026-03-07,2027-01-15,6225.0,6740.02,935.9,950.3,0.2759443210124969,279.9,290.8,0.2116825734996795,6882.75,-0.10044483903432383,314,0.03854845683277377
2026-03-07,2027-01-15,6250.0,6740.02,1013.3,1017.9,0.3116304570674896,286.0,296.5,0.2099325986289977,6974.35,-0.109657669652507,314,0.037913732968977785
2026-03-07,2027-01-15,6275.0,6740.02,1060.2,1069.7,0.339853212556839,291.2,302.3,0.2081721334457397,7043.2,-0.1154891273321579,314,0.037280520720581294
2026-03-07,2027-01-15,6300.0,6740.02,880.7,894.9,0.2702471276187897,297.5,308.2,0.2064002242851257,6884.95,-0.08878823659263664,314,0.04886199123026212
2026-03-07,2027-01-15,6325.0,6740.02,1023.3,1029.0,0.333625781545639,302.9,314.2,0.2046149638175964,7042.6,-0.10746738555701209,314,0.03601733422815329
2026-03-07,2027-01-15,6350.0,6740.02,844.5,858.5,0.2664582174491882,309.4,320.3,0.2028163520431518,6886.65,-0.08112994198032639,314,0.047362087105258494
2026-03-07,2027-01-15,6375.0,6740.02,995.6,998.1,0.3314442733621597,315.4,326.5,0.2010020047998428,7050.9,-0.10077117720636539,314,0.03475662209078518
2026-03-07,2027-01-15,6400.0,6740.02,808.7,822.6,0.262699824552536,321.7,332.8,0.1991704915904998,6888.4,-0.07354084708298116,314,0.04587931186664198
2026-03-07,2027-01-15,6425.0,6740.02,790.9,804.8,0.2608125219535827,328.0,339.3,0.197364250497818,6889.2,-0.06975833719817089,314,0.045148458775062
2026-03-07,2027-01-15,6450.0,6740.02,773.3,787.1,0.2589194973659516,334.6,345.6,0.1954106681966781,6890.1,-0.06600546790066077,314,0.04439355643343308
2026-03-07,2027-01-15,6475.0,6740.02,755.7,769.5,0.2570197971248627,341.1,352.3,0.1935629426860809,6890.9,-0.06225309300226998,314,0.043664238972930466
2026-03-07,2027-01-15,6500.0,6740.02,738.4,752.1,0.255153475151062,347.9,359.1,0.1916928060531616,6891.75,-0.05852286716537555,314,0.042943069927519076
2026-03-07,2027-01-15,6525.0,6740.02,721.1,734.7,0.2532366089439392,354.7,365.9,0.1897568665504456,6892.6,-0.05480741912556777,314,0.04220573347247023
2026-03-07,2027-01-15,6550.0,6740.02,704.7,717.5,0.2513502600097655,361.7,372.9,0.1878361856842041,6893.8,-0.05115740729272202,314,0.04148342911063621
2026-03-07,2027-01-15,6575.0,6740.02,686.8,700.4,0.2494534207630157,368.7,380.1,0.1859293329572677,6894.2,-0.04740590034401376,314,0.04076798401536704
2026-03-07,2027-01-15,6600.0,6740.02,670.8,683.4,0.2475441838741302,375.9,387.3,0.1839519090366363,6895.5,-0.043799375899875426,314,0.040043361475300444
2026-03-07,2027-01-15,6625.0,6740.02,653.1,666.6,0.2456626032638549,383.0,394.7,0.1819835449314117,6896.0,-0.04009116148910604,314,0.03933199014575469
2026-03-07,2027-01-15,6650.0,6740.02,637.4,650.0,0.2438077252674102,390.5,402.2,0.1799818025588989,6897.35,-0.03652042519528556,314,0.03862577744048441
2026-03-07,2027-01-15,6675.0,6740.02,619.9,633.3,0.2418555734634399,398.1,409.8,0.1779442977571487,6897.65,-0.03281156959631416,314,0.03790193603378243
2026-03-07,2027-01-15,6700.0,6740.02,604.6,616.8,0.2399272632789611,405.8,417.6,0.1759096539497375,6899.0,-0.029268947167051276,314,0.03718971733103015
2026-03-07,2027-01-15,6725.0,6740.02,587.3,600.5,0.2380218410491943,413.6,425.5,0.1738354330539703,6899.35,-0.025595278779388452,314,0.03648129730736331
2026-03-07,2027-01-15,6750.0,6740.02,572.3,584.4,0.2361383531093597,421.6,433.6,0.1717583511638641,6900.75,-0.02208759646400481,314,0.035783035963071745
2026-03-07,2027-01-15,6775.0,6740.02,555.1,568.3,0.2341938306236267,429.7,441.8,0.1696359701967239,6900.95,-0.01841971651968837,314,0.03507304898740388
2026-03-07,2027-01-15,6800.0,6740.02,540.5,552.4,0.2322683814334869,438.0,450.2,0.1675059599113464,6902.35,-0.014939321147193249,314,0.03437214420224406
2026-03-07,2027-01-15,6825.0,6740.02,523.6,536.8,0.2304001521301269,446.4,459.8,0.1657645680236816,6902.1,-0.011233372053872486,314,0.033754244140607716
2026-03-07,2027-01-15,6850.0,6740.02,508.2,521.2,0.2284680272865295,455.0,468.5,0.1635687548685074,6902.95,-0.007700204193390033,314,0.03305448719768317
2026-03-07,2027-01-15,6875.0,6740.02,494.2,505.8,0.226550207414627,463.6,477.3,0.1613152449941635,6904.55,-0.004288971018406872,314,0.0323548200548593
2026-03-07,2027-01-15,6900.0,6740.02,478.9,491.7,0.2250863319778442,472.5,486.3,0.1590402776622772,6905.9,-0.000854707097570469,314,0.03173405561736634
2026-03-07,2027-01-15,6925.0,6740.02,463.6,475.5,0.2227126603412628,481.6,495.5,0.1567400382137299,6906.0,0.0027474531056016337,314,0.030966497286554227
2026-03-07,2027-01-15,6950.0,6740.02,449.1,461.8,0.2212716728591919,490.9,504.9,0.1544092814922333,6907.55,0.006126643278596909,314,0.030353945446022504
2026-03-07,2027-01-15,6975.0,6740.02,433.0,447.1,0.2193586213111877,500.4,514.2,0.1519230774116516,6907.75,0.009688358002593276,314,0.02964721324605918
2026-03-07,2027-01-15,7000.0,6740.02,420.0,432.6,0.2174531990814208,511.2,524.2,0.1495999500083923,6908.6,0.01314313672328951,314,0.028975751011382913
2026-03-07,2027-01-15,7025.0,6740.02,404.4,418.3,0.2155544525051116,521.1,533.9,0.1470274392652511,6908.85,0.01667201676081905,314,0.028274114566636543
2026-03-07,2027-01-15,7050.0,6740.02,391.6,404.1,0.2136194666671753,531.1,544.1,0.144525499715805,6910.25,0.020021800248986914,314,0.027586366110189286
2026-03-07,2027-01-15,7075.0,6740.02,376.6,390.2,0.2117283494091033,541.4,554.4,0.1419239021968841,6910.5,0.023525449467357067,314,0.02689859817172546
2026-03-07,2027-01-15,7100.0,6740.02,364.1,376.5,0.2098391394805908,551.8,565.0,0.139297509393692,6911.9,0.02685022024276461,314,0.026216074979705184
2026-03-07,2027-01-15,7125.0,6740.02,350.8,363.1,0.207989983472824,562.6,575.8,0.1365957770729065,6912.75,0.030242193594967954,314,0.025537092301682305
2026-03-07,2027-01-15,7150.0,6740.02,337.7,349.8,0.2060998198795318,573.6,586.8,0.1338082149219513,6913.55,0.03362910265873055,314,0.024848470031848195
2026-03-07,2027-01-15,7175.0,6740.02,324.7,336.7,0.2042058416271209,584.8,597.8,0.1308337344741821,6914.4,0.036996568189393585,314,0.02414176473424672
2026-03-07,2027-01-15,7200.0,6740.02,312.6,324.0,0.2023905407190322,595.9,609.4,0.1279250568962097,6915.65,0.04029406676900689,314,0.023465777893674735
2026-03-07,2027-01-15,7225.0,6740.02,299.6,311.5,0.2005695178222656,607.6,621.2,0.1248895419025421,6916.15,0.04368797757517297,314,0.022780828945811075
2026-03-07,2027-01-15,7250.0,6740.02,287.4,299.2,0.1987418192720413,619.5,633.2,0.1217090698623657,6916.95,0.047026547841560046,314,0.0220851195321699
2026-03-07,2027-01-15,7275.0,6740.02,275.5,287.1,0.1969055377388,631.8,645.5,0.1184046214008331,6917.65,0.05036769647926807,314,0.02138221636122704
2026-03-07,2027-01-15,7300.0,6740.02,263.8,275.4,0.1951431652259826,644.2,658.0,0.1149008570003509,6918.5,0.05367536502704354,314,0.02067395264078145
2026-03-07,2027-01-15,7325.0,6740.02,252.4,263.9,0.193370302400589,657.0,670.8,0.1112082669734954,6919.25,0.05698577265014249,314,0.019951496538011423
2026-03-07,2027-01-15,7350.0,6740.02,241.3,252.8,0.191671825428009,669.6,683.9,0.1072791680812835,6920.3,0.060241191933707805,314,0.01922103610091823
2026-03-07,2027-01-15,7375.0,6740.02,230.5,241.8,0.1899170822334289,683.3,697.3,0.1030477574539184,6920.85,0.06355730776964086,314,0.018458984075350956
2026-03-07,2027-01-15,7400.0,6740.02,220.0,231.2,0.1882348175621032,696.9,710.9,0.0983519120788574,6921.7,0.06681859601130266,314,0.01766399550162913
2026-03-07,2027-01-15,7425.0,6740.02,209.8,220.9,0.1865830701637268,710.9,724.9,0.0931601610183715,6922.45,0.07008293147599248,314,0.016830459228185674
2026-03-07,2027-01-15,7450.0,6740.02,199.8,210.8,0.184915110464096,724.5,739.0,0.0869842279052734,6923.55,0.07328538852402226,314,0.015899852441500044
2026-03-07,2027-01-15,7475.0,6740.02,190.2,201.1,0.183321536617279,569.7,573.1,1.0000000000000004e-05,7099.25,0.05157497461194041,314,0.007228549334242572
2026-03-07,2027-01-15,7500.0,6740.02,180.9,191.7,0.1817565727138519,753.8,767.8,0.068082591972351,6925.5,0.07969276890924852,314,0.013424491081017316
2026-03-07,2027-01-15,7525.0,6740.02,171.9,182.6,0.1802230797481537,768.9,782.9,1.0000000000000004e-05,6926.35,0.08289783171263441,314,0.006986276981608466
2026-03-07,2027-01-15,7550.0,6740.02,163.3,173.8,0.178719150390625,784.4,799.0,1.0000000000000004e-05,6926.85,0.08614239885076755,314,0.006870171430546137
2026-03-07,2027-01-15,7575.0,6740.02,154.8,165.2,0.1771980550670623,800.0,814.8,1.0000000000000004e-05,6927.6,0.08933991852268172,314,0.0067537302473454856
2026-03-07,2027-01-15,7600.0,6740.02,146.8,157.1,0.1758076118183136,816.1,830.3,1.0000000000000004e-05,6928.75,0.09246882554040808,314,0.006648161263291437
2026-03-07,2027-01-15,7625.0,6740.02,139.0,149.2,0.1744019099330902,832.3,846.7,1.0000000000000004e-05,6929.6,0.09563023101525008,314,0.006542279108577829
2026-03-07,2027-01-15,7650.0,6740.02,132.6,141.5,0.1729799957466125,849.1,863.4,1.0000000000000004e-05,6930.8,0.0987304011838899,314,0.006436040499535401
2026-03-07,2027-01-15,7675.0,6740.02,124.4,134.3,0.1716982702827454,692.9,698.5,1.0000000000000004e-05,7108.65,0.07665594110407242,314,0.006341021401518218
2026-03-07,2027-01-15,7700.0,6740.02,117.5,127.3,0.1704041471767425,882.8,897.7,1.0000000000000004e-05,6932.15,0.10505031846370577,314,0.024980268602083112
2026-03-07,2027-01-15,7750.0,6740.02,105.7,114.2,0.1679484603691101,913.2,924.3,1.0000000000000004e-05,6941.2,0.1102181731310439,314,0.024265477251702267
2026-03-07,2027-01-15,7800.0,6740.02,93.0,102.3,0.1656901821708679,942.6,981.8,1.0000000000000004e-05,6935.45,0.11747779378588506,314,0.02361730479696995
2026-03-07,2027-01-15,7850.0,6740.02,83.0,92.8,0.1644027347183227,979.8,1019.4,1.0000000000000004e-05,6938.3,0.12345674405474873,314,0.023251707899778196
2026-03-07,2027-01-15,7875.0,6740.02,77.9,87.5,0.1632602443122864,999.0,1038.6,1.0000000000000004e-05,6938.9,0.12654992419658667,314,0.02292966278107654
2026-03-07,2027-01-15,7900.0,6740.02,73.1,83.2,0.1626355938816071,1018.4,1058.1,1.0000000000000004e-05,6939.9,0.12957539427997855,314,0.022754535969117896
2026-03-07,2027-01-15,8000.0,6740.02,57.1,66.2,0.1591900030326843,1102.8,1129.5,1.0000000000000004e-05,6945.5,0.14134757382452898,314,0.021800595941319056
2026-03-07,2027-01-15,8050.0,6740.02,50.3,58.8,0.1575573289299011,949.3,954.8,1.0000000000000004e-05,7152.5,0.11821014548834383,314,0.02135570941493388
2026-03-07,2027-01-15,8100.0,6740.02,43.1,51.3,0.1553419656467438,1181.8,1221.4,1.0000000000000004e-05,6945.6,0.15375569611520098,314,0.020759379877731937
2026-03-07,2027-01-15,8150.0,6740.02,37.8,45.5,0.1540268619155884,1224.6,1264.2,1.0000000000000004e-05,6947.25,0.15967202943266176,314,0.020409375605893187
2026-03-07,2027-01-15,8200.0,6740.02,33.0,41.3,0.1537388551521301,1268.0,1307.5,1.0000000000000004e-05,6949.4,0.1654788293554882,314,0.020333122118397585
2026-03-07,2027-01-15,8300.0,6740.02,25.2,32.6,0.151797193660736,1356.5,1395.9,1.0000000000000004e-05,6952.7,0.17712544145961254,314,0.019822766665831087
2026-03-07,2027-01-15,8400.0,6740.02,19.2,25.9,0.1504563409805298,1454.2,1466.6,1.0000000000000004e-05,6962.15,0.18774337115922957,314,0.019474117013568017
2026-03-07,2027-01-15,8500.0,6740.02,14.9,20.9,0.1498688834762573,1538.7,1577.9,1.0000000000000004e-05,6959.6,0.1999441620658467,314,0.01932234033317226
2026-03-07,2027-01-15,8600.0,6740.02,8.7,17.9,0.1511315356445313,1631.4,1670.8,1.0000000000000004e-05,6962.2,0.21126668690564773,314,0.019649295054274273
2026-03-07,2027-01-15,9000.0,6740.02,1.4,10.6,0.1582229869461059,2010.1,2049.4,1.0000000000000004e-05,6976.25,0.2547130542157131,314,0.021536540465255744
2026-03-07,2027-01-15,9200.0,6740.02,0.05,8.7,0.1629264616394043,2204.8,2233.4,1.0000000000000004e-05,6985.275,0.2753991220423106,314,0.022836000047489296
2026-03-07,2027-01-15,10200.0,6740.02,0.0,1.1,0.1618583570861816,2949.1,2963.7,1.0000000000000004e-05,7244.150000000001,0.3421934736916133,314,0.022537567441677512
2026-03-07,2027-01-15,10400.0,6740.02,0.0,1.1,0.168526381225586,3306.1,3433.3,1.0000000000000004e-05,7030.85,0.39149819724975654,314,0.024432762539899577
2026-03-07,2027-01-15,10600.0,6740.02,0.4,1.0,0.1734396621704101,3552.4,3591.2,1.0000000000000004e-05,7028.9,0.4108237798002449,314,0.02587817357240767
2026-03-07,2027-01-15,10800.0,6740.02,0.35,0.95,0.1788717367553711,3745.7,3784.5,1.0000000000000004e-05,7035.55,0.4285702660938179,314,0.027524550240830663
2026-03-07,2027-01-15,11000.0,6740.02,0.0,5.2,0.2220536779785155,3719.9,3765.0,1.0000000000000004e-05,7260.15,0.41549478301807985,314,0.0424182478733942
2026-03-07,2027-01-15,11200.0,6740.02,0.0,5.1,0.2284165293884277,3890.2,3928.8,1.0000000000000004e-05,7293.05,0.4289919384332455,314,0.04488402964911315
2026-03-07,2027-01-15,11400.0,6740.02,0.15,1.85,0.2100603897094726,4105.2,4150.3,1.0000000000000004e-05,7273.25,0.44941012110782275,314,0.03795990504114298
2026-03-07,2027-02-19,1000.0,6740.02,5703.1,5727.8,1.0000000000000004e-05,0.3,4.6,0.7435938726806641,6713.000000000001,-1.9040459449566147,349,0.5286937391051821
2026-03-07,2027-02-19,2000.0,6740.02,4747.6,4787.6,0.663638617553711,6.8,12.3,0.5635114450073243,6758.05,-1.2175872063434334,349,0.3036253613159745
2026-03-07,2027-02-19,3200.0,6740.02,3608.5,3626.4,0.5257577637100221,27.3,32.8,0.4382685568237304,6787.4,-0.7519171423808325,349,0.18365941215677817
2026-03-07,2027-02-19,3400.0,6740.02,3420.8,3438.7,0.5070125288009644,32.4,37.8,0.4180966394042968,6794.65,-0.6923601061922805,349,0.16714212372199216
2026-03-07,2027-02-19,3500.0,6740.02,3329.8,3348.6,0.5016262301254273,35.1,40.5,0.4082662628555297,6801.4,-0.664365504848771,349,0.15937476203759218
2026-03-07,2027-02-19,5000.0,6740.02,1962.1,1982.2,0.3712297374725342,111.1,120.7,0.2878317524909972,6856.25,-0.31572273260730305,349,0.07921546326567533
2026-03-07,2027-02-19,5200.0,6740.02,1789.0,1809.6,0.354920162410736,131.7,140.8,0.2745386191272736,6863.05,-0.27749332375626073,349,0.07206749927100345
2026-03-07,2027-02-19,5500.0,6740.02,1536.1,1551.0,0.3281641433525084,167.7,177.6,0.2551954364013672,6870.9,-0.2225470097823222,349,0.06226992891854632
2026-03-07,2027-02-19,5875.0,6740.02,1233.7,1249.2,0.3006432851409911,229.0,232.9,0.2293282329177856,6885.5,-0.15871169115482084,349,0.05028606029097191
2026-03-07,2027-02-19,5900.0,6740.02,1214.1,1229.6,0.2988084341049193,233.3,237.4,0.2277194004344939,6886.5,-0.1546106224635756,349,0.04958298011411408
2026-03-07,2027-02-19,5925.0,6740.02,1194.6,1210.2,0.2970308029556274,235.0,245.7,0.2279015504074096,6887.05,-0.15046214957018872,349,0.04966233348125279
2026-03-07,2027-02-19,5950.0,6740.02,1175.2,1190.8,0.2952197935390471,239.9,250.3,0.2262374053668975,6887.9,-0.1463750294601812,349,0.04893970929291484
2026-03-07,2027-02-19,6000.0,6740.02,1136.7,1151.5,0.2912754360103606,252.6,256.5,0.2213803906440734,6889.55,-0.13824630161814352,349,0.046860925477373055
2026-03-07,2027-02-19,6025.0,6740.02,1119.7,1131.5,0.2891010803127288,254.0,265.1,0.2214547764968872,6891.05,-0.13430598881298064,349,0.04689242217429289
2026-03-07,2027-02-19,6150.0,6740.02,1023.1,1037.8,0.2804570627498626,283.4,287.6,0.2116401354169845,6894.95,-0.11433717776892834,349,0.04282808184888361
2026-03-07,2027-02-19,6200.0,6740.02,985.9,1001.8,0.2773595595455169,291.1,302.4,0.2099392742824554,6897.1,-0.10655174135055935,349,0.04214246605835389
2026-03-07,2027-02-19,6225.0,6740.02,967.4,982.3,0.2751241693019866,296.7,308.1,0.2082655925941466,6897.45,-0.10257833572899654,349,0.04147320661218706
2026-03-07,2027-02-19,6250.0,6740.02,949.1,964.0,0.2733522601413726,302.5,313.8,0.2065413666725158,6898.4,-0.0987080369076674,349,0.05505066073749935
2026-03-07,2027-02-19,6275.0,6740.02,930.8,945.7,0.2715412507247924,308.2,319.7,0.2048514726829528,6899.3,-0.09484647216367807,349,0.05425038314632267
2026-03-07,2027-02-19,6300.0,6740.02,912.6,927.6,0.2697722025585174,314.2,325.7,0.2031529957103729,6900.15,-0.0909935170998699,349,0.053463511549333265
2026-03-07,2027-02-19,6375.0,6740.02,858.8,873.7,0.2643830428886413,335.7,340.1,0.1962694433307648,6903.35,-0.07962270998459113,349,0.050724690998617754
2026-03-07,2027-02-19,6400.0,6740.02,841.1,856.0,0.2626101800632477,338.7,350.7,0.1962389260578155,6903.85,-0.0757812366441343,349,0.05032831045455237
2026-03-07,2027-02-19,6450.0,6740.02,806.1,820.8,0.2590158175086976,351.6,363.8,0.1926941540718078,6905.75,-0.06827426709942441,349,0.0487743990071343
2026-03-07,2027-02-19,6475.0,6740.02,788.7,804.6,0.2577069125986099,358.3,370.5,0.1908960191297531,6907.25,-0.0646229770305313,349,0.048105727420543504
2026-03-07,2027-02-19,6500.0,6740.02,771.4,787.4,0.2559555072307586,368.1,373.8,0.1876921823024749,6908.45,-0.06094312312570654,349,0.04704885073796819
2026-03-07,2027-02-19,6525.0,6740.02,754.3,768.8,0.2536085382080079,371.5,384.3,0.1872792454528808,6908.65,-0.05713329645341556,349,0.046465295332679644
2026-03-07,2027-02-19,6550.0,6740.02,737.2,751.7,0.2518061117744445,378.9,391.3,0.185419122300148,6909.35,-0.05341051713769265,349,0.04569650750256315
2026-03-07,2027-02-19,6575.0,6740.02,720.3,736.2,0.2505806525325775,385.6,398.5,0.1835742577838897,6911.2,-0.04986870599870911,349,0.045056972374666424
2026-03-07,2027-02-19,6600.0,6740.02,704.0,718.0,0.2482556177997589,393.1,405.8,0.1817036443185806,6911.55,-0.04612427618333971,349,0.04419032432286993
2026-03-07,2027-02-19,6625.0,6740.02,686.8,702.6,0.2469686471796036,400.4,413.2,0.1798063282394409,6912.9,-0.04253885948643259,349,0.04353819931214396
2026-03-07,2027-02-19,6650.0,6740.02,670.9,684.6,0.2446269233131409,407.9,420.6,0.1778413019609451,6913.5,-0.03885916717877284,349,0.042663911696449536
2026-03-07,2027-02-19,6675.0,6740.02,653.5,669.4,0.2433151574087142,418.1,424.8,0.1745802452468872,6915.0,-0.035323760830408356,349,0.04174531649224648
2026-03-07,2027-02-19,6700.0,6740.02,638.3,653.0,0.2414893661880493,425.8,432.6,0.1726328617668152,6916.45,-0.03179510581982486,349,0.04099488333597189
2026-03-07,2027-02-19,6725.0,6740.02,621.1,635.5,0.239191510901451,431.8,443.9,0.1719481304550171,6915.45,-0.02792611343338164,349,0.04040650399894458
2026-03-07,2027-02-19,6750.0,6740.02,606.1,619.4,0.2373781173229217,439.8,451.9,0.1699263611221314,6916.9,-0.0244251874949079,349,0.039656185902964006
2026-03-07,2027-02-19,6775.0,6740.02,589.1,603.4,0.2355485114431381,447.9,460.1,0.1679026844596862,6917.25,-0.020778925036036334,349,0.03890940462254881
2026-03-07,2027-02-19,6800.0,6740.02,577.4,584.7,0.2326364960384369,455.3,468.5,0.1658756699705124,6919.15,-0.01737031753306157,349,0.037962581721605056
2026-03-07,2027-02-19,6825.0,6740.02,561.8,569.1,0.2308502819061279,466.4,473.7,0.162550717716217,6920.4,-0.01388123035620671,349,0.03699503899304604
2026-03-07,2027-02-19,6850.0,6740.02,546.4,553.6,0.2290459481430053,472.4,485.5,0.1616475971698761,6921.05,-0.010318839949035753,349,0.03648757861359782
2026-03-07,2027-02-19,6875.0,6740.02,531.1,538.2,0.2272206337547301,481.0,495.4,0.159935292057991,6921.45,-0.006733641699266545,349,0.035829800754297876
2026-03-07,2027-02-19,6900.0,6740.02,515.9,522.9,0.2253743387413024,492.4,500.0,0.1561134804534912,6923.2,-0.003356678885269574,349,0.034788357336784814
2026-03-07,2027-02-19,6925.0,6740.02,496.9,512.0,0.2251387835407257,498.8,513.5,0.1555870574951172,6923.3,0.00024551750157632285,349,0.03464952462008563
2026-03-07,2027-02-19,6950.0,6740.02,486.1,492.9,0.2217270477914809,508.0,522.7,0.1533240109729767,6924.15,0.0037263587192313172,349,0.03362430859002663
2026-03-07,2027-02-19,6975.0,6740.02,467.4,482.3,0.2214824327754974,517.3,532.1,0.151033308172226,6925.15,0.00717261521879616,349,0.033171249357251464
2026-03-07,2027-02-19,7000.0,6740.02,457.0,463.6,0.2180940618133544,526.8,541.7,0.1487125649309158,6926.05,0.01062048392701474,349,0.03216228657315419
2026-03-07,2027-02-19,7025.0,6740.02,440.0,453.4,0.2178761494112014,536.5,551.4,0.1463164821720123,6927.75,0.013940130061117283,349,0.031705520028717626
2026-03-07,2027-02-19,7050.0,6740.02,425.9,439.2,0.2160694314861297,546.4,561.4,0.1439180152511596,6928.65,0.01736262779416714,349,0.030977565528180147
2026-03-07,2027-02-19,7075.0,6740.02,412.0,425.2,0.2142712965440749,557.8,571.5,0.1414337185001373,6928.95,0.020859156958584767,349,0.030244927497899674
2026-03-07,2027-02-19,7100.0,6740.02,398.2,411.4,0.2124807909202575,568.0,581.8,0.1388941091918945,6929.9,0.02424940096400154,349,0.029513046458671133
2026-03-07,2027-02-19,7125.0,6740.02,384.7,397.9,0.2107351075410843,578.5,592.3,0.1362934653377533,6930.9,0.027620051255427606,349,0.02878743959425933
2026-03-07,2027-02-19,7150.0,6740.02,371.5,384.4,0.2089178993034362,589.2,603.0,0.133622250289917,6931.85,0.030985623863366157,349,0.028047589161040713
2026-03-07,2027-02-19,7200.0,6740.02,348.8,353.2,0.2034200218486785,611.4,625.0,0.128026145362854,6932.8,0.0378172540185016,349,0.026260232913675408
2026-03-07,2027-02-19,7225.0,6740.02,332.7,345.6,0.2036770345067978,622.4,636.4,0.1251198519468307,6934.75,0.04100222990815892,349,0.025842109586998965
2026-03-07,2027-02-19,7250.0,6740.02,320.3,333.1,0.2019456560993194,634.1,647.9,0.1220485745239257,6935.7,0.04431948291891898,349,0.02509268442159235
2026-03-07,2027-02-19,7275.0,6740.02,311.1,315.7,0.1981910778617858,646.0,659.7,0.1188795464611053,6935.55,0.047783454576775436,349,0.024031705138472106
2026-03-07,2027-02-19,7300.0,6740.02,296.2,308.7,0.1984790846252441,658.0,671.8,0.115591310300827,6937.55,0.05092566190055707,349,0.02357906460697766
2026-03-07,2027-02-19,7325.0,6740.02,284.5,297.0,0.1968216152381897,666.8,672.1,0.1061843609142303,6946.3,0.05308401118855682,349,0.021946989680030296
2026-03-07,2027-02-19,7350.0,6740.02,273.1,285.5,0.1951612848567963,683.1,696.7,0.1084435927772522,6939.4,0.057484997774921866,349,0.02203383334341901
2026-03-07,2027-02-19,7400.0,6740.02,253.9,258.0,0.1897206272888184,709.0,722.6,0.1002382610130309,6940.15,0.06415661209213348,349,0.020097656684883742
2026-03-07,2027-02-19,7450.0,6740.02,233.0,237.1,0.186605004453659,736.1,749.7,0.0903544792366027,6942.15,0.07060250757943745,349,0.018336019114031328
2026-03-07,2027-02-19,7500.0,6740.02,213.2,216.8,0.1833692198562622,764.4,777.9,0.0766655749893188,6943.85,0.07704664480001736,349,0.016163503418564252
2026-03-07,2027-02-19,7550.0,6740.02,194.5,198.1,0.1804367006587982,789.7,797.2,1.0000000000000004e-05,6952.85,0.08239591579830674,349,0.007783419938868099
2026-03-07,2027-02-19,7600.0,6740.02,176.8,180.1,0.1774183516311645,823.5,837.7,1.0000000000000004e-05,6947.85,0.08971598809293091,349,0.007525209703377195
2026-03-07,2027-02-19,7625.0,6740.02,165.5,176.6,0.1782890475749969,836.2,843.6,1.0000000000000004e-05,6956.15,0.09180616211663227,349,0.007599247998484042
2026-03-07,2027-02-19,7650.0,6740.02,157.5,168.5,0.1769720365142822,855.2,869.3,1.0000000000000004e-05,6950.75,0.09585608041494015,349,0.00748739849028165
2026-03-07,2027-02-19,7700.0,6740.02,142.2,153.0,0.1743666243362427,887.5,902.1,1.0000000000000004e-05,6952.8,0.10207587271852483,349,0.029070953888118676
2026-03-07,2027-02-19,7750.0,6740.02,128.1,138.6,0.17188328125,921.4,936.0,1.0000000000000004e-05,6954.65,0.10828234276438713,349,0.0282487889541645
2026-03-07,2027-02-19,7800.0,6740.02,115.1,125.3,0.1695382195568085,956.4,970.9,1.0000000000000004e-05,6956.55,0.11444007189912074,349,0.02748323165419704
2026-03-07,2027-02-19,8000.0,6740.02,73.4,83.0,0.1619899628257751,1102.3,1120.8,1.0000000000000004e-05,6966.65,0.1383070637245397,349,0.02509046868944467
2026-03-07,2027-02-19,8050.0,6740.02,65.2,75.4,0.1609180436134338,1142.3,1160.6,1.0000000000000004e-05,6968.85,0.144221873097252,349,0.02475951027224895
2026-03-07,2027-02-19,8100.0,6740.02,58.2,67.7,0.1594093459320068,1181.2,1203.1,1.0000000000000004e-05,6970.8,0.15013406587404293,349,0.02429741783587426
2026-03-07,2027-02-19,9800.0,6740.02,0.0,7.0,0.174637465133667,2758.2,2782.2,1.0000000000000004e-05,7033.3,0.33172637321033865,349,0.02916133489227713
2026-03-07,2027-02-19,10000.0,6740.02,0.0,6.4,0.1802755313110352,2950.2,2974.3,1.0000000000000004e-05,7040.95,0.3508419887462887,349,0.031074641778430504
2026-03-07,2027-02-19,10400.0,6740.02,0.0,5.8,0.1927189493560791,3334.8,3359.2,1.0000000000000004e-05,7055.9,0.3879416598788663,349,0.035512512632542285
2026-03-07,2027-03-19,400.0,6740.02,6262.4,6301.6,1.0000000000000004e-05,0.0,3.7,1.0422411169433596,6680.15,-2.815431174260418,377,1.1219794185875287
2026-03-07,2027-03-19,1000.0,6740.02,5687.7,5726.9,1.0000000000000004e-05,0.05,5.0,0.7178372943115234,6704.775,-1.9028199591236117,377,0.5322314347298418
2026-03-07,2027-03-19,3200.0,6740.02,3604.3,3643.7,0.515910221195221,29.6,35.4,0.4279575332260132,6791.5,-0.7525210204747275,377,0.18916894285568528
2026-03-07,2027-03-19,3400.0,6740.02,3417.5,3457.0,0.522986413860321,35.0,40.7,0.4083540000152588,6799.4,-0.6930589413728651,377,0.1722352793885758
2026-03-07,2027-03-19,4250.0,6740.02,2865.2,2880.4,0.5799421354961396,66.5,74.1,0.3358277935218811,7052.5,-0.5064631809576889,377,0.11648815260813493
2026-03-07,2027-03-19,4300.0,6740.02,2816.1,2827.9,0.5692591826343536,69.1,76.8,0.3320016904258728,7049.05,-0.49427783327177505,377,0.11384896208768543
2026-03-07,2027-03-19,5000.0,6740.02,1966.8,2006.1,0.3714738756561279,119.4,129.2,0.2832808641624449,6862.15,-0.3165828912794178,377,0.0828863399896831
2026-03-07,2027-03-19,5200.0,6740.02,1795.6,1834.7,0.3553750605106353,139.9,150.4,0.2705341807174682,6870.0,-0.27850548064687625,377,0.07559494818369822
2026-03-07,2027-03-19,5500.0,6740.02,1545.8,1584.3,0.3322820678710937,177.4,188.6,0.251765104188919,6882.05,-0.22416848044031706,377,0.06546958004957804
2026-03-07,2027-03-19,5600.0,6740.02,1464.5,1502.8,0.3248120116519927,192.0,203.2,0.2455176462173461,6886.05,-0.20673102825836434,377,0.06226068713903544
2026-03-07,2027-03-19,5700.0,6740.02,1384.4,1422.4,0.3174497195529938,207.6,218.8,0.2392396709728241,6890.2,-0.18963393733996822,377,0.05911733918638026
2026-03-07,2027-03-19,5800.0,6740.02,1305.5,1343.1,0.3101589523124695,224.8,235.5,0.2329349931144714,6894.15,-0.17281530835607567,377,0.05604255905068232
2026-03-07,2027-03-19,5900.0,6740.02,1234.3,1252.6,0.2975572259140014,243.1,253.8,0.2267905309391021,6895.0,-0.15584416033359133,377,0.05312492393482798
2026-03-07,2027-03-19,5925.0,6740.02,1215.1,1233.3,0.2958167876911163,247.5,258.6,0.2252598989677428,6896.15,-0.15178259784377052,377,0.05241025294595904
2026-03-07,2027-03-19,5950.0,6740.02,1382.2,1390.2,0.3685585224246979,252.3,263.4,0.2236873057460784,7078.35,-0.17364961014006378,377,0.051681030283510176
2026-03-07,2027-03-19,6000.0,6740.02,1157.9,1175.9,0.2906183609771728,262.1,273.3,0.2205554706096649,6899.2,-0.13964599362437655,377,0.05024399393746777
2026-03-07,2027-03-19,6100.0,6740.02,1082.7,1100.8,0.2838301750755309,282.7,294.4,0.2143556958770751,6903.2,-0.12369630103269508,377,0.04745899551182002
2026-03-07,2027-03-19,6125.0,6740.02,1064.1,1082.1,0.2820802002048492,288.1,299.9,0.2127926393032073,6904.1,-0.11973668160233353,377,0.04676938813093858
2026-03-07,2027-03-19,6200.0,6740.02,1008.9,1026.7,0.2769056151103973,304.5,316.7,0.207958989367485,6907.2,-0.10801505376803006,377,0.04466875850560861
2026-03-07,2027-03-19,6225.0,6740.02,1154.1,1161.7,0.3361701591777801,310.2,322.5,0.2063391897392272,7066.55,-0.12679894108884132,377,0.04397561556379394
2026-03-07,2027-03-19,6250.0,6740.02,972.6,990.3,0.2734914951992034,316.1,328.3,0.2046721837043762,6909.25,-0.10027962979033835,377,0.043267931366942076
2026-03-07,2027-03-19,6275.0,6740.02,954.6,972.3,0.2718092305278778,322.0,334.3,0.2030395096015929,6910.3,-0.09643956715939922,377,0.05822360267326007
2026-03-07,2027-03-19,6300.0,6740.02,936.6,954.3,0.2700888192653656,327.9,340.4,0.2013992061805725,6911.3,-0.09260811982764783,377,0.05740237069751296
2026-03-07,2027-03-19,6325.0,6740.02,918.8,936.3,0.2683316919088363,334.0,346.6,0.1997493661117553,6912.25,-0.08878516521557026,377,0.05657579012526304
2026-03-07,2027-03-19,6350.0,6740.02,901.0,918.4,0.2665755182170868,340.2,352.9,0.1980890357303619,6913.15,-0.08497058207279848,377,0.055752915534988644
2026-03-07,2027-03-19,6375.0,6740.02,883.4,900.8,0.2648970682048797,346.5,359.2,0.1963781611156463,6914.25,-0.08120040832018646,377,0.054942543574406415
2026-03-07,2027-03-19,6400.0,6740.02,865.8,883.1,0.26314137134552,352.9,365.7,0.194694942779541,6915.15,-0.07741666648979745,377,0.05412637817152145
2026-03-07,2027-03-19,6500.0,6740.02,796.6,813.7,0.2562520969772339,379.4,392.6,0.1877765816354751,6919.15,-0.06249075281353119,377,0.05091087206939504
2026-03-07,2027-03-19,6550.0,6740.02,762.7,779.7,0.2528227184295654,393.3,406.6,0.1841941398906708,6921.25,-0.05513133950787932,377,0.049315662938318974
2026-03-07,2027-03-19,6600.0,6740.02,729.2,746.0,0.249333735833168,407.7,421.1,0.1805663990688323,6923.2,-0.04780844145610344,377,0.047722551710795744
2026-03-07,2027-03-19,6650.0,6740.02,696.2,713.0,0.2459277220726013,422.4,436.1,0.1768795310306549,6925.35,-0.04057173764470559,377,0.04616080268857794
2026-03-07,2027-03-19,6675.0,6740.02,797.5,801.2,0.2829804597568511,430.0,443.8,0.1750151163864135,7037.45,-0.05287668435851922,377,0.05416404130690681
2026-03-07,2027-03-19,6700.0,6740.02,663.6,680.1,0.2423743671035766,437.7,451.6,0.1731211381340026,6927.2,-0.033348164754533956,377,0.044578058977384906
2026-03-07,2027-03-19,6725.0,6740.02,647.5,664.0,0.2406568168354034,445.5,459.5,0.1711966426086426,6928.25,-0.029775330571513398,377,0.043799981893919676
2026-03-07,2027-03-19,6750.0,6740.02,633.1,647.9,0.2388906296634674,453.5,467.6,0.1692759617424011,6929.95,-0.026310093284130077,377,0.04301930637680598
2026-03-07,2027-03-19,6775.0,6740.02,617.2,632.0,0.2371492377758025,461.6,475.7,0.1672837560176849,6930.95,-0.02275752217782363,377,0.042235890081317576
2026-03-07,2027-03-19,6800.0,6740.02,601.5,616.3,0.2354307338428497,469.9,484.1,0.1653277895545959,6931.9,-0.019211333716119806,377,0.04147190929215018
2026-03-07,2027-03-19,6825.0,6740.02,585.9,600.7,0.2336988786029815,479.6,492.5,0.1632964835739135,6932.25,-0.015592094759836162,377,0.040696715569463325
2026-03-07,2027-03-19,6850.0,6740.02,570.5,585.2,0.2319508110618591,488.2,501.1,0.1612585019397735,6933.2,-0.01207281481088431,377,0.03992418737285507
2026-03-07,2027-03-19,6875.0,6740.02,555.2,569.8,0.230187484884262,496.7,509.7,0.1591404124641418,6934.3,-0.008588467844956848,377,0.039139884790038305
2026-03-07,2027-03-19,6900.0,6740.02,540.1,554.6,0.2284441856670379,505.5,518.6,0.1570466414403915,6935.3,-0.005102900059956442,377,0.038372190427778556
2026-03-07,2027-03-19,6925.0,6740.02,525.1,539.6,0.2267190060806274,514.5,527.6,0.1549023261833191,6936.3,-0.0016304390646277754,377,0.03760570900484168
2026-03-07,2027-03-19,6950.0,6740.02,510.2,524.7,0.2249742763662338,523.7,536.8,0.1527403681278228,6937.2,0.001843424682407094,377,0.03683970476356669
2026-03-07,2027-03-19,6975.0,6740.02,495.6,510.0,0.2232467126178741,533.0,546.2,0.1505569526147842,6938.2,0.005289952824129142,377,0.03608075405020289
2026-03-07,2027-03-19,7000.0,6740.02,481.2,495.4,0.2214972145795821,542.5,557.1,0.1488312961959838,6938.5,0.008824536226385233,377,0.03541300590531141
2026-03-07,2027-03-19,7025.0,6740.02,466.8,481.0,0.219762498345375,552.2,566.8,0.1465587130260467,6939.4,0.01225989976998599,377,0.03465074909077804
2026-03-07,2027-03-19,7050.0,6740.02,452.7,466.8,0.2180411334180831,562.0,576.4,0.1441411728096008,6940.55,0.015646594725175426,377,0.033872164828794675
2026-03-07,2027-03-19,7075.0,6740.02,438.7,452.8,0.2163316893005371,571.8,586.8,0.1419095972251892,6941.45,0.019056757116618313,377,0.0331390280158192
2026-03-07,2027-03-19,7100.0,6740.02,424.9,439.0,0.2146341659927368,582.3,597.1,0.1395216206169128,6942.25,0.0224688545796539,377,0.03238748156732232
2026-03-07,2027-03-19,7125.0,6740.02,411.3,425.3,0.2129099400711059,592.7,607.1,0.1368904594898224,6943.4,0.025818158059792057,377,0.03159578113968177
2026-03-07,2027-03-19,7150.0,6740.02,397.9,411.8,0.211194297132492,603.2,617.8,0.1343928114318848,6944.35,0.029183977392260748,377,0.030839232535218603
2026-03-07,2027-03-19,7175.0,6740.02,384.8,398.5,0.2094867603445052,613.9,628.6,0.1317902602481842,6945.4,0.032523191705560145,377,0.03007478890671428
2026-03-07,2027-03-19,7200.0,6740.02,371.7,385.5,0.2078240458011627,624.9,639.7,0.1291524234676361,6946.3,0.03587188230743547,377,0.029321598696579708
2026-03-07,2027-03-19,7225.0,6740.02,358.9,372.6,0.2061293834877013,636.1,651.0,0.1264287568569183,6947.2,0.039208533296660256,377,0.02855772849278825
2026-03-07,2027-03-19,7250.0,6740.02,346.4,360.0,0.2044776360893249,647.5,662.4,0.1235658551883697,6948.25,0.042511639557614014,377,0.027787619608192746
2026-03-07,2027-03-19,7275.0,6740.02,334.1,347.6,0.2028306570148467,659.0,674.1,0.1206304749965667,6949.3,0.04580287797785774,377,0.027016724779886023
2026-03-07,2027-03-19,7300.0,6740.02,321.9,335.4,0.2011865389347076,670.8,686.1,0.1176064039802551,6950.2,0.04910391201327666,377,0.026242541472978265
2026-03-07,2027-03-19,7325.0,6740.02,310.0,323.5,0.1995824747753143,682.9,698.3,0.114430700263977,6951.15,0.05238604138878871,377,0.025461514613042968
2026-03-07,2027-03-19,7350.0,6740.02,298.4,311.6,0.1979040247631072,695.2,710.7,0.1110747539043426,6952.05,0.05566373311260425,377,0.024651638970133227
2026-03-07,2027-03-19,7375.0,6740.02,287.0,300.2,0.1963409681892395,707.8,723.3,0.1075004183101654,6953.05,0.05891548999434398,377,0.023838688172948663
2026-03-07,2027-03-19,7400.0,6740.02,275.9,289.0,0.1947779116153716,720.7,736.2,0.1037096008110046,6954.0,0.06216296662445449,377,0.02300598475553511
2026-03-07,2027-03-19,7425.0,6740.02,265.0,278.0,0.1932148550415039,733.8,749.3,0.0995859543037414,6954.95,0.06539904841180828,377,0.022137727644087658
2026-03-07,2027-03-19,7450.0,6740.02,254.4,267.3,0.191688991394043,747.1,762.3,0.0948500550079345,6956.15,0.06858787201462506,377,0.02120098881341362
2026-03-07,2027-03-19,7475.0,6740.02,244.1,256.8,0.1901621740818024,760.7,776.0,0.0898089829826354,6957.1,0.07180139842676427,377,0.020240213008956186
2026-03-07,2027-03-19,7500.0,6740.02,233.9,246.6,0.1886725496959686,774.2,789.7,0.0837608409500122,6958.3,0.07496782890409111,377,0.019165015090241322
2026-03-07,2027-03-19,7600.0,6740.02,197.5,208.3,0.1828895264720916,832.3,847.9,1.0000000000000004e-05,6962.8,0.08756655499586816,377,0.00863800908730184
2026-03-07,2027-03-19,7700.0,6740.02,164.1,174.6,0.1776548604965209,894.8,910.5,1.0000000000000004e-05,6966.7,0.10007867387943391,377,0.03259887957720669
2026-03-07,2027-03-19,7750.0,6740.02,147.8,159.2,0.1751381391429901,927.3,943.5,1.0000000000000004e-05,6968.1,0.10635025259771164,377,0.031681807271208076
2026-03-07,2027-03-19,7800.0,6740.02,135.0,145.0,0.1728073824214935,961.2,977.2,1.0000000000000004e-05,6970.8,0.11239373789119587,377,0.030844168671511914
2026-03-07,2027-03-19,7900.0,6740.02,109.0,120.7,0.1690585261726379,1020.6,1059.7,1.0000000000000004e-05,6974.7,0.12457344344322356,377,0.02952042752717127
2026-03-07,2027-03-19,8000.0,6740.02,88.4,99.7,0.1655986303520203,1095.4,1134.6,1.0000000000000004e-05,6979.05,0.1365287373202918,377,0.028324481378557063
2026-03-07,2027-03-19,8050.0,6740.02,78.9,90.6,0.1641166352844238,1139.6,1151.1,1.0000000000000004e-05,6989.4,0.14127737577882285,377,0.02781978022290241
2026-03-07,2027-03-19,8100.0,6740.02,70.2,81.9,0.1625154321193694,1173.3,1213.0,1.0000000000000004e-05,6982.9,0.14839975840965916,377,0.027279581260844937
2026-03-07,2027-03-19,8200.0,6740.02,55.9,66.8,0.1596820940589904,1256.8,1287.0,1.0000000000000004e-05,6989.45,0.1597322849542725,377,0.02633667377664445
2026-03-07,2027-03-19,8400.0,6740.02,36.1,43.4,0.154574265499115,1425.1,1464.7,1.0000000000000004e-05,6994.85,0.18305754185023865,377,0.024678733534467853
2026-03-07,2027-03-19,8500.0,6740.02,28.6,35.2,0.1528977228164673,1513.4,1552.9,1.0000000000000004e-05,6998.75,0.19433460181530485,377,0.02414629600878876
2026-03-07,2027-03-19,8800.0,6740.02,14.1,19.9,0.1511048330307007,1786.8,1826.1,1.0000000000000004e-05,7010.55,0.22733556417164083,377,0.023583333707106715
2026-03-07,2027-03-19,9000.0,6740.02,8.6,14.3,0.1518067303085327,1973.5,2012.7,1.0000000000000004e-05,7018.35,0.24869642966041497,377,0.023802936518758297
2026-03-07,2027-03-19,10000.0,6740.02,0.05,4.7,0.1665885343933106,2925.6,2964.5,1.0000000000000004e-05,7057.325,0.34851900847194794,377,0.028664125757052968
2026-03-07,2027-06-17,600.0,6740.02,5987.3,6028.2,1.0000000000000004e-05,0.0,1.45,0.726565234375,6607.025,-2.3989591006721773,467,0.6754189522951237
2026-03-07,2027-06-17,1000.0,6740.02,5892.3,5927.6,1.360999441356659,0.05,5.6,0.6530796411132813,6907.125000000001,-1.9325534875252397,467,0.5457029568118263
2026-03-07,2027-06-17,1200.0,6740.02,5687.1,5738.6,1.2272186771583558,1.1,6.9,0.6143837390136719,6908.85,-1.7504816416650357,467,0.48295141337803843
2026-03-07,2027-06-17,2200.0,6740.02,4772.8,4798.5,0.8967715095901488,12.9,18.7,0.4985706881713867,6969.849999999999,-1.153136343373143,467,0.31803689157650217
2026-03-07,2027-06-17,3200.0,6740.02,3623.3,3662.8,0.5113879428100586,35.4,42.0,0.3978865753936768,6804.35,-0.7544113037341442,467,0.2025548231568856
2026-03-07,2027-06-17,3400.0,6740.02,3439.3,3478.8,0.4929555099487305,41.5,48.5,0.3806405015182494,6814.05,-0.6952112254236088,467,0.1853762147451016
2026-03-07,2027-06-17,3500.0,6740.02,3347.6,3387.2,0.4839071385192872,45.1,52.1,0.3723741352081299,6818.799999999999,-0.6669205347992646,467,0.1774120161619869
2026-03-07,2027-06-17,3800.0,6740.02,3086.8,3125.3,0.4666114740753174,56.7,64.4,0.3486812874221802,6845.5,-0.5885904353593336,467,0.15555404102095252
2026-03-07,2027-06-17,4000.0,6740.02,3126.4,3142.1,0.5755772117996216,65.9,74.1,0.3337735995864868,7064.25,-0.5687524922690086,467,0.14253712046490363
2026-03-07,2027-06-17,4100.0,6740.02,2803.3,2842.9,0.4310254728221894,71.0,79.8,0.3269072131729126,6847.700000000001,-0.5129258557583475,467,0.13673289932447183
2026-03-07,2027-06-17,4225.0,6740.02,2670.3,2707.9,0.4042036508941651,78.0,87.4,0.3184062453269957,6831.400000000001,-0.4805103698065013,467,0.1297140953658376
2026-03-07,2027-06-17,4325.0,6740.02,2582.9,2620.4,0.3976290859031677,69.0,70.1,0.2884363759613035,6857.1,-0.4608724714492037,467,0.10644470841255185
2026-03-07,2027-06-17,4500.0,6740.02,2432.6,2472.1,0.3884214524555206,96.0,106.4,0.3001874333763122,6851.15,-0.42033912461872924,467,0.11529461709135898
2026-03-07,2027-06-17,4600.0,6740.02,2361.0,2400.5,0.3904174728393554,103.6,114.4,0.2938837091827392,6871.75,-0.4013625010140951,467,0.1105032474582007
2026-03-07,2027-06-17,4800.0,6740.02,2189.1,2219.5,0.3707290634632111,120.8,132.5,0.2817921934413909,6877.65,-0.35966110591572514,467,0.10159724496675697
2026-03-07,2027-06-17,4850.0,6740.02,2145.4,2184.7,0.3714071191215514,125.4,137.1,0.2785964627647399,6883.8,-0.3501921201016234,467,0.09930593669415543
2026-03-07,2027-06-17,4900.0,6740.02,2102.8,2142.1,0.367728834066391,130.3,142.2,0.2756458239364623,6886.2,-0.3402842038159596,467,0.09721356070804497
2026-03-07,2027-06-17,5000.0,6740.02,2018.2,2057.4,0.3604361594963073,140.5,153.0,0.2698332371044158,6891.05,-0.32078555575559903,467,0.09315687320602126
2026-03-07,2027-06-17,5050.0,6740.02,1965.0,2004.0,0.3511455572128295,145.7,158.0,0.2665345106315613,6882.65,-0.3096155089159646,467,0.09089309967671763
2026-03-07,2027-06-17,5075.0,6740.02,1944.7,1984.1,0.3499344029426574,148.7,161.6,0.2655131356525421,6884.25,-0.304909668857322,467,0.09019781964462772
2026-03-07,2027-06-17,5100.0,6740.02,1923.8,1963.0,0.348101459236145,151.6,164.7,0.2641598853302002,6885.25,-0.30014090261174076,467,0.08928073376232691
2026-03-07,2027-06-17,5125.0,6740.02,1876.9,1916.6,0.3337440359783172,154.5,167.5,0.2626025507450104,6860.75,-0.29168624018335776,467,0.08823114120598889
2026-03-07,2027-06-17,5150.0,6740.02,1973.8,1996.6,0.3804736101818085,158.5,169.9,0.2607924949932098,6971.0,-0.3027619718286169,467,0.08701902132250362
2026-03-07,2027-06-17,5175.0,6740.02,1836.7,1874.6,0.3303127501010894,160.4,173.9,0.2598731621456146,6863.5,-0.2823781765581445,467,0.08640659235195328
2026-03-07,2027-06-17,5200.0,6740.02,2102.2,2111.9,0.4468734741306305,163.4,176.9,0.2583539741516114,7136.9,-0.31661988281396547,467,0.08539929965284383
2026-03-07,2027-06-17,5250.0,6740.02,1892.5,1915.0,0.3729940173149109,169.7,183.4,0.255515867767334,6977.2,-0.2844196135583103,467,0.08353332466843112
2026-03-07,2027-06-17,5300.0,6740.02,1982.0,1992.3,0.4210148536300659,176.1,190.0,0.2526214951610566,7104.1,-0.29296526160929537,467,0.08165158480747783
2026-03-07,2027-06-17,5400.0,6740.02,1688.2,1726.8,0.3324203492641449,189.8,203.8,0.2468203523063659,6910.7,-0.2466719815388047,467,0.07794458550137594
2026-03-07,2027-06-17,5500.0,6740.02,1608.1,1646.4,0.3256636343002319,204.5,218.4,0.2409782018661498,6915.8,-0.22906055671450132,467,0.0742984125828992
2026-03-07,2027-06-17,5525.0,6740.02,1673.4,1695.1,0.3530156938457489,208.4,222.5,0.2396630981349944,6993.8,-0.23574079488911934,467,0.07348967968158648
2026-03-07,2027-06-17,5550.0,6740.02,1568.4,1606.6,0.3223305758953093,212.5,226.5,0.2382697938919067,6918.0,-0.22032878275663378,467,0.07263768497578965
2026-03-07,2027-06-17,5575.0,6740.02,1634.0,1645.8,0.3453005457782745,216.6,230.4,0.2367982891368865,6991.4,-0.22638850496798152,467,0.0717432648978605
2026-03-07,2027-06-17,5600.0,6740.02,1529.0,1567.0,0.3189946564960479,220.7,234.4,0.23534490401268,6920.45,-0.2117141986759213,467,0.07086529735751353
2026-03-07,2027-06-17,5650.0,6740.02,1429.6,1449.4,0.2830481699562072,229.3,242.7,0.2324848633384704,6853.5,-0.1931039255309493,467,0.06915337494592846
2026-03-07,2027-06-17,5675.0,6740.02,1664.1,1672.9,0.3802847845554352,233.7,246.9,0.2310314782142639,7103.2,-0.2244748233685136,467,0.06829144935172686
2026-03-07,2027-06-17,5700.0,6740.02,1687.0,1695.7,0.3948777630138397,238.1,251.2,0.2295928748941421,7146.7,-0.22618453686221424,467,0.06744361312440385
2026-03-07,2027-06-17,5750.0,6740.02,1421.8,1435.4,0.3033350039815902,247.2,260.0,0.2267094694328308,6925.0,-0.1859381972641431,467,0.06576023207876933
2026-03-07,2027-06-17,5775.0,6740.02,1404.7,1417.8,0.302418532128334,251.8,264.4,0.225219845046997,6928.15,-0.18205456588809926,467,0.06489889865095312
2026-03-07,2027-06-17,5800.0,6740.02,1380.4,1400.5,0.3015864596080779,256.5,269.2,0.2238704093837737,6927.6,-0.17765551532037752,467,0.06412352715700408
2026-03-07,2027-06-17,5850.0,6740.02,1525.9,1531.9,0.363822623128891,265.8,278.7,0.2210275346755981,7106.65,-0.19458930416725903,467,0.06250529012764072
2026-03-07,2027-06-17,5875.0,6740.02,1323.4,1343.3,0.2968257650279998,270.6,283.6,0.2196189717960357,6931.25,-0.16533411208631743,467,0.0617111619859542
2026-03-07,2027-06-17,5900.0,6740.02,1304.6,1324.4,0.2952526949739456,275.4,288.5,0.2181751233196258,6932.55,-0.16127535997545026,467,0.06090240967505299
2026-03-07,2027-06-17,5925.0,6740.02,1471.5,1482.3,0.3606478730773925,280.5,293.6,0.2167799117469787,7114.85,-0.18300346207772708,467,0.06012596869586854
2026-03-07,2027-06-17,5950.0,6740.02,1267.1,1286.8,0.2921056012010573,285.5,298.7,0.2153494145774841,6934.849999999999,-0.15316820455933142,467,0.05933506289750688
2026-03-07,2027-06-17,5975.0,6740.02,1238.7,1279.8,0.2949518137359619,290.6,303.8,0.2138836318111419,6937.05,-0.14929251428629745,467,0.058530079769288104
2026-03-07,2027-06-17,6000.0,6740.02,1229.9,1249.5,0.2889666135787962,295.6,309.1,0.2124626712894439,6937.35,-0.14516038798912576,467,0.05775496050659019
2026-03-07,2027-06-17,6025.0,6740.02,1293.8,1314.0,0.3182908518886566,300.9,314.4,0.2110059483385085,7021.25,-0.15302378548778678,467,0.05696569665585468
2026-03-07,2027-06-17,6050.0,6740.02,1193.3,1212.4,0.2857956781864166,306.2,319.8,0.2095520863819122,6939.85,-0.13722188840952781,467,0.056183397028972015
2026-03-07,2027-06-17,6075.0,6740.02,1310.7,1323.0,0.3316145025253296,311.6,325.3,0.2081010854196548,7073.4,-0.15215928031738749,467,0.05540802969472757
2026-03-07,2027-06-17,6100.0,6740.02,1156.8,1175.7,0.282663843050003,317.1,330.9,0.2066510381221771,6942.25,-0.12933715828835018,467,0.054638554183853764
2026-03-07,2027-06-17,6125.0,6740.02,1138.6,1157.7,0.2811837553119659,322.6,336.5,0.2051642747306823,6943.6,-0.12544161558146638,467,0.053855181603378446
2026-03-07,2027-06-17,6150.0,6740.02,1332.2,1340.1,0.3520720425462722,328.3,342.2,0.2036775113391876,7150.9,-0.15078614109188082,467,0.053077465391854046
2026-03-07,2027-06-17,6175.0,6740.02,1102.6,1121.5,0.2780647946500778,334.0,348.1,0.20222698720932,6946.0,-0.11765707180784139,467,0.052324156942847144
2026-03-07,2027-06-17,6200.0,6740.02,1084.7,1103.5,0.2764984002494811,339.8,353.9,0.2007016003942489,6947.25,-0.1137966057690637,467,0.05153777761967004
2026-03-07,2027-06-17,6225.0,6740.02,1143.5,1148.5,0.2973889040803908,345.7,360.0,0.1992477384376526,7018.15,-0.1199262081925549,467,0.050793813189771164
2026-03-07,2027-06-17,6250.0,6740.02,1049.1,1067.8,0.2733846847438811,351.7,366.0,0.1977171064662933,6949.599999999999,-0.10610264021526346,467,0.05001640905877113
2026-03-07,2027-06-17,6275.0,6740.02,1164.0,1168.8,0.3137752491569519,357.7,372.2,0.1962193759298324,7076.45,-0.12019888450915345,467,0.049261518657443236
2026-03-07,2027-06-17,6300.0,6740.02,1013.9,1032.5,0.2702933803606033,363.9,378.4,0.1946811146402359,6952.05,-0.09848694671465412,467,0.06915479330657555
2026-03-07,2027-06-17,6325.0,6740.02,996.4,1015.0,0.2687546422386169,370.2,384.8,0.1931733706235885,6953.2,-0.09469195065166423,467,0.06825156670836141
2026-03-07,2027-06-17,6350.0,6740.02,979.0,997.5,0.2671849100112916,376.4,391.2,0.1916241421890259,6954.45,-0.09092692954512785,467,0.06733300243829134
2026-03-07,2027-06-17,6375.0,6740.02,967.2,975.4,0.2639863183403015,382.8,397.7,0.1900672844362259,6956.05,-0.08722769346081594,467,0.06594445400599924
2026-03-07,2027-06-17,6400.0,6740.02,944.5,962.9,0.2640912214660644,389.4,404.3,0.1885027973651886,6956.85,-0.08342879532575606,467,0.06552117022384389
2026-03-07,2027-06-17,6425.0,6740.02,1092.8,1101.8,0.3163358390903472,396.0,411.0,0.1869302041435241,7118.8,-0.10254254111241007,467,0.04470776676786901
2026-03-07,2027-06-17,6450.0,6740.02,1037.0,1042.4,0.3000453373241424,402.7,417.8,0.1853471206092834,7079.45,-0.09311609026459966,467,0.07536159345761008
2026-03-07,2027-06-17,6475.0,6740.02,1019.1,1024.0,0.2978685974645614,409.5,424.6,0.1837192148303985,7079.5,-0.08925467615728708,467,0.07418481190694401
2026-03-07,2027-06-17,6500.0,6740.02,876.6,894.8,0.2578952613925934,416.3,431.6,0.1821141970062255,6961.75,-0.06862870262141613,467,0.06192814182558701
2026-03-07,2027-06-17,6525.0,6740.02,859.9,878.0,0.2563398341369629,423.3,438.7,0.180496781539917,6962.95,-0.06496228191300242,467,0.061038252635442485
2026-03-07,2027-06-17,6550.0,6740.02,843.3,861.4,0.2548187388134003,430.4,445.9,0.1788650611019134,6964.2,-0.06131769097333437,467,0.06016035965088793
2026-03-07,2027-06-17,6575.0,6740.02,828.7,844.8,0.2532628347253799,437.6,453.1,0.1771851805925369,6966.4,-0.05782401399426299,467,0.0592659764706571
2026-03-07,2027-06-17,6600.0,6740.02,810.3,828.4,0.2517393552398681,444.9,460.5,0.1755229428815841,6966.65,-0.05406482892291648,467,0.05839197557667366
2026-03-07,2027-06-17,6625.0,6740.02,799.5,806.2,0.2482360676717758,452.3,468.0,0.1738435392045975,6967.7,-0.05043481279010294,467,0.056983977979867644
2026-03-07,2027-06-17,6650.0,6740.02,777.8,795.7,0.2486189640808105,459.9,475.6,0.1721460158967972,6969.0,-0.04685488778861901,467,0.056629561391359544
2026-03-07,2027-06-17,6675.0,6740.02,761.7,779.5,0.2470549538421631,467.5,483.3,0.170428465628624,6970.2,-0.0432747144790338,467,0.05574969409857595
2026-03-07,2027-06-17,6700.0,6740.02,745.7,763.5,0.245520984044075,475.1,491.1,0.168690411567688,6971.5,-0.03972288325601825,467,0.05487924279378011
2026-03-07,2027-06-17,6725.0,6740.02,729.9,747.6,0.2439827227544784,483.0,499.0,0.1669299463844299,6972.75,-0.036177769534037174,467,0.0540086209004716
2026-03-07,2027-06-17,6750.0,6740.02,714.1,731.8,0.2424396931409835,490.9,507.0,0.1651451627492905,6974.0,-0.03264644336902094,467,0.05313737581422024
2026-03-07,2027-06-17,6775.0,6740.02,700.4,716.1,0.2408914183712005,499.0,515.2,0.1633680084323883,6976.15,-0.02925782190332086,467,0.05227383185103933
2026-03-07,2027-06-17,6800.0,6740.02,683.0,700.5,0.2393374216127395,507.2,523.4,0.1615307732343673,6976.45,-0.02561757922487207,467,0.05140048602867788
2026-03-07,2027-06-17,6825.0,6740.02,794.8,798.4,0.2752185821151733,515.5,531.9,0.1597302541303634,7097.9,-0.03920662457841078,467,0.06051184171279378
2026-03-07,2027-06-17,6850.0,6740.02,652.3,669.7,0.2362418257379531,524.0,540.4,0.1578658394861221,6978.8,-0.01862832994947575,467,0.04968139574326685
2026-03-07,2027-06-17,6875.0,6740.02,637.2,654.5,0.2346992729568481,532.8,549.1,0.1560009480094909,6979.9,-0.015142946471454241,467,0.048826021550472075
2026-03-07,2027-06-17,6900.0,6740.02,622.1,639.4,0.2331481371927261,541.3,557.9,0.1541012477684021,6981.15,-0.011692248047205882,467,0.047967324817359276
2026-03-07,2027-06-17,6925.0,6740.02,607.3,624.5,0.2316208430480957,550.1,566.8,0.1521643546009064,6982.45,-0.008261805979113735,467,0.04711296807904372
2026-03-07,2027-06-17,6950.0,6740.02,592.5,609.7,0.2300840122556686,560.7,575.8,0.150186930680275,6982.85,-0.004715483317545756,467,0.04625410777351364
2026-03-07,2027-06-17,6975.0,6740.02,577.9,595.0,0.2285366911506653,569.8,585.0,0.1481994932794571,6984.05,-0.001296650025321384,467,0.0453982063642039
2026-03-07,2027-06-17,7000.0,6740.02,563.5,580.5,0.2270108275032043,577.8,594.3,0.1461667568016051,6985.95,0.002009159867771664,467,0.04454460609772373
2026-03-07,2027-06-17,7025.0,6740.02,549.2,566.1,0.2254735198783874,587.1,603.8,0.144117808022499,6987.2,0.0053953114706500795,467,0.04369256787055166
2026-03-07,2027-06-17,7050.0,6740.02,535.0,551.9,0.2239562392139434,598.0,613.4,0.1420164076805114,6987.75,0.00886900080767031,467,0.04284116565369442
2026-03-07,2027-06-17,7075.0,6740.02,521.0,537.8,0.2224256072425842,606.3,624.9,0.1404652719163895,6988.8,0.012258575840961778,467,0.04212269315928281
2026-03-07,2027-06-17,7100.0,6740.02,507.1,523.9,0.220914525399208,617.6,634.9,0.138318095664978,6989.25,0.015721529695532255,467,0.041277706513091254
2026-03-07,2027-06-17,7125.0,6740.02,495.2,510.2,0.2194215631866455,627.7,645.0,0.136107500705719,6991.35,0.01893605550957108,467,0.04043097769322502
2026-03-07,2027-06-17,7150.0,6740.02,479.9,496.5,0.2178799640703201,638.2,655.3,0.1338606664848327,6991.45,0.022424382773877552,467,0.039573922631930235
2026-03-07,2027-06-17,7175.0,6740.02,594.2,598.6,0.2545240563964844,646.8,665.7,0.1315384927463531,7115.15,0.008376448105435395,467,0.04767375636593214
2026-03-07,2027-06-17,7200.0,6740.02,453.2,469.8,0.2148802115058899,657.3,676.4,0.1292048750305175,6994.65,0.028935454896208742,467,0.03787003653750012
2026-03-07,2027-06-17,7225.0,6740.02,440.2,456.7,0.2133877261257171,669.6,686.9,0.1266748023700714,6995.2,0.03232303443846822,467,0.03698976601027751
2026-03-07,2027-06-17,7250.0,6740.02,427.3,443.7,0.2118771211147307,680.5,697.9,0.1241885982894897,6996.3,0.0356200309829641,467,0.03612538242691902
2026-03-07,2027-06-17,7275.0,6740.02,414.7,431.0,0.2104141993427276,691.5,709.0,0.1215946300888061,6997.6,0.038876579934048056,467,0.035258456121350826
2026-03-07,2027-06-17,7300.0,6740.02,403.9,418.5,0.2089651057100295,702.8,720.3,0.1189176930522918,6999.65,0.042014200349073806,467,0.03438755450767631
2026-03-07,2027-06-17,7325.0,6740.02,533.7,538.6,0.2518242314052581,710.8,717.6,0.1106160411453247,7146.95,0.02460746263211437,467,0.042018149448475706
2026-03-07,2027-06-17,7350.0,6740.02,377.8,393.8,0.2060044534015655,725.8,743.4,0.1132204996585845,7001.2,0.048618750290201865,467,0.0325955030797747
2026-03-07,2027-06-17,7375.0,6740.02,365.9,381.8,0.2045596512603759,737.7,755.3,0.1102040579605102,7002.35,0.051850095224287775,467,0.031690809564413065
2026-03-07,2027-06-17,7400.0,6740.02,355.9,370.1,0.2031606250286102,749.8,767.4,0.1070321689033508,7004.4,0.05494147719451556,467,0.03077708144740861
2026-03-07,2027-06-17,7425.0,6740.02,342.7,358.5,0.2017382340097427,762.0,779.7,0.1036733615493774,7004.75,0.05826419433037181,467,0.0298356200971362
2026-03-07,2027-06-17,7450.0,6740.02,331.4,347.1,0.2003263333034515,774.2,792.2,0.1000856746482849,7006.05,0.06143997090170219,467,0.028866797192866066
2026-03-07,2027-06-17,7475.0,6740.02,320.3,335.7,0.1988548285484313,786.8,804.9,0.0962109346485138,7007.15,0.06463306295321902,467,0.027848490926941766
2026-03-07,2027-06-17,7500.0,6740.02,309.3,324.8,0.197497286734581,799.6,817.8,0.0919661727142334,7008.35,0.06780072523290624,467,0.026801032235813167
2026-03-07,2027-06-17,7525.0,6740.02,298.7,314.0,0.1961139959716797,683.6,686.2,1.0000000000000004e-05,7146.45,0.05161508072420158,467,0.012303409848414408
2026-03-07,2027-06-17,7550.0,6740.02,288.3,303.5,0.1947750506210326,826.0,844.2,0.0817486082649231,7010.8,0.07409574604404934,467,0.024458432152299224
2026-03-07,2027-06-17,7575.0,6740.02,278.1,293.2,0.1934451650857925,708.5,711.2,1.0000000000000004e-05,7150.8,0.05762911283663642,467,0.011970841588725592
2026-03-07,2027-06-17,7600.0,6740.02,269.6,283.1,0.1921238625335693,853.3,871.5,0.0662439262771606,7013.95,0.08024722419965055,467,0.021352108202561476
2026-03-07,2027-06-17,7650.0,6740.02,248.7,263.6,0.1895422919750214,881.4,899.8,1.0000000000000004e-05,7015.55,0.08657653393616756,467,0.011492700918166725
2026-03-07,2027-06-17,7700.0,6740.02,230.3,244.9,0.1869931460189819,910.5,928.7,1.0000000000000004e-05,7018.0,0.09274205169861476,467,0.011185666083565372
2026-03-07,2027-06-17,7750.0,6740.02,214.6,227.2,0.1845517641830444,940.5,958.8,1.0000000000000004e-05,7021.25,0.09875157850075014,467,0.010895508164954139
2026-03-07,2027-06-17,7775.0,6740.02,206.1,218.7,0.1833634978675842,798.7,803.1,1.0000000000000004e-05,7186.5,0.0787091920561484,467,0.010755662431048007
2026-03-07,2027-06-17,7800.0,6740.02,196.3,210.4,0.182183814535141,971.4,989.6,1.0000000000000004e-05,7022.85,0.10495461514060518,467,0.04246621929888866
2026-03-07,2027-06-17,7850.0,6740.02,182.0,195.9,0.1804591117811203,850.5,853.8,1.0000000000000004e-05,7186.8,0.088267521718037,467,0.01041765057767127
2026-03-07,2027-06-17,7875.0,6740.02,173.1,188.3,0.1793571521282195,867.6,871.3,1.0000000000000004e-05,7186.25,0.09152370675633313,467,0.010290816881937344
2026-03-07,2027-06-17,7900.0,6740.02,165.9,180.9,0.178266159620285,1035.1,1054.3,1.0000000000000004e-05,7028.7,0.11686099251440898,467,0.04065948123811567
2026-03-07,2027-06-17,7950.0,6740.02,153.4,166.8,0.1761642824459076,1068.8,1088.0,1.0000000000000004e-05,7031.7,0.12274343130945954,467,0.039706328792661
2026-03-07,2027-06-17,8000.0,6740.02,140.5,153.5,0.1741177178287506,1103.3,1122.5,1.0000000000000004e-05,7034.1,0.12867179106717325,467,0.03878912192357194
2026-03-07,2027-06-17,8050.0,6740.02,128.4,141.2,0.1722256469058991,1138.7,1158.0,1.0000000000000004e-05,7036.45,0.1345683098066761,467,0.03795068904700434
2026-03-07,2027-06-17,8100.0,6740.02,117.2,129.7,0.1704117764949799,1174.9,1194.3,1.0000000000000004e-05,7038.85,0.14041925712460498,467,0.037155509743391005
2026-03-07,2027-06-17,8150.0,6740.02,106.4,119.3,0.1688372759437561,1201.9,1241.1,1.0000000000000004e-05,7041.35,0.1462180141030441,467,0.036472093217442346
2026-03-07,2027-06-17,8200.0,6740.02,96.4,109.9,0.1674821182918549,1239.7,1279.0,1.0000000000000004e-05,7043.8,0.15198635699788157,467,0.0358889627273837
2026-03-07,2027-06-17,8300.0,6740.02,78.5,92.6,0.1647441467094421,1133.2,1142.2,1.0000000000000004e-05,7247.85,0.13555064164026434,467,0.034725139779822896
2026-03-07,2027-06-17,8500.0,6740.02,54.0,63.1,0.1587475025749206,1480.7,1520.4,1.0000000000000004e-05,7058.0,0.18590443824319244,467,0.032243176413568914
2026-03-07,2027-06-17,8600.0,6740.02,44.2,52.5,0.1567448065376282,1565.6,1605.3,1.0000000000000004e-05,7062.9,0.19690647122258498,467,0.03143477357214832
2026-03-07,2027-06-17,9000.0,6740.02,19.8,26.7,0.1531494903182984,1875.3,1910.8,1.0000000000000004e-05,7130.2,0.2328852928125389,467,0.030009249045699682
2026-03-07,2027-06-17,9600.0,6740.02,5.8,11.6,0.1552246648788452,2324.9,2337.3,1.0000000000000004e-05,7277.599999999999,0.2769619609480757,467,0.03082800905756755
2026-03-07,2027-06-17,9800.0,6740.02,3.6,9.5,0.157761413192749,2493.4,2533.8,1.0000000000000004e-05,7292.95,0.2954742575871408,467,0.03184385164666225
2026-03-07,2027-06-17,10000.0,6740.02,2.35,7.9,0.1604736358261108,2677.9,2720.5,1.0000000000000004e-05,7305.925,0.31389943020882244,467,0.03294817780926664
2026-03-07,2027-06-17,10200.0,6740.02,0.05,9.3,0.1710516855621338,2863.3,2905.6,1.0000000000000004e-05,7320.225,0.33174665508448076,467,0.037435077138118326
2026-03-07,2027-12-17,600.0,6740.02,6038.7,6078.3,1.0000000000000004e-05,0.05,5.8,0.7089262506103515,6655.575,-2.4062804730828002,650,0.8949991197887484
2026-03-07,2027-12-17,800.0,6740.02,5075.1,5115.1,1.0000000000000004e-05,0.0,6.7,0.6315344464111328,5891.75,-1.9966966186002773,650,0.7102554576780283
2026-03-07,2027-12-17,1000.0,6740.02,5667.2,5706.8,1.0000000000000004e-05,0.95,6.6,0.5722088677978516,6683.225,-1.8996006554767844,650,0.5830820341129439
2026-03-07,2027-12-17,1200.0,6740.02,5482.1,5521.7,1.0000000000000004e-05,2.65,8.4,0.541569525756836,6696.375,-1.7192447784093068,650,0.5223107076671638
2026-03-07,2027-12-17,1400.0,6740.02,5297.4,5337.0,1.0000000000000004e-05,4.6,10.9,0.5154772573852539,6709.45,-1.5670447437897672,650,0.4731943065011647
2026-03-07,2027-12-17,1600.0,6740.02,5113.1,5152.7,0.5043384527587891,6.9,13.9,0.5129138064575195,6722.5,-1.4354564799151472,650,0.4684996502892662
2026-03-07,2027-12-17,2000.0,6740.02,4746.0,4785.6,0.5339936127471924,14.7,21.1,0.4656425506591797,6747.900000000001,-1.2160841648082805,650,0.3861231239447983
2026-03-07,2027-12-17,2200.0,6740.02,4375.8,4413.7,1.0000000000000004e-05,18.7,25.6,0.445394340057373,6572.6,-1.094452132052496,650,0.3532725391803913
2026-03-07,2027-12-17,2300.0,6740.02,2346.7,2411.3,1.0000000000000004e-05,20.9,28.0,0.435628812713623,4654.55,-0.7049361128740107,650,0.33795096055639057
2026-03-07,2027-12-17,2400.0,6740.02,4475.9,4515.1,0.6147041703796388,23.2,30.6,0.426336303100586,6868.6,-1.0514915635428643,650,0.32368689910125636
2026-03-07,2027-12-17,2500.0,6740.02,4253.6,4293.1,0.4563729290008544,25.7,33.3,0.4171963798522949,6743.85,-0.99234024658516,650,0.3099570755759157
2026-03-07,2027-12-17,2600.0,6740.02,4199.4,4239.0,0.5073405894851685,28.3,36.2,0.4084264785385131,6786.95,-0.9594902056418531,650,0.29706280120928996
2026-03-07,2027-12-17,2900.0,6740.02,4146.6,4170.2,0.6499077520561218,34.8,45.7,0.3831085859680175,7018.15,-0.883788913550898,650,0.26137513045909316
2026-03-07,2027-12-17,3000.0,6740.02,3838.2,3877.8,0.4802431584358215,38.1,49.3,0.3752122415924073,6814.3,-0.8204110566047337,650,0.2507116357712859
2026-03-07,2027-12-17,3100.0,6740.02,3755.5,3787.9,0.4730563406562805,41.6,53.1,0.3674990008544921,6824.35,-0.7890949869492495,650,0.24050982235310273
2026-03-07,2027-12-17,3400.0,6740.02,3480.4,3520.1,0.451703786239624,53.4,66.0,0.3455723402404785,6840.55,-0.6990927061364095,650,0.21266618498776077
2026-03-07,2027-12-17,3500.0,6740.02,3391.7,3431.3,0.4445274587726593,57.8,70.8,0.3385648114395141,6847.2,-0.6710768410898948,650,0.20412872740903543
2026-03-07,2027-12-17,3600.0,6740.02,3303.2,3342.8,0.4373797412490844,62.6,76.0,0.331828123435974,6853.7,-0.6438548069711375,650,0.19608612952596166
2026-03-07,2027-12-17,3700.0,6740.02,3273.2,3313.0,0.4681411523818969,67.7,81.5,0.3252135045242309,6918.5,-0.6258661634771232,650,0.18834653504439938
2026-03-07,2027-12-17,3800.0,6740.02,2763.5,2797.8,1.0000000000000004e-05,73.2,87.3,0.3186980667495727,6500.4,-0.5368626467373763,650,0.18087533571902686
2026-03-07,2027-12-17,3900.0,6740.02,3040.0,3079.6,0.4163876721191406,79.0,93.6,0.3124401184654235,6873.5,-0.5666968847937368,650,0.1738417478283483
2026-03-07,2027-12-17,4000.0,6740.02,2953.1,2992.7,0.4095479883193969,85.2,100.8,0.306723851776123,6879.9,-0.5423097558360083,650,0.1675388734560211
2026-03-07,2027-12-17,4100.0,6740.02,2997.0,3019.0,0.4636198276615142,91.9,108.0,0.3007443736076355,7008.05,-0.5360725146015726,650,0.16107031744334763
2026-03-07,2027-12-17,4150.0,6740.02,2803.0,2844.6,0.3889888829994201,95.4,111.8,0.297818530063629,6870.200000000001,-0.5040848836494165,650,0.15795156151238207
2026-03-07,2027-12-17,4200.0,6740.02,2780.7,2820.3,0.3961232492160798,99.2,116.2,0.2952760597610473,6892.8,-0.49539286325055504,650,0.15526621494303078
2026-03-07,2027-12-17,4250.0,6740.02,2745.3,2772.1,0.3899215671539306,103.1,120.2,0.2923635675239562,6897.049999999999,-0.4841748010153316,650,0.15221834561634984
2026-03-07,2027-12-17,4300.0,6740.02,2586.6,2605.1,0.3159114582633971,107.2,124.3,0.2894587046051025,6780.1,-0.4553768284065551,650,0.14920855366186736
2026-03-07,2027-12-17,4400.0,6740.02,2817.2,2839.3,0.4731183288669586,115.5,133.1,0.2838664143371581,7103.95,-0.4790464264525962,650,0.14349888156880225
2026-03-07,2027-12-17,4450.0,6740.02,2562.0,2619.2,0.3854917942523955,120.0,137.5,0.2809701344013214,6911.85,-0.4403332336992384,650,0.14058559089471998
2026-03-07,2027-12-17,4500.0,6740.02,2526.3,2565.7,0.3766780243587493,124.5,142.3,0.2782636337566375,6912.6,-0.42926843651365176,650,0.13789019840120892
2026-03-07,2027-12-17,4550.0,6740.02,2697.1,2714.3,0.4598852763843536,132.8,146.8,0.2753034582805633,7115.9,-0.4472044839033141,650,0.13497204436110852
2026-03-07,2027-12-17,4600.0,6740.02,2442.8,2482.1,0.3704191224098205,134.2,152.2,0.2728201151943206,6919.25,-0.40825107875793926,650,0.13254802716580147
2026-03-07,2027-12-17,4650.0,6740.02,2401.2,2440.5,0.3673044532394409,139.2,157.4,0.2701384098339081,6922.549999999999,-0.3979169792617547,650,0.12995505288749346
2026-03-07,2027-12-17,4700.0,6740.02,2491.9,2515.2,0.4152003594684601,144.4,162.8,0.267497712059021,7049.950000000001,-0.40545801588443314,650,0.1274267585532249
2026-03-07,2027-12-17,4750.0,6740.02,1740.2,1763.2,1.0000000000000004e-05,149.8,168.2,0.2647835820960998,6342.7,-0.28915992725464135,650,0.12485403966018443
2026-03-07,2027-12-17,4800.0,6740.02,2277.7,2316.9,0.3581778812980651,155.3,174.0,0.2622125018501282,6932.65,-0.36762621757588115,650,0.12244111638966372
2026-03-07,2027-12-17,4850.0,6740.02,2232.0,2284.8,0.3589288923120499,161.2,179.9,0.2596166263198853,6937.85,-0.3580132233010304,650,0.1200288088496365
2026-03-07,2027-12-17,4900.0,6740.02,2191.5,2243.8,0.3557488971042632,167.2,185.9,0.2569940481758118,6941.1,-0.34822505828302824,650,0.11761605895497111
2026-03-07,2027-12-17,4950.0,6740.02,2155.9,2194.9,0.349239181318283,173.2,192.2,0.2544449022197724,6942.7,-0.33830317126953285,650,0.11529434348673755
2026-03-07,2027-12-17,5000.0,6740.02,2115.7,2154.6,0.3462971254730224,179.6,198.6,0.2518652389907836,6946.049999999999,-0.3287352402494347,650,0.11296839478828753
2026-03-07,2027-12-17,5050.0,6740.02,2075.7,2114.6,0.3434180115032196,186.1,205.4,0.2493971545410156,6949.4,-0.31926708162745077,650,0.11076523685082437
2026-03-07,2027-12-17,5100.0,6740.02,2035.9,2074.7,0.3405169632434845,192.9,212.2,0.2468441939258575,6952.75,-0.3098967250376045,650,0.10850914095531267
2026-03-07,2027-12-17,5150.0,6740.02,1996.3,2035.0,0.337634034614563,199.8,219.4,0.2443913681125641,6956.05,-0.3006150698296609,650,0.1063634014387809
2026-03-07,2027-12-17,5200.0,6740.02,1956.9,1995.5,0.3347673182868956,207.0,226.6,0.2418527124691009,6959.4,-0.2914346381463668,650,0.10416514368117817
2026-03-07,2027-12-17,5250.0,6740.02,1917.7,1956.3,0.3319520998573303,214.3,234.2,0.2394046549797057,6962.75,-0.28234643464797093,650,0.10206707599142123
2026-03-07,2027-12-17,5300.0,6740.02,1878.8,1917.3,0.3291483254051208,221.9,242.0,0.2369537364959716,6966.1,-0.273348706723407,650,0.09998793864551102
2026-03-07,2027-12-17,5350.0,6740.02,2082.6,2099.5,0.4060556678962707,229.9,249.8,0.2344141271877288,7201.200000000001,-0.29715111789341536,650,0.0978561341544385
2026-03-07,2027-12-17,5400.0,6740.02,1801.6,1839.9,0.3235674791145323,238.1,258.0,0.2319512878942489,6972.7,-0.25560357065406747,650,0.09581071225005611
2026-03-07,2027-12-17,5450.0,6740.02,1763.3,1801.5,0.320786115784645,246.6,266.5,0.2295180122089385,6975.85,-0.24683857540677023,650,0.09381105932444544
2026-03-07,2027-12-17,5500.0,6740.02,1725.3,1763.4,0.3180448063755035,255.5,275.2,0.2270713852167129,6979.0,-0.23815754779658938,650,0.09182169613631215
2026-03-07,2027-12-17,5550.0,6740.02,1881.3,1895.0,0.3737507503175735,266.6,284.2,0.2246466925144195,7162.75,-0.2550960576873455,650,0.08987120191091585
2026-03-07,2027-12-17,5600.0,6740.02,1650.0,1687.8,0.3125660022163391,272.7,293.2,0.2221266333341598,6985.95,-0.22113439144643815,650,0.08786618302366953
2026-03-07,2027-12-17,5650.0,6740.02,1804.0,1817.2,0.3660780403327941,282.1,302.7,0.2196986028051376,7168.2,-0.23799903191074648,650,0.08595577931080615
2026-03-07,2027-12-17,5700.0,6740.02,1575.6,1610.4,0.3062079191303253,291.3,312.4,0.2172453001594543,6991.15,-0.2041788886170809,650,0.08404681722436003
2026-03-07,2027-12-17,5750.0,6740.02,1538.8,1573.4,0.3035042794799804,301.3,322.3,0.2147648180675506,6994.3,-0.1958956768210725,650,0.08213850027871855
2026-03-07,2027-12-17,5800.0,6740.02,1502.3,1536.7,0.3008263887786865,311.3,332.5,0.2122900579643249,6997.6,-0.18770931557113452,650,0.08025642373102103
2026-03-07,2027-12-17,5850.0,6740.02,1466.0,1500.3,0.298172339696884,321.6,342.8,0.2097485413265228,7000.95,-0.1796041928889119,650,0.07834628187011677
2026-03-07,2027-12-17,5900.0,6740.02,1430.0,1464.1,0.2955068466377258,332.0,353.5,0.2072418334531783,7004.3,-0.17157189526168665,650,0.07648483670266487
2026-03-07,2027-12-17,5950.0,6740.02,1386.8,1427.1,0.292511385564804,342.9,364.5,0.2047303572559356,7003.25,-0.16298310746479738,650,0.07464229443395334
2026-03-07,2027-12-17,6000.0,6740.02,1358.8,1392.6,0.2902321267414093,353.8,375.7,0.202178827137947,7010.95,-0.1557137433210813,650,0.07279337203525836
2026-03-07,2027-12-17,6050.0,6740.02,1323.6,1357.2,0.2875871374750136,365.1,387.2,0.1996163298749923,7014.25,-0.1478855220397545,650,0.07095983958710997
2026-03-07,2027-12-17,6100.0,6740.02,1288.6,1322.1,0.2849545458507536,376.6,398.9,0.1970080567026138,7017.6,-0.14013250806216648,650,0.0691175708595375
2026-03-07,2027-12-17,6150.0,6740.02,1254.0,1287.3,0.2823333982038498,388.5,411.0,0.1944140885019302,7020.9,-0.13243933312992326,650,0.0673094371923935
2026-03-07,2027-12-17,6200.0,6740.02,1219.7,1252.8,0.2797203567075728,400.6,423.3,0.1917671919059753,7024.3,-0.12482627407584375,650,0.06548911323144398
2026-03-07,2027-12-17,6250.0,6740.02,1185.6,1218.5,0.2770839504241943,413.1,435.9,0.189095976858139,7027.55,-0.1172566749306565,650,0.06367736301796438
2026-03-07,2027-12-17,6300.0,6740.02,1151.9,1184.6,0.2744818760728836,425.8,448.8,0.1863961518669128,7030.95,-0.10977219843029178,650,0.06187203158908381
2026-03-07,2027-12-17,6350.0,6740.02,1127.4,1139.0,0.2683340760707854,442.0,462.1,0.1836934658813476,7031.15,-0.10189546417673433,650,0.06009078935582516
2026-03-07,2027-12-17,6400.0,6740.02,1085.3,1117.6,0.2692529320859909,452.1,475.7,0.1809526333045959,7037.55,-0.09496210787068081,650,0.09023649535659427
2026-03-07,2027-12-17,6450.0,6740.02,1052.5,1084.6,0.26665133456707,466.1,489.6,0.178169839477539,7040.7,-0.08762746623743611,650,0.08809097258286017
2026-03-07,2027-12-17,6500.0,6740.02,1020.0,1051.9,0.2640454455566406,480.0,503.8,0.1753398392438888,7044.05,-0.08038111194681247,650,0.08595111542774488
2026-03-07,2027-12-17,6550.0,6740.02,987.8,1019.6,0.2614619676685333,494.4,518.4,0.1724869510555267,7047.3,-0.07317951509853163,650,0.0838373846850394
2026-03-07,2027-12-17,6600.0,6740.02,956.0,987.6,0.2588694299650192,509.0,533.3,0.1695763661479949,7050.65,-0.06605016212332972,650,0.08172450009211947
2026-03-07,2027-12-17,6650.0,6740.02,924.5,950.8,0.254813970489502,524.0,548.6,0.1666300188112259,7051.35,-0.05860223318636901,650,0.07907518731268003
2026-03-07,2027-12-17,6700.0,6740.02,893.4,919.6,0.252260533041954,539.4,564.3,0.1636417102241516,7054.65,-0.05157944747170199,650,0.07700927354106595
2026-03-07,2027-12-17,6750.0,6740.02,864.6,888.3,0.2495773971843719,555.0,580.3,0.1605761547899246,7058.8,-0.044732560502502544,650,0.07489510858091489
2026-03-07,2027-12-17,6800.0,6740.02,834.1,857.9,0.2470444635295868,571.1,596.7,0.1574533794689178,7062.1,-0.03781984551841183,650,0.07284385496149855
2026-03-07,2027-12-17,6850.0,6740.02,802.4,828.5,0.24468605052948,587.6,613.6,0.1542915038919449,7064.85,-0.030883132214461748,650,0.07086918342867513
2026-03-07,2027-12-17,6900.0,6740.02,772.8,798.9,0.2421621766901016,604.5,630.8,0.1510261556863785,7068.2,-0.024084439001717615,650,0.06882746031921116
2026-03-07,2027-12-17,6950.0,6740.02,743.7,769.7,0.2396392565155028,621.9,648.4,0.1476735471534729,7071.55,-0.0173380325123701,650,0.06678581173003399
2026-03-07,2027-12-17,7000.0,6740.02,714.9,741.0,0.2371430389547347,639.7,666.3,0.1441921938753127,7074.95,-0.010650227311206436,650,0.06474024922493508
2026-03-07,2027-12-17,7050.0,6740.02,686.7,712.7,0.2346420530700683,662.0,684.7,0.1406240571022033,7076.35,-0.0037306212235403923,650,0.06269590735512869
2026-03-07,2027-12-17,7100.0,6740.02,658.9,684.8,0.2321339146995544,680.8,703.5,0.1369233609247208,7079.7,0.002863250120753111,650,0.060638443321430105
2026-03-07,2027-12-17,7150.0,6740.02,632.6,657.5,0.2296715522384643,696.2,722.8,0.1330977346611022,7085.55,0.009054857783006133,650,0.05858973362085821
2026-03-07,2027-12-17,7200.0,6740.02,605.7,630.6,0.2271967921352385,716.0,742.6,0.1291238135242462,7088.85,0.015557898915949232,650,0.0565252350078098
2026-03-07,2027-12-17,7250.0,6740.02,582.5,603.8,0.2246223740625381,736.3,762.8,0.1249410398006439,7093.6,0.021808499782923155,650,0.05440169671410512
2026-03-07,2027-12-17,7300.0,6740.02,553.3,578.4,0.2223097369718551,757.1,784.5,0.1208431422424316,7095.05,0.028476990350821373,650,0.05242468084485319
2026-03-07,2027-12-17,7350.0,6740.02,527.9,553.0,0.2198640636444091,778.5,805.9,0.1162464780044555,7098.25,0.034852038431624835,650,0.05029499488689764
2026-03-07,2027-12-17,7400.0,6740.02,503.1,527.8,0.2173378056430817,800.5,827.9,0.1113546545171737,7101.25,0.04120917532092437,650,0.04809943608769226
2026-03-07,2027-12-17,7450.0,6740.02,478.9,503.9,0.2150399503564834,824.3,835.0,0.1007313057041168,7111.75,0.04646568665372365,650,0.044392100000108174
2026-03-07,2027-12-17,7500.0,6740.02,455.2,479.9,0.2125704354095458,846.4,873.5,0.1002220487117767,7107.6,0.05373838645348188,650,0.043558520397131546
2026-03-07,2027-12-17,7550.0,6740.02,432.3,457.1,0.2102978522396087,870.1,897.2,0.0936698948431015,7111.05,0.059897651024407354,650,0.041135379673458906
2026-03-07,2027-12-17,7600.0,6740.02,410.0,434.7,0.2079918908023834,894.2,921.5,0.0860048141765594,7114.5,0.06601329228867628,650,0.03848091825343089
2026-03-07,2027-12-17,7650.0,6740.02,388.4,412.8,0.2056783000469207,919.2,946.5,0.0764195294761657,7117.75,0.0721139835925876,650,0.03542908940004356
2026-03-07,2027-12-17,7700.0,6740.02,367.2,391.5,0.2033837825870513,944.8,972.1,0.0618418096542358,7120.9,0.07818620692974673,650,0.03131780794988491
2026-03-07,2027-12-17,7750.0,6740.02,346.7,371.0,0.2011665119743347,971.1,998.4,1.0000000000000004e-05,7124.1,0.08420944097852626,650,0.018018351253838192
2026-03-07,2027-12-17,7800.0,6740.02,326.8,351.0,0.1989358900547027,998.1,1025.4,1.0000000000000004e-05,7127.15,0.09021229867356485,650,0.01762099565772439
2026-03-07,2027-12-17,7850.0,6740.02,307.8,331.8,0.1967815613174438,1025.8,1053.0,1.0000000000000004e-05,7130.4,0.09614619795994665,650,0.017241436365576856
2026-03-07,2027-12-17,7900.0,6740.02,289.5,313.2,0.1946424912166595,1053.1,1083.2,1.0000000000000004e-05,7133.2,0.10210281787675468,650,0.06746768383991175
2026-03-07,2027-12-17,7950.0,6740.02,271.9,295.4,0.1925806679630279,1081.7,1093.2,1.0000000000000004e-05,7146.2,0.10659118177125211,650,0.06604590106166
2026-03-07,2027-12-17,8000.0,6740.02,255.0,278.3,0.1905665279483795,1111.7,1142.1,1.0000000000000004e-05,7139.75,0.11376377994694974,650,0.06467161924190501
2026-03-07,2027-12-17,8050.0,6740.02,238.8,261.9,0.1886015016698837,1001.0,1012.9,1.0000000000000004e-05,7293.4,0.09870226181875331,650,0.015837872647540795
2026-03-07,2027-12-17,8100.0,6740.02,223.6,246.0,0.1866202630901337,1018.0,1024.6,1.0000000000000004e-05,7313.5,0.10214210633338715,650,0.062020903252849216
2026-03-07,2027-12-17,8150.0,6740.02,209.0,231.0,0.1847577557754516,1205.1,1235.5,1.0000000000000004e-05,7149.7,0.1309475294690764,650,0.06078911892456964
2026-03-07,2027-12-17,8200.0,6740.02,194.7,217.2,0.1831269890022277,1237.3,1268.2,1.0000000000000004e-05,7153.2,0.13657434523846337,650,0.05972074291962827
2026-03-07,2027-12-17,8300.0,6740.02,169.0,190.8,0.1797481546878814,1304.6,1335.5,1.0000000000000004e-05,7159.85,0.1477664837701168,650,0.05753728609288782
2026-03-07,2027-12-17,8400.0,6740.02,145.8,166.9,0.1765457483577728,1374.5,1405.7,1.0000000000000004e-05,7166.25,0.15884920060881255,650,0.0555053721125587
2026-03-07,2027-12-17,8500.0,6740.02,124.9,146.1,0.1738096841049194,1446.9,1478.5,1.0000000000000004e-05,7172.8,0.16977006907723274,650,0.05379828517157183
2026-03-07,2027-12-17,8600.0,6740.02,106.9,127.5,0.1712562466573715,1516.1,1536.5,1.0000000000000004e-05,7190.9,0.17894586550752684,650,0.05222919537660494
2026-03-07,2027-12-17,8800.0,6740.02,77.6,96.9,0.1669757222938538,1489.5,1501.2,1.0000000000000004e-05,7391.9,0.174366915374812,650,0.04965090326879512
2026-03-07,2027-12-17,9000.0,6740.02,59.5,71.1,0.162191186094284,1839.1,1878.6,1.0000000000000004e-05,7206.45,0.22224811900007738,650,0.04684626726119434
2026-03-07,2027-12-17,9200.0,6740.02,43.7,53.8,0.1596286888313293,1816.7,1836.2,1.0000000000000004e-05,7422.3,0.21471450186160262,650,0.045377690119742686
2026-03-07,2027-12-17,9400.0,6740.02,28.5,41.5,0.1582744848442077,1973.8,1988.3,1.0000000000000004e-05,7453.95,0.2319655960492774,650,0.04461103605275224
2026-03-07,2027-12-17,9600.0,6740.02,20.4,32.6,0.1577976524543762,2298.5,2337.8,1.0000000000000004e-05,7308.35,0.27274556838454345,650,0.044342642268692785
2026-03-07,2027-12-17,10000.0,6740.02,10.7,22.4,0.1602314049720764,2446.4,2465.2,1.0000000000000004e-05,7560.75,0.27961470137402206,650,0.045721005590579754
2026-03-07,2027-12-17,10400.0,6740.02,4.7,18.2,0.1668403018951416,2913.5,3296.2,1.0000000000000004e-05,7306.6,0.3530277568648379,650,0.04957040032520628
2026-03-07,2027-12-17,10600.0,6740.02,2.95,16.0,0.1691901319122314,3279.1,3318.4,1.0000000000000004e-05,7310.725,0.3715115530677003,650,0.05097656295537224
2026-03-07,2027-12-17,10800.0,6740.02,1.5,14.3,0.1718336906814575,3464.6,3503.9,1.0000000000000004e-05,7323.65,0.3884372965537349,650,0.052582003327635705
2026-03-07,2027-12-17,11000.0,6740.02,0.25,13.1,0.1749578964996338,3650.4,3689.7,1.0000000000000004e-05,7336.625,0.4050163451809475,650,0.05451143179705418
2026-03-07,2027-12-17,11200.0,6740.02,4.8,9.2,0.171433151473999,3836.4,3875.8,1.0000000000000004e-05,7350.9,0.4210910235929762,650,0.052337154865204405
2026-03-07,2027-12-17,11400.0,6740.02,0.05,11.2,0.1812330107498169,4022.6,4062.0,1.0000000000000004e-05,7363.325,0.4371017583709903,650,0.05849181567270715
2026-03-07,2027-12-17,12000.0,6740.02,0.0,3.1,0.1672599143981933,4581.9,4621.3,1.0000000000000004e-05,7399.95,0.48343340635746007,650,0.04982005842991539
2026-03-07,2028-12-15,1800.0,6740.02,3837.5,0.0,1.0000000000000004e-05,14.3,29.6,0.4276256578826904,3696.8,-0.7196809156718006,1014,0.5080103976041596
2026-03-07,2028-12-15,2600.0,6740.02,3283.1,0.0,1.0000000000000004e-05,39.5,59.1,0.361147593421936,4192.25,-0.4777261376176455,1014,0.3623385490787352
2026-03-07,2028-12-15,2700.0,6740.02,2149.3,2299.1,1.0000000000000004e-05,43.6,63.7,0.3540008295631408,4870.549999999999,-0.5899550940523551,1014,0.3481397796000858
2026-03-07,2028-12-15,2800.0,6740.02,3146.6,0.0,1.0000000000000004e-05,48.0,58.0,0.334506014137268,4320.3,-0.43370542710815146,1014,0.31085148855594014
2026-03-07,2028-12-15,3000.0,6740.02,4117.6,4169.7,0.5510289267063142,57.4,78.8,0.3335561640167237,7075.549999999999,-0.8580328903556107,1014,0.30908863166383893
2026-03-07,2028-12-15,3200.0,6740.02,3250.7,3330.7,1.0000000000000004e-05,68.0,90.3,0.3208914957427978,6411.549999999999,-0.694950241568038,1014,0.2860628793660568
2026-03-07,2028-12-15,3300.0,6740.02,3863.8,3913.7,0.521069547653198,73.8,96.5,0.3147899484825134,7103.6,-0.7666792293258686,1014,0.2752876976135402
2026-03-07,2028-12-15,3400.0,6740.02,2701.2,0.0,1.0000000000000004e-05,79.8,103.2,0.3089706859970092,4659.1,-0.31504686481563987,1014,0.2652037402540793
2026-03-07,2028-12-15,3800.0,6740.02,3438.1,3497.5,0.487669346075058,108.6,133.1,0.2865404903793334,7146.950000000001,-0.6316846255386768,1014,0.22809569579069713
2026-03-07,2028-12-15,4000.0,6740.02,2305.9,0.0,1.0000000000000004e-05,125.8,150.7,0.2761131196784973,5014.7,-0.2260792379663036,1014,0.21179669377154098
2026-03-07,2028-12-15,4200.0,6740.02,2177.0,0.0,1.0000000000000004e-05,145.0,170.4,0.2661692570209503,5130.8,-0.20017706715423603,1014,0.19681621482314487
2026-03-07,2028-12-15,4300.0,6740.02,3041.1,3083.5,0.4447777957773208,155.3,181.3,0.2614543383502961,7194.0,-0.5146323225739153,1014,0.18990517325145692
2026-03-07,2028-12-15,4400.0,6740.02,2049.9,0.0,1.0000000000000004e-05,166.3,192.6,0.2567317903614043,5245.5,-0.17576602526518764,1014,0.18310676480197935
2026-03-07,2028-12-15,4500.0,6740.02,1987.0,0.0,1.0000000000000004e-05,177.9,204.6,0.2521303577995301,5302.25,-0.16405386199704464,1014,0.17660189963467596
2026-03-07,2028-12-15,4600.0,6740.02,1924.6,0.0,1.0000000000000004e-05,190.2,217.2,0.2475832841300964,5358.6,-0.15264644344070905,1014,0.17028944475828234
2026-03-07,2028-12-15,4700.0,6740.02,1862.6,0.0,1.0000000000000004e-05,203.2,230.5,0.2431172719669341,5414.45,-0.1415087968646303,1014,0.16420134805382253
2026-03-07,2028-12-15,4800.0,6740.02,1801.2,0.0,1.0000000000000004e-05,216.9,244.5,0.2387122943496704,5469.9,-0.13064441681728617,1014,0.15830501179812398
2026-03-07,2028-12-15,4900.0,6740.02,2219.3,2457.1,0.35411622300148,231.3,259.3,0.2343902855682373,6992.9,-0.3556601434886026,1014,0.1526245184995136
2026-03-07,2028-12-15,5000.0,6740.02,1679.8,0.0,1.0000000000000004e-05,246.6,274.8,0.2300949794006347,5579.2,-0.1096074845051492,1014,0.1470819488740104
2026-03-07,2028-12-15,5100.0,6740.02,1639.5,0.0,1.0000000000000004e-05,262.6,291.2,0.2258816884040832,5642.85,-0.10114871729789683,1014,0.1417448018533349
2026-03-07,2028-12-15,5200.0,6740.02,1727.9,2450.5,0.4024889616203309,279.4,308.6,0.2217628102207183,6995.2,-0.29656557397264605,1014,0.1366225929121868
2026-03-07,2028-12-15,5300.0,6740.02,1520.7,0.0,1.0000000000000004e-05,297.3,326.5,0.2175581022071838,5748.45,-0.08122343269455776,1014,0.03287574068863567
2026-03-07,2028-12-15,5400.0,6740.02,1462.1,0.0,1.0000000000000004e-05,315.8,345.6,0.213478801112175,5800.35,-0.0715193069890554,1014,0.03165448818843712
2026-03-07,2028-12-15,5500.0,6740.02,1404.1,0.0,1.0000000000000004e-05,335.2,365.4,0.2093508631134032,5851.75,-0.06199266956945145,1014,0.030442204518931096
2026-03-07,2028-12-15,5600.0,6740.02,1346.6,0.0,1.0000000000000004e-05,355.5,386.1,0.2052234019470214,5902.5,-0.05260939223642739,1014,0.029253725866160357
2026-03-07,2028-12-15,5700.0,6740.02,1289.7,0.0,1.0000000000000004e-05,376.5,407.5,0.2010258464193344,5952.85,-0.04340392163381686,1014,0.028069333772038185
2026-03-07,2028-12-15,5800.0,6740.02,1233.3,0.0,1.0000000000000004e-05,398.4,429.9,0.1968301982212066,6002.5,-0.03431813156089761,1014,0.026909937347030545
2026-03-07,2028-12-15,5900.0,6740.02,1177.6,0.0,1.0000000000000004e-05,421.1,453.0,0.1925420445394516,6051.75,-0.02539513550291487,1014,0.025750245146788683
2026-03-07,2028-12-15,6000.0,6740.02,1122.4,0.0,1.0000000000000004e-05,444.6,476.9,0.1881761671781539,6100.45,-0.01660306972210489,1014,0.02459577396331846
2026-03-07,2028-12-15,6100.0,6740.02,1067.9,0.0,1.0000000000000004e-05,468.9,501.7,0.183745917444229,6148.65,-0.007943774347710623,1014,0.023451345559254173
2026-03-07,2028-12-15,6200.0,6740.02,1013.9,0.0,1.0000000000000004e-05,494.1,527.3,0.1792102877521514,6196.25,0.0006050216983993241,1014,0.02230793856407633
2026-03-07,2028-12-15,6300.0,6740.02,960.7,0.0,1.0000000000000004e-05,520.1,553.7,0.1745544962978363,6243.45,0.009016719185152938,1014,0.021163960311551603
2026-03-07,2028-12-15,6400.0,6740.02,908.1,0.0,1.0000000000000004e-05,547.0,581.0,0.1697852187347412,6290.05,0.017328970559274872,1014,0.020023316529761036
2026-03-07,2028-12-15,6500.0,6740.02,856.3,0.0,1.0000000000000004e-05,574.5,609.2,0.1648819512701034,6336.3,0.025507175025522275,1014,0.01888356614518728
2026-03-07,2028-12-15,6600.0,6740.02,805.2,0.0,1.0000000000000004e-05,602.9,638.4,0.1598437402391433,6381.95,0.03359595574164679,1014,0.01774723515356282
2026-03-07,2028-12-15,6700.0,6740.02,755.0,0.0,1.0000000000000004e-05,632.3,668.5,0.1546200414085388,6427.1,0.04158410076986243,1014,0.01660629863143186
2026-03-07,2028-12-15,6800.0,6740.02,705.7,0.0,0.000986552734375,662.7,699.6,0.1492008412981033,6471.7,0.049483787023096006,1014,0.01566578141974975
2026-03-07,2028-12-15,6900.0,6740.02,1041.8,1082.9,0.2577336152124405,694.2,731.8,0.1435675434446335,7249.35,-0.04939039807169075,1014,0.11184740864291998
2026-03-07,2028-12-15,7000.0,6740.02,984.9,1026.0,0.253653360452652,726.9,765.1,0.1376691267824173,7259.45,-0.03639391933588373,1014,0.1063542157959334
2026-03-07,2028-12-15,7100.0,6740.02,929.0,970.3,0.2495897948265075,760.8,799.6,0.1314636300611496,7269.45,-0.02358585126628394,1014,0.10084557301046161
2026-03-07,2028-12-15,7200.0,6740.02,874.5,915.8,0.2455343353509902,796.1,835.4,0.1248881114053726,7279.4,-0.010967415207651744,1014,0.09529710144371509
2026-03-07,2028-12-15,7300.0,6740.02,821.3,862.8,0.2415437250804901,832.8,872.5,0.1178243163824081,7289.4,0.0014531100477310195,1014,0.08969412648906001
2026-03-07,2028-12-15,7400.0,6740.02,769.8,811.1,0.2375650356197357,870.9,911.0,0.110122519621849,7299.5,0.01367414755222658,1014,0.08395825272249874
2026-03-07,2028-12-15,7500.0,6740.02,719.7,761.0,0.2336559636878967,910.7,951.0,0.1015295231246948,7309.5,0.02572814857273118,1014,0.07802890473819937
2026-03-07,2028-12-15,7600.0,6740.02,671.2,712.4,0.229785753595829,952.0,992.6,0.091570878663063,7319.5,0.03760622766295604,1014,0.07172319608776137
2026-03-07,2028-12-15,7700.0,6740.02,624.4,665.5,0.2259904061889648,995.1,1035.7,0.0790707175636291,7329.55,0.049306206387225736,1014,0.06463367210571788
2026-03-07,2028-12-15,7800.0,6740.02,579.3,620.2,0.2222405962753295,1040.0,1080.6,0.0596254927062988,7339.45,0.06085982575676445,1014,0.05517861027907423
2026-03-07,2028-12-15,7900.0,6740.02,536.2,576.6,0.218550867242813,1086.6,1127.2,1.0000000000000004e-05,7349.5,0.07223047577307047,1014,0.033176449744924355
2026-03-07,2028-12-15,8000.0,6740.02,494.9,534.8,0.2149383850574493,1135.1,1175.7,1.0000000000000004e-05,7359.45,0.08345633999221617,1014,0.03208879969462245
2026-03-07,2028-12-15,8200.0,6740.02,418.2,456.8,0.2079752016687392,1235.8,1261.1,1.0000000000000004e-05,7389.05,0.104134979671055,1014,0.12016229066378323
2026-03-07,2028-12-15,8400.0,6740.02,349.6,386.4,0.2013782255554199,1204.8,1219.2,1.0000000000000004e-05,7556.0,0.10588975621000477,1014,0.11266009420284784
2026-03-07,2028-12-15,8600.0,6740.02,289.2,323.7,0.1951822654819489,1448.1,1534.2,1.0000000000000004e-05,7415.3,0.14821676995798422,1014,0.10583414354325288
2026-03-07,2028-12-15,8800.0,6740.02,236.3,269.0,0.1895179735231399,1584.9,1617.3,1.0000000000000004e-05,7451.55,0.16632965704158525,1014,0.09978055112425754
2026-03-07,2028-12-15,9200.0,6740.02,152.1,183.1,0.1801744428443908,1441.0,1914.3,1.0000000000000004e-05,7689.95,0.1792892025091649,1014,0.09018440951300455
2026-03-07,2028-12-15,9400.0,6740.02,120.6,150.1,0.1763278359556198,1383.6,0.0,1.0000000000000004e-05,8843.55,0.06102130952915599,1014,0.021596138933537148
2026-03-07,2028-12-15,9550.0,6740.02,100.6,129.7,0.1740185366916656,1497.8,0.0,1.0000000000000004e-05,8916.25,0.06866569988252808,1014,0.02103420179808561
2026-03-07,2028-12-15,9600.0,6740.02,94.9,123.4,0.1732594195270538,2029.8,2071.6,1.0000000000000004e-05,7658.450000000001,0.2259534850662392,1014,0.08339476719238233
2026-03-07,2028-12-15,9800.0,6740.02,74.3,101.8,0.1708332963275909,2066.9,2106.9,1.0000000000000004e-05,7801.15,0.2281112269511481,1014,0.08107559272884544
2026-03-07,2028-12-15,10000.0,6740.02,57.9,84.7,0.1691310046958923,2337.4,2384.3,1.0000000000000004e-05,7710.45,0.2600085413632673,1014,0.07946786549023048
2026-03-07,2028-12-15,10400.0,6740.02,35.0,60.0,0.167263729057312,2044.9,0.0,1.0000000000000004e-05,9425.05,0.0984347677875365,1014,0.019433032492326967
2026-03-07,2028-12-15,11200.0,6740.02,12.1,34.3,0.1687380948066712,3261.3,3319.0,1.0000000000000004e-05,7933.049999999999,0.3448762012152143,1014,0.0790990692162492
2026-03-07,2028-12-15,11400.0,6740.02,15.0,24.8,0.1638629604530335,3434.8,3494.3,1.0000000000000004e-05,7955.35,0.3597686970927026,1014,0.07459447886506979
2026-03-07,2029-12-21,3800.0,6740.02,3552.3,3720.0,0.4942663221883774,126.0,140.0,0.2489155538272857,7303.15,-0.6533046951990132,1385,0.2351045200491642
2026-03-07,2029-12-21,4200.0,6740.02,3154.3,3261.4,0.4175940580654144,156.8,198.7,0.2398633677387237,7230.1,-0.5431683420443444,1385,0.2183155965161716
2026-03-07,2029-12-21,4400.0,6740.02,3085.7,3174.6,0.4248805338144302,156.9,279.9,0.2523640056705474,7311.75,-0.5078781022711382,1385,0.24166387405738754
2026-03-07,2029-12-21,5950.0,6740.02,2032.1,2160.8,0.3596851484823227,440.2,586.1,0.18968772585392,7533.299999999999,-0.23594197326404154,1385,0.13653228815175394
2026-03-07,2029-12-21,6200.0,6740.02,1687.1,1987.1,0.3450711893987655,502.5,652.1,0.1794491807794571,7459.8,-0.18497931215376395,1385,0.12219118287164195
2026-03-07,2029-12-21,7100.0,6740.02,1123.5,1295.6,0.2761665249061583,756.1,923.3,0.1363025251531601,7469.85,-0.05078013457455877,1385,0.16139112561693053
2026-03-07,2029-12-21,7200.0,6740.02,1069.2,1242.7,0.2727633721399306,787.9,957.1,0.1305347605657577,7483.45,-0.03861288957706343,1385,0.1542941072765716
2026-03-07,2029-12-21,7300.0,6740.02,1015.9,1190.7,0.2693754780101776,806.8,838.3,0.0940542217493057,7580.75,-0.037737791196270694,1385,0.12529615625627835
2026-03-07,2029-12-21,7400.0,6740.02,963.8,1139.7,0.266017147488594,809.8,827.9,0.0765668706846237,7632.9,-0.030987851511612607,1385,0.1113348466905308
2026-03-07,2029-12-21,7500.0,6740.02,912.8,1089.7,0.2626855195808411,856.6,880.7,0.0707619131708145,7632.6,-0.01752552686581849,1385,0.10547551966849845
2026-03-07,2029-12-21,7600.0,6740.02,988.2,1081.0,0.2670690397405624,874.2,949.8,0.0675089626073837,7722.6,-0.016002847608964633,1385,0.10619197186463834
2026-03-07,2029-12-21,7700.0,6740.02,962.5,997.4,0.2569811737012863,964.3,1140.9,0.0948338427066803,7627.35,0.009479857127705145,1385,0.11741556232304172
2026-03-07,2029-12-21,7800.0,6740.02,783.2,934.1,0.2505897123479843,1010.6,1160.3,0.0791651303768158,7573.2,0.029508034299488957,1385,0.10315238696995466
2026-03-07,2029-12-21,8000.0,6740.02,927.6,952.3,0.2649900505208968,1086.7,1265.1,0.0470695422172546,7764.05,0.029937436414416548,1385,0.09237873105928958
2026-03-07,2029-12-21,8200.0,6740.02,595.1,773.5,0.2408854579663276,1181.9,1332.5,1.0000000000000004e-05,7627.1,0.07242645985899347,1385,0.05504959658308034
2026-03-07,2029-12-21,8400.0,6740.02,518.5,695.0,0.2352459612917899,1186.1,1206.3,1.0000000000000004e-05,7810.55,0.07275632194201237,1385,0.05250228338548216
2026-03-07,2029-12-21,8600.0,6740.02,462.5,608.7,0.227215388598442,1374.1,1549.3,1.0000000000000004e-05,7673.900000000001,0.11393724253341861,1385,0.19589907794542002
2026-03-07,2029-12-21,9000.0,6740.02,490.8,515.3,0.2248550682687759,1482.2,1502.2,1.0000000000000004e-05,8010.85,0.11642770453269115,1385,0.19185020654993393
2026-03-07,2029-12-21,9200.0,6740.02,288.4,420.7,0.2122070891284942,1592.1,1612.6,1.0000000000000004e-05,7952.2,0.14575486411156793,1385,0.17087427511451594
2026-03-07,2029-12-21,9400.0,6740.02,241.4,369.1,0.2078207079744339,1663.0,1714.2,1.0000000000000004e-05,8016.65,0.15918906039653796,1385,0.16388324281711775
2026-03-07,2029-12-21,9800.0,6740.02,151.2,295.6,0.2035826216936111,1899.8,1950.9,1.0000000000000004e-05,8098.05,0.19075909372157762,1385,0.15726725791799154
2026-03-07,2029-12-21,10000.0,6740.02,118.6,261.1,0.2009047309923171,2003.0,2129.8,1.0000000000000004e-05,8123.45,0.20783015220777795,1385,0.15315713601399175
2026-03-07,2030-12-20,1800.0,6740.02,4936.8,5236.8,0.5771278707313537,16.8,47.0,0.3551814665603637,6854.900000000001,-1.3371770601137047,1749,0.6045017149445503
2026-03-07,2030-12-20,3200.0,6740.02,3977.1,4277.1,0.5163155287265777,88.4,197.6,0.3044789248847961,7184.1,-0.8087194409191641,1749,0.4442336165960365
2026-03-07,2030-12-20,3300.0,6740.02,3910.9,4210.9,0.5117841905260085,79.0,149.6,0.2702423592948914,7246.599999999999,-0.7866099248781875,1749,0.3499482229930514
2026-03-07,2030-12-20,4000.0,6740.02,3276.9,3573.6,0.4284639292240143,112.8,285.4,0.261743298778534,7226.15,-0.5914120297626493,1749,0.32828276915784965
2026-03-07,2030-12-20,4700.0,6740.02,2901.7,3201.7,0.4230223179912567,231.8,249.1,0.1909003106212616,7511.25,-0.4688393879499878,1749,0.17462652633745065
2026-03-07,2030-12-20,5300.0,6740.02,2534.5,2834.5,0.4009096927452087,334.8,366.2,0.1752993084907531,7634.0,-0.36490513376496186,1749,0.14725069418570153
2026-03-07,2030-12-20,5675.0,6740.02,2268.2,2568.2,0.3783145131206512,395.3,422.7,0.1583889246177673,7684.2,-0.30309570931047763,1749,0.12021165197619392
2026-03-07,2030-12-20,7300.0,6740.02,1209.3,1529.8,0.2980354888010025,838.5,1046.9,0.1203639256906509,7726.85,-0.05682692815882624,1749,0.2097099756932399
2026-03-07,2030-12-20,7400.0,6740.02,1185.4,1434.4,0.287155842578411,833.3,868.1,0.0760275732517242,7859.2,-0.06020481988045282,1749,0.15801160033633188
2026-03-07,2030-12-20,7500.0,6740.02,1134.2,1385.0,0.2841358246374129,891.9,1137.4,0.1121061423635482,7744.95,-0.03213799752780736,1749,0.18808661714107605
2026-03-07,2030-12-20,7600.0,6740.02,1083.7,1336.2,0.2811086542105674,924.1,1171.9,0.1052552530026436,7761.95,-0.021085343994928837,1749,0.17882574885346283
2026-03-07,2030-12-20,7700.0,6740.02,1216.6,1393.8,0.2961386495542526,965.3,1182.7,0.0929536925935745,7931.2,-0.029584019424534178,1749,0.18136033966159248
2026-03-07,2030-12-20,7800.0,6740.02,985.7,1241.2,0.2751601701474189,991.5,1243.3,0.0892777917003631,7796.05,0.0005065385253904242,1749,0.15910512605106417
2026-03-07,2030-12-20,7900.0,6740.02,1086.0,1175.0,0.2688357037448882,1020.0,1106.1,1.0000000000000004e-05,7967.45,-0.008501732322492475,1749,0.08658509844262004
2026-03-07,2030-12-20,8000.0,6740.02,892.0,1149.7,0.269343053407669,1063.3,1318.2,0.0661514207935333,7830.1,0.021466260366595952,1749,0.13483657009724492
2026-03-07,2030-12-20,8200.0,6740.02,967.9,1029.8,0.2582123549318313,1121.7,1206.4,1.0000000000000004e-05,8034.799999999999,0.02035204649195148,1749,0.07987753030264359
2026-03-07,2030-12-20,8400.0,6740.02,719.5,979.0,0.2583396691799164,1222.0,1480.2,1.0000000000000004e-05,7898.15,0.061603151015247506,1749,0.07995631553961377
2026-03-07,2030-12-20,8600.0,6740.02,641.5,900.4,0.2532292180418968,1309.6,1567.8,1.0000000000000004e-05,7932.25,0.08082547519642282,1749,0.07682434768408931
2026-03-07,2030-12-20,9000.0,6740.02,502.7,756.8,0.2437753006649017,1501.7,1757.1,1.0000000000000004e-05,8000.35,0.11773928661338666,1749,0.2847582704869764
2026-03-07,2030-12-20,9200.0,6740.02,680.5,725.1,0.2453855636453628,1605.7,1858.4,1.0000000000000004e-05,8170.75,0.1186427801307719,1749,0.2885326490544415
2026-03-07,2030-12-20,9400.0,6740.02,613.3,657.2,0.2400741276550292,1715.0,1963.9,1.0000000000000004e-05,8195.8,0.13708786134443124,1749,0.276177099341223
2026-03-07,2030-12-20,9500.0,6740.02,522.8,629.2,0.2382893440198898,1771.5,2018.3,1.0000000000000004e-05,8181.1,0.149465182705073,1749,0.2720859952521315
2026-03-07,2030-12-20,10000.0,6740.02,246.5,470.8,0.2236451060795783,1941.6,1982.7,1.0000000000000004e-05,8396.5,0.1747701406411201,1749,0.23967114094488184
2026-03-07,2030-12-20,10200.0,6740.02,351.9,383.8,0.2115137748336791,2060.4,2098.8,1.0000000000000004e-05,8488.25,0.18370486606638467,1749,0.21437505911162233
2026-03-07,2030-12-20,11200.0,6740.02,121.6,230.2,0.2004445877361297,2541.9,0.0,1.0000000000000004e-05,10104.95,0.10288837550322806,1749,0.19252432680680698
2026-03-07,2031-12-19,5600.0,6740.02,2446.5,2746.5,0.3721052017402649,384.2,626.9,0.1888656668138504,7690.95,-0.317277715207493,2113,0.20649648584520072
2026-03-07,2031-12-19,8000.0,6740.02,1111.6,1416.6,0.2863404591917992,1037.4,1337.1,0.0654724114704132,8076.85,-0.009560403356173142,2113,0.17913072696647842
2026-03-07,2031-12-19,8400.0,6740.02,931.8,1242.4,0.2757914962315558,1174.7,1481.9,1.0000000000000004e-05,8158.799999999999,0.02913460651099083,2113,0.11008797344431002
2026-03-07,2031-12-19,10000.0,6740.02,393.1,688.3,0.2410418589901924,1904.0,2203.7,1.0000000000000004e-05,8486.85,0.16406718625247868,2113,0.3363501059195923
