quote_date,expiry,strike,underlying_price,c_bid,c_ask,c_iv,p_bid,p_ask,p_iv,combined_futures,log_moneyness,dte,total_variance
2026-03-06,2026-03-09,2800.0,6740.02,3921.8,3949.4,4.477055184936522,0.0,0.05,2.6093784765625,6735.575000000001,-0.8777837639441405,3,0.055963200279021644
2026-03-06,2026-03-09,5500.0,6740.02,1222.3,1248.9,1.2238808337402345,0.05,0.15,0.719729365234375,6735.5,-0.20264395391806034,3,0.004257619390526107
2026-03-06,2026-03-09,6000.0,6740.02,729.8,739.5,1.0000000000000004e-05,0.35,0.5,0.5034229345703125,6734.225,-0.11544326348605406,3,0.0020830245291894667
2026-03-06,2026-03-09,6100.0,6740.02,630.3,639.5,1.0000000000000004e-05,0.55,0.7,0.4565484033203125,6734.275,-0.09892138626662503,3,0.0004283128266624516
2026-03-06,2026-03-09,6460.0,6740.02,274.7,282.5,0.2652356192016601,4.1,4.4,0.2974618594360351,6734.35,-0.041591976645691205,3,0.0006506064091751086
2026-03-06,2026-03-09,6470.0,6740.02,265.1,273.0,0.2665478619384765,4.5,4.8,0.294379614868164,6734.4,-0.040052610521359916,3,0.0006465197963767074
2026-03-06,2026-03-09,6500.0,6740.02,236.6,244.6,0.2651745846557617,5.9,6.2,0.2847361566162109,6734.55,-0.03544881558373854,3,0.000621373609656761
2026-03-06,2026-03-09,6520.0,6740.02,217.8,225.8,0.2616345809936523,7.0,7.6,0.2805858074951171,6734.5,-0.032369192118170916,3,0.0006041156500539286
2026-03-06,2026-03-09,6550.0,6740.02,190.3,198.1,0.2558210404968262,9.4,10.0,0.272193557434082,6734.5,-0.027778518409571937,3,0.0005728755115646684
2026-03-06,2026-03-09,6575.0,6740.02,167.9,175.6,0.2506941386413574,12.0,12.5,0.2647473428344726,6734.5,-0.023968989992904265,3,0.0005459176455328735
2026-03-06,2026-03-09,6600.0,6740.02,146.1,153.8,0.2455824954223632,15.2,15.8,0.2583844914245606,6734.45,-0.020166494540632622,3,0.000521882309242947
2026-03-06,2026-03-09,6625.0,6740.02,125.2,132.8,0.2401275328826904,19.2,19.9,0.2519758641052246,6734.45,-0.016385771700726533,3,0.0004976008630007783
2026-03-06,2026-03-09,6635.0,6740.02,117.2,124.3,0.2359161492156982,21.0,21.7,0.2488631022644042,6734.4,-0.014870051249998201,3,0.00048289915616220883
2026-03-06,2026-03-09,6640.0,6740.02,116.2,117.6,0.2203447106933593,22.0,22.7,0.2475203422546386,6734.55,-0.014139028996987456,3,0.0004497898104863689
2026-03-06,2026-03-09,6650.0,6740.02,108.3,109.7,0.2186967779541015,24.1,24.8,0.2446898651885986,6734.55,-0.012634137817567238,3,0.00044122023501998636
2026-03-06,2026-03-09,6675.0,6740.02,89.5,90.4,0.2122347454071045,30.3,31.0,0.2382049446868896,6734.3,-0.008844665504795792,3,0.00041690941317528785
2026-03-06,2026-03-09,6680.0,6740.02,85.9,86.8,0.211372632446289,31.6,32.4,0.2369232192230224,6734.35,-0.008103306891647274,3,0.000412950350597082
2026-03-06,2026-03-09,6695.0,6740.02,75.6,76.2,0.2079699565124511,36.1,36.8,0.2324753266906738,6734.45,-0.005875164429876627,3,0.0003986137962244128
2026-03-06,2026-03-09,6700.0,6740.02,72.2,72.8,0.20684081741333,37.7,38.4,0.2310562734985352,6734.45,-0.005128617176092049,3,0.00039401478540220745
2026-03-06,2026-03-09,6710.0,6740.02,65.5,66.2,0.2045520219421386,41.0,41.8,0.2282868309783935,6734.45,-0.0036371925894220507,3,0.0003849646697210178
2026-03-06,2026-03-09,6720.0,6740.02,59.1,59.8,0.201881760559082,44.6,45.4,0.2252656209564208,6734.45,-0.0021479890379543496,3,0.0003749072990456517
2026-03-06,2026-03-09,6725.0,6740.02,56.0,56.7,0.2004932246398925,46.5,47.3,0.2237550159454345,6734.45,-0.0014042180851096913,3,0.0003698354170679702
2026-03-06,2026-03-09,6740.0,6740.02,47.1,47.8,0.1960300734710693,52.3,53.4,0.219108761138916,6734.6,0.0008015080654099574,3,0.00035412380548219876
2026-03-06,2026-03-09,6745.0,6740.02,44.2,44.9,0.1941532611846924,54.5,55.6,0.2176515613555908,6734.5,0.0015579216029867028,3,0.00034845865452212487
2026-03-06,2026-03-09,6750.0,6740.02,41.5,42.1,0.1923298541259765,56.7,57.8,0.2158739302062988,6734.55,0.002291512399108419,3,0.0003423910881024467
2026-03-06,2026-03-09,6755.0,6740.02,38.8,39.4,0.1905598522949219,59.0,60.1,0.2141954801940918,6734.55,0.003031978926832164,3,0.0003366305736540247
2026-03-06,2026-03-09,6760.0,6740.02,36.2,36.8,0.188835626373291,61.4,62.5,0.2126009526824951,6734.55,0.0037718975695427283,3,0.0003311328637068748
2026-03-06,2026-03-09,6765.0,6740.02,33.6,34.2,0.1867299345397949,63.8,64.9,0.2106783644866943,6734.55,0.004511269137421388,3,0.00032452059479820707
2026-03-06,2026-03-09,6770.0,6740.02,31.2,31.8,0.1850743724822997,66.4,67.5,0.209244052658081,6734.55,0.005250094438853672,3,0.00031949387754491094
2026-03-06,2026-03-09,6775.0,6740.02,28.8,29.4,0.1830144565582274,68.9,70.1,0.207466421508789,6734.6,0.0059809499069588355,3,0.00031330544411504405
2026-03-06,2026-03-09,6780.0,6740.02,26.6,27.0,0.1805272988128662,71.7,72.8,0.2057574542236327,6734.55,0.006726109466974289,3,0.00030660803512699093
2026-03-06,2026-03-09,6785.0,6740.02,24.4,24.9,0.1789175126647949,74.5,75.6,0.2041171508026122,6734.6,0.007455876428026655,3,0.00030147031524162287
2026-03-06,2026-03-09,6790.0,6740.02,22.3,22.8,0.1768652260589599,77.4,78.5,0.2025378819274901,6734.6,0.008192524711799038,3,0.00029578092811598185
2026-03-06,2026-03-09,6795.0,6740.02,20.3,20.8,0.1748053101348877,79.9,82.3,0.2046283151245116,6734.45,0.008950904030094525,3,0.0002958285122825142
2026-03-06,2026-03-09,6800.0,6740.02,18.4,19.0,0.173210782623291,83.1,85.6,0.2041781853485107,6734.35,0.009701317741859422,3,0.00029264883523319495
2026-03-06,2026-03-09,6805.0,6740.02,16.7,17.2,0.1711356080627441,83.7,91.3,0.2145235408782958,6734.45,0.010421492530416946,3,0.0003056157106066997
2026-03-06,2026-03-09,6810.0,6740.02,15.0,15.5,0.1690451748657226,89.5,92.0,0.2012637857818603,6734.5,0.011148552104688566,3,0.0002817713554847118
2026-03-06,2026-03-09,6815.0,6740.02,13.4,13.9,0.166924224395752,92.9,95.4,0.2001804225921631,6734.5,0.011882497091763543,3,0.00027691607227422284
2026-03-06,2026-03-09,6820.0,6740.02,11.9,12.4,0.1647803859710693,96.5,99.1,0.2002185691833495,6734.35,0.012638177415169052,3,0.0002737484327338714
2026-03-06,2026-03-09,6825.0,6740.02,10.6,11.1,0.1632011170959473,100.0,102.7,0.1994022321319579,6734.5,0.013348773014290894,3,0.00027016682644786475
2026-03-06,2026-03-09,6830.0,6740.02,9.3,9.8,0.1610496493530273,103.8,106.4,0.1987384814453124,6734.45,0.014088530009686287,3,0.00026598801177403394
2026-03-06,2026-03-09,6835.0,6740.02,8.3,8.7,0.1595466736602783,107.6,110.2,0.1982425757598876,6734.6,0.014798053317107061,3,0.0002630407130150253
2026-03-06,2026-03-09,6840.0,6740.02,7.2,7.6,0.1574333525085449,111.5,114.2,0.1985172312164306,6734.55,0.015536739149129208,3,0.0002603441466866112
2026-03-06,2026-03-09,6845.0,6740.02,6.3,6.6,0.155358177947998,115.6,118.1,0.1978839978027343,6734.6,0.01626004188160656,3,0.00025639733163516004
2026-03-06,2026-03-09,6850.0,6740.02,5.4,5.8,0.1541374870300293,119.7,122.3,0.1986927055358886,6734.6,0.01699023541532814,3,0.0002557996125741837
2026-03-06,2026-03-09,6855.0,6740.02,4.6,5.0,0.1522911920166015,124.0,126.5,0.1992191284942626,6734.55,0.01772732052894767,3,0.0002538893947102405
2026-03-06,2026-03-09,6860.0,6740.02,4.0,4.3,0.1506280006408691,128.3,130.8,0.2001117587280273,6734.6,0.018449024878988248,3,0.00025277749068935203
2026-03-06,2026-03-09,6865.0,6740.02,3.3,3.7,0.1492394647216797,132.6,135.2,0.2013934841918945,6734.6,0.01917762236112863,3,0.00025262355793937493
2026-03-06,2026-03-09,6870.0,6740.02,2.85,3.1,0.1471185142517089,137.0,139.8,0.2038501246643066,6734.575,0.019909401555300004,3,0.00025310750445731595
2026-03-06,2026-03-09,6875.0,6740.02,2.4,2.65,0.1459741165161132,141.6,144.2,0.2047198669433593,6734.625,0.020629514527761784,3,0.0002527115137698755
2026-03-06,2026-03-09,6880.0,6740.02,2.0,2.2,0.1440820455932617,146.2,148.9,0.2075579733276367,6734.55,0.021367659459922354,3,0.000254076786794568
2026-03-06,2026-03-09,6885.0,6740.02,1.65,1.85,0.1428308374023437,150.9,153.5,0.2095110787963867,6734.55,0.02209413969528825,3,0.00025509210803546534
2026-03-06,2026-03-09,6890.0,6740.02,1.45,1.6,0.1425561819458007,153.2,160.9,0.2320023089599609,6734.475,0.022831229203804187,3,0.00028827547214301674
2026-03-06,2026-03-09,6895.0,6740.02,1.2,1.3,0.1407251455688477,157.7,165.6,0.2349472257995605,6734.6,0.02353809438645947,3,0.0002899925971429381
2026-03-06,2026-03-09,6900.0,6740.02,0.95,1.1,0.1401453173828125,165.1,167.7,0.2176591906738281,6734.625,0.024259282578340615,3,0.00026306314928559155
2026-03-06,2026-03-09,6905.0,6740.02,0.75,0.9,0.1388635919189453,170.1,172.6,0.2215501429748534,6734.475,0.025005931039492522,3,0.00026691382253444667
2026-03-06,2026-03-09,6910.0,6740.02,0.65,0.8,0.139657041015625,174.9,177.5,0.225395319366455,6734.525,0.025722357501657002,3,0.0002738285462065644
2026-03-06,2026-03-09,6915.0,6740.02,0.5,0.65,0.1384363500976562,173.3,188.7,0.2769542520141601,6734.575,0.02643826043776354,3,0.0003545534636770217
2026-03-06,2026-03-09,6920.0,6740.02,0.4,0.55,0.1382532464599609,178.6,193.4,0.280005979309082,6734.475,0.02717591380781538,3,0.0003594673560429846
2026-03-06,2026-03-09,6925.0,6740.02,0.3,0.45,0.1374597973632813,183.5,198.3,0.2843852079772949,6734.475,0.02789819625163927,3,0.00036565727780299466
2026-03-06,2026-03-09,6930.0,6740.02,0.35,0.4,0.1383142810058593,188.1,203.5,0.2908396112060546,6734.575,0.02860510852285386,3,0.0003784378010971952
2026-03-06,2026-03-09,6935.0,6740.02,0.25,0.35,0.1389246264648437,193.4,208.2,0.2937082348632812,6734.5,0.02933748571006236,3,0.00038459834116635715
2026-03-06,2026-03-09,6940.0,6740.02,0.2,0.3,0.1391687646484375,198.3,213.4,0.3001321208190917,6734.4,0.030073055484544076,3,0.00039654507117648326
2026-03-06,2026-03-09,6945.0,6740.02,0.1,0.25,0.1389246264648437,203.4,219.2,0.3108589422607422,6733.875,0.030871218158272564,3,0.0004156957370455969
2026-03-06,2026-03-09,6950.0,6740.02,0.1,0.25,0.1418542846679687,214.4,217.0,0.2571790591430664,6734.475,0.031501803754937927,3,0.00032718001946510075
2026-03-06,2026-03-09,6955.0,6740.02,0.1,0.15,0.1363611755371093,219.3,221.9,0.2606275109863281,6734.525,0.032213545097484794,3,0.0003238356518375425
2026-03-06,2026-03-09,6960.0,6740.02,0.05,0.15,0.1391687646484375,214.1,237.5,0.3488834643554687,6734.3,0.03296560455521914,3,0.000489441736100715
2026-03-06,2026-03-09,6965.0,6740.02,0.05,0.1,0.135750830078125,219.1,242.2,0.3519351916503905,6734.425,0.03366517592128762,3,0.0004887075118959988
2026-03-06,2026-03-09,6970.0,6740.02,0.05,0.1,0.1384363500976562,224.2,247.3,0.3576876976013183,6734.325,0.03439764264988659,3,0.0005057652137778376
2026-03-06,2026-03-09,6975.0,6740.02,0.05,0.1,0.1411218701171875,229.1,252.3,0.3627230476379394,6734.375,0.035107320963353415,3,0.0005216295229061723
2026-03-06,2026-03-09,6980.0,6740.02,0.1,0.15,0.1501549829101562,234.1,257.6,0.3698335722351074,6734.275,0.035838759328390465,3,0.000555591981127518
2026-03-06,2026-03-09,6985.0,6740.02,0.0,0.15,0.1528405029296875,239.1,262.6,0.3748384049987792,6734.225,0.03656225999481602,3,0.0005721473216559847
2026-03-06,2026-03-09,6990.0,6740.02,0.05,0.1,0.1489342919921875,244.2,267.3,0.3777070286560058,6734.325,0.03726297412317296,3,0.0005698994807138487
2026-03-06,2026-03-09,6995.0,6740.02,0.0,0.05,0.141610146484375,249.2,272.6,0.3848022946166991,6734.125,0.03800772503228059,3,0.0005694042290671065
2026-03-06,2026-03-09,7020.0,6740.02,0.0,0.1,0.1645591357421875,274.2,297.6,0.4093229234313965,6734.15,0.04157162252464657,3,0.0006767272969342048
2026-03-06,2026-03-09,7025.0,6740.02,0.0,0.1,0.1672446557617187,279.2,302.6,0.4141599111938476,6734.15,0.04228361970673646,3,0.0006945848023495676
2026-03-06,2026-03-09,7030.0,6740.02,0.0,0.1,0.16993017578125,284.2,306.9,0.4137479280090332,6734.5,0.04294313776584106,3,0.0007000276620086723
2026-03-06,2026-03-09,7045.0,6740.02,0.0,0.1,0.1774984594726562,299.1,321.9,0.428014753112793,6734.55,0.04506715286531362,3,0.0007533827067442836
2026-03-06,2026-03-09,7060.0,6740.02,0.0,0.1,0.1850667431640624,314.1,337.2,0.4444788218688965,6734.4,0.047216332470981684,3,0.0008143718187383577
2026-03-06,2026-03-09,7070.0,6740.02,0.0,0.1,0.190437783203125,324.1,347.1,0.453054175567627,6734.45,0.0486243363354689,3,0.0008508532212382583
2026-03-06,2026-03-09,7075.0,6740.02,0.0,0.1,0.1928791650390625,329.1,352.1,0.4577080596923829,6734.45,0.04933129995628875,3,0.0008697200075008853
2026-03-06,2026-03-09,7080.0,6740.02,0.0,0.1,0.195320546875,334.1,357.1,0.4623314265441895,6734.45,0.05003776413261596,3,0.0008887112016619608
2026-03-06,2026-03-09,7100.0,6740.02,0.0,0.05,0.1928791650390625,349.8,379.4,0.4989979299926758,6735.425,0.05271387298358592,3,0.0009836176328004596
2026-03-06,2026-03-09,7125.0,6740.02,0.0,0.05,0.2045977978515624,374.8,404.4,0.5221300228881834,6735.425,0.05622881509103034,3,0.0010852054632270003
2026-03-06,2026-03-09,7130.0,6740.02,0.0,0.1,0.2202226416015624,379.8,409.4,0.5267228724670412,6735.45,0.056926611651143544,3,0.0011464265773709805
2026-03-06,2026-03-09,7150.0,6740.02,0.0,0.05,0.2163164306640624,400.9,427.5,0.529148995666504,6735.825,0.05967205991334805,3,0.001141887743536054
2026-03-06,2026-03-09,7175.0,6740.02,0.0,0.05,0.2280350634765625,425.9,452.5,0.5512435012817384,6735.825,0.06316246485311658,3,0.00124782550991457
2026-03-06,2026-03-09,7275.0,6740.02,0.0,0.05,0.273444765625,525.9,553.2,0.6434514414978028,6735.475,0.07705547858489446,3,0.001727462988978455
2026-03-06,2026-03-10,5500.0,6740.02,1224.2,1248.0,1.0402880017089848,0.3,0.45,0.70117486328125,6735.725,-0.20267735845254353,4,0.005387903439972379
2026-03-06,2026-03-10,6000.0,6740.02,725.5,749.3,0.6737398348999025,1.45,1.75,0.5031787963867188,6735.8,-0.11567711605977642,4,0.002774672889130817
2026-03-06,2026-03-10,6100.0,6740.02,626.1,649.9,0.6033975207519533,1.95,2.3,0.4644828942871094,6735.875,-0.09915894858145073,4,0.003124297481709592
2026-03-06,2026-03-10,6200.0,6740.02,526.8,550.6,0.5321702056884765,2.65,3.1,0.418951123046875,6735.825,-0.08289100474152229,4,0.0024784432382884947
2026-03-06,2026-03-10,6225.0,6740.02,502.1,525.9,0.5153246710205077,2.9,3.3,0.4063169720458984,6735.9,-0.07887798887335641,4,0.002327187173244232
2026-03-06,2026-03-10,6400.0,6740.02,330.8,354.7,0.4027922270202637,6.7,7.3,0.3368749174499512,6735.75,-0.051131171871405534,4,0.001498924615366361
2026-03-06,2026-03-10,6500.0,6740.02,237.1,260.0,0.3462589788818359,12.9,13.6,0.3056557472229004,6735.3,-0.0355601753985509,4,0.001164363863321132
2026-03-06,2026-03-10,6600.0,6740.02,154.0,168.9,0.2878412891387938,25.9,26.7,0.2778087356567382,6735.15,-0.020270432296858498,4,0.0008766026042498247
2026-03-06,2026-03-10,6610.0,6740.02,150.5,155.0,0.2586133709716797,27.7,28.6,0.2752071381378174,6734.6,-0.018674762995210845,4,0.0007807242080710209
2026-03-06,2026-03-10,6620.0,6740.02,142.5,147.0,0.2564237566375732,29.7,30.6,0.2724758422088622,6734.6,-0.017163046909888856,4,0.0007663966730408773
2026-03-06,2026-03-10,6625.0,6740.02,138.5,143.0,0.255088625946045,30.7,31.6,0.2708965733337402,6734.6,-0.016408044986519817,4,0.0007579737804421789
2026-03-06,2026-03-10,6650.0,6740.02,120.9,122.0,0.2420424917602539,36.5,37.4,0.2641293680572509,6734.5,-0.012626713388969703,4,0.000701945073071539
2026-03-06,2026-03-10,6660.0,6740.02,113.5,114.5,0.2395324460601806,39.0,40.0,0.2614514773559571,6734.5,-0.011124083504434739,4,0.0006876298397847303
2026-03-06,2026-03-10,6670.0,6740.02,106.2,107.3,0.2375030474090576,41.8,42.7,0.2585218191528321,6734.5,-0.009623708129200189,4,0.0006740840225965492
2026-03-06,2026-03-10,6675.0,6740.02,102.6,103.7,0.2362060633087158,43.2,44.2,0.2573774214172363,6734.45,-0.00886693928669924,4,0.000667464812038943
2026-03-06,2026-03-10,6680.0,6740.02,99.1,100.2,0.2350998121643066,44.7,45.7,0.2560651786804199,6734.45,-0.00811815602445808,4,0.0006609398581684939
2026-03-06,2026-03-10,6700.0,6740.02,85.5,86.5,0.2299042464447021,51.0,52.1,0.2505262936401367,6734.45,-0.005128617176092049,4,0.0006323657639622188
2026-03-06,2026-03-10,6710.0,6740.02,78.9,80.0,0.2274018300628662,54.4,55.5,0.2474059024810791,6734.5,-0.0036446170731420195,4,0.0006176503640644458
2026-03-06,2026-03-10,6715.0,6740.02,75.7,76.8,0.2260285527801513,56.2,57.3,0.245925814743042,6734.5,-0.002899738081531619,4,0.0006102491096553902
2026-03-06,2026-03-10,6720.0,6740.02,72.6,73.7,0.2248002325439452,58.1,59.2,0.2446135720062256,6734.5,-0.002155413521674301,4,0.0006036967668555231
2026-03-06,2026-03-10,6725.0,6740.02,69.5,70.6,0.2233582913970947,60.0,61.1,0.2431029669952392,6734.5,-0.0014116425688297447,4,0.0005961263166601635
2026-03-06,2026-03-10,6730.0,6740.02,66.4,67.5,0.2217027293395995,61.9,63.0,0.241393999710083,6734.5,-0.000668424400096072,4,0.0005875577546753835
2026-03-06,2026-03-10,6740.0,6740.02,60.5,61.6,0.2187959590911865,66.0,67.1,0.2384338242340087,6734.5,0.0008163568674831253,4,0.0005727645883824792
2026-03-06,2026-03-10,6745.0,6740.02,57.6,58.7,0.2171785436248779,68.1,69.2,0.2368164087677002,6734.5,0.0015579216029867028,4,0.000564688813145039
2026-03-06,2026-03-10,6750.0,6740.02,54.8,55.8,0.2153322486114502,70.3,71.4,0.2353515796661376,6734.45,0.002306361311426003,4,0.0005564819536190199
2026-03-06,2026-03-10,6755.0,6740.02,52.0,53.0,0.213600393371582,72.5,73.6,0.233657871017456,6734.45,0.0030468278391496467,4,0.0005480546714090263
2026-03-06,2026-03-10,6765.0,6740.02,46.6,47.7,0.2104685582351684,77.1,78.2,0.2303238589477539,6734.5,0.004518693566018797,4,0.0005323231645094887
2026-03-06,2026-03-10,6770.0,6740.02,44.1,45.1,0.2087023710632323,79.5,80.6,0.2286682968902587,6734.55,0.005250094438853672,4,0.000524090688181049
2026-03-06,2026-03-10,6775.0,6740.02,41.6,42.5,0.2066729724121093,82.0,83.1,0.2271424332427978,6734.5,0.005995798709032111,4,0.0005156049484480317
2026-03-06,2026-03-10,6780.0,6740.02,39.1,40.0,0.2047351255798339,84.5,85.6,0.2253724314117431,6734.5,0.006733533895571755,4,0.0005068287961130484
2026-03-06,2026-03-10,6785.0,6740.02,36.7,37.6,0.2028888305664062,87.0,88.2,0.2237244986724853,6734.55,0.007463300801502573,4,0.0004986272128336736
2026-03-06,2026-03-10,6790.0,6740.02,34.4,35.3,0.2011340873718261,89.7,90.9,0.222191005706787,6734.55,0.00819994908527489,4,0.0004909702313151136
2026-03-06,2026-03-10,6800.0,6740.02,30.0,30.8,0.1971058073425293,95.3,96.4,0.218734924545288,6734.55,0.009671619696730966,4,0.00047376305286848106
2026-03-06,2026-03-10,6805.0,6740.02,27.8,28.7,0.1952061071014404,98.1,99.3,0.2171785436248779,6734.55,0.010406643618099365,4,0.0004659208223415549
2026-03-06,2026-03-10,6810.0,6740.02,25.8,26.7,0.1933827000427246,100.1,103.7,0.2212144529724121,6734.35,0.011170825721219472,4,0.00047093369668015523
2026-03-06,2026-03-10,6815.0,6740.02,23.9,24.7,0.1912312322998047,103.1,106.7,0.2195894081878661,6734.4,0.011897346114326959,4,0.0004623934209608221
2026-03-06,2026-03-10,6820.0,6740.02,22.0,22.8,0.1891407991027832,100.7,116.1,0.2431640015411376,6734.0,0.012690151116487997,4,0.0005120203853692606
2026-03-06,2026-03-10,6825.0,6740.02,20.2,21.0,0.1871114004516602,109.4,113.2,0.2175371215820312,6734.3,0.013378471279914464,4,0.0004486039079015092
2026-03-06,2026-03-10,6830.0,6740.02,18.5,19.3,0.1851582949829101,112.7,116.5,0.2163164306640624,6734.3,0.014110803791589552,4,0.0004415943981734571
2026-03-06,2026-03-10,6835.0,6740.02,16.8,17.6,0.1828160942840576,108.5,124.4,0.2341995526123046,6735.75,0.014627307938881097,4,0.00047644397193531896
2026-03-06,2026-03-10,6840.0,6740.02,15.3,16.1,0.1810003165435791,112.0,127.8,0.2332535171508789,6735.8,0.015351146346627572,4,0.00047015407871385116
2026-03-06,2026-03-10,6845.0,6740.02,13.8,14.6,0.1787801849365234,115.5,131.3,0.2324829560089111,6735.8,0.016081873452580726,4,0.0004633900578090529
2026-03-06,2026-03-10,6850.0,6740.02,12.5,13.2,0.1766363465118408,126.4,130.1,0.2102968985748291,6734.6,0.01699023541532814,4,0.00041018448261178356
2026-03-06,2026-03-10,6855.0,6740.02,11.1,11.9,0.1745611719512939,122.8,138.6,0.2315445498657226,6735.8,0.017541727726446306,4,0.0004518407049110137
2026-03-06,2026-03-10,6860.0,6740.02,10.2,10.7,0.172585178527832,126.5,142.4,0.2314148514556885,6736.0,0.01824116479776826,4,0.00044716718966215187
2026-03-06,2026-03-10,6865.0,6740.02,9.0,9.6,0.1707236248779297,130.4,146.2,0.2310639028167725,6736.0,0.01896976227990879,4,0.000442282787427455
2026-03-06,2026-03-10,6870.0,6740.02,8.0,8.5,0.1683737948608398,134.3,150.2,0.2314377394104004,6736.0,0.019697829294232406,4,0.0004379431861269126
2026-03-06,2026-03-10,6875.0,6740.02,7.0,7.6,0.1668021553039551,145.7,149.4,0.2070849555969238,6734.75,0.020610953904124332,4,0.00038299060739124965
2026-03-06,2026-03-10,6880.0,6740.02,6.2,6.7,0.1647422393798828,150.0,153.5,0.2068942226409912,6734.7,0.021345386504857167,4,0.0003783935887764178
2026-03-06,2026-03-10,6885.0,6740.02,5.4,5.9,0.1628806857299805,146.7,162.5,0.2329101978302002,6736.05,0.021871432465291097,4,0.0004291792424913657
2026-03-06,2026-03-10,6890.0,6740.02,4.6,5.2,0.1612785289001465,158.5,162.1,0.208092025604248,6734.6,0.022812668166761453,4,0.0003737934425613256
2026-03-06,2026-03-10,6895.0,6740.02,4.0,4.5,0.1591423197937012,155.3,171.1,0.235084553527832,6736.05,0.0233228115299381,4,0.00042579404835307443
2026-03-06,2026-03-10,6900.0,6740.02,3.4,3.9,0.1572960247802734,159.7,175.5,0.236488348083496,6736.05,0.02404771188788668,4,0.00042483871866222524
2026-03-06,2026-03-10,6905.0,6740.02,2.95,3.4,0.1558922302246093,164.2,180.0,0.2383117551422119,6736.075,0.024768375778939127,4,0.0004257446084358493
2026-03-06,2026-03-10,6910.0,6740.02,2.5,2.9,0.1539086074829102,168.7,184.6,0.2406005506134033,6736.05,0.02549593806425133,4,0.0004264040433475673
2026-03-06,2026-03-10,6915.0,6740.02,2.15,2.5,0.1524742956542969,173.3,189.2,0.2427901649475097,6736.075,0.0262155540344052,4,0.00042803833921873193
2026-03-06,2026-03-10,6920.0,6740.02,1.8,2.15,0.1511620529174805,178.0,193.8,0.2448958567810059,6736.075,0.026938358547261853,4,0.00042975854201297105
2026-03-06,2026-03-10,6925.0,6740.02,1.5,1.85,0.1500023965454102,190.2,193.9,0.2175218629455566,6734.625,0.027875923048529025,4,0.0003700659762037904
2026-03-06,2026-03-10,6930.0,6740.02,1.25,1.55,0.1482629119873047,187.4,203.2,0.2500380172729491,6736.1,0.028378690766280305,4,0.00043464008287556635
2026-03-06,2026-03-10,6935.0,6740.02,1.05,1.35,0.1477136010742187,192.2,208.0,0.2531278911590576,6736.1,0.02909993133126351,4,0.00044020247094739637
2026-03-06,2026-03-10,6940.0,6740.02,0.85,1.15,0.1467065310668945,197.0,212.8,0.2561567304992676,6736.1,0.02982065208318167,4,0.0004446542671773314
2026-03-06,2026-03-10,6945.0,6740.02,0.7,1.0,0.1463098065185546,200.2,224.0,0.2972329798889159,6733.75,0.030889781193700557,4,0.0005389868585591862
2026-03-06,2026-03-10,6950.0,6740.02,0.6,0.9,0.1467370483398437,214.3,217.8,0.2292404957580566,6734.7,0.03146839413630553,4,0.0003872852429202427
2026-03-06,2026-03-10,6955.0,6740.02,0.5,0.75,0.145516357421875,209.0,231.5,0.2918466812133787,6735.375,0.032087337775807766,4,0.0005240724042856505
2026-03-06,2026-03-10,6960.0,6740.02,0.4,0.65,0.1452111846923828,212.6,236.4,0.2956384523773193,6736.025,0.03270948601176483,4,0.0005324613767246248
2026-03-06,2026-03-10,6965.0,6740.02,0.35,0.6,0.1462487719726562,219.1,241.3,0.2993997062683105,6735.275,0.03353896672566675,4,0.0005441166196122995
2026-03-06,2026-03-10,6970.0,6740.02,0.25,0.5,0.1452722192382812,222.4,246.2,0.3031304428863525,6736.075,0.03413781369011628,4,0.0005508628695902971
2026-03-06,2026-03-10,6975.0,6740.02,0.2,0.45,0.1458215301513671,227.4,251.2,0.3074486370086668,6736.025,0.034862339372865744,4,0.0005628872450336577
2026-03-06,2026-03-10,6980.0,6740.02,0.15,0.4,0.1461267028808593,233.9,256.1,0.3111183390808105,6735.275,0.03569027626817882,4,0.000572802817530217
2026-03-06,2026-03-10,6985.0,6740.02,0.15,0.35,0.1462487719726562,237.3,261.1,0.3153907572937011,6736.05,0.036291292993598,4,0.0005838659040582574
2026-03-06,2026-03-10,6990.0,6740.02,0.1,0.35,0.1488122229003906,242.3,266.1,0.319647916870117,6736.025,0.03701056791115539,4,0.0006012463083665849
2026-03-06,2026-03-10,6995.0,6740.02,0.1,0.3,0.148446015625,247.2,271.1,0.3238898178100585,6736.05,0.03772190840211739,4,0.0006112359987583323
2026-03-06,2026-03-10,7000.0,6740.02,0.05,0.3,0.1510094665527344,252.2,276.0,0.3274603387451171,6736.075,0.038432737972997004,4,0.0006272146700870245
2026-03-06,2026-03-10,7010.0,6740.02,0.05,0.25,0.1525963647460937,262.2,286.0,0.3358373301696777,6736.05,0.03986400133117167,4,0.0006536095187097885
2026-03-06,2026-03-10,7020.0,6740.02,0.05,0.25,0.1574791284179687,272.2,296.0,0.3441380284118652,6736.05,0.041289518322392735,4,0.0006893692384275236
2026-03-06,2026-03-10,7025.0,6740.02,0.05,0.25,0.1599205102539062,278.8,301.0,0.3482731188964844,6735.25,0.04212028652152451,4,0.0007075637389288896
2026-03-06,2026-03-10,7030.0,6740.02,0.0,0.15,0.153328779296875,282.2,306.0,0.3523776921081542,6735.975,0.042724140290860385,4,0.0007006548910162345
2026-03-06,2026-03-10,7040.0,6740.02,0.0,0.1,0.1516198120117187,292.1,316.0,0.3605639505767822,6736.0,0.04414189322992536,4,0.0007187183744090789
2026-03-06,2026-03-10,7050.0,6740.02,0.05,0.2,0.1677329321289062,303.8,325.9,0.3680025358581543,6735.275,0.045668976318075094,4,0.0007863355935871637
2026-03-06,2026-03-10,7075.0,6740.02,0.05,0.2,0.1793294958496093,327.1,350.9,0.3880371255493163,6736.125,0.049082609754329,4,0.0008819311865140596
2026-03-06,2026-03-10,7100.0,6740.02,0.0,0.15,0.1853108813476562,352.1,375.9,0.4077360252380371,6736.075,0.05261737296495343,4,0.0009635743381119453
2026-03-06,2026-03-10,7150.0,6740.02,0.0,0.15,0.2075274560546874,402.1,425.9,0.4462488236999511,6736.075,0.059634945623599875,4,0.001171023079369357
2026-03-06,2026-03-10,7175.0,6740.02,0.0,0.15,0.2182695361328124,427.1,450.9,0.4650932397460938,6736.075,0.06312535056336854,4,0.0012794100916628057
2026-03-06,2026-03-10,7275.0,6740.02,0.0,0.15,0.2612378564453125,528.6,550.8,0.5372971075439454,6735.375,0.07707032545795782,4,0.001747008462228289
2026-03-06,2026-03-11,2800.0,6740.02,3923.4,3946.2,3.276613136596679,0.0,0.1,2.1093797265625,6734.75,-0.8776612724673523,5,0.06095181960045051
2026-03-06,2026-03-11,5500.0,6740.02,1225.3,1249.1,0.9517216741943356,1.0,1.25,0.7050810742187501,6736.075,-0.20272931884389114,5,0.006810127687965295
2026-03-06,2026-03-11,6000.0,6740.02,727.3,751.2,0.6262549581909181,2.8,3.2,0.4983570672607422,6736.25,-0.11574392103751444,5,0.003402188582037369
2026-03-06,2026-03-11,6100.0,6740.02,628.1,651.9,0.5618329949951173,3.5,4.0,0.4542290905761719,6736.25,-0.09921461908630383,5,0.0035355553484091706
2026-03-06,2026-03-11,6500.0,6740.02,245.4,268.8,0.3538043746185302,20.5,21.4,0.3172370523071288,6736.15,-0.03568636819904781,5,0.0015421116323644677
2026-03-06,2026-03-11,6625.0,6740.02,145.5,161.3,0.2969430657958983,42.0,43.1,0.2853999073028563,6735.85,-0.01659363641124397,5,0.0011613812956078656
2026-03-06,2026-03-11,6650.0,6740.02,133.1,134.4,0.2610623821258544,48.3,49.5,0.279029426574707,6734.85,-0.012678683231624258,5,0.0009989697322789171
2026-03-06,2026-03-11,6670.0,6740.02,118.9,120.2,0.2567518173217773,53.9,55.2,0.2737537530136107,6735.0,-0.009697949934794933,5,0.0009638224662906689
2026-03-06,2026-03-11,6675.0,6740.02,115.4,116.7,0.2555006091308594,55.5,56.7,0.27236903175354,6734.95,-0.00894118164348269,5,0.0009542683485185782
2026-03-06,2026-03-11,6700.0,6740.02,98.6,99.8,0.249107240447998,63.6,64.9,0.2657773007965088,6734.95,-0.00520285953287561,5,0.0009078975712759116
2026-03-06,2026-03-11,6710.0,6740.02,92.1,93.3,0.2463683152008056,67.1,68.4,0.2628934185028077,6734.95,-0.003711434946205477,5,0.0008881764158041436
2026-03-06,2026-03-11,6715.0,6740.02,88.9,90.2,0.2452620640563965,68.9,70.3,0.2617185034942627,6734.95,-0.002966555954595018,5,0.0008802373146369467
2026-03-06,2026-03-11,6720.0,6740.02,85.8,87.0,0.2436713512039184,70.7,72.1,0.2600782000732422,6735.0,-0.002229655327269092,5,0.0008690534603148651
2026-03-06,2026-03-11,6725.0,6740.02,82.7,83.9,0.2422484833526611,72.6,74.0,0.2586133709716797,6735.0,-0.0014858843744245515,5,0.000859118483278141
2026-03-06,2026-03-11,6730.0,6740.02,79.7,80.9,0.2409820165252685,74.6,76.0,0.2573163868713379,6735.0,-0.0007426662056908944,5,0.0008503469137931748
2026-03-06,2026-03-11,6740.0,6740.02,73.7,74.9,0.2379608065032958,78.6,80.0,0.2542570302581787,6735.0,0.0007421150618882715,5,0.0008297205439251558
2026-03-06,2026-03-11,6745.0,6740.02,70.8,72.0,0.2365150506973266,80.6,82.1,0.2528150891113281,6735.05,0.0014762559199749021,5,0.0008200136497436901
2026-03-06,2026-03-11,6750.0,6740.02,68.0,69.1,0.2349014498901367,82.8,84.2,0.2512129322814941,6735.05,0.0022172711446940946,5,0.0008092712073770765
2026-03-06,2026-03-11,6760.0,6740.02,62.3,63.5,0.2317886880493164,87.1,88.5,0.2478331443023681,6735.1,0.003690232492824904,5,0.0007877982947547513
2026-03-06,2026-03-11,6765.0,6740.02,59.6,60.7,0.2299576516723632,89.4,90.8,0.246375944519043,6735.05,0.004437027883007046,5,0.000777033201577526
2026-03-06,2026-03-11,6770.0,6740.02,56.9,58.0,0.2282639430236816,91.7,93.1,0.2447432704162598,6735.05,0.0051758531844392506,5,0.0007662185752267749
2026-03-06,2026-03-11,6775.0,6740.02,54.3,55.4,0.2267075621032714,94.0,95.4,0.2429351219940185,6735.15,0.005899285436526298,5,0.0007553570230346125
2026-03-06,2026-03-11,6780.0,6740.02,51.7,52.8,0.2249528189086914,96.4,97.8,0.2412643013000488,6735.15,0.006637020623065769,5,0.0007443780930675714
2026-03-06,2026-03-11,6785.0,6740.02,49.1,50.2,0.2229997134399414,98.9,100.3,0.2397460669708251,6735.05,0.007389059547088134,5,0.0007333344427670182
2026-03-06,2026-03-11,6790.0,6740.02,46.6,47.7,0.2211686770629882,101.4,102.8,0.2380370996856689,6735.05,0.008125707830860371,5,0.0007221573472580052
2026-03-06,2026-03-11,6795.0,6740.02,44.2,45.3,0.219459709777832,103.9,105.3,0.23613739944458,6735.15,0.00884696627386864,5,0.0007108518011363645
2026-03-06,2026-03-11,6800.0,6740.02,41.8,42.9,0.2175447509002685,106.5,107.9,0.2343750269317626,6735.15,0.009582530852822709,5,0.000699422895875864
2026-03-06,2026-03-11,6805.0,6740.02,39.4,40.5,0.2154009124755859,109.2,110.6,0.2327423528289795,6735.05,0.01033240236368505,5,0.0006877821446501304
2026-03-06,2026-03-11,6810.0,6740.02,37.1,38.2,0.2133638845062256,111.9,113.3,0.2309113164520263,6735.05,0.011066886421676596,5,0.0006759604595427914
2026-03-06,2026-03-11,6815.0,6740.02,34.9,36.0,0.2114412963104247,114.7,116.0,0.2288666591644287,6735.1,0.011793407586448248,5,0.000663942108405635
2026-03-06,2026-03-11,6820.0,6740.02,32.7,33.8,0.2092745699310302,117.5,118.9,0.2273026489257812,6735.05,0.012534238115626432,5,0.00065273858912585
2026-03-06,2026-03-11,6825.0,6740.02,30.7,31.7,0.2072070246887206,119.0,123.5,0.2315102179336547,6734.95,0.013281955141227547,5,0.0006591534896376032
2026-03-06,2026-03-11,6830.0,6740.02,28.5,29.6,0.2048800826263427,121.9,126.4,0.2295914443969726,6734.9,0.014021711640549368,5,0.0006464572184725046
2026-03-06,2026-03-11,6835.0,6740.02,26.5,27.6,0.2026523217010497,117.9,133.8,0.243598872680664,6736.2,0.014560502465261107,5,0.0006819867413941986
2026-03-06,2026-03-11,6840.0,6740.02,24.6,25.7,0.2005161125946044,128.0,132.5,0.2261620658493042,6734.9,0.015484769692309644,5,0.0006234735204116846
2026-03-06,2026-03-11,6845.0,6740.02,22.8,23.8,0.1980823600769042,124.1,140.0,0.240592921295166,6736.25,0.01601506847484288,5,0.0006590274057769347
2026-03-06,2026-03-11,6850.0,6740.02,21.1,22.0,0.195747788696289,134.3,138.8,0.2225495836639404,6735.0,0.016930842411806608,5,0.0005992215469981931
2026-03-06,2026-03-11,6855.0,6740.02,19.3,20.3,0.1934895104980468,137.6,142.1,0.220962685470581,6734.95,0.01766792708448175,5,0.0005882555573397872
2026-03-06,2026-03-11,6860.0,6740.02,17.6,18.7,0.1913380427551269,140.9,145.3,0.2187272952270507,6735.05,0.01838220799804953,5,0.0005758684295014984
2026-03-06,2026-03-11,6865.0,6740.02,16.1,17.1,0.1888508850097656,144.4,148.8,0.2174455697631835,6735.0,0.019118229357607017,5,0.0005653315382228323
2026-03-06,2026-03-11,6870.0,6740.02,14.6,15.7,0.1869054088592529,147.9,152.3,0.2159197061157226,6735.05,0.019838872494513746,5,0.0005557125796390487
2026-03-06,2026-03-11,6875.0,6740.02,13.4,14.3,0.1846089840698241,151.4,155.9,0.2145616874694824,6735.2,0.020544138511317867,5,0.0005456754281408935
2026-03-06,2026-03-11,6880.0,6740.02,11.9,12.9,0.1819310933685302,155.1,159.5,0.2129595306396484,6735.1,0.02128599438320444,5,0.0005340363182519475
2026-03-06,2026-03-11,6885.0,6740.02,10.7,11.7,0.1798559188079833,151.8,167.7,0.2313614462280273,6736.45,0.02181205224630901,5,0.0005791086346135602
2026-03-06,2026-03-11,6890.0,6740.02,9.5,10.5,0.1773763903808593,155.7,171.5,0.2306671782684326,6736.4,0.022545427425805117,5,0.0005702039517672924
2026-03-06,2026-03-11,6895.0,6740.02,8.7,9.4,0.1750265603637695,159.6,175.4,0.2302170484924316,6736.55,0.02324858680713319,5,0.0005624054195849238
2026-03-06,2026-03-11,6900.0,6740.02,7.7,8.4,0.1728140580749512,170.6,175.0,0.2090533197021484,6735.25,0.02416648290492883,5,0.0004993927883916373
2026-03-06,2026-03-11,6905.0,6740.02,6.8,7.4,0.1701437966918945,167.6,183.4,0.2296677375793457,6736.6,0.02469044025384612,5,0.0005474289826586405
2026-03-06,2026-03-11,6910.0,6740.02,5.9,6.6,0.1683127603149414,171.8,187.6,0.2300797207641601,6736.55,0.025421713341446713,5,0.000543549893768364
2026-03-06,2026-03-11,6915.0,6740.02,5.2,5.8,0.16602396484375,176.0,191.8,0.2303391175842285,6736.6,0.02613761850931225,5,0.0005380263462733167
2026-03-06,2026-03-11,6920.0,6740.02,4.5,5.1,0.1639945661926269,180.3,196.1,0.2309494630432129,6736.6,0.02686042302216883,5,0.000534180774756986
2026-03-06,2026-03-11,6925.0,6740.02,3.9,4.2,0.1596611134338378,184.6,200.5,0.2319412744140624,6736.5,0.02759754985963677,5,0.00052517955537047
2026-03-06,2026-03-11,6930.0,6740.02,3.3,3.9,0.1601188725280761,196.2,200.5,0.2081530601501464,6735.25,0.028504884503526975,5,0.00046446649451559326
2026-03-06,2026-03-11,6935.0,6740.02,2.85,3.4,0.158364129333496,193.6,209.4,0.2340927421569824,6736.625,0.029021996095405022,5,0.0005274739588359378
2026-03-06,2026-03-11,6940.0,6740.02,2.4,2.9,0.1560753338623047,205.2,209.6,0.2099688378906249,6735.25,0.02994684582042824,5,0.0004588641632681103
2026-03-06,2026-03-11,6945.0,6740.02,2.05,2.5,0.1543358493041992,200.2,224.2,0.2668530346679688,6735.075,0.030693030548521925,5,0.0006075345067867136
2026-03-06,2026-03-11,6950.0,6740.02,1.7,2.15,0.1527184338378906,214.5,218.9,0.2126085820007324,6735.225,0.03139044270001077,5,0.0004570679058272381
2026-03-06,2026-03-11,6955.0,6740.02,1.45,1.85,0.1512841220092773,208.1,232.0,0.26367923828125,6736.6,0.0319054787679969,5,0.0005897075013137189
2026-03-06,2026-03-11,6960.0,6740.02,1.2,1.6,0.1500939483642578,212.9,236.7,0.2660366976165771,6736.6,0.032624127738918866,5,0.0005930298442617362
2026-03-06,2026-03-11,6965.0,6740.02,1.0,1.35,0.1484154983520508,219.3,241.5,0.2688824333190917,6735.775,0.03346473346244974,5,0.0005963615197842928
2026-03-06,2026-03-11,6970.0,6740.02,0.8,1.2,0.148171360168457,224.1,246.3,0.2716823931121825,6735.8,0.0341786394846011,5,0.0006036889525473976
2026-03-06,2026-03-11,6975.0,6740.02,0.65,1.0,0.1464318756103515,228.9,251.2,0.2750011465454102,6735.775,0.03489945393811014,5,0.0006082390142580094
2026-03-06,2026-03-11,6980.0,6740.02,0.55,0.9,0.1466149792480468,232.2,256.0,0.2777324424743652,6736.625,0.035489859102891264,5,0.0006166805969947212
2026-03-06,2026-03-11,6990.0,6740.02,0.35,0.65,0.1446008392333984,243.6,265.9,0.2847819325256347,6735.75,0.03705139400868709,5,0.0006314026187790065
2026-03-06,2026-03-11,7000.0,6740.02,0.2,0.5,0.1441125628662109,253.4,275.7,0.291175301208496,6735.8,0.0384735637674819,5,0.0006488887829134263
2026-03-06,2026-03-11,7010.0,6740.02,0.1,0.4,0.1445398046875,261.8,285.6,0.2980569462585449,6736.55,0.039789776608366925,5,0.0006708626162602578
2026-03-06,2026-03-11,7020.0,6740.02,0.05,0.35,0.1466149792480468,271.7,295.6,0.3054497556304931,6736.55,0.04121529359958783,5,0.0006998716593178239
2026-03-06,2026-03-11,7025.0,6740.02,0.05,0.3,0.1461267028808593,276.7,300.5,0.3085243708801269,6736.575,0.041923579690152785,5,0.0007079027358630745
2026-03-06,2026-03-11,7040.0,6740.02,0.0,0.25,0.149422568359375,291.7,315.5,0.3194648132324218,6736.525,0.04406395683711634,5,0.0007529293719726413
2026-03-06,2026-03-11,7050.0,6740.02,0.05,0.25,0.1538170556640625,301.6,325.5,0.3266897776031494,6736.6,0.045472270216768036,5,0.0007907082767687813
2026-03-06,2026-03-11,7075.0,6740.02,0.05,0.2,0.1604087866210937,326.6,350.4,0.3438938902282715,6736.625,0.04900838585791151,5,0.0008709629790323126
2026-03-06,2026-03-11,7080.0,6740.02,0.0,0.2,0.1624839611816406,331.6,355.4,0.3474186352539062,6736.6,0.04971856109821906,5,0.0008904132118209318
2026-03-06,2026-03-11,7100.0,6740.02,0.0,0.2,0.1706625903320313,351.6,375.4,0.3614260635375976,6736.6,0.05253943743986049,5,0.0009695833410164168
2026-03-06,2026-03-11,7125.0,6740.02,0.0,0.2,0.1809163940429687,376.6,400.4,0.3786835813903808,6736.6,0.056054379547304974,5,0.0010724388099486483
2026-03-06,2026-03-11,7150.0,6740.02,0.0,0.1,0.1782308740234375,401.6,425.4,0.3956969610595704,6736.55,0.05956443226778443,5,0.0011280587667228366
2026-03-06,2026-03-11,7175.0,6740.02,0.0,0.15,0.195320546875,428.1,450.4,0.4124662025451659,6735.825,0.06316246485311658,5,0.0012650847012696284
2026-03-06,2026-03-11,7200.0,6740.02,0.0,0.15,0.2050860742187499,451.5,475.3,0.4282894085693359,6736.675,0.06651454626397418,5,0.0013738510349213722
2026-03-06,2026-03-11,7225.0,6740.02,0.0,0.15,0.2146074633789062,476.5,500.3,0.4446161495971679,6736.675,0.06998075424046049,5,0.0014882731914562628
2026-03-06,2026-03-11,7250.0,6740.02,0.0,0.15,0.2243729907226562,501.5,525.3,0.4607597869873047,6736.675,0.07343498910854811,5,0.0016075579557964614
2026-03-06,2026-03-11,7275.0,6740.02,0.0,0.15,0.2338943798828124,526.5,550.3,0.4767050621032715,6736.675,0.07687733329952078,5,0.0017292861881881298
2026-03-06,2026-03-11,7500.0,6740.02,0.0,0.15,0.3164130859374999,752.8,775.2,0.6122017539978029,6736.075,0.10742560945994843,5,0.0013714690541437218
2026-03-06,2026-03-12,2800.0,6740.02,3923.5,3947.3,3.056765053405761,0.0,0.15,1.9804688476562504,6735.325000000001,-0.8777466468992468,6,0.06447545517594865
2026-03-06,2026-03-12,3000.0,6740.02,3723.6,3747.4,2.839114230346679,0.0,0.15,1.8320320898437497,6735.425,-0.808768622395574,6,0.05517273827206449
2026-03-06,2026-03-12,4200.0,6740.02,2524.2,2548.0,1.7653209976196291,0.1,0.3,1.1826212744140625,6735.9,-0.4723669059348052,6,0.02299057115665876
2026-03-06,2026-03-12,4400.0,6740.02,2324.4,2348.2,1.6167011352539062,0.1,0.4,1.0932662524414063,6736.05,-0.4258691587911116,6,0.019647634499626466
2026-03-06,2026-03-12,5200.0,6740.02,1525.6,1549.4,1.073857169799805,1.0,1.35,0.8051777294921875,6736.325,-0.2588558984072633,6,0.010657170017592232
2026-03-06,2026-03-12,5500.0,6740.02,1226.5,1250.3,0.8884593673706053,1.75,2.15,0.688601746826172,6736.45,-0.20278498769588382,6,0.007794614231211871
2026-03-06,2026-03-12,6000.0,6740.02,729.3,753.1,0.5914042324829102,4.3,4.9,0.4881948153686524,6736.6,-0.11579587737935429,6,0.003917822100046563
2026-03-06,2026-03-12,6100.0,6740.02,630.5,654.3,0.5349320188903808,5.5,6.1,0.4473321868896484,6736.6,-0.09926657542814374,6,0.003965108095712348
2026-03-06,2026-03-12,6400.0,6740.02,342.1,366.0,0.3920425176239013,16.8,17.9,0.348440963897705,6736.7,-0.05127220041507418,6,0.0022533525468754483
2026-03-06,2026-03-12,6425.0,6740.02,319.3,343.1,0.3822083264160155,19.0,20.1,0.3418644915771484,6736.65,-0.04736613794031498,6,0.002154581283931074
2026-03-06,2026-03-12,6475.0,6740.02,274.6,298.4,0.3642107646942139,24.3,25.4,0.3287191762542724,6736.65,-0.039614161135997,6,0.0019732269988885177
2026-03-06,2026-03-12,6600.0,6740.02,174.3,190.1,0.3097069152069092,45.1,46.4,0.2972634971618652,6736.45,-0.020463430901929185,6,0.0015140263622922738
2026-03-06,2026-03-12,6650.0,6740.02,143.0,144.4,0.2701260121917724,57.6,59.0,0.2846522341156005,6735.4,-0.012760344670766725,6,0.001264844805106373
2026-03-06,2026-03-12,6670.0,6740.02,128.8,130.2,0.2651364380645752,63.5,64.8,0.2792659354400635,6735.35,-0.009749915919357966,6,0.0012179751134691128
2026-03-06,2026-03-12,6680.0,6740.02,121.9,123.3,0.2625958750915527,66.6,68.0,0.2768512562179565,6735.3,-0.008244364751588,6,0.001195903592375584
2026-03-06,2026-03-12,6690.0,6740.02,115.2,116.6,0.260200269165039,69.8,71.2,0.2740055205154419,6735.4,-0.0067633251983924,6,0.0011727773660060803
2026-03-06,2026-03-12,6700.0,6740.02,108.6,110.0,0.2576291889190674,73.2,74.6,0.2713123711776733,6735.4,-0.005269672941609159,6,0.0011497774273872899
2026-03-06,2026-03-12,6705.0,6740.02,105.3,106.7,0.2561643598175049,74.9,76.4,0.2700878656005859,6735.35,-0.004516259113248471,6,0.0011381153620170948
2026-03-06,2026-03-12,6710.0,6740.02,102.1,103.5,0.2548750050354004,76.7,78.1,0.2684590061569213,6735.4,-0.0037782483549390505,6,0.0011255280298793633
2026-03-06,2026-03-12,6720.0,6740.02,95.8,97.2,0.2522123729705811,80.4,81.8,0.2657238955688477,6735.4,-0.002289044803471352,6,0.0011024300476789612
2026-03-06,2026-03-12,6725.0,6740.02,92.7,94.1,0.2508390956878661,82.2,83.7,0.2643201010131836,6735.45,-0.0015526972871582692,6,0.0010906397175849485
2026-03-06,2026-03-12,6730.0,6740.02,89.6,91.0,0.2493361199951171,84.2,85.6,0.2627980520248413,6735.4,-0.0008020556818931432,6,0.001077868808837952
2026-03-06,2026-03-12,6740.0,6740.02,83.6,84.9,0.2462309874725342,88.1,89.5,0.2596662168884278,6735.45,0.000675302149154628,6,0.0010517752659461792
2026-03-06,2026-03-12,6745.0,6740.02,80.6,82.0,0.2449111154174805,90.1,91.6,0.258346344833374,6735.45,0.0014168668846582147,6,0.0010408276902663302
2026-03-06,2026-03-12,6750.0,6740.02,77.7,79.0,0.2431678162002563,92.2,93.6,0.2566068602752686,6735.45,0.002157882109377293,6,0.0010264714818337625
2026-03-06,2026-03-12,6755.0,6740.02,74.9,76.1,0.2415732886886596,94.3,95.8,0.2553175054931641,6735.45,0.0028983486371010657,6,0.001014659430175247
2026-03-06,2026-03-12,6760.0,6740.02,72.0,73.3,0.2401275328826904,96.4,97.9,0.2536009088897706,6735.5,0.003630843898387015,6,0.0010017853734865577
2026-03-06,2026-03-12,6770.0,6740.02,66.5,67.7,0.2367935208129882,100.9,102.3,0.2503355606842041,6735.5,0.005109040767698066,6,0.0009751838713984857
2026-03-06,2026-03-12,6775.0,6740.02,63.7,65.0,0.2351989933013915,103.1,104.6,0.2487868090820312,6735.5,0.005847320609279002,6,0.0009626394119536663
2026-03-06,2026-03-12,6780.0,6740.02,61.1,62.3,0.2334442501068115,105.4,106.9,0.2470892857742309,6735.55,0.006577632469500289,6,0.0009489553935876866
2026-03-06,2026-03-12,6790.0,6740.02,55.8,57.0,0.2297554747390747,110.2,111.6,0.2435454674530029,6735.5,0.008058895414119057,6,0.0009206045830681167
2026-03-06,2026-03-12,6795.0,6740.02,53.3,54.5,0.2281113566589355,112.6,114.1,0.2419890865325928,6735.55,0.008787578120303119,6,0.0009081962740638547
2026-03-06,2026-03-12,6800.0,6740.02,50.7,52.0,0.2263032082366943,115.1,116.5,0.2399749465179443,6735.55,0.009523142699257098,6,0.0008934876065810577
2026-03-06,2026-03-12,6805.0,6740.02,48.2,49.5,0.2243119561767577,117.6,119.1,0.2384033069610595,6735.5,0.010265589946943803,6,0.0008798852660576687
2026-03-06,2026-03-12,6810.0,6740.02,45.8,47.1,0.2224504025268554,120.2,121.6,0.2363624643325805,6735.55,0.010992650678617079,6,0.0008651064936812648
2026-03-06,2026-03-12,6815.0,6740.02,43.4,44.7,0.2204057452392577,122.9,124.3,0.2347641221618652,6735.45,0.011741442373434961,6,0.0008514230473559828
2026-03-06,2026-03-12,6820.0,6740.02,41.1,42.4,0.218483157043457,125.5,126.9,0.2326851329421997,6735.55,0.01246000237256681,6,0.0008365184625558149
2026-03-06,2026-03-12,6825.0,6740.02,38.8,40.1,0.2163622065734863,128.1,129.7,0.2310524588394165,6735.55,0.013192871588219508,6,0.000822657052711807
2026-03-06,2026-03-12,6830.0,6740.02,36.6,37.9,0.2143595105361938,131.0,132.4,0.2289200643920898,6735.55,0.013925204099894771,6,0.0008075210200627389
2026-03-06,2026-03-12,6835.0,6740.02,34.4,35.7,0.2121431935882568,126.9,142.4,0.2499540947723388,6735.4,0.014679270837383258,6,0.0008775365914118442
2026-03-06,2026-03-12,6840.0,6740.02,32.3,33.6,0.210045131072998,128.4,144.2,0.2448424515533447,6736.65,0.015224962912860664,6,0.0008503673129902919
2026-03-06,2026-03-12,6845.0,6740.02,30.2,31.5,0.20771818901062,138.0,143.1,0.2299423930358886,6735.3,0.016156106440269918,6,0.0007871785688107753
2026-03-06,2026-03-12,6850.0,6740.02,28.2,29.5,0.2054942427444457,140.8,146.4,0.2291184266662598,6735.25,0.01689372357584909,6,0.0007762527633382158
2026-03-06,2026-03-12,6855.0,6740.02,26.3,27.5,0.2030261582946776,137.3,153.2,0.2399291706085204,6736.65,0.017415544292679313,6,0.0008063400961797546
2026-03-06,2026-03-12,6860.0,6740.02,24.4,25.7,0.2010196475982666,140.4,156.3,0.238265979232788,6736.7,0.018137250957093457,6,0.000793035049069942
2026-03-06,2026-03-12,6865.0,6740.02,22.6,23.8,0.1983875328063964,143.6,159.4,0.236412054901123,6736.7,0.018865848439233876,6,0.000776920608783406
2026-03-06,2026-03-12,6870.0,6740.02,20.9,22.1,0.1962208064270019,146.8,162.7,0.2350692948913574,6736.75,0.019586493449542264,6,0.000764429389706304
2026-03-06,2026-03-12,6875.0,6740.02,19.2,20.4,0.1937794245910644,150.1,166.0,0.2335358019256591,6736.75,0.020314030767919312,6,0.0007504039841631727
2026-03-06,2026-03-12,6880.0,6740.02,17.6,18.8,0.1914448532104492,160.0,165.2,0.21660634475708,6735.6,0.021211759191235354,6,0.0006842703294359001
2026-03-06,2026-03-12,6885.0,6740.02,16.1,17.3,0.1892094629669189,156.9,172.8,0.230629031677246,6736.85,0.02175267555312804,6,0.0007243740887058019
2026-03-06,2026-03-12,6890.0,6740.02,14.6,15.8,0.1866612706756591,160.5,176.3,0.2292557543945312,6736.8,0.022486050291921824,6,0.0007109053633283723
2026-03-06,2026-03-12,6895.0,6740.02,13.2,14.4,0.1842122595214843,164.0,179.9,0.228073210067749,6736.85,0.023204054617775024,6,0.0006985451031551285
2026-03-06,2026-03-12,6900.0,6740.02,11.9,13.1,0.1818776881408691,174.3,179.9,0.2120821590423583,6735.4,0.02414421226468423,6,0.0006378261418875283
2026-03-06,2026-03-12,6905.0,6740.02,10.7,11.8,0.1791769094848632,178.2,183.2,0.2088015522003173,6735.55,0.024846317378451502,6,0.0006186052879380782
2026-03-06,2026-03-12,6910.0,6740.02,9.5,10.6,0.1765829412841797,175.3,191.1,0.2249833361816406,6736.85,0.02537718115208834,6,0.0006626937336894089
2026-03-06,2026-03-12,6915.0,6740.02,8.8,9.6,0.1746603530883789,179.2,195.0,0.2242738095855712,6737.1,0.026063399846253176,6,0.0006540347923905438
2026-03-06,2026-03-12,6920.0,6740.02,7.8,8.6,0.1723715576171875,183.2,199.0,0.2238236798095702,6737.1,0.02678620435910974,6,0.0006450849294231981
2026-03-06,2026-03-12,6925.0,6740.02,6.9,7.6,0.1696402616882324,187.2,203.1,0.2236482054901122,6737.1,0.027508486802933853,6,0.000635654048282843
2026-03-06,2026-03-12,6930.0,6740.02,6.1,6.8,0.1677405614471435,191.4,207.2,0.2233277741241454,6737.15,0.02822282636799112,6,0.0006284977113143762
2026-03-06,2026-03-12,6935.0,6740.02,5.3,6.0,0.1654136193847656,195.6,211.4,0.2233048861694335,6737.15,0.028944066932974234,6,0.0006209674379189995
2026-03-06,2026-03-12,6940.0,6740.02,4.6,5.3,0.163368962097168,200.2,222.1,0.2526014682006836,6733.8,0.030162154250585087,6,0.0007110879406116978
2026-03-06,2026-03-12,6945.0,6740.02,4.0,4.6,0.1608360284423828,200.3,224.2,0.2436065019989013,6737.05,0.030399832554271162,6,0.000672220933272941
2026-03-06,2026-03-12,6950.0,6740.02,3.4,4.1,0.1594932684326171,204.7,228.5,0.2441176663208007,6737.15,0.031104672742880063,6,0.0006694593972021686
2026-03-06,2026-03-12,6955.0,6740.02,2.95,3.5,0.1568077484130859,209.2,233.0,0.2454604263305664,6737.125,0.03182754931637673,6,0.0006650124016914639
2026-03-06,2026-03-12,6960.0,6740.02,2.55,3.1,0.1555717988586425,213.8,237.6,0.2471999108886718,6737.125,0.03254619828729887,6,0.0006666782883812662
2026-03-06,2026-03-12,6965.0,6740.02,2.15,2.65,0.1533592965698242,218.4,242.2,0.2488783609008789,6737.1,0.03326804196130051,6,0.0006649115058391177
2026-03-06,2026-03-12,6970.0,6740.02,1.85,2.3,0.1517723983764648,223.0,246.9,0.2509840527343749,6737.125,0.03398194871340308,6,0.0006666277763482117
2026-03-06,2026-03-12,6975.0,6740.02,1.55,2.0,0.1504143797302246,227.8,251.6,0.2530439686584473,6737.075,0.03470647323929213,6,0.0006689533104843079
2026-03-06,2026-03-12,6980.0,6740.02,1.3,1.75,0.1493310165405273,232.5,256.3,0.2550581086730958,6737.125,0.03541564071525164,6,0.000672043416127559
2026-03-06,2026-03-12,6990.0,6740.02,0.9,1.3,0.1467370483398437,242.1,265.9,0.2599790189361572,6737.1,0.03685099097525051,6,0.0006797998330703691
2026-03-06,2026-03-12,6995.0,6740.02,0.75,1.15,0.1461877374267577,247.0,270.8,0.2629086771392823,6737.05,0.03757346446540848,6,0.0006877803140169419
2026-03-06,2026-03-12,7000.0,6740.02,0.65,1.0,0.1453332537841797,251.8,275.7,0.2658154473876953,6737.075,0.038284294587176075,6,0.0006946983060629577
2026-03-06,2026-03-12,7010.0,6740.02,0.4,0.75,0.1436853210449218,261.6,285.5,0.2715526947021484,6737.025,0.03971926822433416,6,0.0007085860673488936
2026-03-06,2026-03-12,7020.0,6740.02,0.25,0.6,0.143563251953125,271.5,295.3,0.2772136488342284,6737.025,0.04114478521555519,6,0.0007276158913816859
2026-03-06,2026-03-12,7025.0,6740.02,0.2,0.55,0.1440515283203124,276.4,300.3,0.2805552902221678,6737.025,0.041856782397645,6,0.0007409217137784932
2026-03-06,2026-03-12,7030.0,6740.02,0.15,0.45,0.1423425610351562,281.4,305.2,0.2833323620605468,6737.0,0.0425719838440508,6,0.0007446540006268465
2026-03-06,2026-03-12,7040.0,6740.02,0.1,0.4,0.1444177355957031,291.3,315.1,0.2893900407409667,6737.05,0.04398602651791502,6,0.0007733802197678059
2026-03-06,2026-03-12,7050.0,6740.02,0.05,0.2,0.1369715209960937,301.2,325.1,0.2959588837432861,6736.975,0.045416605703066514,6,0.0007702550767717941
2026-03-06,2026-03-12,7060.0,6740.02,0.05,0.3,0.1473473937988281,311.2,335.0,0.3019021226501465,6737.075,0.04681919703701344,6,0.0008294183343683732
2026-03-06,2026-03-12,7070.0,6740.02,0.0,0.1,0.1345301391601562,321.2,345.0,0.3083717845153808,6736.95,0.04825317965855344,6,0.0008061456739540731
2026-03-06,2026-03-12,7075.0,6740.02,0.0,0.3,0.153328779296875,326.2,350.0,0.3115837274932861,6737.05,0.04894529987726529,6,0.0008882615300133352
2026-03-06,2026-03-12,7100.0,6740.02,0.0,0.25,0.1596763720703125,351.1,374.9,0.3269110278320312,6737.125,0.05246150798824016,6,0.000973016292097493
2026-03-06,2026-03-12,7150.0,6740.02,0.0,0.25,0.178719150390625,401.1,424.9,0.3580233876037598,6737.125,0.05947908064688679,6,0.0011839419949013158
2026-03-06,2026-03-12,7175.0,6740.02,0.0,0.2,0.1836019140624999,426.1,449.9,0.3732667654418945,6737.1,0.06297319637521633,6,0.0012743947652587725
2026-03-06,2026-03-12,7275.0,6740.02,0.0,0.2,0.2194902270507812,526.0,549.8,0.4315852740478516,6737.2,0.07679940471546245,6,0.0017420519512226125
2026-03-06,2026-03-12,7450.0,6740.02,0.0,0.15,0.2724682128906249,700.9,724.7,0.528050373840332,6737.275,0.10055849189023634,6,0.0012203659238763432
2026-03-06,2026-03-13,2600.0,6740.02,4123.3,4147.1,3.0405297424316404,0.0,0.15,1.982421962890625,6735.125000000001,-0.9518249244250959,7,0.07536980239084337
2026-03-06,2026-03-13,2800.0,6740.02,3931.4,3948.3,2.8800687178039555,0.0,0.15,1.8320320898437497,6739.775000000001,-0.8784071243965222,7,0.06436819465074191
2026-03-06,2026-03-13,4000.0,6740.02,2724.5,2748.3,1.793458063964844,0.05,0.35,1.2001993115234375,6736.200000000001,-0.5212016065907613,7,0.02762561290868311
2026-03-06,2026-03-13,4400.0,6740.02,2325.0,2348.8,1.5130334407043455,0.35,0.65,1.076176494140625,6736.4,-0.42592111667554666,7,0.02221120801585109
2026-03-06,2026-03-13,5000.0,6740.02,1733.2,1740.2,0.70312796875,1.15,1.5,0.8580336462402343,6735.375,-0.2979355751654981,7,0.014119321004279947
2026-03-06,2026-03-13,5100.0,6740.02,1626.6,1650.0,1.0685471377563478,1.35,1.75,0.8212908496093749,6736.75,-0.2783370730544358,7,0.012935974294697596
2026-03-06,2026-03-13,5500.0,6740.02,1228.2,1252.0,0.8463150134277342,2.7,3.1,0.6723665576171877,6737.2,-0.20289631610366868,7,0.008669965793462764
2026-03-06,2026-03-13,5550.0,6740.02,1178.4,1202.3,0.5004932763671875,2.9,3.3,0.6522251574707032,6737.25,-0.19385390203694552,7,0.008158311211681604
2026-03-06,2026-03-13,5650.0,6740.02,1079.0,1102.8,0.5092822509765625,3.3,3.8,0.6118202880859377,6737.35,-0.17601112737809685,7,0.00717881768327375
2026-03-06,2026-03-13,5850.0,6740.02,880.4,904.2,0.6519199847412109,4.6,5.1,0.532505895690918,6737.45,-0.14123985381353518,7,0.005438185486627693
2026-03-06,2026-03-13,5900.0,6740.02,830.8,854.6,0.6242103009033204,5.0,5.5,0.5121813919067383,6737.45,-0.13272916414562658,7,0.005030982047968951
2026-03-06,2026-03-13,5950.0,6740.02,781.4,803.4,0.581486118774414,5.5,6.1,0.4978382736206055,6736.6,-0.1241641270498709,7,0.00475315240211182
2026-03-06,2026-03-13,6000.0,6740.02,740.0,745.4,0.459264440612793,6.1,6.7,0.4781546325683594,6736.3,-0.11575134353733824,7,0.004384720461715286
2026-03-06,2026-03-13,6025.0,6740.02,707.4,731.2,0.5585371295166017,6.5,7.1,0.4691520370483398,6737.5,-0.1117714568583968,7,0.004221165581003419
2026-03-06,2026-03-13,6050.0,6740.02,682.8,705.0,0.5326889993286132,6.9,7.5,0.4597832342529296,6736.7,-0.10751191873795027,7,0.004054258513700248
2026-03-06,2026-03-13,6100.0,6740.02,633.8,657.6,0.5207262283325195,7.9,8.5,0.4420832159423828,6737.5,-0.09940016505584996,7,0.00444453026157166
2026-03-06,2026-03-13,6125.0,6740.02,711.8,717.9,0.8926783803558349,8.4,9.0,0.4325770854187011,6831.15,-0.10911427779544325,7,0.003588659024124295
2026-03-06,2026-03-13,6150.0,6740.02,585.1,606.9,0.4829916203308106,9.1,9.7,0.4245663012695312,6736.6,-0.0911032647889828,7,0.003949061416038853
2026-03-06,2026-03-13,6175.0,6740.02,560.9,582.6,0.4715323843383788,9.8,10.4,0.4159451716613769,6736.65,-0.08705388620755763,7,0.003776243073166504
2026-03-06,2026-03-13,6200.0,6740.02,536.8,560.6,0.4745688529968262,10.7,11.3,0.4084379225158691,6737.7,-0.08316932834460378,7,0.0037382923008282827
2026-03-06,2026-03-13,6250.0,6740.02,488.8,512.6,0.4523293903350831,12.7,13.4,0.3935302346801758,6737.65,-0.0751297356898133,7,0.0034303763949429327
2026-03-06,2026-03-13,6280.0,6740.02,460.4,484.1,0.4397639031982422,14.0,15.0,0.3854126400756835,6737.75,-0.07035606081799839,7,0.0032646673239633806
2026-03-06,2026-03-13,6290.0,6740.02,451.5,474.7,0.4359339854431152,14.5,15.6,0.3828491891479492,6738.05,-0.06880949484406387,7,0.00321427480065339
2026-03-06,2026-03-13,6300.0,6740.02,441.8,462.8,0.418600174407959,15.3,16.0,0.3788437970733642,6736.65,-0.06701313532411143,7,0.0030489165846324232
2026-03-06,2026-03-13,6325.0,6740.02,418.4,441.8,0.4216976776123047,16.9,17.6,0.3720002986145019,6737.85,-0.06323084832422635,7,0.0030203392755244517
2026-03-06,2026-03-13,6330.0,6740.02,414.3,437.2,0.4200497448730469,17.0,18.1,0.3715654274749755,6738.2,-0.06249259078610036,7,0.00300450826550762
2026-03-06,2026-03-13,6340.0,6740.02,405.1,427.9,0.416174051208496,17.7,18.8,0.3687807263183594,6738.25,-0.060921478844849615,7,0.0029541630269422233
2026-03-06,2026-03-13,6350.0,6740.02,394.8,418.6,0.4121839177703856,18.7,19.4,0.3652788692474364,6737.65,-0.05925638653352313,7,0.002898040203001805
2026-03-06,2026-03-13,6375.0,6740.02,371.9,395.6,0.4028303736114502,20.7,21.5,0.3590609748840331,6737.65,-0.05532710839363362,7,0.0027831157454697684
2026-03-06,2026-03-13,6400.0,6740.02,350.6,372.9,0.3939498471832275,22.9,23.8,0.3526370889282226,6738.4,-0.051524517653390646,7,0.002672427652195875
2026-03-06,2026-03-13,6430.0,6740.02,322.6,346.0,0.3834824225616455,25.8,27.0,0.345335831375122,6737.9,-0.04677376542553246,7,0.0025467344732192265
2026-03-06,2026-03-13,6440.0,6740.02,314.0,337.1,0.3799424188995361,27.0,28.1,0.3426197940826415,6738.0,-0.04523460486809894,7,0.0025032007269917213
2026-03-06,2026-03-13,6450.0,6740.02,305.3,325.0,0.3635317553710938,28.3,29.3,0.3401250070190429,6736.35,-0.04343810440244278,7,0.0023739245717819073
2026-03-06,2026-03-13,6470.0,6740.02,287.7,310.9,0.3702150381469726,30.7,31.9,0.3352956485748291,6738.0,-0.0405870364715519,7,0.0023864502079114234
2026-03-06,2026-03-13,6490.0,6740.02,270.8,290.2,0.3509510095977782,33.5,34.7,0.3303137037658691,6736.4,-0.03726312688376355,7,0.002225240594329567
2026-03-06,2026-03-13,6500.0,6740.02,262.4,281.6,0.3476780320739746,35.1,36.2,0.3278418046569823,6736.35,-0.03571605830853243,7,0.002187869416930912
2026-03-06,2026-03-13,6520.0,6740.02,251.4,259.2,0.3220587814331054,38.1,39.4,0.3228980064392089,6736.55,-0.032673548499570326,7,0.001994373155861654
2026-03-06,2026-03-13,6530.0,6740.02,237.5,256.6,0.3393697045135497,39.8,41.1,0.3203994047164916,6736.6,-0.03114840331906961,7,0.0020870321523694625
2026-03-06,2026-03-13,6550.0,6740.02,222.0,240.0,0.3328924133300781,43.5,44.7,0.3153068347930907,6736.9,-0.028134828819090046,7,0.002014476614295951
2026-03-06,2026-03-13,6560.0,6740.02,219.0,225.7,0.3096001047515869,45.4,46.6,0.3126899786376953,6736.35,-0.026527632254126184,7,0.0018566538597208756
2026-03-06,2026-03-13,6570.0,6740.02,210.9,217.7,0.3070976883697509,47.3,48.6,0.3101341570281982,6736.35,-0.02500440271360475,7,0.0018265931895982905
2026-03-06,2026-03-13,6575.0,6740.02,206.8,213.8,0.3060601010894775,48.5,49.7,0.3090660524749755,6736.2,-0.024221389646823476,7,0.001814151570954105
2026-03-06,2026-03-13,6580.0,6740.02,203.0,209.8,0.3046334185791015,49.4,50.7,0.3076088526916503,6736.35,-0.023483489872897986,7,0.0017971809528187549
2026-03-06,2026-03-13,6585.0,6740.02,195.8,211.7,0.3216620568847655,50.5,51.8,0.3063996057510376,6737.6,-0.022909443230281996,7,0.001891253537335579
2026-03-06,2026-03-13,6590.0,6740.02,195.2,201.6,0.3009331992340088,51.6,52.9,0.3051140656280517,6736.15,-0.02193519658622349,7,0.0017609952128270492
2026-03-06,2026-03-13,6595.0,6740.02,188.0,203.6,0.3178473977661132,52.8,54.0,0.3037560469818114,6737.4,-0.02136230765513297,7,0.00185255883401192
2026-03-06,2026-03-13,6600.0,6740.02,188.7,193.5,0.297286385116577,53.9,55.2,0.3026307225418091,6736.55,-0.020478275405751988,7,0.0017255505153619354
2026-03-06,2026-03-13,6605.0,6740.02,186.5,187.9,0.2906031023406982,55.1,56.4,0.3014291049194336,6736.45,-0.019706141960020393,7,0.0016804896856391274
2026-03-06,2026-03-13,6615.0,6740.02,178.9,180.3,0.2881388325500487,57.5,58.8,0.2987893608093261,6736.45,-0.018193282367390123,7,0.0016516389925484232
2026-03-06,2026-03-13,6620.0,6740.02,175.2,176.6,0.2870898012924194,58.7,60.1,0.2976564070510863,6736.5,-0.017445132264848548,7,0.0016393814364416073
2026-03-06,2026-03-13,6625.0,6740.02,171.4,172.8,0.2856593041229247,60.0,61.3,0.2961419873809814,6736.45,-0.016682708062023203,7,0.0016229104106638987
2026-03-06,2026-03-13,6630.0,6740.02,167.7,169.1,0.284438613204956,61.3,62.6,0.2948450032806395,6736.45,-0.01592827573653796,7,0.0016088949029454884
2026-03-06,2026-03-13,6635.0,6740.02,164.1,165.5,0.2834315431976317,62.6,64.0,0.2937616400909423,6736.5,-0.015181834429594546,7,0.0015973039697558776
2026-03-06,2026-03-13,6640.0,6740.02,160.4,161.8,0.2820430072784423,63.9,65.3,0.292304440307617,6736.5,-0.014428538725422888,7,0.0015815924204385943
2026-03-06,2026-03-13,6645.0,6740.02,156.8,158.2,0.2808604629516601,65.3,66.7,0.2910532321166991,6736.5,-0.013675810048556714,7,0.001568217070032335
2026-03-06,2026-03-13,6650.0,6740.02,153.2,154.6,0.2795901814651489,66.7,68.1,0.2897181014251708,6736.5,-0.01292364754600259,7,0.001553961264912788
2026-03-06,2026-03-13,6655.0,6740.02,149.6,151.0,0.2782359774780273,68.1,69.5,0.2882990482330322,6736.5,-0.012172050366690402,7,0.001538858594179463
2026-03-06,2026-03-13,6670.0,6740.02,139.1,140.5,0.2744747235870362,72.6,74.0,0.2843699493408202,6736.5,-0.009920642286232993,7,0.001497364095355411
2026-03-06,2026-03-13,6675.0,6740.02,135.6,137.0,0.2730404117584228,74.1,75.5,0.2828860469436645,6736.5,-0.00917129792745211,7,0.0014817668441063736
2026-03-06,2026-03-13,6680.0,6740.02,132.2,133.6,0.2717968328857422,75.7,77.1,0.2815890628433227,6736.5,-0.008422514665210974,7,0.0014682545528376828
2026-03-06,2026-03-13,6685.0,6740.02,128.8,130.2,0.2704502582168579,77.3,78.7,0.2802043415832518,6736.5,-0.007674291659858827,7,0.0014537968616213242
2026-03-06,2026-03-13,6690.0,6740.02,125.4,126.8,0.2690121317291259,78.9,80.3,0.2787242538452148,6736.5,-0.0069266280736282404,7,0.001438428792174178
2026-03-06,2026-03-13,6695.0,6740.02,122.0,123.5,0.2677532942199707,80.5,82.0,0.277427269744873,6736.5,-0.0061795230706296,7,0.0014250362542980654
2026-03-06,2026-03-13,6700.0,6740.02,118.8,120.2,0.2663952755737304,82.2,83.7,0.2760311045074463,6736.55,-0.005440398041211455,7,0.001410674414147797
2026-03-06,2026-03-13,6705.0,6740.02,115.5,116.9,0.2649380757904052,83.9,85.4,0.2745433874511719,6736.55,-0.00469440770449005,7,0.0013953984549787066
2026-03-06,2026-03-13,6710.0,6740.02,112.2,113.6,0.2633816948699951,85.7,87.1,0.2729603039169311,6736.5,-0.00394155123017499,7,0.001379204916191292
2026-03-06,2026-03-13,6715.0,6740.02,109.0,110.5,0.26226399974823,87.5,88.9,0.2715488800430297,6736.55,-0.0032040944629309087,7,0.0013662283112447023
2026-03-06,2026-03-13,6720.0,6740.02,105.8,107.3,0.2607724680328369,89.3,90.7,0.2700382750320435,6736.55,-0.002459769903073696,7,0.0013509043251175566
2026-03-06,2026-03-13,6725.0,6740.02,102.7,104.1,0.2591779405212402,91.1,92.6,0.2686955150222778,6736.55,-0.0017159989502290227,7,0.0013359949968987548
2026-03-06,2026-03-13,6730.0,6740.02,99.6,101.0,0.2577436286926269,93.0,94.5,0.2672497592163085,6736.55,-0.0009727807814954553,7,0.001321456439340215
2026-03-06,2026-03-13,6735.0,6740.02,96.5,97.9,0.2562025064086914,94.9,96.4,0.2657010076141357,6736.55,-0.00023011457580453932,7,0.0013059472230449501
2026-03-06,2026-03-13,6740.0,6740.02,93.5,94.9,0.2548215998077393,96.8,98.3,0.2640454455566406,6736.65,0.0004971562026171766,7,0.00129079525709324
2026-03-06,2026-03-13,6745.0,6740.02,90.4,91.8,0.2530592272949219,98.8,100.3,0.2625500991821289,6736.55,0.001253565221587448,7,0.0012746375635964563
2026-03-06,2026-03-13,6750.0,6740.02,87.5,88.9,0.2517240966033935,100.8,102.3,0.2609479423522949,6736.65,0.0019797361628400606,7,0.001260156394992384
2026-03-06,2026-03-13,6755.0,6740.02,84.5,85.9,0.2500036853408813,102.9,104.4,0.259498371887207,6736.55,0.0027350469740302923,7,0.0012446208385188898
2026-03-06,2026-03-13,6760.0,6740.02,81.6,83.0,0.2484358604431152,105.0,106.4,0.2576749648284911,6736.6,0.003467543447463318,7,0.0012281076521916063
2026-03-06,2026-03-13,6765.0,6740.02,78.8,80.1,0.2467421517944336,107.1,108.6,0.2562711702728271,6736.6,0.00420691501534209,7,0.0012131211063287617
2026-03-06,2026-03-13,6770.0,6740.02,75.9,77.3,0.245201029510498,109.2,110.7,0.2544782804870606,6736.65,0.004938318202585198,7,0.00119709307525853
2026-03-06,2026-03-13,6775.0,6740.02,73.2,74.5,0.2435340234756469,111.4,112.9,0.25283797706604,6736.7,0.005669175985064092,7,0.0011812987263371884
2026-03-06,2026-03-13,6780.0,6740.02,70.4,71.7,0.2417411336898803,113.7,115.1,0.2510756045532226,6736.65,0.006414333230705648,7,0.0011644372345534226
2026-03-06,2026-03-13,6785.0,6740.02,67.6,69.0,0.2400893862915039,115.9,117.4,0.249458189086914,6736.65,0.007151524565234068,7,0.0011490395889809687
2026-03-06,2026-03-13,6790.0,6740.02,64.9,66.3,0.2383041258239746,118.2,119.7,0.2477187045288085,6736.65,0.0078881728490063,7,0.0011325529735403503
2026-03-06,2026-03-13,6795.0,6740.02,62.3,63.7,0.2366600077438354,120.6,122.1,0.2461165476989746,6736.65,0.008624278881508511,7,0.0011174742584908028
2026-03-06,2026-03-13,6800.0,6740.02,59.8,61.0,0.2346000918197631,123.0,124.4,0.2441138516616821,6736.7,0.009352421401360684,7,0.0010987460806745851
2026-03-06,2026-03-13,6805.0,6740.02,57.1,58.5,0.2329521590805053,125.4,126.9,0.2425269534683227,6736.65,0.010094867381830967,7,0.001083947058418868
2026-03-06,2026-03-13,6810.0,6740.02,54.5,55.9,0.2308807991790771,127.9,129.3,0.2405242574310302,6736.6,0.010836773554011591,7,0.0010654514327281162
2026-03-06,2026-03-13,6815.0,6740.02,52.1,53.5,0.2292176078033447,130.4,131.8,0.2386550744628906,6736.7,0.011555874367795533,7,0.0010495437860801446
2026-03-06,2026-03-13,6820.0,6740.02,49.6,51.0,0.2271233599472045,132.9,134.4,0.2369308485412598,6736.65,0.012296703133772334,7,0.0010324823006239627
2026-03-06,2026-03-13,6825.0,6740.02,47.5,48.6,0.2251511811828613,135.5,137.0,0.2350540362548828,6736.8,0.013007306337378045,7,0.0010154259555468833
2026-03-06,2026-03-13,6830.0,6740.02,44.9,46.3,0.2233125154876708,138.2,139.6,0.2330246376037598,6736.7,0.01375448280199822,7,0.0009984282061925634
2026-03-06,2026-03-13,6835.0,6740.02,42.6,43.9,0.2210046467208862,140.9,142.3,0.2311249373626709,6736.65,0.014493701454314297,7,0.000980101455907529
2026-03-06,2026-03-13,6840.0,6740.02,40.3,41.7,0.2191163904571533,143.6,145.1,0.2293625648498535,6736.65,0.015224962912860664,7,0.00096433809141976
2026-03-06,2026-03-13,6845.0,6740.02,38.1,39.5,0.217056474533081,146.4,147.8,0.2271348039245605,6736.7,0.01594826795971188,7,0.0009459871527430398
2026-03-06,2026-03-13,6850.0,6740.02,36.2,37.3,0.2148058256530761,147.5,152.3,0.230201789855957,6736.85,0.016656195646643834,7,0.000949467428100855
2026-03-06,2026-03-13,6855.0,6740.02,33.9,35.2,0.2126734312057495,143.7,159.6,0.2417144310760498,6737.9,0.01723000933921725,7,0.0009899166477555918
2026-03-06,2026-03-13,6860.0,6740.02,31.8,33.1,0.2103426744842529,153.5,158.4,0.2271653211975097,6736.5,0.018166939524028477,7,0.0009177347424645975
2026-03-06,2026-03-13,6865.0,6740.02,29.8,31.1,0.2081187282180785,156.3,161.6,0.2258759664154052,6736.5,0.01889553700616889,7,0.0009030546334178601
2026-03-06,2026-03-13,6870.0,6740.02,27.9,29.2,0.2060168510437011,159.3,164.3,0.2228127951431274,6736.75,0.019586493449542264,7,0.0008816877110555094
2026-03-06,2026-03-13,6875.0,6740.02,26.3,27.3,0.2036899089813232,162.5,167.4,0.2208329870605468,6736.85,0.020299186925144843,7,0.0008640670033194757
2026-03-06,2026-03-13,6880.0,6740.02,24.2,25.5,0.2014774066925048,165.6,170.6,0.2189943213653564,6736.75,0.02104103916053643,7,0.0008476543278573617
2026-03-06,2026-03-13,6885.0,6740.02,22.4,23.7,0.19902839553833,168.9,174.2,0.2183153120422363,6736.5,0.021804629966852705,7,0.0008350893094518168
2026-03-06,2026-03-13,6890.0,6740.02,20.8,22.0,0.1966785655212402,172.2,177.5,0.2164537583923339,6736.55,0.022523160587435427,7,0.0008183206982435702
2026-03-06,2026-03-13,6895.0,6740.02,19.2,20.4,0.1944508045959472,168.8,184.7,0.2280198048400878,6738.05,0.02302594568885213,7,0.000855732815658071
2026-03-06,2026-03-13,6900.0,6740.02,17.9,18.7,0.1915592929840087,179.0,183.9,0.2113573738098144,6736.85,0.02392895497572349,7,0.0007783512894943237
2026-03-06,2026-03-13,6905.0,6740.02,16.2,17.3,0.1895680409240723,182.5,187.4,0.2095568547058105,6736.8,0.024660752127609934,7,0.0007637703946444892
2026-03-06,2026-03-13,6910.0,6740.02,14.8,15.9,0.1872945040893555,179.3,195.1,0.2233201448059081,6738.15,0.02518423124425432,7,0.0008083772117888109
2026-03-06,2026-03-13,6915.0,6740.02,13.5,14.5,0.184731053161621,182.9,198.8,0.2222444109344482,6738.15,0.0259075585813973,7,0.0007941117798859428
2026-03-06,2026-03-13,6920.0,6740.02,12.2,13.2,0.1822744126892089,193.5,198.4,0.204788530807495,6736.75,0.026838156844862356,7,0.0007183041476700878
2026-03-06,2026-03-13,6925.0,6740.02,11.2,12.0,0.1799550999450683,197.3,202.2,0.2033160723876952,6736.85,0.027545595445912143,7,0.0007042996854721346
2026-03-06,2026-03-13,6930.0,6740.02,10.2,10.9,0.1777807442474365,201.2,206.1,0.2020496055603027,6736.9,0.028259934735561206,7,0.0006917107277023883
2026-03-06,2026-03-13,6935.0,6740.02,9.2,9.8,0.1752706985473632,200.2,215.9,0.2255173884582519,6736.45,0.02904797383248585,7,0.0007701490649310572
2026-03-06,2026-03-13,6940.0,6740.02,8.2,8.8,0.1729208685302734,200.2,221.8,0.2326736889648437,6737.5,0.029612838283597648,7,0.0007887319284161774
2026-03-06,2026-03-13,6945.0,6740.02,7.3,7.9,0.1707541421508789,202.3,225.9,0.2325745078277587,6738.5,0.0301846279792302,7,0.0007799438351062552
2026-03-06,2026-03-13,6950.0,6740.02,6.5,7.0,0.1682059498596191,217.4,222.3,0.1976398596191406,6736.9,0.031141781110450222,7,0.0006417137631453305
2026-03-06,2026-03-13,6955.0,6740.02,5.8,6.3,0.1665274998474121,210.7,234.5,0.2336883882904052,6738.45,0.03163089722483036,7,0.000767951575223009
2026-03-06,2026-03-13,6960.0,6740.02,5.1,5.7,0.1652152571105957,215.0,238.8,0.234108000793457,6738.5,0.032342126119251455,7,0.0007645297603573605
2026-03-06,2026-03-13,6965.0,6740.02,4.5,5.1,0.1635825830078125,219.4,243.2,0.2348633032989502,6738.5,0.033060259004692075,7,0.0007611738837010081
2026-03-06,2026-03-13,6970.0,6740.02,3.9,4.5,0.161568442993164,223.8,247.6,0.2355346833038329,6738.5,0.03377787654535566,7,0.000756052226304069
2026-03-06,2026-03-13,6975.0,6740.02,3.4,4.0,0.1599968034362793,239.2,244.1,0.1957783059692383,6737.05,0.03471018405539326,7,0.0006068708899366823
2026-03-06,2026-03-13,6980.0,6740.02,3.0,3.5,0.1580284393310547,232.8,256.7,0.238014211730957,6738.5,0.035211568547204225,7,0.0007520195001517702
2026-03-06,2026-03-13,6985.0,6740.02,2.7,3.1,0.156609386138916,237.4,261.3,0.2393874890136718,6738.55,0.03592022446040441,7,0.0007518456684344518
2026-03-06,2026-03-13,6990.0,6740.02,2.25,2.7,0.1548088670349121,242.1,265.9,0.2406997317504882,6738.475,0.03664691805001036,7,0.0007499927136933803
2026-03-06,2026-03-13,6995.0,6740.02,1.9,2.35,0.1531456756591797,248.6,270.6,0.2424392163085937,6737.525,0.037502961314074094,7,0.0007502820871726606
2026-03-06,2026-03-13,7000.0,6740.02,1.65,2.1,0.1523217092895508,262.5,267.3,0.1988300332641601,6736.975,0.03829913793420271,7,0.0005912005644448997
2026-03-06,2026-03-13,7005.0,6740.02,1.4,1.8,0.1504906729125977,256.3,280.1,0.2462920220184326,6738.4,0.038801671769953416,7,0.0007548325677925463
2026-03-06,2026-03-13,7010.0,6740.02,1.2,1.6,0.1497277410888672,261.1,284.9,0.2484129724884033,6738.4,0.039515193027481896,7,0.0007600083525032377
2026-03-06,2026-03-13,7015.0,6740.02,1.0,1.4,0.1486291192626953,265.9,289.8,0.2510145700073242,6738.35,0.040235625722025006,7,0.0007657572250777145
2026-03-06,2026-03-13,7020.0,6740.02,0.85,1.25,0.1481103256225586,270.8,294.6,0.2530744859313965,6738.35,0.04094813020532047,7,0.000771674500788409
2026-03-06,2026-03-13,7025.0,6740.02,0.75,1.1,0.1473168765258789,275.7,299.5,0.2556226782226563,6738.325,0.041663837501366534,7,0.0007784397215524893
2026-03-06,2026-03-13,7030.0,6740.02,0.8,0.95,0.1461877374267577,280.6,304.4,0.2581556118774414,6738.375,0.042367907889983215,7,0.0007838731567710707
2026-03-06,2026-03-13,7035.0,6740.02,0.5,0.85,0.1458825646972656,287.0,309.3,0.2606732868957519,6737.525,0.04320504376298196,7,0.0007924750844189493
2026-03-06,2026-03-13,7040.0,6740.02,0.45,0.75,0.1452722192382812,290.4,314.2,0.2631604446411133,6738.3,0.04380050257922913,7,0.0007998086893598146
2026-03-06,2026-03-13,7050.0,6740.02,0.3,0.6,0.1448449774169922,300.3,324.1,0.268638295135498,6738.25,0.045227369530193184,7,0.000819711586825355
2026-03-06,2026-03-13,7060.0,6740.02,0.2,0.5,0.1452722192382812,310.2,334.0,0.2740551110839844,6738.25,0.04664480421116657,7,0.000843046486086568
2026-03-06,2026-03-13,7070.0,6740.02,0.15,0.45,0.1471032556152343,320.1,343.9,0.2794108924865722,6738.3,0.048052812317759555,7,0.0008721919381623755
2026-03-06,2026-03-13,7075.0,6740.02,0.1,0.4,0.1468591174316406,325.1,348.9,0.2823558093261719,6738.25,0.04876719623531712,7,0.0008832727215493154
2026-03-06,2026-03-13,7080.0,6740.02,0.1,0.4,0.1487511883544922,330.0,353.8,0.2847208979797362,6738.35,0.04945881987322923,7,0.0009008810598744118
2026-03-06,2026-03-13,7090.0,6740.02,0.1,0.35,0.1500329138183594,340.0,363.8,0.2905496971130371,6738.325,0.05087396282559316,7,0.0009306789447848522
2026-03-06,2026-03-13,7100.0,6740.02,0.05,0.35,0.1536949865722656,349.9,373.7,0.2957605214691161,6738.4,0.05227227602825288,7,0.0009685423123021614
2026-03-06,2026-03-13,7110.0,6740.02,0.05,0.15,0.1433191137695312,359.9,383.7,0.3015130274200439,6738.3,0.053694576224427706,7,0.0009487187923610371
2026-03-06,2026-03-13,7120.0,6740.02,0.05,0.3,0.1580894738769531,369.9,393.7,0.3072273867797851,6738.375,0.05508892749129394,7,0.0010381085381370523
2026-03-06,2026-03-13,7125.0,6740.02,0.05,0.3,0.1599205102539062,374.9,398.7,0.3100807518005371,6738.375,0.0557909282221239,7,0.0010591152769379361
2026-03-06,2026-03-13,7140.0,6740.02,0.05,0.3,0.1652915502929687,388.4,407.7,0.276877958831787,6742.125,0.057337619219061296,7,0.0009373952901352
2026-03-06,2026-03-13,7150.0,6740.02,0.05,0.25,0.1654136193847656,399.8,423.6,0.3235693864440916,6738.45,0.05928242855534039,7,0.001146390862962993
2026-03-06,2026-03-13,7170.0,6740.02,0.0,0.25,0.1723715576171875,419.8,443.6,0.3347081910705566,6738.425,0.0620794365198502,7,0.0012328144525373835
2026-03-06,2026-03-13,7175.0,6740.02,0.0,0.25,0.1740805249023437,435.4,440.5,0.2746501979064941,6737.175,0.06296206405084265,7,0.0009654211172245164
2026-03-06,2026-03-13,7200.0,6740.02,0.0,0.25,0.1826253613281249,449.8,473.6,0.351195147781372,6738.425,0.066254807930331,7,0.001366267364124286
2026-03-06,2026-03-13,7210.0,6740.02,0.0,0.25,0.1860432958984375,461.2,483.6,0.3566348516845703,6737.725,0.06774662044309618,7,0.001411984248663612
2026-03-06,2026-03-13,7225.0,6740.02,0.0,0.25,0.1911701977539062,475.4,494.2,0.3325719819641113,6740.325,0.06943909065223731,7,0.001315165134048261
2026-03-06,2026-03-13,7350.0,6740.02,0.0,0.2,0.2275467871093749,599.6,623.4,0.4287776849365234,6738.6,0.08684812500983691,7,0.0020652963618111577
2026-03-06,2026-03-13,7400.0,6740.02,0.0,0.2,0.2434157690429687,516.1,524.2,1.0000000000000004e-05,6879.95,0.0728686157331402,7,0.000284104613177483
2026-03-06,2026-03-13,7425.0,6740.02,0.0,0.15,0.2446364599609375,568.8,587.0,1.0000000000000004e-05,6847.175,0.08101652623763402,7,0.0002869611182191303
2026-03-06,2026-03-13,7500.0,6740.02,0.0,0.15,0.2673413110351562,749.5,773.3,0.5022327609252931,6738.675,0.10703970248100382,7,0.001370683934525953
2026-03-06,2026-03-13,7550.0,6740.02,0.0,0.15,0.282233740234375,799.4,823.2,0.5252580433654785,6738.775,0.11366940559722512,7,0.0015276470928405276
2026-03-06,2026-03-13,7800.0,6740.02,0.0,0.15,0.3549869189453124,1049.2,1073.0,0.6372411764526368,6738.975,0.14621589748756808,7,0.0024167396941260294
2026-03-06,2026-03-13,8000.0,6740.02,0.0,0.1,0.39649041015625,1249.1,1272.9,0.7216977293395996,6739.05,0.17152257624483833,7,0.003014883609372875
2026-03-06,2026-03-13,8200.0,6740.02,0.0,0.1,0.4482477050781249,1448.9,1472.7,0.5456588403320313,6739.25,0.19618551150201294,7,0.0038533754404236702
2026-03-06,2026-03-13,9000.0,6740.02,0.0,0.1,0.6084023535156251,2248.3,2272.1,0.6850617431640625,6739.85,0.2891869078525325,7,0.007098832784502635
2026-03-06,2026-03-16,2800.0,6740.02,3923.0,3946.8,2.345157945709228,0.0,0.4,1.646486142578125,6734.700000000001,-0.8776538482592371,10,0.07427168815621353
2026-03-06,2026-03-16,3400.0,6740.02,3323.6,3347.4,1.885010340576172,0.0,0.5,1.3212924560546877,6735.25,-0.683579497076169,10,0.047830513819918596
2026-03-06,2026-03-16,3600.0,6740.02,3123.8,3147.6,1.7479260650634765,0.0,0.6,1.2348671069335937,6735.4,-0.6264433538764651,10,0.041777993747576535
2026-03-06,2026-03-16,5500.0,6740.02,1229.3,1253.1,0.5006153454589843,3.4,4.7,0.5902750933837893,6737.15,-0.20288889459539536,10,0.009545881804636744
2026-03-06,2026-03-16,6000.0,6740.02,734.6,758.5,0.4961445649719239,8.3,9.9,0.4318141535949707,6737.45,-0.11592204582924538,10,0.005108588034107971
2026-03-06,2026-03-16,6450.0,6740.02,317.9,328.1,0.314437092514038,35.0,36.9,0.3106071747589111,6737.05,-0.04354201284435486,10,0.0026758927126765597
2026-03-06,2026-03-16,6550.0,6740.02,235.3,241.9,0.2837367159271239,51.3,53.4,0.287948099594116,6736.25,-0.028038340618408892,10,0.0022385173171065352
2026-03-06,2026-03-16,6575.0,6740.02,215.0,222.5,0.2792201595306396,56.5,58.6,0.2822032229614257,6736.2,-0.024221389646823476,10,0.0021588781808824105
2026-03-06,2026-03-16,6600.0,6740.02,198.5,200.9,0.2676846303558349,62.1,64.3,0.2763896824645995,6736.5,-0.02047085318138555,10,0.0020275127251440264
2026-03-06,2026-03-16,6620.0,6740.02,183.5,185.9,0.2633359189605713,67.0,69.3,0.2718006475448608,6736.55,-0.01745255448921505,10,0.001961446197337142
2026-03-06,2026-03-16,6625.0,6740.02,179.7,182.2,0.2622144091796875,68.3,70.6,0.2706295471954346,6736.5,-0.01669013034147948,10,0.0019446759030513224
2026-03-06,2026-03-16,6650.0,6740.02,161.6,163.9,0.2561491011810303,75.0,77.5,0.2647893040847778,6736.5,-0.01292364754600259,10,0.0018587453567183792
2026-03-06,2026-03-16,6675.0,6740.02,144.0,146.4,0.2503088580703735,82.5,84.9,0.2585141898345948,6736.5,-0.00917129792745211,10,0.0017732937950637095
2026-03-06,2026-03-16,6680.0,6740.02,140.5,143.0,0.2491644603347778,84.0,86.5,0.2573392748260498,6736.5,-0.008422514665210974,10,0.0017571646146018478
2026-03-06,2026-03-16,6690.0,6740.02,133.7,136.2,0.2466582292938232,87.2,89.7,0.2547720092391968,6736.5,-0.0069266280736282404,10,0.001722138932296448
2026-03-06,2026-03-16,6700.0,6740.02,127.0,129.5,0.2440871490478515,90.4,93.0,0.252147523765564,6736.55,-0.005440398041211455,10,0.0016866359623440926
2026-03-06,2026-03-16,6705.0,6740.02,123.7,126.2,0.2428054235839843,92.2,94.7,0.2508429103469848,6736.5,-0.004686985480123573,10,0.0016691005314576819
2026-03-06,2026-03-16,6710.0,6740.02,120.5,122.9,0.2414435902786255,93.9,96.4,0.2494620037460326,6736.55,-0.003948973454541426,10,0.001650604809895222
2026-03-06,2026-03-16,6720.0,6740.02,114.0,116.5,0.2389411738967895,97.4,99.9,0.2467040052032471,6736.6,-0.002467192072351183,10,0.001615419451939086
2026-03-06,2026-03-16,6725.0,6740.02,110.8,113.3,0.2375717112731933,99.3,101.8,0.2455443488311767,6736.5,-0.0017085767258625969,10,0.0015986378597997895
2026-03-06,2026-03-16,6730.0,6740.02,107.7,110.2,0.2363433910369873,101.1,103.6,0.2440833343887329,6736.6,-0.000980202950772878,10,0.0015808893048169885
2026-03-06,2026-03-16,6740.0,6740.02,101.4,104.0,0.2336426123809814,104.8,107.4,0.241371111755371,6736.6,0.0005045783168063951,10,0.001545466014506073
2026-03-06,2026-03-16,6750.0,6740.02,95.4,97.8,0.2306061437225341,108.8,111.3,0.2385558933258056,6736.55,0.001994580446306523,10,0.0015076234041599154
2026-03-06,2026-03-16,6755.0,6740.02,92.4,94.8,0.2291794612121582,110.8,113.3,0.2371330254745483,6736.55,0.0027350469740302923,10,0.0014893653098626014
2026-03-06,2026-03-16,6760.0,6740.02,89.4,91.8,0.2276612268829345,112.8,115.3,0.2356262351226806,6736.55,0.003474965616740881,10,0.0014701046058329058
2026-03-06,2026-03-16,6765.0,6740.02,86.5,88.9,0.2262803202819824,114.8,117.4,0.2342529578399658,6736.6,0.00420691501534209,10,0.0014526773990256692
2026-03-06,2026-03-16,6770.0,6740.02,83.6,86.1,0.2250291120910644,117.0,119.5,0.2327919433975219,6736.6,0.0049457403167742645,10,0.0014356172523882413
2026-03-06,2026-03-16,6775.0,6740.02,80.7,83.3,0.2236863520812987,119.0,121.6,0.2312393771362305,6736.7,0.005669175985064092,10,0.001417516569206169
2026-03-06,2026-03-16,6780.0,6740.02,77.9,80.3,0.2217942811584472,121.3,123.8,0.2298241386032104,6736.55,0.006429177514172319,10,0.0013969808018357312
2026-03-06,2026-03-16,6790.0,6740.02,72.4,74.8,0.218845549659729,125.7,128.2,0.2266999327850341,6736.65,0.0078881728490063,10,0.00135966285566395
2026-03-06,2026-03-16,6795.0,6740.02,69.7,72.2,0.2175600095367431,127.9,130.5,0.225219845046997,6736.75,0.00860943481839131,10,0.0013428356138712192
2026-03-06,2026-03-16,6800.0,6740.02,67.0,69.5,0.2159464087295532,130.2,132.8,0.2236405761718749,6736.75,0.009344999397345321,10,0.0013235391595529341
2026-03-06,2026-03-16,6805.0,6740.02,64.4,66.7,0.2139894886016845,132.6,135.1,0.2219544968414306,6736.7,0.010087445322728966,10,0.0013016928660549787
2026-03-06,2026-03-16,6810.0,6740.02,61.8,64.1,0.2123873317718505,135.0,137.8,0.2210961985397338,6736.55,0.010844195723289166,10,0.0012870408976122891
2026-03-06,2026-03-16,6815.0,6740.02,59.2,61.6,0.2109034293746948,137.5,140.0,0.2189676187515258,6736.65,0.011563296426897383,10,0.0012656788905283248
2026-03-06,2026-03-16,6820.0,6740.02,56.7,59.0,0.209068578338623,140.0,142.7,0.2179033288574218,6736.5,0.012318969641605313,10,0.0012486644488673144
2026-03-06,2026-03-16,6825.0,6740.02,54.2,56.5,0.2073557963943481,142.5,145.2,0.216255396118164,6736.5,0.013051838857258125,10,0.0012290852220676206
2026-03-06,2026-03-16,6830.0,6740.02,51.8,54.1,0.2057574542236327,145.0,147.5,0.2140123765563965,6736.7,0.01375448280199822,10,0.0012068952796787282
2026-03-06,2026-03-16,6835.0,6740.02,49.4,51.7,0.2040370429611205,147.7,150.4,0.2130930437088012,6736.5,0.014515967962147588,10,0.0011917637616798383
2026-03-06,2026-03-16,6840.0,6740.02,47.1,49.3,0.2021869332885741,150.3,152.8,0.210846209487915,6736.65,0.015224962912860664,10,0.001168468335834408
2026-03-06,2026-03-16,6845.0,6740.02,44.8,47.0,0.2004474487304687,153.0,155.7,0.209694182434082,6736.55,0.015970534302280254,10,0.0011521654631117696
2026-03-06,2026-03-16,6850.0,6740.02,42.6,44.7,0.1985744511032104,155.7,158.2,0.2074320895767211,6736.7,0.016678461493433498,10,0.0011290500758553755
2026-03-06,2026-03-16,6855.0,6740.02,40.3,42.6,0.1970676607513427,158.5,161.0,0.2057803421783447,6736.7,0.01740812223357741,10,0.0011115514620851875
2026-03-06,2026-03-16,6860.0,6740.02,38.2,40.4,0.1951603311920166,160.0,165.8,0.2090838369750976,6736.4,0.018181784138031648,10,0.0011192695034049458
2026-03-06,2026-03-16,6865.0,6740.02,36.1,38.3,0.19336744140625,156.4,172.3,0.2166826379394531,6737.85,0.018695156282124127,10,0.0011516511477494345
2026-03-06,2026-03-16,6870.0,6740.02,34.0,36.2,0.1914219652557373,165.6,171.3,0.2049716344451904,6736.65,0.019601337512659387,10,0.0010762183964647897
2026-03-06,2026-03-16,6875.0,6740.02,32.1,34.2,0.1895832995605469,168.5,174.3,0.2033542189788818,6736.75,0.020314030767919312,10,0.0010575335169583828
2026-03-06,2026-03-16,6880.0,6740.02,30.1,32.2,0.1875767888641357,171.3,178.3,0.204273551826477,6736.35,0.02110041673512848,10,0.0010516896541051318
2026-03-06,2026-03-16,6885.0,6740.02,28.2,30.3,0.1856809032821655,168.4,184.3,0.2105067048263549,6737.9,0.021596828505557594,10,0.0010751001425941817
2026-03-06,2026-03-16,6890.0,6740.02,26.4,28.5,0.1838918281555175,176.9,186.1,0.2053454710388183,6735.95,0.022612230915941098,10,0.0010377101033157594
2026-03-06,2026-03-16,6895.0,6740.02,24.6,26.7,0.1819310933685302,174.8,190.6,0.2074206455993651,6737.95,0.02304078688802133,10,0.0010383203879268774
2026-03-06,2026-03-16,6900.0,6740.02,22.9,25.0,0.1800771690368652,184.4,190.1,0.1952595123291015,6736.7,0.0239512208225134,10,0.0009649152354713505
2026-03-06,2026-03-16,6905.0,6740.02,21.3,23.3,0.1780325117492676,181.4,197.2,0.2046206858062743,6738.0,0.02448264187689422,10,0.001002900476708771
2026-03-06,2026-03-16,6910.0,6740.02,19.7,21.7,0.1760946649169922,184.8,200.6,0.2033008137512206,6738.0,0.02520649279521734,10,0.0009858967755745362
2026-03-06,2026-03-16,6915.0,6740.02,18.2,20.2,0.1742712578582763,188.2,204.1,0.2021335280609131,6738.05,0.025922399560308538,10,0.0009704148141292517
2026-03-06,2026-03-16,6920.0,6740.02,16.7,18.7,0.1722418592071533,191.7,207.6,0.2008250999832153,6738.05,0.026645204073165153,10,0.0009532805208188228
2026-03-06,2026-03-16,6925.0,6740.02,15.3,17.3,0.1703345296478271,195.3,211.1,0.1993717148590087,6738.1,0.02736006600000162,10,0.0009361829262147141
2026-03-06,2026-03-16,6930.0,6740.02,14.0,15.9,0.1681906912231445,200.2,221.2,0.2180406565856933,6734.25,0.02865336811492125,10,0.0010217442056865169
2026-03-06,2026-03-16,6935.0,6740.02,12.7,14.6,0.1661689218902588,200.2,224.2,0.2151872915649414,6736.45,0.02904797383248585,10,0.0009961134352115633
2026-03-06,2026-03-16,6940.0,6740.02,11.6,13.4,0.1642844802856445,202.5,226.3,0.2092974578857421,6738.1,0.02952378844531256,10,0.0009559141406019844
2026-03-06,2026-03-16,6945.0,6740.02,10.4,12.3,0.1625526250457763,206.3,230.2,0.2088396987915038,6738.1,0.030243990132906587,10,0.000944741494556542
2026-03-06,2026-03-16,6950.0,6740.02,9.4,11.2,0.1605690023040771,210.2,234.1,0.2082751292419433,6738.15,0.030956253041376565,10,0.0009318218724379315
2026-03-06,2026-03-16,6960.0,6740.02,7.6,9.0,0.1556938679504394,218.3,242.1,0.2074816801452636,6738.1,0.032401488272927784,10,0.0009034005392781801
2026-03-06,2026-03-16,6965.0,6740.02,6.8,8.4,0.1552284795379639,222.4,246.3,0.2076190078735351,6738.25,0.033097359937784857,10,0.0009017691720605335
2026-03-06,2026-03-16,6970.0,6740.02,6.1,7.6,0.1535576588439941,226.7,250.5,0.2076647837829589,6738.25,0.03381497747844833,10,0.0008937099524478245
2026-03-06,2026-03-16,6975.0,6740.02,5.4,6.9,0.1521462349700928,239.3,250.3,0.1909413182067871,6736.35,0.034814092497305445,10,0.0008062265009924546
2026-03-06,2026-03-16,6980.0,6740.02,4.8,6.2,0.1504677849578858,235.3,259.1,0.2082369826507567,6738.3,0.03524124918355926,10,0.0008812952760628097
2026-03-06,2026-03-16,6990.0,6740.02,3.7,5.1,0.1481255842590332,244.1,267.9,0.209244052658081,6738.4,0.03665804822670195,10,0.000874746968426507
2026-03-06,2026-03-16,6995.0,6740.02,3.2,4.6,0.1469048933410644,248.6,272.4,0.2100298724365234,6738.4,0.03737310009842764,10,0.0008726193631554896
2026-03-06,2026-03-16,7000.0,6740.02,2.85,4.2,0.1461724787902831,253.1,277.0,0.2111513822174071,6738.475,0.03807651085960463,10,0.0008745228879824871
2026-03-06,2026-03-16,7005.0,6740.02,2.45,3.8,0.1452111846923828,257.7,281.6,0.2122347454071045,6738.475,0.03879054159326179,10,0.0008751204996211478
2026-03-06,2026-03-16,7010.0,6740.02,2.15,3.4,0.1440057524108886,262.4,286.2,0.2132647033691406,6738.475,0.03950406285079012,10,0.0008742614970771903
2026-03-06,2026-03-16,7020.0,6740.02,1.6,2.75,0.1421289401245117,271.8,295.6,0.2160188872528076,6738.475,0.04092957984201121,10,0.0008785607277746173
2026-03-06,2026-03-16,7025.0,6740.02,1.35,2.5,0.1415796292114258,276.5,300.4,0.2177736304473876,6738.475,0.04164157702410085,10,0.0008844846933384557
2026-03-06,2026-03-16,7030.0,6740.02,1.15,2.3,0.1413812669372559,281.3,305.2,0.2194978563690185,6738.475,0.04235306762686485,10,0.0008920119290294874
2026-03-06,2026-03-16,7040.0,6740.02,0.8,1.9,0.1404810073852539,291.0,314.8,0.2228700150299072,6738.45,0.043778242019375205,10,0.0009042737362338554
2026-03-06,2026-03-16,7050.0,6740.02,0.55,1.65,0.1408777319335937,300.7,324.5,0.2265931223297118,6738.5,0.045190268597100416,10,0.0009248960872123528
2026-03-06,2026-03-16,7070.0,6740.02,0.25,1.3,0.1427087683105468,320.4,344.2,0.2352066226196288,6738.475,0.048026841712772765,10,0.0009782194705610097
2026-03-06,2026-03-16,7075.0,6740.02,0.2,1.25,0.1436242864990234,325.3,349.1,0.2372055039978027,6738.525,0.04872638528462048,10,0.0009933652693825783
2026-03-06,2026-03-16,7080.0,6740.02,0.15,1.15,0.143563251953125,330.3,354.1,0.2396621444702147,6738.45,0.0494439795550526,10,0.0010059020853686702
2026-03-06,2026-03-16,7100.0,6740.02,0.05,0.95,0.1463708410644531,350.1,373.9,0.2484511190795898,6738.5,0.05225743582019293,10,0.001067701234328659
2026-03-06,2026-03-16,7150.0,6740.02,0.1,0.7,0.1565025756835937,399.9,423.7,0.2712627806091308,6738.6,0.05926016849100778,10,0.0012533095893441201
2026-03-06,2026-03-16,7200.0,6740.02,0.1,0.65,0.1707846594238281,449.8,473.6,0.2938608212280272,6738.675,0.06621770796074865,10,0.0014787357718506412
2026-03-06,2026-03-16,7225.0,6740.02,0.05,0.6,0.176766044921875,474.8,498.6,0.3051979881286621,6738.625,0.06969133582103958,10,0.001591022802426981
2026-03-06,2026-03-16,7400.0,6740.02,0.0,0.5,0.2243119561767577,649.5,673.4,0.3798737550354004,6738.8,0.09359813268021208,10,0.002500276531732474
2026-03-06,2026-03-16,7500.0,6740.02,0.0,0.5,0.2525709509277344,749.4,773.2,0.4195462098693848,6738.95,0.10699889410415132,10,0.001747728363083288
2026-03-06,2026-03-17,4000.0,6740.02,2724.7,2748.5,1.4356412495422364,0.15,1.05,1.0532273901367186,6736.0,-0.521171915820135,11,0.03343059531144176
2026-03-06,2026-03-17,5500.0,6740.02,1230.5,1254.3,0.5216112292480468,4.2,5.6,0.5793193923950196,6737.5,-0.2029408439966903,11,0.010114302856039129
2026-03-06,2026-03-17,6570.0,6740.02,225.8,232.8,0.2832713275146483,61.2,63.4,0.2848582257080078,6737.0,-0.025100889482003653,11,0.0024318377271881656
2026-03-06,2026-03-17,6580.0,6740.02,218.1,224.7,0.2801967122650145,63.3,65.6,0.2824931370544433,6736.95,-0.023572554912702118,11,0.0023854921450676
2026-03-06,2026-03-17,6600.0,6740.02,204.9,207.4,0.2708698707199096,67.9,70.3,0.2778850288391113,6737.05,-0.020552494619656178,11,0.0022688022860892754
2026-03-06,2026-03-17,6625.0,6740.02,186.2,188.7,0.2651402527236938,74.3,76.7,0.2721744841384887,6736.95,-0.016756928377642054,11,0.002175190678727425
2026-03-06,2026-03-17,6650.0,6740.02,168.1,170.6,0.2593801174545289,81.0,83.5,0.2660023656845092,6737.1,-0.013012710602705682,11,0.0020796536229333966
2026-03-06,2026-03-17,6700.0,6740.02,133.5,136.0,0.2468413329315185,96.4,99.0,0.2534368785476685,6737.05,-0.005514617255115626,11,0.0018856583408828468
2026-03-06,2026-03-17,6710.0,6740.02,126.9,129.4,0.244247364730835,99.8,102.3,0.2505949575042724,6737.1,-0.0040306142868779555,11,0.0018449028511132687
2026-03-06,2026-03-17,6725.0,6740.02,117.1,119.7,0.2402648606109619,105.0,107.6,0.2465781214523315,6737.1,-0.001797639782565559,11,0.0017857376582377273
2026-03-06,2026-03-17,6730.0,6740.02,113.9,116.5,0.2388610660552978,106.8,109.4,0.2451705122375488,6737.1,-0.0010544216138319198,11,0.0017651727785145924
2026-03-06,2026-03-17,6750.0,6740.02,101.5,104.0,0.2331543360137939,114.4,117.0,0.239669773788452,6737.05,0.0019203612324023614,11,0.001684376045830924
2026-03-06,2026-03-17,6770.0,6740.02,89.5,92.2,0.2276841148376464,122.4,125.0,0.2337951987457275,6737.15,0.004864100090362979,11,0.0016045169352871243
2026-03-06,2026-03-17,6775.0,6740.02,86.6,89.3,0.2262154710769653,124.4,127.1,0.2323379989624023,6737.2,0.00559495842367083,11,0.0015842357080387652
2026-03-06,2026-03-17,6780.0,6740.02,83.8,86.4,0.2246629048156738,126.6,129.2,0.2308006913375854,6737.2,0.006332693610210407,11,0.0015629575079653777
2026-03-06,2026-03-17,6790.0,6740.02,78.1,80.6,0.2212869314956665,130.9,133.5,0.2276764855194091,6737.15,0.007813954736784156,11,0.0015186641424632735
2026-03-06,2026-03-17,6800.0,6740.02,72.6,75.1,0.2181932429504394,135.4,138.0,0.2246323875427245,6737.15,0.009285625348240322,11,0.001477424609067363
2026-03-06,2026-03-17,6805.0,6740.02,70.0,72.4,0.2166101594161987,137.7,140.3,0.2230836359405517,6737.2,0.010013227761335468,11,0.0014566006646763445
2026-03-06,2026-03-17,6810.0,6740.02,67.3,69.7,0.2149317094039917,140.0,142.9,0.2220994538879394,6737.05,0.010769976509385059,11,0.001439012749706359
2026-03-06,2026-03-17,6820.0,6740.02,62.1,64.5,0.211712137107849,144.8,147.4,0.218296238746643,6737.2,0.012215063513276947,11,0.0013931364632569856
2026-03-06,2026-03-17,6825.0,6740.02,59.6,62.1,0.210396079711914,147.3,149.9,0.2168008923721313,6737.25,0.012940511275734732,11,0.0013749793031065357
2026-03-06,2026-03-17,6830.0,6740.02,57.1,59.5,0.2085230820846557,149.8,152.6,0.2156564946365356,6737.1,0.013695108312230348,11,0.0013556242783431915
2026-03-06,2026-03-17,6835.0,6740.02,54.6,57.0,0.2067645242309569,152.3,154.9,0.2134973975753784,6737.2,0.01441206183381902,11,0.0013306992548793813
2026-03-06,2026-03-17,6840.0,6740.02,52.2,54.6,0.2051204061508178,154.9,157.5,0.2119143140411376,6737.2,0.015143323292365205,11,0.0013103407782886357
2026-03-06,2026-03-17,6845.0,6740.02,49.9,52.2,0.2033618482971191,157.5,160.1,0.210220605392456,6737.25,0.015866628945123543,11,0.0012887362369854692
2026-03-06,2026-03-17,6850.0,6740.02,47.6,49.9,0.2017139155578613,160.2,162.8,0.2086451511764525,6737.25,0.016596822478845315,11,0.001268726164494265
2026-03-06,2026-03-17,6855.0,6740.02,45.3,47.6,0.1999477283859252,162.9,165.5,0.2069552571868896,6737.25,0.017326483218989167,11,0.0012474455043484751
2026-03-06,2026-03-17,6860.0,6740.02,43.1,45.4,0.1982921663284301,165.7,168.6,0.2061007735443114,6737.1,0.018077876467325546,11,0.0012321028411014425
2026-03-06,2026-03-17,6865.0,6740.02,40.9,43.2,0.1965107205200195,160.7,176.6,0.2169420347595214,6738.4,0.018613531200917532,11,0.0012879280748840296
2026-03-06,2026-03-17,6870.0,6740.02,38.8,41.0,0.1945881323242187,169.4,176.3,0.2077563356018066,6737.05,0.019541962582221965,11,0.0012196519038201647
2026-03-06,2026-03-17,6875.0,6740.02,36.7,38.9,0.1927799839019775,171.7,179.3,0.2063792436599731,6737.3,0.020232392359228992,11,0.0012004171085112218
2026-03-06,2026-03-17,6880.0,6740.02,34.7,36.9,0.1910824605941772,174.7,182.4,0.2051318501281738,6737.25,0.020966822149963617,11,0.0011827695755020995
2026-03-06,2026-03-17,6885.0,6740.02,32.7,34.9,0.1892399802398681,172.5,188.3,0.2108385801696777,6738.4,0.021522624161601226,11,0.0012059530133514526
2026-03-06,2026-03-17,6890.0,6740.02,30.8,33.0,0.187508125,175.5,191.4,0.2094576735687255,6738.45,0.022241156874991407,11,0.0011872604777851817
2026-03-06,2026-03-17,6895.0,6740.02,29.0,31.1,0.1856236833953857,178.6,194.5,0.2079508832168579,6738.5,0.022959163018188174,11,0.0011670618728247734
2026-03-06,2026-03-17,6900.0,6740.02,27.2,29.3,0.183853681564331,187.9,194.5,0.1981128773498535,6737.05,0.023899267951177767,11,0.0010992349132987501
2026-03-06,2026-03-17,6905.0,6740.02,25.4,27.5,0.1819158347320556,185.0,200.9,0.2050860742187499,6738.5,0.024408438634178454,11,0.0011284077074296187
2026-03-06,2026-03-17,6910.0,6740.02,23.7,25.8,0.1800886130142212,188.3,204.1,0.2034534001159668,6738.55,0.025124869531057793,11,0.0011083213932846097
2026-03-06,2026-03-17,6915.0,6740.02,22.0,24.2,0.1783834603881836,191.6,207.5,0.2022403385162353,6738.55,0.025848196868200796,11,0.0010915200268607852
2026-03-06,2026-03-17,6920.0,6740.02,20.5,22.6,0.1764990187835693,195.0,210.9,0.2008975785064697,6738.6,0.02656358141466987,11,0.0010730891151418485
2026-03-06,2026-03-17,6925.0,6740.02,19.0,21.0,0.1744162149047852,200.2,215.8,0.2036975382995605,6737.0,0.02752333009487945,11,0.0010771713109486614
2026-03-06,2026-03-17,6930.0,6740.02,17.5,19.6,0.1727759114837646,200.2,224.2,0.2163240599822997,6736.35,0.02834157799168798,11,0.0011406757984546662
2026-03-06,2026-03-17,6935.0,6740.02,16.1,18.2,0.1709448751068115,201.6,225.4,0.2086489658355712,6738.65,0.028721445640554427,11,0.001085620770476233
2026-03-06,2026-03-17,6940.0,6740.02,14.8,16.8,0.1689002178192139,205.3,229.1,0.2078822193527221,6738.6,0.029449586303804686,11,0.0010695993524475777
2026-03-06,2026-03-17,6945.0,6740.02,13.6,15.6,0.1673438368988037,209.0,232.8,0.2070010330963134,6738.7,0.03015494822378924,11,0.0010558047250741592
2026-03-06,2026-03-17,6950.0,6740.02,12.4,14.3,0.1652152571105957,212.8,236.6,0.2063067651367187,6738.65,0.030882051450460454,11,0.0010399416049055301
2026-03-06,2026-03-17,6955.0,6740.02,11.3,13.2,0.1635978416442871,216.6,240.4,0.2055056867218017,6738.75,0.03158637759166486,11,0.0010264462747775734
2026-03-06,2026-03-17,6960.0,6740.02,10.2,12.1,0.1617668052673339,220.5,244.4,0.2052234019470214,6738.7,0.03231244636381042,11,0.0010147259822627327
2026-03-06,2026-03-17,6970.0,6740.02,8.3,10.1,0.1581962843322754,228.6,252.4,0.204361288986206,6738.7,0.033748196789914656,11,0.0009903615984085245
2026-03-06,2026-03-17,6975.0,6740.02,7.4,9.2,0.1564873170471191,232.7,256.5,0.2041095214843749,6738.7,0.03446529972491146,11,0.0009796786846219124
2026-03-06,2026-03-17,6980.0,6740.02,6.7,8.4,0.1549995999908447,236.8,260.7,0.2041095214843749,6738.8,0.035167049244369156,11,0.000971611624927222
2026-03-06,2026-03-17,6990.0,6740.02,5.3,7.0,0.1523369679260254,245.4,269.2,0.2042010733032226,6738.85,0.03659126902468849,11,0.0009577487145749856
2026-03-06,2026-03-17,7000.0,6740.02,4.2,5.7,0.1492394647216797,254.1,278.0,0.2050708155822753,6738.9,0.03801344219821623,11,0.0009458174808354375
2026-03-06,2026-03-17,7025.0,6740.02,2.15,3.5,0.1440362696838378,276.9,300.8,0.2092593112945556,6738.975,0.041567379011831516,11,0.000940407837621552
2026-03-06,2026-03-17,7040.0,6740.02,1.4,2.65,0.1421289401245117,291.1,314.9,0.2129290133666992,6739.025,0.0436929144635312,11,0.0009498134614459149
2026-03-06,2026-03-17,7050.0,6740.02,1.0,2.25,0.1416254051208496,300.7,324.5,0.2160570338439941,6739.025,0.04511236111775748,11,0.0009639068483439935
2026-03-06,2026-03-17,7100.0,6740.02,0.1,1.25,0.1453027365112305,349.7,373.5,0.2350311483001708,6739.075,0.05217210889745665,11,0.0010898578789678458
2026-03-06,2026-03-17,7600.0,6740.02,0.0,0.5,0.2669751037597656,848.8,872.6,0.4335231208801269,6739.55,0.12015509017562516,11,0.0021480349761723657
2026-03-06,2026-03-17,7800.0,6740.02,0.0,0.45,0.3142158422851562,1048.5,1072.3,0.5028278477478028,6739.825,0.14608977350010247,11,0.0029754727423908817
2026-03-06,2026-03-18,5500.0,6740.02,1232.3,1256.1,0.5410202148437502,5.4,6.9,0.5750469741821288,6738.049999999999,-0.20302247331798776,12,0.010871639096417156
2026-03-06,2026-03-18,6375.0,6740.02,389.1,413.0,0.3635622726440429,36.4,38.5,0.3341398068618774,6738.6,-0.055468097170418534,12,0.004000998836275771
2026-03-06,2026-03-18,6475.0,6740.02,302.9,326.8,0.3363103479003906,50.0,52.4,0.3115608395385741,6738.65,-0.03991100054063901,12,0.0034498937713444444
2026-03-06,2026-03-18,6500.0,6740.02,282.2,306.0,0.3295698452377318,54.4,56.6,0.3057244110870362,6738.6,-0.036050011313317,12,0.0033172503461855337
2026-03-06,2026-03-18,6620.0,6740.02,197.9,200.5,0.2729603039169311,80.3,82.8,0.2781329816818236,6737.65,-0.017615829489206546,12,0.0024961956939618954
2026-03-06,2026-03-18,6650.0,6740.02,176.1,178.7,0.2657773007965088,88.5,91.0,0.2708012068557739,6737.65,-0.013094344770360679,12,0.002366436944172746
2026-03-06,2026-03-18,6680.0,6740.02,155.1,157.8,0.2585904830169677,97.2,100.0,0.2632939577102661,6737.85,-0.00862289538925596,12,0.0022386030367658434
2026-03-06,2026-03-18,6700.0,6740.02,141.5,144.2,0.2533567707061768,103.8,106.5,0.2582166464233398,6737.7,-0.005611093998729251,12,0.002151019406412907
2026-03-06,2026-03-18,6710.0,6740.02,134.9,137.6,0.2507933197784423,107.1,109.8,0.255428130607605,6737.8,-0.004134511161901857,12,0.0021062478643640004
2026-03-06,2026-03-18,6720.0,6740.02,128.4,131.0,0.2479857306671142,110.6,113.3,0.2528074597930908,6737.75,-0.0026378867630474983,12,0.0020613190652984475
2026-03-06,2026-03-18,6750.0,6740.02,109.4,112.0,0.2396354418563842,121.6,124.3,0.2444419123458862,6737.75,0.001816463586332853,12,0.0019260072727518107
2026-03-06,2026-03-18,6770.0,6740.02,97.3,99.9,0.23384478931427,129.4,132.2,0.2386665184402465,6737.8,0.004767624778691464,12,0.0018350707064867127
2026-03-06,2026-03-18,6775.0,6740.02,94.4,97.1,0.2326736889648437,131.4,134.2,0.2370910642242431,6737.95,0.005483642408520708,12,0.0018137993699079747
2026-03-06,2026-03-18,6780.0,6740.02,91.5,94.2,0.2312241184997558,133.6,136.3,0.2356491230773925,6737.9,0.0062287982772436905,12,0.0017915393728829114
2026-03-06,2026-03-18,6790.0,6740.02,85.8,88.3,0.2278748477935791,137.8,140.6,0.2327385381698608,6737.85,0.007710058632794445,12,0.0017438193807838755
2026-03-06,2026-03-18,6800.0,6740.02,80.2,82.7,0.2248231204986572,142.2,144.9,0.2295113365554809,6737.9,0.009174308507000501,12,0.0016966010865754394
2026-03-06,2026-03-18,6810.0,6740.02,74.7,77.4,0.2220613072967528,146.7,149.5,0.2265778636932373,6737.95,0.01063639580417718,12,0.0016543323759993331
2026-03-06,2026-03-18,6820.0,6740.02,69.4,71.9,0.2185289329528808,151.4,154.4,0.2239419342422485,6737.75,0.012133430557265111,12,0.0016091545341074772
2026-03-06,2026-03-18,6825.0,6740.02,66.8,69.5,0.2173692765808105,153.9,156.5,0.2217446905899047,6737.95,0.012836616713779484,12,0.0015848307629951009
2026-03-06,2026-03-18,6830.0,6740.02,64.3,66.8,0.2154772056579589,156.3,159.0,0.2203103787612915,6737.9,0.013576369907638289,12,0.0015609108389093033
2026-03-06,2026-03-18,6840.0,6740.02,59.3,61.8,0.2122538187026977,161.3,164.2,0.2175981561279296,6737.8,0.015054269488966762,12,0.001518679892595536
2026-03-06,2026-03-18,6845.0,6740.02,56.9,59.3,0.210495260848999,163.8,166.5,0.2154390590667725,6737.95,0.015762734383168244,12,0.0014911236565652937
2026-03-06,2026-03-18,6850.0,6740.02,54.5,56.9,0.2088473281097412,166.4,169.1,0.2138369022369385,6737.95,0.016492927916890058,12,0.0014684544541131365
2026-03-06,2026-03-18,6855.0,6740.02,52.1,54.5,0.2070963995742797,169.1,172.0,0.2128069442749023,6737.75,0.017252271716172083,12,0.0014491957658278713
2026-03-06,2026-03-18,6860.0,6740.02,49.8,52.2,0.2054599108123779,171.8,174.4,0.2105486660766601,6737.9,0.01795913806273334,12,0.0014224367346184327
2026-03-06,2026-03-18,6865.0,6740.02,47.6,49.9,0.2037127969360351,174.5,177.4,0.2095415960693359,6737.8,0.018702577074442138,12,0.0014036646027800353
2026-03-06,2026-03-18,6870.0,6740.02,45.4,47.7,0.2020801228332519,177.3,179.9,0.2072833178710937,6737.95,0.019408381877014085,12,0.0013773569308380843
2026-03-06,2026-03-18,6875.0,6740.02,43.2,45.5,0.2003291942977905,178.8,185.2,0.2114222230148315,6737.35,0.020224971016188593,12,0.001393473120484545
2026-03-06,2026-03-18,6880.0,6740.02,41.1,43.4,0.1986927055358886,181.0,188.1,0.2099268766403197,6737.7,0.020900031549602655,12,0.0013723558597632248
2026-03-06,2026-03-18,6890.0,6740.02,38.0,39.3,0.1952938442611694,186.9,194.1,0.2070849555969238,6738.15,0.02228567849024288,12,0.0013307564266458033
2026-03-06,2026-03-18,6895.0,6740.02,35.0,37.3,0.1935238424301147,184.0,199.9,0.2122881506347656,6739.2,0.022855287727800565,12,0.0013535619757421133
2026-03-06,2026-03-18,6900.0,6740.02,33.1,35.3,0.1916126982116699,193.4,200.0,0.2035296932983398,6737.5,0.02383247536809824,12,0.0012833219964513683
2026-03-06,2026-03-18,6910.0,6740.02,29.5,31.6,0.1881337290954589,193.4,209.2,0.2078402581024169,6739.25,0.025020995011383926,12,0.0012887293030469876
2026-03-06,2026-03-18,6915.0,6740.02,27.7,29.8,0.1863065073776245,196.6,212.4,0.2063754290008544,6739.25,0.025744322348526916,12,0.0012673898889694665
2026-03-06,2026-03-18,6920.0,6740.02,26.0,28.1,0.1846013547515868,203.9,214.1,0.2008632465744018,6738.05,0.026645204073165153,12,0.0012212297989759177
2026-03-06,2026-03-18,6925.0,6740.02,24.4,26.5,0.1830182712173461,207.7,218.3,0.2017444328308105,6737.45,0.027456537016101776,12,0.0012167863432310903
2026-03-06,2026-03-18,6930.0,6740.02,22.8,24.8,0.1809926872253418,211.3,221.7,0.2004093021392821,6737.3,0.028200562008406,12,0.0011956231026681587
2026-03-06,2026-03-18,6940.0,6740.02,19.8,21.8,0.1775976406097412,209.5,233.4,0.2108843560791015,6739.35,0.029338293414192657,12,0.0012404240691891778
2026-03-06,2026-03-18,6950.0,6740.02,17.0,19.0,0.1741339301300049,216.7,240.6,0.2089617678833007,6739.35,0.030778178472180135,12,0.0012062655931750833
2026-03-06,2026-03-18,6955.0,6740.02,15.7,17.7,0.1724554801177979,220.4,244.3,0.2081187282180785,6739.35,0.03149734427088564,12,0.001190438860688869
2026-03-06,2026-03-18,6960.0,6740.02,14.5,16.5,0.1709296164703369,224.2,248.0,0.2071726927566528,6739.4,0.03220857415621014,12,0.0011750248458310857
2026-03-06,2026-03-18,6970.0,6740.02,12.3,14.2,0.1676795269012451,231.9,255.7,0.2058451913833618,6739.45,0.03363690555175896,12,0.001146745604133657
2026-03-06,2026-03-18,6975.0,6740.02,11.2,13.1,0.1659324130249023,235.8,259.6,0.2051852553558349,6739.45,0.03435400848675579,12,0.0011320136201453822
2026-03-06,2026-03-18,6980.0,6740.02,10.3,12.1,0.1643760321044922,239.8,263.6,0.2047313109207152,6739.5,0.03506317857809375,12,0.0011197827178777654
2026-03-06,2026-03-18,6990.0,6740.02,8.5,10.3,0.1614768911743164,248.0,271.8,0.2041934439849853,6739.5,0.036494818049531655,12,0.001099025704237118
2026-03-06,2026-03-18,7000.0,6740.02,7.0,8.7,0.158638784790039,256.3,280.2,0.2039721937561034,6739.6,0.03790957307322019,12,0.001080712781607049
2026-03-06,2026-03-18,7005.0,6740.02,6.3,8.0,0.1573875765991211,260.6,284.4,0.2037433142089843,6739.65,0.038616184996483435,12,0.0010719083859933346
2026-03-06,2026-03-18,7015.0,6740.02,5.1,6.7,0.1547859790802002,269.3,293.2,0.2044528408050537,6739.65,0.040042718761937456,12,0.0010607057236647931
2026-03-06,2026-03-18,7020.0,6740.02,4.5,6.2,0.1540154179382324,273.8,297.6,0.204712237625122,6739.65,0.04075522324523299,12,0.0010576892947888818
2026-03-06,2026-03-18,7040.0,6740.02,2.85,4.3,0.1496819651794433,292.0,315.8,0.2074435335540771,6739.675,0.04359646599290663,12,0.001048262645306841
2026-03-06,2026-03-18,7100.0,6740.02,0.5,1.75,0.1466149792480468,349.4,373.2,0.2236710934448241,6739.825,0.052060823851826095,12,0.0011269461010710417
2026-03-06,2026-03-19,5500.0,6740.02,1233.6,1257.4,0.5420272848510744,6.6,8.1,0.569065588684082,6738.15,-0.20303731429689897,13,0.011533872260045727
2026-03-06,2026-03-19,6200.0,6740.02,553.0,576.8,0.4137708159637451,25.1,27.1,0.3765626309204102,6738.8,-0.08333257547886612,13,0.005561746879746075
2026-03-06,2026-03-19,6225.0,6740.02,529.7,553.5,0.4059774673843384,26.8,28.8,0.3702379261016846,6738.8,-0.07930842517914066,13,0.005364818069931917
2026-03-06,2026-03-19,6550.0,6740.02,254.9,262.2,0.2962755004501342,69.4,71.9,0.2956918576049804,6737.9,-0.028283254027899937,13,0.003120225745914917
2026-03-06,2026-03-19,6590.0,6740.02,226.4,229.0,0.2820315633010863,78.6,81.0,0.2864832704925536,6737.9,-0.022194955160644642,13,0.0028778893912084448
2026-03-06,2026-03-19,6600.0,6740.02,218.9,221.6,0.2800670138549803,81.0,83.5,0.284251694908142,6738.0,-0.020693495951981302,13,0.0028355636066993216
2026-03-06,2026-03-19,6625.0,6740.02,200.4,203.0,0.2741466629028321,87.3,90.0,0.2784381544113159,6738.05,-0.016920193684127238,13,0.002718869687835229
2026-03-06,2026-03-19,6640.0,6740.02,189.5,192.2,0.2707973921966552,91.4,94.1,0.2748218575668334,6738.1,-0.01466602258505805,13,0.002650756681001465
2026-03-06,2026-03-19,6650.0,6740.02,182.3,185.0,0.2683216784286498,94.3,97.0,0.2725216181182861,6738.0,-0.013146290316598407,13,0.002604554197573177
2026-03-06,2026-03-19,6700.0,6740.02,147.7,150.4,0.2557714499282837,109.6,112.4,0.2598416912078857,6738.05,-0.005663039159492671,13,0.0023672190733287643
2026-03-06,2026-03-19,6710.0,6740.02,141.0,143.9,0.2534559518432617,113.0,115.7,0.2571142099380493,6738.1,-0.0041790350898101665,13,0.0023211401173411804
2026-03-06,2026-03-19,6740.0,6740.02,121.7,124.4,0.245124736328125,123.6,126.3,0.2489546540832519,6738.1,0.00028193885081519236,13,0.0021736217619045288
2026-03-06,2026-03-19,6750.0,6740.02,115.4,118.1,0.2422561126708984,127.2,130.1,0.2462843927001953,6738.1,0.00176451881103791,13,0.0021251600890734024
2026-03-06,2026-03-19,6770.0,6740.02,103.2,105.9,0.2365303093338012,135.0,137.9,0.2405700333404541,6738.1,0.004723100850783158,13,0.002026795603245612
2026-03-06,2026-03-19,6775.0,6740.02,100.3,103.0,0.2352256959152221,137.0,139.9,0.2390746869659423,6738.2,0.005446539823579426,13,0.002003076090147842
2026-03-06,2026-03-19,6780.0,6740.02,97.3,100.1,0.2338562332916259,139.2,141.9,0.2375106767272948,6738.15,0.006191695416980012,13,0.001978375294650828
2026-03-06,2026-03-19,6790.0,6740.02,91.5,94.3,0.2308960578155517,143.4,146.1,0.2345695745468139,6738.15,0.0076655350352805175,13,0.0019291488450934654
2026-03-06,2026-03-19,6800.0,6740.02,85.9,88.5,0.2276421535873413,147.5,150.4,0.2315369205474853,6738.25,0.009122364888076915,13,0.0018773907449336409
2026-03-06,2026-03-19,6810.0,6740.02,80.3,82.9,0.2244759865188598,152.0,154.8,0.2284012707519531,6738.2,0.010599293219235782,13,0.0018262133780758512
2026-03-06,2026-03-19,6820.0,6740.02,74.9,77.6,0.2215997335433959,156.6,159.4,0.2253571727752685,6738.25,0.012059224561386543,13,0.0017787782119023066
2026-03-06,2026-03-19,6825.0,6740.02,72.3,74.9,0.2199365421676635,158.9,162.0,0.224331029472351,6738.15,0.012806934535699225,13,0.0017574368340697948
2026-03-06,2026-03-19,6830.0,6740.02,69.7,72.4,0.2186014114761352,161.4,164.1,0.2221948203659057,6738.3,0.013517005991976907,13,0.0017300802288218147
2026-03-06,2026-03-19,6835.0,6740.02,67.1,69.7,0.2167627457809448,163.7,166.5,0.2205850342178344,6738.3,0.014248802585190961,13,0.0017031164717179364
2026-03-06,2026-03-19,6840.0,6740.02,64.6,67.1,0.2150423345184326,166.2,169.2,0.2195169296646118,6738.15,0.01500232509913481,13,0.0016814676733801486
2026-03-06,2026-03-19,6850.0,6740.02,59.6,62.1,0.2117388397216796,171.2,174.0,0.2158586715698242,6738.25,0.016448404980149822,13,0.0016280241175444796
2026-03-06,2026-03-19,6855.0,6740.02,57.2,59.7,0.2101557561874389,173.8,176.8,0.2147371617889404,6738.15,0.017192906478953572,13,0.001607494447057718
2026-03-06,2026-03-19,6860.0,6740.02,54.8,57.3,0.2084773061752318,176.4,179.4,0.2131006730270385,6738.15,0.01792203520246969,13,0.001582509522690074
2026-03-06,2026-03-19,6865.0,6740.02,52.5,55.0,0.2069132959365844,179.1,181.8,0.2109301319885254,6738.3,0.018628371629212527,13,0.0015545963653306048
2026-03-06,2026-03-19,6870.0,6740.02,50.2,52.7,0.205250104560852,181.8,184.5,0.2093050872039794,6738.3,0.019356438643535995,13,0.0015302247200337598
2026-03-06,2026-03-19,6875.0,6740.02,48.0,50.4,0.2034762880706787,184.5,187.5,0.208244611968994,6738.2,0.020098816610449814,13,0.0015093721190980929
2026-03-06,2026-03-19,6880.0,6740.02,45.8,48.2,0.2018207260131835,185.6,192.7,0.2120058658599853,6737.85,0.02087776900744202,13,0.0015248505656422662
2026-03-06,2026-03-19,6885.0,6740.02,43.6,46.0,0.2000507241821288,182.4,198.3,0.2166368620300293,6739.45,0.021366812959944612,13,0.0015460075880432127
2026-03-06,2026-03-19,6890.0,6740.02,41.5,43.9,0.1983951621246338,191.3,198.5,0.2090609490203857,6737.8,0.022337622880074844,13,0.001478264570289378
2026-03-06,2026-03-19,6900.0,6740.02,37.4,39.8,0.1949657835769653,197.3,204.6,0.2063983169555663,6737.65,0.023810212165090203,13,0.0014343909832546203
2026-03-06,2026-03-19,6910.0,6740.02,33.5,35.9,0.191513517074585,197.2,213.1,0.2090418757247924,6739.55,0.02497648066291838,13,0.0014286165034990588
2026-03-06,2026-03-19,6920.0,6740.02,29.9,32.2,0.1880383626174926,200.2,224.2,0.2177583718109131,6738.85,0.02652648240854786,13,0.0014662485381820918
2026-03-06,2026-03-19,6925.0,6740.02,28.1,30.4,0.1862187702178954,202.8,226.6,0.2145006529235839,6739.55,0.027144894956742084,13,0.0014297868007376157
2026-03-06,2026-03-19,6930.0,6740.02,26.5,28.7,0.1845174322509765,206.0,229.9,0.2133028499603271,6739.65,0.027851818409324974,13,0.0014091730823307233
2026-03-06,2026-03-19,6940.0,6740.02,23.2,25.4,0.1809469113159179,212.8,236.6,0.210846209487915,6739.6,0.02930119853661996,13,0.0013667972901504712
2026-03-06,2026-03-19,6950.0,6740.02,20.2,22.4,0.1775976406097412,219.7,243.6,0.2087481469726562,6739.65,0.03073366478421383,13,0.0013290547113524783
2026-03-06,2026-03-19,6975.0,6740.02,13.9,15.9,0.1694113821411133,238.2,262.1,0.2044299528503417,6739.75,0.034309495459268945,13,0.0012444147046072002
2026-03-06,2026-03-19,6980.0,6740.02,12.8,14.8,0.1679236650848388,242.1,265.9,0.2035449519348144,6739.8,0.03501866588083949,13,0.0012286685853400128
2026-03-06,2026-03-19,6990.0,6740.02,10.7,12.7,0.1647574980163574,250.0,273.8,0.2023738515853881,6739.8,0.036450305352277314,13,0.0012001442206747862
2026-03-06,2026-03-19,7000.0,6740.02,8.9,10.9,0.162018572769165,258.2,282.0,0.2017673207855224,6739.8,0.03787989816187177,13,0.0011783714332479248
2026-03-06,2026-03-19,7010.0,6740.02,7.4,9.3,0.1593788286590576,266.5,290.4,0.2014774066925048,6739.9,0.03929261302760174,13,0.0011594684203406359
2026-03-06,2026-03-19,7025.0,6740.02,5.4,7.3,0.155884600906372,279.5,303.3,0.2014774066925048,6739.95,0.04142270872073635,13,0.0011371225056002027
2026-03-06,2026-03-19,7030.0,6740.02,4.9,6.7,0.1546867979431152,283.9,307.7,0.2016910276031494,6740.0,0.042126780898357856,13,0.0011308678144069109
2026-03-06,2026-03-19,7100.0,6740.02,0.8,2.3,0.1474389456176758,349.6,373.4,0.2157747490692138,6740.05,0.05202744075294416,13,0.001174667427469393
2026-03-06,2026-03-19,7800.0,6740.02,0.0,0.5,0.2921213366699218,1047.3,1071.1,0.4533898655700684,6741.05,0.14590803455461523,13,0.003039324327100502
2026-03-06,2026-03-20,400.0,6740.02,6318.4,6342.4,5.565432730712891,0.0,0.4,4.433598208007812,6730.2,-2.8228955927712507,14,0.7539591862484963
2026-03-06,2026-03-20,600.0,6740.02,6325.7,6343.8,10.986514363899234,0.0,0.15,3.5234386914062497,6934.675,-2.4473598126999674,14,0.4761772136147403
2026-03-06,2026-03-20,800.0,6740.02,6029.2,6049.7,7.647156202774049,0.0,0.4,3.3203141992187497,6839.25,-2.1458216278139575,14,0.42285701189444125
2026-03-06,2026-03-20,1000.0,6740.02,5724.1,5738.6,1.0000000000000004e-05,0.0,0.4,2.970705698242188,6731.150000000001,-1.9067460057305006,14,0.3384966927067411
2026-03-06,2026-03-20,1200.0,6740.02,5725.4,5743.2,7.357575265922545,0.0,0.05,2.343754140625,6934.275,-1.7541549493305646,14,0.21069744822946757
2026-03-06,2026-03-20,1400.0,6740.02,5321.6,5345.4,3.3543717312622063,0.0,0.4,2.4492226269531248,6733.3,-1.5705931286105332,14,0.23008679635426937
2026-03-06,2026-03-20,1800.0,6740.02,4922.2,4946.0,2.867922752075195,0.0,0.4,2.064457963867187,6733.900000000001,-1.3193678057116514,14,0.16347346187409623
2026-03-06,2026-03-20,2200.0,6740.02,4762.3,4770.1,5.0494879410743705,0.0,0.45,1.7744151904296874,6965.975,-1.1525802227129214,14,0.12076627329421023
2026-03-06,2026-03-20,2400.0,6740.02,4323.2,4347.0,2.314518373870849,0.0,0.3,1.5917989160156247,6734.950000000001,-1.031841648575896,14,0.09718776177095687
2026-03-06,2026-03-20,2500.0,6740.02,4221.6,4245.6,2.164677439880371,0.0,0.5,1.590822358398437,6733.35,-0.9907820591093557,14,0.09706855031157567
2026-03-06,2026-03-20,2600.0,6740.02,4121.8,4145.8,2.093510625610352,0.0,0.5,1.5302757861328122,6733.55,-0.9515910484117271,14,0.08982031710340152
2026-03-06,2026-03-20,2800.0,6740.02,3923.8,3947.6,2.011845790710449,0.0,0.6,1.4375028125,6735.4,-0.8777577821573713,14,0.07925972795407053
2026-03-06,2026-03-20,2900.0,6740.02,3827.2,3841.7,1.6184101110839846,0.0,0.6,1.382327307128906,6734.15,-0.8424808585206447,14,0.07329206294925901
2026-03-06,2026-03-20,3000.0,6740.02,3724.2,3748.0,1.878418576660156,0.0,0.65,1.3378939355468746,6735.775,-0.8088205851012095,14,0.06865600701047525
2026-03-06,2026-03-20,3100.0,6740.02,3733.9,3753.0,2.9297664695358274,0.0,0.7,1.294437121582031,6843.1,-0.791838733846107,14,0.06426834099784666
2026-03-06,2026-03-20,3200.0,6740.02,3522.9,3546.9,1.7052016693115235,0.0,0.75,1.2514685864257813,6734.525,-0.7440964704722406,14,0.06007241292971947
2026-03-06,2026-03-20,3300.0,6740.02,3384.3,3408.3,1.0000000000000004e-05,0.0,0.9,1.2211953002929683,6695.85,-0.707565463030132,14,0.05720123687782702
2026-03-06,2026-03-20,3400.0,6740.02,3323.3,3347.3,1.5900289053344725,0.0,0.8,1.1611370068359377,6734.9,-0.6835275303200337,14,0.05171328241373942
2026-03-06,2026-03-20,3500.0,6740.02,3225.3,3249.1,1.5774557260131834,0.05,1.1,1.1508831518554683,6736.625,-0.654796089176022,14,0.05080396824423802
2026-03-06,2026-03-20,3550.0,6740.02,3346.5,3361.1,2.8398313916397093,0.1,1.05,1.127445769042969,6903.225,-0.665041090226944,14,0.048755823205097214
2026-03-06,2026-03-20,3700.0,6740.02,3025.8,3049.6,1.4678371334838864,0.25,1.25,1.085697930908203,6736.95,-0.5992744805997493,14,0.04521194509725191
2026-03-06,2026-03-20,3800.0,6740.02,3168.0,3175.7,2.9103649677467347,0.35,1.25,1.0468797656250002,6971.049999999999,-0.6067647923182831,14,0.042036716195755545
2026-03-06,2026-03-20,3850.0,6740.02,2874.4,2898.4,1.353213683166504,0.4,1.45,1.0393114440917972,6735.475,-0.5593151861729689,14,0.04143111202597939
2026-03-06,2026-03-20,3900.0,6740.02,2826.4,2850.2,1.364413578338623,0.5,1.5,1.02502928894043,6737.3,-0.5466826980578051,14,0.04030024823178118
2026-03-06,2026-03-20,3950.0,6740.02,2995.3,3009.7,2.6766314212226865,0.55,1.6,1.0102588549804683,6951.425,-0.5652310956178913,14,0.039147181799808924
2026-03-06,2026-03-20,4000.0,6740.02,2729.8,2744.1,1.1503338381958006,0.7,1.75,1.0015919061279297,6735.725,-0.5211310895710781,14,0.038478380410667715
2026-03-06,2026-03-20,4050.0,6740.02,2683.1,2697.5,0.8491226025390625,0.75,1.75,0.9816896362304688,6739.05,-0.5092020843165498,14,0.03696439338726669
2026-03-06,2026-03-20,4100.0,6740.02,2627.0,2650.8,1.26425538772583,0.85,1.95,0.9714358325195313,6737.5,-0.4967019625248535,14,0.03619623581874194
2026-03-06,2026-03-20,4125.0,6740.02,2556.1,2567.9,1.0000000000000004e-05,0.85,1.9,0.9586185778808592,6685.625,-0.4828936792916139,14,0.03524738106853834
2026-03-06,2026-03-20,4150.0,6740.02,2577.2,2601.0,1.2405738655090328,0.95,2.0,0.9549565051269532,6737.625,-0.4845991546961019,14,0.03497859444816434
2026-03-06,2026-03-20,4200.0,6740.02,2757.6,2778.0,2.502452779521942,1.05,2.15,0.9416509741210936,6966.200000000001,-0.5059853571237615,14,0.03401066246269825
2026-03-06,2026-03-20,4250.0,6740.02,2658.7,2668.8,2.236393569183349,1.1,2.15,0.9216316430664062,6912.125,-0.4863581328926473,14,0.03257991341648759
2026-03-06,2026-03-20,4275.0,6740.02,2450.8,2474.8,1.1522564360046386,1.15,2.2,0.9139412902832031,6736.125,-0.4547007313862489,14,0.03203846999776265
2026-03-06,2026-03-20,4300.0,6740.02,2425.9,2449.9,1.1410565408325195,1.2,2.15,0.903199210205078,6736.225,-0.44888465629548063,14,0.031289762702496095
2026-03-06,2026-03-20,4400.0,6740.02,2326.3,2350.3,1.096470582122803,1.55,2.6,0.8823253955078124,6736.225,-0.425895138070782,14,0.029860201232362323
2026-03-06,2026-03-20,4450.0,6740.02,2270.2,2294.2,0.9391485577392578,1.65,2.75,0.8669446899414062,6730.0,-0.4136710474784876,14,0.028828228317387433
2026-03-06,2026-03-20,4500.0,6740.02,2226.7,2250.7,1.052189797668457,1.85,2.9,0.8535781243896485,6736.325,-0.40343712721837094,14,0.027946133156470425
2026-03-06,2026-03-20,4550.0,6740.02,2176.9,2200.9,1.0301867338562012,1.95,3.1,0.8386246606445311,6736.375,-0.3923947134489704,14,0.026975557534729234
2026-03-06,2026-03-20,4575.0,6740.02,2150.1,2174.1,0.9885255053710936,1.85,3.1,0.8260515441894529,6734.625,-0.38665543029738847,14,0.026172756578654567
2026-03-06,2026-03-20,4600.0,6740.02,2127.1,2151.1,1.0082447048950196,1.95,3.1,0.8176287768554686,6736.575,-0.38149533203460734,14,0.02564174091613802
2026-03-06,2026-03-20,4650.0,6740.02,2260.3,2265.2,1.9009328073501583,2.25,3.4,0.8079242840576171,6909.925,-0.39609156428638864,14,0.025036665980219686
2026-03-06,2026-03-20,4675.0,6740.02,1222.3,1228.4,1.0000000000000004e-05,2.2,3.4,0.7965108239746093,5897.55,-0.2323078476918188,14,0.024334281912114942
2026-03-06,2026-03-20,4700.0,6740.02,2274.3,2282.1,2.095273011341095,2.5,3.6,0.7946797875976561,6975.15,-0.3947913241365231,14,0.02422253015733584
2026-03-06,2026-03-20,4750.0,6740.02,1979.8,2003.6,0.7186307434082031,2.45,3.7,0.7745994219970704,6738.625,-0.34971128013090647,14,0.02301386220223216
2026-03-06,2026-03-20,4775.0,6740.02,1933.5,1943.4,1.0000000000000004e-05,2.55,3.8,0.7673973455810548,6710.275,-0.3402459598176491,14,0.022587894805665438
2026-03-06,2026-03-20,4800.0,6740.02,1930.1,1953.9,0.7128934960937501,2.65,3.8,0.7585473364257813,6738.775,-0.33926223974986297,14,0.022069909212002917
2026-03-06,2026-03-20,4850.0,6740.02,1880.4,1904.2,0.7053252124023439,3.0,4.3,0.7500635345458984,6738.65,-0.3288809031768486,14,0.021578998032813164
2026-03-06,2026-03-20,4875.0,6740.02,1853.6,1877.6,0.5969278588867188,2.95,4.2,0.7376124871826171,6737.025,-0.323498328372354,14,0.020868522020460738
2026-03-06,2026-03-20,4900.0,6740.02,1830.7,1854.5,0.6962920996093751,3.3,4.6,0.7371547280883789,6738.65,-0.31862440300965944,14,0.020842628230144454
2026-03-06,2026-03-20,4925.0,6740.02,1138.0,1142.7,1.0000000000000004e-05,3.0,4.4,0.7202786761474609,6061.65,-0.20765776562417626,14,0.019899230680488614
2026-03-06,2026-03-20,4950.0,6740.02,1000.0,1005.7,1.0000000000000004e-05,3.1,4.6,0.7138090142822267,5949.0,-0.18383556162516965,14,0.01954335979229561
2026-03-06,2026-03-20,4975.0,6740.02,1754.2,1778.2,0.6068764898681642,3.2,4.7,0.7059965924072267,6737.25,-0.30322645918473257,14,0.019117908599640056
2026-03-06,2026-03-20,5000.0,6740.02,1731.4,1755.2,0.6777986322021485,3.5,4.8,0.7005034832763672,6739.15,-0.2984958917775886,14,0.01882156663329461
2026-03-06,2026-03-20,5025.0,6740.02,1704.6,1728.6,0.608951664428711,3.5,4.9,0.6913483013916017,6737.4,-0.2932486398792714,14,0.01833280721566779
2026-03-06,2026-03-20,5050.0,6740.02,922.4,927.9,1.0000000000000004e-05,4.1,5.4,0.6931183032226562,5970.4,-0.1674256835477721,14,0.0184267993196481
2026-03-06,2026-03-20,5075.0,6740.02,1654.9,1678.9,0.6029702789306643,3.7,5.2,0.6763338031005861,6737.45,-0.2833549901294493,14,0.017545161054879545
2026-03-06,2026-03-20,5100.0,6740.02,1635.3,1649.5,0.6114540808105471,3.9,5.4,0.6702913830566408,6737.75,-0.2784855015678256,14,0.017233061739177484
2026-03-06,2026-03-20,5125.0,6740.02,1122.3,1126.6,1.0000000000000004e-05,4.0,5.5,0.6620517193603517,6244.7,-0.1976025789684421,14,0.016811985500032794
2026-03-06,2026-03-20,5150.0,6740.02,1668.9,1692.9,1.2182732567977903,4.6,6.1,0.663333444824219,6825.55,-0.281676209229081,14,0.01687714418167976
2026-03-06,2026-03-20,5175.0,6740.02,1785.7,1790.2,1.656961248893738,4.3,5.8,0.6473118765258788,6957.9,-0.29603836552907853,14,0.01607171867638456
2026-03-06,2026-03-20,5200.0,6740.02,1536.1,1549.4,0.5838054315185546,4.7,6.1,0.6434667001342774,6737.35,-0.2590080469490648,14,0.01588134662614725
2026-03-06,2026-03-20,5225.0,6740.02,1506.1,1530.1,0.5836223278808592,4.6,6.2,0.6331213446044923,6737.7,-0.25426382254477486,14,0.015374786076474533
2026-03-06,2026-03-20,5250.0,6740.02,1483.4,1507.2,0.6203346072387697,4.8,6.4,0.6262854754638674,6739.700000000001,-0.2497873369443101,14,0.015044572479117902
2026-03-06,2026-03-20,5275.0,6740.02,1456.5,1480.5,0.5739788696289063,5.6,7.0,0.6273840972900393,6737.2,-0.2446657289799636,14,0.015097400760148288
2026-03-06,2026-03-20,5300.0,6740.02,1662.6,1670.1,1.5692961293601988,5.7,7.2,0.6192359854125978,6959.9,-0.2724582858689421,14,0.014707794188544536
2026-03-06,2026-03-20,5325.0,6740.02,1409.1,1432.9,0.6012307943725587,6.0,7.4,0.6125221853637697,6739.3,-0.2355433503683908,14,0.014390597221587165
2026-03-06,2026-03-20,5350.0,6740.02,1428.7,1432.6,0.8666089999389649,6.2,7.6,0.6049539016723634,6773.75,-0.23595828699027166,14,0.014037175682412651
2026-03-06,2026-03-20,5375.0,6740.02,1357.5,1381.5,0.5553328158569336,5.8,7.4,0.5902140588378908,6737.9,-0.22598972966133404,14,0.01336147094109195
2026-03-06,2026-03-20,5400.0,6740.02,1338.1,1352.1,0.5559736785888674,6.6,8.1,0.5901835415649416,6737.75,-0.2213270877278769,14,0.013360089255555945
2026-03-06,2026-03-20,5425.0,6740.02,1310.2,1334.0,0.5758099060058592,6.2,8.0,0.5763592169189453,6740.0,-0.21704202549769247,14,0.012741532210914735
2026-03-06,2026-03-20,5450.0,6740.02,1288.7,1301.9,0.5392196957397463,6.4,8.1,0.5679059323120117,6738.05,-0.21215495688126046,14,0.012370520743486173
2026-03-06,2026-03-20,5475.0,6740.02,1260.7,1284.5,0.5614362704467774,7.3,8.8,0.5675092077636719,6739.55,-0.20780088141409564,14,0.012353243322059471
2026-03-06,2026-03-20,5490.0,6740.02,1245.9,1269.7,0.5576521286010744,6.8,8.6,0.5569197140502932,6740.1,-0.2051465060879646,14,0.01189653137142478
2026-03-06,2026-03-20,5500.0,6740.02,1236.0,1259.9,0.5552717813110352,6.8,8.7,0.5533491931152343,6740.2,-0.20334150583604257,14,0.011744478392597077
2026-03-06,2026-03-20,5520.0,6740.02,1216.3,1240.1,0.5498397067260744,7.1,9.0,0.5485579812622071,6740.15,-0.19970431958044685,14,0.011541978146001513
2026-03-06,2026-03-20,5525.0,6740.02,1211.4,1235.2,0.5489089299011232,7.8,9.4,0.552815140838623,6739.700000000001,-0.19873216614402595,14,0.011721819504564308
2026-03-06,2026-03-20,5550.0,6740.02,1186.7,1210.5,0.5417831466674806,8.1,9.7,0.5455520298767089,6739.7,-0.1942174857894992,14,0.011415830800647576
2026-03-06,2026-03-20,5560.0,6740.02,1176.8,1200.6,0.5386703848266602,7.5,9.4,0.5363510720825196,6740.25,-0.19249890796196445,14,0.01103401264475878
2026-03-06,2026-03-20,5575.0,6740.02,1169.4,1174.3,0.510594493713379,7.7,9.6,0.532231240234375,6738.2,-0.18950050959600281,14,0.010865154255177789
2026-03-06,2026-03-20,5600.0,6740.02,1144.8,1149.6,0.5046741427612305,8.8,10.3,0.5311326184082032,6737.65,-0.18494460169701982,14,0.010820345251288102
2026-03-06,2026-03-20,5625.0,6740.02,1112.8,1136.6,0.5215501947021484,8.3,10.2,0.5174303628540039,6740.45,-0.18090574018364478,14,0.010269256234644291
2026-03-06,2026-03-20,5630.0,6740.02,1107.9,1131.7,0.5204210556030272,8.4,10.3,0.516331741027832,6740.450000000001,-0.18001724612252967,14,0.010225694616711372
2026-03-06,2026-03-20,5650.0,6740.02,1095.0,1104.1,0.5094195787048339,8.6,10.6,0.5103198382568359,6739.95,-0.17639696134072352,14,0.009988955403996616
2026-03-06,2026-03-20,5660.0,6740.02,1085.2,1092.2,0.5294541683959962,8.8,10.7,0.5075275077819823,6738.95,-0.17448023422302178,14,0.009879940811439622
2026-03-06,2026-03-20,5670.0,6740.02,1320.5,1324.2,1.3530992428207398,8.9,10.8,0.5042316423034667,6982.5,-0.20821790109753413,14,0.009752037499727991
2026-03-06,2026-03-20,5675.0,6740.02,1070.9,1075.7,0.5096637168884277,9.8,11.4,0.5091296646118165,6737.700000000001,-0.17164805702818342,14,0.00994241702857088
2026-03-06,2026-03-20,5680.0,6740.02,1058.7,1082.5,0.5065967309570312,9.1,11.0,0.5018665536499024,6740.55,-0.17119029123575036,14,0.009660768568257604
2026-03-06,2026-03-20,5690.0,6740.02,1048.8,1072.7,0.5036518141174318,10.0,11.7,0.5049182809448242,6739.9,-0.16933483988065753,14,0.009778615304251696
2026-03-06,2026-03-20,5700.0,6740.02,1046.4,1051.1,0.5024463818359376,10.2,11.8,0.5019428468322755,6737.75,-0.16725986645760121,14,0.009663706029603421
2026-03-06,2026-03-20,5710.0,6740.02,1036.5,1041.3,0.4998676722717285,10.4,12.1,0.5070239727783203,6737.65,-0.1654921757702045,14,0.00986034609755275
2026-03-06,2026-03-20,5720.0,6740.02,1025.7,1035.7,0.5300492552185059,9.5,11.9,0.5009815527343751,6740.0,-0.16409111953250916,14,0.009626726648005578
2026-03-06,2026-03-20,5725.0,6740.02,1088.0,1091.3,0.7997075083160401,9.6,12.0,0.4996387927246094,6803.85,-0.17264607899491946,14,0.009575191574614448
2026-03-06,2026-03-20,5730.0,6740.02,1009.5,1033.4,0.5749401637268066,10.7,12.4,0.5007221559143067,6739.9,-0.16232955729224885,14,0.009616760229941365
2026-03-06,2026-03-20,5740.0,6740.02,1250.9,1258.3,1.304313323421478,9.8,12.3,0.4955342195129394,6983.55,-0.1960981731402411,14,0.009418515829907322
2026-03-06,2026-03-20,5750.0,6740.02,997.3,1002.0,0.4883779190063477,11.4,12.5,0.492741889038086,6737.7,-0.1585187655863906,14,0.009312668408163015
2026-03-06,2026-03-20,5760.0,6740.02,987.4,992.2,0.4856313644409179,10.3,12.7,0.4899342999267578,6738.3,-0.156870192882922,14,0.009206845631304417
2026-03-06,2026-03-20,5770.0,6740.02,977.6,982.3,0.4820608435058594,10.4,12.8,0.4863180030822754,6738.35,-0.15514300731239103,14,0.009071432333443968
2026-03-06,2026-03-20,5775.0,6740.02,972.8,977.5,0.481450498046875,10.5,12.9,0.4848989498901367,6738.45,-0.15429167174271857,14,0.009018569540996718
2026-03-06,2026-03-20,5790.0,6740.02,950.8,974.6,0.5526167785644531,10.9,12.9,0.4782919602966308,6740.8,-0.15204632065771115,14,0.008774478876661681
2026-03-06,2026-03-20,5800.0,6740.02,948.2,952.9,0.4735617829895019,12.3,13.5,0.4783835121154785,6737.65,-0.14985328188574978,14,0.008777838315877157
2026-03-06,2026-03-20,5810.0,6740.02,938.4,943.2,0.471410315246582,11.2,13.3,0.4724784197998046,6738.55,-0.148264197384701,14,0.008562471234167906
2026-03-06,2026-03-20,5825.0,6740.02,999.4,1002.7,0.777960136680603,12.6,14.4,0.4737601452636719,6812.55,-0.1566074999602059,14,0.008608990283187883
2026-03-06,2026-03-20,5840.0,6740.02,901.9,925.8,0.5346268461608887,12.9,14.7,0.4691367784118652,6740.05,-0.14333654645418997,14,0.008441782016496683
2026-03-06,2026-03-20,5850.0,6740.02,899.4,904.1,0.4601952174377441,13.4,14.7,0.46465073928833,6737.7,-0.14127695915188446,14,0.008281107762456665
2026-03-06,2026-03-20,5870.0,6740.02,1012.9,1020.2,0.9269263899230956,12.5,14.7,0.4556939196777344,6872.95,-0.15773878342941036,14,0.007964924049418096
2026-03-06,2026-03-20,5875.0,6740.02,867.8,891.7,0.5220308417510985,12.7,14.8,0.4541222801208496,6741.0,-0.1375022218410792,14,0.00791007844994584
2026-03-06,2026-03-20,5880.0,6740.02,863.0,886.8,0.5200701069641114,12.8,14.9,0.4525506405639649,6741.05,-0.1366589372303952,14,0.007855422333830053
2026-03-06,2026-03-20,5900.0,6740.02,850.7,855.3,0.4459131336975098,13.3,15.4,0.4468362812042237,6738.65,-0.1329072572145666,14,0.007658293892618853
2026-03-06,2026-03-20,5920.0,6740.02,967.5,974.9,0.905022617263794,13.8,16.0,0.4416025688934326,6876.3,-0.14974426769037902,14,0.007479944120399738
2026-03-06,2026-03-20,5925.0,6740.02,819.3,843.1,0.5041248318481445,13.9,16.1,0.4399622654724121,6741.2,-0.12905726359853295,14,0.007424479809738742
2026-03-06,2026-03-20,5930.0,6740.02,821.5,828.2,0.4500253362274169,15.3,17.1,0.4437769245910644,6738.65,-0.12783539511660635,14,0.007553784721076837
2026-03-06,2026-03-20,5940.0,6740.02,811.7,820.2,0.4566628430938722,15.6,17.4,0.4409693354797363,6739.45,-0.12626918584611993,14,0.0074585078566251056
2026-03-06,2026-03-20,5950.0,6740.02,1002.9,1022.2,1.063900859718323,14.6,16.9,0.4334315690612793,6946.8,-0.15488990233328387,14,0.007205701235136755
2026-03-06,2026-03-20,5960.0,6740.02,792.6,797.2,0.4303645831298829,15.0,17.2,0.4306163506317139,6738.8,-0.12281138645265363,14,0.0071124004932582256
2026-03-06,2026-03-20,5975.0,6740.02,778.0,782.6,0.4257946215057373,16.8,18.6,0.4316920845031738,6737.6,-0.12011968060795197,14,0.00714798022333626
2026-03-06,2026-03-20,5980.0,6740.02,773.2,777.8,0.4246273358154296,16.9,18.8,0.4304713935852051,6737.65,-0.1192906314755831,14,0.007107612848582575
2026-03-06,2026-03-20,5990.0,6740.02,763.5,768.1,0.421705306930542,16.0,18.2,0.422506385345459,6738.7,-0.11777561585515989,14,0.006847022025226293
2026-03-06,2026-03-20,6000.0,6740.02,746.9,770.7,0.4783606241607666,17.9,19.2,0.4233303517150878,6740.25,-0.11633754699640048,14,0.006873754009767341
2026-03-06,2026-03-20,6010.0,6740.02,933.8,936.0,0.976188897781372,18.0,19.9,0.4223690576171874,6925.95,-0.1418504782329291,14,0.006842571757956256
2026-03-06,2026-03-20,6025.0,6740.02,729.9,734.4,0.4124738318634032,18.6,20.5,0.4184170707702636,6737.6,-0.11178629904880763,14,0.006715122826212462
2026-03-06,2026-03-20,6030.0,6740.02,725.1,729.7,0.4117032707214356,18.8,20.7,0.417074310760498,6737.65,-0.11096418869902938,14,0.006672092410270746
2026-03-06,2026-03-20,6040.0,6740.02,861.1,865.9,0.8528075632476808,17.8,20.1,0.4092924061584472,6884.55,-0.13087575862074677,14,0.006425435157111228
2026-03-06,2026-03-20,6050.0,6740.02,706.0,710.5,0.4063780065917969,19.9,21.3,0.410589390258789,6737.65,-0.10765292739537327,14,0.006466222091789528
2026-03-06,2026-03-20,6060.0,6740.02,696.5,703.1,0.4142896096038818,18.6,20.9,0.403852702255249,6740.05,-0.10635754321310249,14,0.00625577553880585
2026-03-06,2026-03-20,6070.0,6740.02,686.8,691.3,0.4008467508697509,20.5,22.4,0.4063551186370849,6737.6,-0.10434517335411946,14,0.006333541792317345
2026-03-06,2026-03-20,6075.0,6740.02,675.1,698.9,0.4533364603424072,19.2,21.6,0.4001295949554443,6741.6,-0.10411529624939439,14,0.006140963557887428
2026-03-06,2026-03-20,6080.0,6740.02,677.2,681.8,0.3984892915344238,19.5,21.8,0.3986952831268311,6738.85,-0.1028845912429547,14,0.006097016446647059
2026-03-06,2026-03-20,6090.0,6740.02,660.8,684.7,0.4487054641723632,21.5,23.4,0.401373173828125,6740.3,-0.1014563525976089,14,0.00617919437086047
2026-03-06,2026-03-20,6100.0,6740.02,658.2,662.7,0.3931182514953613,20.4,22.8,0.3937743728637696,6738.85,-0.09960051604176473,14,0.00593753426835014
2026-03-06,2026-03-20,6110.0,6740.02,641.9,665.7,0.4421289918518066,22.5,24.4,0.3961547201538086,6740.35,-0.09818507917584199,14,0.006738406948900539
2026-03-06,2026-03-20,6125.0,6740.02,857.8,861.3,0.981380648841858,21.7,24.1,0.387503073272705,6961.65,-0.12803775878464804,14,0.005759509164770081
2026-03-06,2026-03-20,6130.0,6740.02,623.0,646.8,0.4357470671463013,23.6,25.5,0.391134628753662,6740.35,-0.0949171024112259,14,0.0065563470864394464
2026-03-06,2026-03-20,6140.0,6740.02,620.3,624.9,0.383444275970459,22.1,25.3,0.3853439762115478,6738.9,-0.09307196469804599,14,0.00566746251623487
2026-03-06,2026-03-20,6150.0,6740.02,604.2,628.0,0.4295406167602539,25.0,26.5,0.3854431573486327,6740.35,-0.09165977054091944,14,0.006369027211541579
2026-03-06,2026-03-20,6175.0,6740.02,587.5,591.9,0.3744264218139648,26.3,28.2,0.3798127204895019,6737.45,-0.08717263254325952,14,0.005454981899285868
2026-03-06,2026-03-20,6180.0,6740.02,582.8,587.3,0.3735337915802001,26.6,28.6,0.3788666850280761,6737.45,-0.08636324358770095,14,0.005428418274524011
2026-03-06,2026-03-20,6190.0,6740.02,569.8,586.7,0.4036695986175537,25.1,28.0,0.371450987701416,6741.7,-0.08537703194349006,14,0.005761210223764717
2026-03-06,2026-03-20,6200.0,6740.02,564.2,568.6,0.3685594760894776,28.2,29.8,0.373327799987793,6737.4,-0.08312480177336501,14,0.005277776866900639
2026-03-06,2026-03-20,6205.0,6740.02,559.5,564.0,0.3675600354003906,26.1,29.0,0.3677278804016113,6739.2,-0.08258580486089404,14,0.005184298950508443
2026-03-06,2026-03-20,6210.0,6740.02,554.8,559.3,0.3661562408447265,26.5,29.4,0.3666979224395752,6739.1,-0.08176548890547954,14,0.0051500364006875875
2026-03-06,2026-03-20,6220.0,6740.02,545.3,549.8,0.3629214099121094,27.2,30.1,0.3642107646942139,6738.9,-0.08012680010600896,14,0.00506992930881376
2026-03-06,2026-03-20,6225.0,6740.02,541.0,545.4,0.3625857199096679,29.8,31.8,0.3678804667663575,6737.4,-0.0791006514736396,14,0.005116528697450819
2026-03-06,2026-03-20,6230.0,6740.02,737.9,743.8,0.8690046058654786,27.9,30.8,0.3616396844482421,6941.5,-0.10814155669335823,14,0.00501634427164257
2026-03-06,2026-03-20,6235.0,6740.02,531.7,536.2,0.3603541443252563,28.3,31.2,0.3605105453491211,6739.2,-0.07776264438546486,14,0.004982905898267609
2026-03-06,2026-03-20,6240.0,6740.02,773.7,780.8,0.9621585815429688,28.6,31.6,0.3593661476135253,6987.15,-0.11309256539992471,14,0.004953469569063575
2026-03-06,2026-03-20,6250.0,6740.02,518.0,522.4,0.3568408432769775,29.4,32.4,0.3570010589599609,6739.3,-0.0753745982155694,14,0.004886290177705145
2026-03-06,2026-03-20,6260.0,6740.02,509.4,518.1,0.3709932286071777,30.2,33.2,0.3545520478057861,6742.05,-0.07418384786933623,14,0.005047824160104312
2026-03-06,2026-03-20,6265.0,6740.02,497.6,521.3,0.3943923476409912,33.0,35.1,0.3584201121520996,6740.4,-0.07314068199621866,14,0.005434364653887763
2026-03-06,2026-03-20,6270.0,6740.02,683.8,687.9,0.8049869965362549,33.5,35.5,0.3571002400970459,6921.35,-0.09883448266301448,14,0.012949489340852261
2026-03-06,2026-03-20,6275.0,6740.02,495.1,499.6,0.3512561823272705,31.5,34.6,0.3514011393737792,6739.3,-0.071382576946032,14,0.0047343714824392424
2026-03-06,2026-03-20,6280.0,6740.02,737.7,740.2,0.9332358361053468,32.0,35.1,0.3504169573211668,6985.4,-0.10645227615828423,14,0.004709831823822307
2026-03-06,2026-03-20,6290.0,6740.02,474.9,498.8,0.3878196899795532,35.3,37.4,0.3526142009735107,6740.5,-0.06917303543663254,14,0.005257118394661994
2026-03-06,2026-03-20,6300.0,6740.02,472.4,476.8,0.3451145811462402,36.5,38.4,0.3503940693664549,6737.15,-0.06708735343633365,14,0.004638528740501276
2026-03-06,2026-03-20,6305.0,6740.02,461.4,485.0,0.3827652666473388,34.2,37.4,0.3444737184143066,6742.4,-0.06707297521084986,14,0.005071418890074583
2026-03-06,2026-03-20,6310.0,6740.02,463.4,467.8,0.3428868202209472,37.3,39.4,0.3480747566223144,6737.25,-0.06551615324216692,14,0.004578075759885048
2026-03-06,2026-03-20,6320.0,6740.02,454.2,458.6,0.3399419033813476,38.3,40.5,0.3459766941070556,6737.0,-0.06389551381975679,14,0.004511493502278366
2026-03-06,2026-03-20,6325.0,6740.02,454.5,460.8,0.359007569656372,36.3,39.5,0.3401250070190429,6744.75,-0.06425438986701358,14,0.004686992490933745
2026-03-06,2026-03-20,6330.0,6740.02,445.2,449.7,0.3378438408660889,36.7,39.9,0.3385915140533447,6739.15,-0.06263356805560412,14,0.004387607569445014
2026-03-06,2026-03-20,6340.0,6740.02,682.4,684.9,0.8937770021820067,40.5,42.7,0.3414677670288085,6982.05,-0.09646380147990984,14,0.014631243121970908
2026-03-06,2026-03-20,6345.0,6740.02,432.2,436.6,0.3352460580062865,38.3,41.6,0.3353795710754394,6739.45,-0.06031121805432256,14,0.004312563206395649
2026-03-06,2026-03-20,6350.0,6740.02,427.7,432.1,0.3339300006103516,38.9,42.2,0.3343572424316406,6739.35,-0.059508668199920296,14,0.004282540923957078
2026-03-06,2026-03-20,6355.0,6740.02,423.3,427.7,0.3328771546936035,39.4,42.7,0.3330068531036377,6739.45,-0.058736414579256144,14,0.004251795319014815
2026-03-06,2026-03-20,6360.0,6740.02,636.2,642.6,0.8266313723754881,42.9,45.0,0.3368596588134765,6955.45,-0.08949714758380045,14,0.012980794051507014
2026-03-06,2026-03-20,6370.0,6740.02,409.8,414.3,0.3290014610290526,41.2,44.5,0.3296995436477661,6739.2,-0.05634175393339261,14,0.004160560404021579
2026-03-06,2026-03-20,6375.0,6740.02,649.7,655.4,0.8727353424835204,41.8,45.2,0.3288259867095947,6984.05,-0.09124488668826085,14,0.013844174513268874
2026-03-06,2026-03-20,6380.0,6740.02,401.3,405.7,0.3272352738571167,42.4,45.8,0.3276434423828125,6739.4,-0.05480280283341965,14,0.004112414973819732
2026-03-06,2026-03-20,6385.0,6740.02,390.7,414.6,0.3618990812683105,46.0,48.2,0.3314313988876342,6740.55,-0.054190034484307745,14,0.004609520661634123
2026-03-06,2026-03-20,6390.0,6740.02,386.7,410.2,0.3604113642120361,43.7,47.1,0.3254690866851806,6743.05,-0.053778076432647565,14,0.00451099171295998
2026-03-06,2026-03-20,6395.0,6740.02,382.4,405.9,0.3591563413619995,47.3,49.5,0.3291235301208495,6740.75,-0.05265475966709042,14,0.0045426085896152464
2026-03-06,2026-03-20,6400.0,6740.02,377.7,401.6,0.357878430557251,48.0,50.2,0.3280630548858643,6740.55,-0.05184353360318418,14,0.004511794589264867
2026-03-06,2026-03-20,6405.0,6740.02,379.7,384.1,0.3220168201828002,48.7,50.9,0.3269796916961669,6737.1,-0.05055062992177085,14,0.004038870283585567
2026-03-06,2026-03-20,6410.0,6740.02,375.1,379.5,0.3201361932373046,49.4,51.6,0.3258619965744018,6736.8,-0.049725763801066726,14,0.004001637847506864
2026-03-06,2026-03-20,6415.0,6740.02,370.8,375.2,0.3190375714111327,47.0,50.5,0.3199530895996093,6739.25,-0.049309644700594776,14,0.0039152924027570065
2026-03-06,2026-03-20,6420.0,6740.02,372.1,378.3,0.337119055633545,50.8,53.1,0.3238058953094481,6743.25,-0.04912388684898507,14,0.004188702103360253
2026-03-06,2026-03-20,6425.0,6740.02,362.6,367.0,0.3177978071975708,51.4,53.8,0.3226004630279541,6737.2,-0.047447777560810304,14,0.003932561111719056
2026-03-06,2026-03-20,6430.0,6740.02,358.3,362.7,0.3166038188934326,52.3,54.5,0.321372142791748,6737.1,-0.04665502702094037,14,0.0039028675257765984
2026-03-06,2026-03-20,6435.0,6740.02,353.8,358.2,0.314864334335327,49.9,53.5,0.3157493352508543,6739.3,-0.04620422091578961,14,0.003813308495729652
2026-03-06,2026-03-20,6440.0,6740.02,349.6,354.0,0.3138725229644775,50.6,54.2,0.3144981270599364,6739.4,-0.04544236007385599,14,0.003786229748883194
2026-03-06,2026-03-20,6445.0,6740.02,345.6,350.0,0.3133537293243408,54.6,56.9,0.318267010269165,6737.05,-0.044317507260885285,14,0.003825497686017166
2026-03-06,2026-03-20,6450.0,6740.02,341.4,345.7,0.3120414865875244,55.4,57.7,0.3171683884429931,6737.0,-0.04353459117084172,14,0.0037963499559608717
2026-03-06,2026-03-20,6455.0,6740.02,337.0,341.3,0.310454588394165,53.0,56.7,0.3115646541976928,6739.3,-0.04310103766527381,14,0.0037100761192901907
2026-03-06,2026-03-20,6460.0,6740.02,543.4,545.3,0.753931598892212,53.8,57.4,0.310191376914978,6948.75,-0.07293246949103167,14,0.010858224593815406
2026-03-06,2026-03-20,6465.0,6740.02,328.9,333.3,0.3091728629302979,54.6,58.3,0.3092834880447388,6739.65,-0.04160498256866609,14,0.0036676956252458966
2026-03-06,2026-03-20,6470.0,6740.02,324.5,328.8,0.307250274734497,58.7,61.0,0.3127128665924072,6736.8,-0.04040892622083618,14,0.00368558914551707
2026-03-06,2026-03-20,6475.0,6740.02,316.0,338.2,0.3383206732559203,56.3,60.0,0.3071167616653442,6743.95,-0.040697199088841486,14,0.003994693666827659
2026-03-06,2026-03-20,6480.0,6740.02,316.5,320.9,0.3059990665435791,57.1,60.8,0.3058655534744263,6739.75,-0.039302321883977004,14,0.003589929030970475
2026-03-06,2026-03-20,6485.0,6740.02,312.1,316.5,0.3042366940307617,58.0,61.7,0.3048241515350341,6739.45,-0.0384865014522663,14,0.003557103829053774
2026-03-06,2026-03-20,6490.0,6740.02,308.2,312.5,0.3034050983428955,58.9,62.6,0.3037484176635742,6739.6,-0.037738045266094526,14,0.003534859923278258
2026-03-06,2026-03-20,6495.0,6740.02,304.2,308.6,0.3027642356109619,59.8,63.5,0.3026345372009277,6739.75,-0.03699018212559743,14,0.0035144571491164296
2026-03-06,2026-03-20,6500.0,6740.02,301.4,307.7,0.3090584231567382,64.0,66.3,0.3059189587020874,6739.4,-0.03616872328852677,14,0.0036265483032678772
2026-03-06,2026-03-20,6505.0,6740.02,295.8,300.2,0.2999795344543457,61.6,65.4,0.3005441040039062,6739.5,-0.035414626231718725,14,0.0034580828526437827
2026-03-06,2026-03-20,6510.0,6740.02,292.8,300.4,0.3086273666763305,62.7,66.5,0.2997926161575317,6742.0,-0.03501716059139111,14,0.0035496220939464393
2026-03-06,2026-03-20,6515.0,6740.02,287.7,292.1,0.2977555881881712,66.7,69.2,0.302653610496521,6736.95,-0.033500089673119494,14,0.003456764987748438
2026-03-06,2026-03-20,6520.0,6740.02,284.8,292.5,0.3066590025711059,67.8,70.2,0.3015702473068237,6739.65,-0.03313361885392527,14,0.0035473969080129894
2026-03-06,2026-03-20,6525.0,6740.02,279.9,284.2,0.2958482586288452,68.7,71.2,0.3004525521850586,6737.1,-0.031988612061711275,14,0.0034096199984126494
2026-03-06,2026-03-20,6530.0,6740.02,275.9,280.2,0.2947229341888426,66.6,70.5,0.2955011246490479,6739.5,-0.03157879490784764,14,0.0033404809279691987
2026-03-06,2026-03-20,6535.0,6740.02,272.0,276.4,0.2940134075927734,70.7,73.2,0.2981141661453246,6737.25,-0.030479482719103397,14,0.003362062253516119
2026-03-06,2026-03-20,6540.0,6740.02,268.5,276.5,0.3018563467407227,71.8,74.3,0.2971147254562377,6739.45,-0.03004115375156625,14,0.0034402252291800468
2026-03-06,2026-03-20,6545.0,6740.02,263.9,268.2,0.2911447839355467,72.9,75.3,0.2958558879470825,6736.95,-0.02890590088806469,14,0.0033040938651159005
2026-03-06,2026-03-20,6550.0,6740.02,260.2,264.5,0.2905344384765624,73.9,76.4,0.2947801540756224,6737.2,-0.028179358694933244,14,0.0032851400079201513
2026-03-06,2026-03-20,6555.0,6740.02,462.3,467.0,0.7027465028381348,75.1,77.5,0.2936700882720947,6943.35,-0.0575562497702884,14,0.00952044131681933
2026-03-06,2026-03-20,6560.0,6740.02,255.7,258.4,0.2919916382598876,76.2,78.6,0.2925180612182616,6739.65,-0.027017391836489157,14,0.003276111125326376
2026-03-06,2026-03-20,6565.0,6740.02,248.6,252.9,0.2873759007263183,77.2,79.7,0.2913317022323607,6737.3,-0.02590674343864641,14,0.003211393737062001
2026-03-06,2026-03-20,6570.0,6740.02,244.6,248.9,0.2859606621932982,78.4,80.9,0.2903208175659179,6737.1,-0.025115732773949295,14,0.0031845238457456197
2026-03-06,2026-03-20,6575.0,6740.02,244.2,246.9,0.2887491780090331,76.3,80.3,0.2854533125305175,6742.25,-0.025119119045428972,14,0.0031615883575243277
2026-03-06,2026-03-20,6580.0,6740.02,240.4,243.0,0.2874521939086913,80.7,83.2,0.2879671728897093,6739.75,-0.023988086910934462,14,0.003175002923022886
2026-03-06,2026-03-20,6585.0,6740.02,233.2,237.6,0.2829699694442748,81.9,84.4,0.2868380337905883,6737.25,-0.022857494600044343,14,0.003113380991580154
2026-03-06,2026-03-20,6590.0,6740.02,229.4,233.7,0.2816157654571533,83.2,85.6,0.2856707481002807,6737.15,-0.02208363831940485,14,0.003085887560615125
2026-03-06,2026-03-20,6595.0,6740.02,229.0,231.7,0.2841639577484129,81.0,85.0,0.2807307645416259,6742.35,-0.022096742673957608,14,0.0030599210012301104
2026-03-06,2026-03-20,6600.0,6740.02,225.3,227.9,0.2829165642166137,81.5,87.1,0.2813601832962036,6742.3,-0.021331463971364106,14,0.003053229773267817
2026-03-06,2026-03-20,6605.0,6740.02,218.0,222.3,0.2779346194076538,86.8,89.4,0.2823405506896972,6737.05,-0.019795205677747382,14,0.0030100792651963134
2026-03-06,2026-03-20,6610.0,6740.02,217.8,220.5,0.2807155059051512,88.2,90.7,0.2812152262496947,6739.7,-0.019431759684247433,14,0.0030278945673706415
2026-03-06,2026-03-20,6615.0,6740.02,210.8,215.1,0.2760921390533447,85.3,90.9,0.2778125503158569,6739.85,-0.01869787191676791,14,0.00294201758128266
2026-03-06,2026-03-20,6620.0,6740.02,207.0,211.2,0.274497611541748,86.6,92.2,0.2766185620117187,6739.7,-0.0179200435989255,14,0.0029124702154321967
2026-03-06,2026-03-20,6625.0,6740.02,206.8,209.5,0.2773013859939575,92.1,94.6,0.2775951147460937,6739.8,-0.017179879021155666,14,0.002952562857171063
2026-03-06,2026-03-20,6630.0,6740.02,199.7,204.0,0.2723995490264892,93.4,96.0,0.2765041222381591,6737.15,-0.016032182636049472,14,0.0028891324414995396
2026-03-06,2026-03-20,6635.0,6740.02,196.0,200.3,0.2710796769714356,90.6,96.2,0.2729717478942871,6739.75,-0.01566416446398943,14,0.002838279000395838
2026-03-06,2026-03-20,6640.0,6740.02,195.9,198.6,0.2737041624450683,91.9,97.6,0.2718044622039794,6742.5,-0.015318812543405457,14,0.0028535035848842047
2026-03-06,2026-03-20,6645.0,6740.02,188.8,193.0,0.2685162260437011,93.3,98.1,0.2688061401367187,6740.2,-0.01422490590925919,14,0.0027685031183343513
2026-03-06,2026-03-20,6650.0,6740.02,185.2,189.5,0.2674633801269531,98.9,101.6,0.2717014664077758,6737.1,-0.013012710602705682,14,0.0027875220851667467
2026-03-06,2026-03-20,6655.0,6740.02,181.7,185.9,0.2661663960266113,96.1,101.0,0.2664563101196289,6740.25,-0.012728564377380527,14,0.002720285794133985
2026-03-06,2026-03-20,6660.0,6740.02,178.1,182.4,0.2650219982910156,101.8,104.5,0.2692333819580078,6737.1,-0.011510080718170673,14,0.002736988601746848
2026-03-06,2026-03-20,6665.0,6740.02,178.1,180.8,0.2675473026275635,103.4,106.0,0.2680241350173949,6739.75,-0.011152878617488307,14,0.0027504895256816615
2026-03-06,2026-03-20,6670.0,6740.02,174.7,177.3,0.2662960944366456,104.9,107.5,0.2667729268264771,6739.8,-0.010410390965909153,14,0.0027248466712506358
2026-03-06,2026-03-20,6675.0,6740.02,167.6,171.9,0.2613065203094482,106.3,109.1,0.2656666756820678,6737.05,-0.009252939365722839,14,0.0026628838973350544
2026-03-06,2026-03-20,6680.0,6740.02,164.1,168.4,0.2599713896179199,104.3,108.5,0.2602536743927002,6739.85,-0.008919681935132505,14,0.0025951216720191458
2026-03-06,2026-03-20,6685.0,6740.02,164.3,167.1,0.2628361986160279,105.8,110.0,0.2588689531326295,6742.8,-0.008609058370109269,14,0.002609909393873462
2026-03-06,2026-03-20,6690.0,6740.02,160.9,163.6,0.2613942574691772,107.4,111.6,0.2576291889190674,6742.75,-0.007853979439306104,14,0.0025831470757604344
2026-03-06,2026-03-20,6695.0,6740.02,153.9,158.1,0.2560575493621826,112.7,115.4,0.2605702910995482,6736.95,-0.006246321106792145,14,0.0025593565462754264
2026-03-06,2026-03-20,6700.0,6740.02,154.1,156.8,0.2587468840408325,114.2,117.0,0.2592199017715454,6739.85,-0.005930143086766498,14,0.0025726399156625218
2026-03-06,2026-03-20,6705.0,6740.02,147.2,151.4,0.2535169863891602,112.5,116.7,0.2541807370758057,6739.7,-0.005161896814200498,14,0.002471642258740497
2026-03-06,2026-03-20,6710.0,6740.02,147.4,150.3,0.2564695325469971,113.8,118.1,0.2523535153579712,6742.9,-0.004891148464610493,14,0.0024826113130891935
2026-03-06,2026-03-20,6715.0,6740.02,144.1,146.8,0.2547758238983154,119.2,122.0,0.2552450269699097,6739.85,-0.0036938395084859564,14,0.0024943135318389567
2026-03-06,2026-03-20,6720.0,6740.02,140.9,143.6,0.2536047235488892,120.9,123.7,0.2538793790054321,6739.95,-0.002964351964014955,14,0.0024695627402980197
2026-03-06,2026-03-20,6725.0,6740.02,134.0,138.2,0.2481879076004028,119.0,123.3,0.2484663777160644,6739.95,-0.002220581011170287,14,0.0023652854162499663
2026-03-06,2026-03-20,6730.0,6740.02,130.7,135.0,0.2469099967956542,120.8,125.0,0.2469958266258239,6739.95,-0.0014773628424366134,14,0.0023391790915993672
2026-03-06,2026-03-20,6735.0,6740.02,127.5,131.8,0.2455748661041259,122.6,126.9,0.2458495215606689,6739.9,-0.0007272781565697987,14,0.0023157335637562053
2026-03-06,2026-03-20,6740.0,6740.02,128.0,130.8,0.2483633819198608,128.1,130.8,0.2484473044204712,6739.95,7.4184251426963635e-06,14,0.002366775351278989
2026-03-06,2026-03-20,6745.0,6740.02,121.2,125.4,0.2427329450607299,126.2,130.5,0.2430114151763916,6739.95,0.0007489831606460526,14,0.0022625110746783473
2026-03-06,2026-03-20,6750.0,6740.02,118.0,122.2,0.2412261547088623,128.0,132.3,0.2415046248245239,6739.95,0.0014899983853653444,14,0.0022345247103594174
2026-03-06,2026-03-20,6755.0,6740.02,118.6,121.4,0.2442206621170044,130.0,134.3,0.240318265838623,6742.85,0.0018002871985608152,14,0.0022512956286722206
2026-03-06,2026-03-20,6760.0,6740.02,115.5,118.3,0.2427825356292724,135.4,138.3,0.2428702727890014,6740.05,0.0029555467605470957,14,0.002261658290783419
2026-03-06,2026-03-20,6765.0,6740.02,112.4,115.2,0.2412871892547607,137.4,140.2,0.2413749264144897,6740.0,0.0037023366985357406,14,0.002233889075775641
2026-03-06,2026-03-20,6770.0,6740.02,105.8,110.0,0.2357330455780029,139.3,142.2,0.2400092784500122,6737.15,0.004864100090362979,14,0.002170294948083614
2026-03-06,2026-03-20,6775.0,6740.02,106.4,109.2,0.2384910441207885,137.7,142.0,0.2343864709091186,6742.95,0.004741852137949543,14,0.0021442356295150963
2026-03-06,2026-03-20,6780.0,6740.02,99.0,104.0,0.2327957580566406,139.7,144.0,0.2328834952163696,6739.65,0.005969107159817317,14,0.0020794522856196693
2026-03-06,2026-03-20,6785.0,6740.02,100.5,103.3,0.2356300497817993,145.4,148.2,0.2355270539855957,6740.1,0.0066395316774287725,14,0.002128661801388163
2026-03-06,2026-03-20,6790.0,6740.02,93.1,98.6,0.2307472861099243,147.6,150.3,0.2340927421569824,6736.9,0.007851063104354152,14,0.0020719640591154113
2026-03-06,2026-03-20,6795.0,6740.02,94.7,97.5,0.2326965769195556,146.0,150.3,0.2285576717758178,6742.95,0.007689532975291962,14,0.002040121059694155
2026-03-06,2026-03-20,6800.0,6740.02,91.8,94.5,0.2309342044067382,148.1,152.4,0.2269745882415771,6742.9,0.008432512733860071,14,0.0020106345708115953
2026-03-06,2026-03-20,6805.0,6740.02,89.0,91.8,0.2296829962158203,153.9,156.7,0.2295800004196166,6740.1,0.009582874494025657,14,0.0020225445213012732
2026-03-06,2026-03-20,6810.0,6740.02,86.2,88.8,0.2277794813156127,152.5,156.8,0.2239838954925536,6742.85,0.00990943594781954,14,0.0019570288224326315
2026-03-06,2026-03-20,6815.0,6740.02,79.1,84.9,0.2240411153793334,154.8,159.1,0.2225724716186523,6740.05,0.011058721854170386,14,0.001912665578956783
2026-03-06,2026-03-20,6820.0,6740.02,80.7,83.4,0.2249108576583862,160.6,163.4,0.2250024094772338,6740.05,0.011792128561045088,14,0.0019410323775514169
2026-03-06,2026-03-20,6825.0,6740.02,78.0,80.8,0.2235642829895019,162.9,165.7,0.2234574725341796,6740.1,0.012517579461619648,14,0.0019161632183292037
2026-03-06,2026-03-20,6830.0,6740.02,75.4,78.0,0.2217446905899047,165.2,168.0,0.2218362424087524,6740.1,0.013249911973294958,14,0.0018867785052598819
2026-03-06,2026-03-20,6835.0,6740.02,68.6,74.2,0.2178537382888793,167.6,170.6,0.2207299912643432,6737.3,0.014397218982507084,14,0.0018445065956187664
2026-03-06,2026-03-20,6840.0,6740.02,66.0,71.2,0.215454317703247,170.0,173.0,0.2191469077301025,6737.1,0.015158166363990758,14,0.001811161063064635
2026-03-06,2026-03-20,6845.0,6740.02,64.4,68.3,0.2131578929138183,172.5,175.3,0.2172815394210815,6737.45,0.015836943683111827,14,0.0017766393621390895
2026-03-06,2026-03-20,6850.0,6740.02,65.2,67.7,0.2154390590667725,171.6,175.9,0.2118761674499511,6742.7,0.015788214094250973,14,0.0017509426297140707
2026-03-06,2026-03-20,6855.0,6740.02,59.5,63.4,0.2101176095962524,177.4,180.4,0.2143061053085326,6737.55,0.017281955656420493,14,0.0017273266142671887
2026-03-06,2026-03-20,6860.0,6740.02,57.1,61.0,0.2085650433349609,180.0,182.8,0.2123758877944946,6737.65,0.017996242299670437,14,0.0016990943458916863
2026-03-06,2026-03-20,6865.0,6740.02,54.7,58.6,0.2069247399139404,179.4,183.8,0.2074359042358398,6740.05,0.01836869592560877,14,0.0016463879506048566
2026-03-06,2026-03-20,6870.0,6740.02,55.5,58.0,0.208969397201538,185.2,188.2,0.2094843761825561,6740.05,0.019096762939932278,14,0.0016790752372817914
2026-03-06,2026-03-20,6875.0,6740.02,53.2,55.6,0.2071688780975341,187.9,190.6,0.2072680592346191,6740.15,0.019809463683184245,14,0.00164699428106409
2026-03-06,2026-03-20,6880.0,6740.02,48.0,51.8,0.2022632264709472,190.6,193.4,0.2057956008148193,6737.9,0.020870348270191772,14,0.0015966904735354042
2026-03-06,2026-03-20,6885.0,6740.02,45.8,49.6,0.2006534403228759,190.4,194.8,0.2011874925994873,6740.1,0.021270370571214472,14,0.0015484012980868584
2026-03-06,2026-03-20,6890.0,6740.02,43.7,47.4,0.198940658378601,193.1,197.4,0.1990436541748046,6740.3,0.021966650706152648,14,0.001518822727767463
2026-03-06,2026-03-20,6895.0,6740.02,41.7,45.3,0.1973385015487671,193.1,207.1,0.212436922340393,6738.4,0.022974003226248357,14,0.0016101524468010767
2026-03-06,2026-03-20,6900.0,6740.02,39.6,43.3,0.1958545991516113,199.0,203.4,0.1961864744949341,6740.25,0.023424395378758272,14,0.0014737992109336334
2026-03-06,2026-03-20,6905.0,6740.02,37.7,41.2,0.1940311920928955,202.0,206.4,0.1945995763015747,6740.25,0.024148770636799984,14,0.0014482700260275813
2026-03-06,2026-03-20,6910.0,6740.02,38.2,40.5,0.1953434348297119,205.0,209.4,0.1928944236755371,6742.15,0.02459077262428336,14,0.0014453430732016333
2026-03-06,2026-03-20,6915.0,6740.02,36.2,38.6,0.1937984978866577,208.2,212.5,0.1913113401412963,6742.05,0.02532893213537826,14,0.0014221467279745465
2026-03-06,2026-03-20,6920.0,6740.02,34.4,36.7,0.1921353065109253,211.4,215.8,0.190086834564209,6741.95,0.026066569042183654,14,0.0014008991176663278
2026-03-06,2026-03-20,6925.0,6740.02,32.5,34.8,0.1903462313842773,214.5,218.9,0.1882596128463745,6741.95,0.02678885148600763,14,0.0013745160232866195
2026-03-06,2026-03-20,6930.0,6740.02,28.6,31.9,0.1859326707839965,217.8,222.1,0.1865506455612182,6740.3,0.02775537888239724,14,0.0013304202009434315
2026-03-06,2026-03-20,6935.0,6740.02,29.0,31.2,0.1868787062454224,211.7,235.5,0.2098086222076416,6741.5,0.028298601674802675,14,0.0015089395286117856
2026-03-06,2026-03-20,6940.0,6740.02,27.4,29.5,0.1851964415740966,224.5,228.8,0.1834989182662963,6741.8,0.02897482293474946,14,0.001303498463801175
2026-03-06,2026-03-20,6945.0,6740.02,25.6,27.9,0.1836400606536865,228.6,235.4,0.1903004554748535,6739.75,0.029999143958146846,14,0.0013408500920785646
2026-03-06,2026-03-20,6950.0,6740.02,24.5,26.3,0.1819463520050049,231.4,235.7,0.1804433763122558,6741.85,0.03040729160325781,14,0.0012592934333274057
2026-03-06,2026-03-20,6955.0,6740.02,20.8,24.0,0.1781545808410644,225.1,249.0,0.2048571946716308,6740.35,0.03134897301606036,14,0.0014066933442050827
2026-03-06,2026-03-20,6960.0,6740.02,21.1,23.2,0.1783987190246582,238.4,242.8,0.1773840196990966,6741.55,0.03188960553482512,14,0.0012137938359129163
2026-03-06,2026-03-20,6965.0,6740.02,20.0,21.8,0.1768194501495361,232.2,256.1,0.2026523217010497,6741.75,0.03257807209228769,14,0.001380810656739673
2026-03-06,2026-03-20,6970.0,6740.02,18.5,20.5,0.1753889529800415,236.0,259.7,0.201530811920166,6741.65,0.03331052268692903,14,0.001362300772886293
2026-03-06,2026-03-20,6975.0,6740.02,15.6,18.5,0.1716276990890503,249.5,253.8,0.1727148769378662,6740.4,0.034213057363179075,14,0.001136989955690369
2026-03-06,2026-03-20,6980.0,6740.02,16.0,17.9,0.1720663848876953,243.3,267.1,0.1995128572463989,6741.75,0.03472938163479973,14,0.001323969770266623
2026-03-06,2026-03-20,6985.0,6740.02,14.8,16.7,0.170479486694336,247.1,270.9,0.1986316709899901,6741.75,0.035445457569443894,14,0.0013064401740951292
2026-03-06,2026-03-20,6990.0,6740.02,13.7,15.6,0.1690604335021973,250.9,274.8,0.1979374030303955,6741.8,0.03615360466175523,14,0.001291523128955104
2026-03-06,2026-03-20,6995.0,6740.02,11.3,14.0,0.1656959041595459,265.2,269.6,0.1679923289489746,6740.25,0.037098591892989155,14,0.001067718984117266
2026-03-06,2026-03-20,7000.0,6740.02,10.4,13.0,0.1642272603988647,269.2,276.2,0.1757742335510254,6739.0,0.03799860309123336,14,0.0011085028920782194
2026-03-06,2026-03-20,7005.0,6740.02,9.5,12.1,0.1629646082305908,262.9,286.7,0.1958774871063232,6741.0,0.03841589791766861,14,0.0012347582817815181
2026-03-06,2026-03-20,7010.0,6740.02,9.9,11.6,0.1631324532318115,267.0,290.8,0.1954159133529663,6741.85,0.03900333307305578,14,0.001232737696252446
2026-03-06,2026-03-20,7015.0,6740.02,7.9,10.4,0.1603324934387207,271.1,294.9,0.1948666024398803,6741.15,0.0398201800392813,14,0.001209814772590177
2026-03-06,2026-03-20,7020.0,6740.02,7.2,9.6,0.1589592161560059,285.8,290.2,0.1617515466308593,6740.4,0.040643947693469615,14,0.0009862845939333292
2026-03-06,2026-03-20,7025.0,6740.02,6.6,8.8,0.1573952059173584,286.1,298.2,0.1759115612792968,6740.55,0.04133369125099905,14,0.0010652791882378044
2026-03-06,2026-03-20,7030.0,6740.02,6.9,8.5,0.1579902927398681,283.8,307.7,0.1943592527770996,6741.95,0.04183750523517891,14,0.0011904813912083504
2026-03-06,2026-03-20,7035.0,6740.02,5.4,7.5,0.1550911518096924,288.2,312.0,0.1941532611846924,6741.35,0.04263748896294461,14,0.0011695912603486944
2026-03-06,2026-03-20,7040.0,6740.02,4.5,7.0,0.1544502890777588,292.6,316.4,0.1942295543670654,6741.25,0.043362802500651255,14,0.0011658129213328078
2026-03-06,2026-03-20,7045.0,6740.02,5.6,6.7,0.154755461807251,297.9,321.9,0.1982044291687011,6741.25,0.0440727776813438,14,0.0011946093047456054
2026-03-06,2026-03-20,7050.0,6740.02,3.9,5.9,0.1521538642883301,311.8,318.7,0.1670462934875488,6739.65,0.04501962203169035,14,0.0009770153220123587
2026-03-06,2026-03-20,7055.0,6740.02,4.2,5.8,0.1534203311157226,306.0,329.9,0.1951832191467285,6742.05,0.045372552323433915,14,0.0011653028038206808
2026-03-06,2026-03-20,7060.0,6740.02,3.1,5.0,0.1503151985931396,310.6,334.4,0.1953892107391357,6741.55,0.046155182693647705,14,0.0011460010553732075
2026-03-06,2026-03-20,7065.0,6740.02,3.4,4.9,0.151451967010498,316.4,340.2,0.2005771471405029,6740.85,0.04696698640417667,14,0.0011883170965336562
2026-03-06,2026-03-20,7070.0,6740.02,2.5,4.3,0.149147912902832,320.9,344.9,0.2015384412384033,6740.5,0.04772637375949974,14,0.0011792690861179497
2026-03-06,2026-03-20,7075.0,6740.02,2.2,3.9,0.1479577392578125,325.6,349.6,0.2024768473815917,6740.45,0.04844075525517277,14,0.0011775764336875488
2026-03-06,2026-03-20,7080.0,6740.02,1.95,3.6,0.1473473937988281,329.2,353.0,0.1981052480316162,6741.675,0.04896549733600357,14,0.0011443324578540176
2026-03-06,2026-03-20,7085.0,6740.02,2.15,3.6,0.1490411024475098,335.1,359.1,0.2046512030792236,6740.775,0.04980496966551054,14,0.0011995722313996066
2026-03-06,2026-03-20,7090.0,6740.02,1.9,3.4,0.1490868783569335,339.9,363.9,0.2059100405883788,6740.75,0.05051414584613957,14,0.001208437927705003
2026-03-06,2026-03-20,7095.0,6740.02,1.7,3.2,0.1490563610839843,344.7,368.7,0.2071383608245849,6740.75,0.05121911591410942,14,0.001216606519737891
2026-03-06,2026-03-20,7100.0,6740.02,1.5,2.2,0.1409998010253906,354.2,368.4,0.1848073463439941,6740.55,0.05195326007845936,14,0.0010178795629299062
2026-03-06,2026-03-20,7105.0,6740.02,1.05,2.5,0.1457452369689941,353.1,376.9,0.203483917388916,6741.775,0.052475518180465974,14,0.001169489062705188
2026-03-06,2026-03-20,7110.0,6740.02,0.9,2.3,0.145241701965332,359.2,383.2,0.2111437528991698,6740.4,0.053382973470899174,14,0.0012179097905107464
2026-03-06,2026-03-20,7115.0,6740.02,1.0,2.4,0.1478814460754394,362.8,386.6,0.2060931442260741,6742.0,0.05384861472994664,14,0.001201487772676535
2026-03-06,2026-03-20,7120.0,6740.02,0.9,2.25,0.147820411529541,369.0,393.0,0.2142946613311767,6740.575,0.05476249256579365,14,0.0012573853177403566
2026-03-06,2026-03-20,7125.0,6740.02,0.6,1.9,0.1452722192382812,372.5,396.3,0.2086413365173339,6741.85,0.05527535818127138,14,0.00120107347210011
2026-03-06,2026-03-20,7130.0,6740.02,0.5,1.8,0.145516357421875,377.4,401.2,0.2101137949371337,6741.85,0.05597686645276165,14,0.00121275292721677
2026-03-06,2026-03-20,7135.0,6740.02,0.45,1.7,0.1456994610595703,383.7,407.7,0.2189409161376952,6740.375,0.056896689570123414,14,0.0012749838805177376
2026-03-06,2026-03-20,7140.0,6740.02,0.5,1.75,0.1478661874389648,387.8,407.9,0.1969913675689697,6743.275,0.057167064396395836,14,0.0011403933324963752
2026-03-06,2026-03-20,7145.0,6740.02,0.3,1.55,0.1465844619750976,391.9,412.1,0.1941608905029297,6743.925,0.05777071174055631,14,0.001113358584448802
2026-03-06,2026-03-20,7150.0,6740.02,0.25,1.45,0.1465539447021484,397.0,420.8,0.215904447479248,6741.95,0.058763156118521745,14,0.0012597706882726861
2026-03-06,2026-03-20,7155.0,6740.02,0.2,1.4,0.1472558419799804,403.4,427.4,0.225418207321167,6740.4,0.059692142664164005,14,0.0013317830536405456
2026-03-06,2026-03-20,7160.0,6740.02,0.15,1.35,0.147896704711914,406.9,430.7,0.2192155715942382,6741.95,0.06016078038515966,14,0.001292328717675058
2026-03-06,2026-03-20,7165.0,6740.02,0.15,1.3,0.1485070501708984,411.8,435.6,0.2206193661499023,6742.025,0.06084773637665411,14,0.001306548189836794
2026-03-06,2026-03-20,7170.0,6740.02,0.1,1.25,0.1490868783569335,416.8,440.6,0.2225038077545165,6741.975,0.061552745905022146,14,0.001324051323333489
2026-03-06,2026-03-20,7175.0,6740.02,0.05,1.2,0.1496361892700195,423.2,447.2,0.2322159298706054,6740.425,0.06247978232961709,14,0.0013981880633497288
2026-03-06,2026-03-20,7180.0,6740.02,0.05,1.15,0.1501549829101562,428.2,452.2,0.2341385180664062,6740.4,0.06318011271588259,14,0.0014161239236298113
2026-03-06,2026-03-20,7185.0,6740.02,0.0,1.1,0.1506127420043945,433.1,457.1,0.2355728298950195,6740.45,0.06386883125685956,14,0.0014301028378122496
2026-03-06,2026-03-20,7190.0,6740.02,0.0,1.1,0.1519860192871094,239.6,247.5,1.0000000000000004e-05,6947.0,0.034381260022211486,14,0.00022153360158067305
2026-03-06,2026-03-20,7195.0,6740.02,0.0,1.05,0.1524132611083984,443.1,467.1,0.2393798596954345,6740.425,0.06526336102326344,14,0.0014719355432389692
2026-03-06,2026-03-20,7200.0,6740.02,0.0,1.0,0.152779468383789,446.5,470.4,0.2326889476013183,6742.05,0.0657169930406662,14,0.001424796298704759
2026-03-06,2026-03-20,7205.0,6740.02,0.0,1.0,0.1541527456665039,453.0,477.0,0.2426833544921874,6740.5,0.06664112330250378,14,0.001510071551676866
2026-03-06,2026-03-20,7210.0,6740.02,0.0,1.0,0.1555260229492187,458.0,482.0,0.2445677960968017,6740.5,0.06733484514787597,14,0.0015349663674956275
2026-03-06,2026-03-20,7215.0,6740.02,0.0,0.95,0.1558006784057617,468.9,477.6,0.1817098431396484,6742.225,0.06777220308444376,14,0.0010923198151739496
2026-03-06,2026-03-20,7220.0,6740.02,0.0,0.95,0.1571739556884765,262.2,267.8,1.0000000000000004e-05,6955.475,0.03732583367161555,14,0.00023691448148101184
2026-03-06,2026-03-20,7225.0,6740.02,0.0,0.9,0.1573875765991211,472.9,496.9,0.2496946979522704,6740.55,0.06940571002968553,14,0.0015890573257226592
2026-03-06,2026-03-20,7230.0,6740.02,0.0,0.9,0.1587608538818359,477.9,501.9,0.2515562516021729,6740.55,0.07009751220186299,14,0.0016144121772183925
2026-03-06,2026-03-20,7240.0,6740.02,0.0,0.85,0.1602256829833984,486.3,510.1,0.2457198231506348,6742.225,0.07123121725623455,14,0.0015801949008944036
2026-03-06,2026-03-20,7250.0,6740.02,0.15,0.85,0.1629112030029297,497.8,521.8,0.2584607846069336,6740.7,0.07283769176842593,14,0.0017025759775287773
2026-03-06,2026-03-20,7260.0,6740.02,0.0,0.8,0.1642539630126953,284.8,292.3,1.0000000000000004e-05,6971.85,0.04049921604032155,14,0.00025873773535952456
2026-03-06,2026-03-20,7275.0,6740.02,0.0,0.8,0.1682212084960938,521.2,545.0,0.257720740737915,6742.3,0.07604270005381236,14,0.0017397065874258475
2026-03-06,2026-03-20,7280.0,6740.02,0.0,0.75,0.1681601739501953,533.5,542.2,0.1961445132446289,6742.525,0.0766963783602131,14,0.0012726374462805907
2026-03-06,2026-03-20,7290.0,6740.02,0.0,0.75,0.1707236248779297,537.7,561.7,0.272544506072998,6740.675,0.07834347774291164,14,0.0018841184265987693
2026-03-06,2026-03-20,7300.0,6740.02,0.15,0.75,0.1733481103515625,552.2,566.6,0.244422839050293,6741.05,0.07965864901341477,14,0.0016735999495190329
2026-03-06,2026-03-20,7310.0,6740.02,0.0,0.75,0.1759115612792968,556.1,579.9,0.2694927787780761,6742.375,0.08083103701932871,14,0.0019023221684843932
2026-03-06,2026-03-20,7320.0,6740.02,0.05,0.7,0.1769491485595703,567.6,591.6,0.2827830511474609,6740.775,0.08243542449608703,14,0.0020266792714140535
2026-03-06,2026-03-20,7325.0,6740.02,0.0,0.7,0.1782308740234375,571.1,594.9,0.2747341204071044,6742.35,0.08288462605989538,14,0.001967453429118118
2026-03-06,2026-03-20,7330.0,6740.02,0.05,0.7,0.1795125994873047,577.6,601.6,0.2863459427642822,6740.775,0.08380061242142683,14,0.002081053794138925
2026-03-06,2026-03-20,7340.0,6740.02,0.0,0.7,0.182076050415039,587.5,611.5,0.2893290061950683,6740.85,0.08515281289411021,14,0.002130902865456232
2026-03-06,2026-03-20,7350.0,6740.02,0.0,0.7,0.1845784667968749,596.0,619.8,0.2827830511474609,6742.45,0.08627695286750857,14,0.002094503450940597
2026-03-06,2026-03-20,7370.0,6740.02,0.05,0.7,0.1896443341064453,383.6,391.3,1.0000000000000004e-05,6982.925,0.05394982276449385,14,0.0003449059796130332
2026-03-06,2026-03-20,7375.0,6740.02,0.0,0.7,0.1909260595703125,406.7,409.3,1.0000000000000004e-05,6967.35,0.0568609506089552,14,0.00034958363275296644
2026-03-06,2026-03-20,7380.0,6740.02,0.0,0.65,0.190437783203125,393.4,401.1,1.0000000000000004e-05,6983.075,0.05528427443669148,14,0.00034779795464231713
2026-03-06,2026-03-20,7390.0,6740.02,0.05,0.65,0.1929401995849609,637.4,661.4,0.3062508340454102,6740.95,0.09192687041345378,14,0.002389509337532477
2026-03-06,2026-03-20,7400.0,6740.02,0.05,0.65,0.1954426159667968,645.9,669.7,0.2992013439941405,6742.55,0.09304180855885666,14,0.0023461760683299473
2026-03-06,2026-03-20,7410.0,6740.02,0.05,0.65,0.1978839978027343,657.4,681.4,0.3131629963684082,6740.95,0.09462957476133904,14,0.002504360564054135
2026-03-06,2026-03-20,7420.0,6740.02,0.05,0.65,0.2003864141845703,667.4,691.4,0.3165961895751953,6740.95,0.09597819263263258,14,0.0025628727234679283
2026-03-06,2026-03-20,7425.0,6740.02,0.0,0.65,0.201607105102539,669.4,690.9,0.2791820129394531,6745.175,0.09602525022106205,14,0.002216585249579694
2026-03-06,2026-03-20,7430.0,6740.02,0.05,0.65,0.2028277960205077,677.3,701.3,0.3194037786865233,6741.05,0.09731015958873697,14,0.002615179073077941
2026-03-06,2026-03-20,7450.0,6740.02,0.0,0.65,0.2077105596923827,697.3,721.3,0.3262091305541992,6741.025,0.10000204187847499,14,0.001654825952077042
2026-03-06,2026-03-20,7475.0,6740.02,0.0,0.6,0.2118609088134765,722.2,746.2,0.3340062937927246,6741.1,0.10334100292120597,14,0.0017216181522350983
2026-03-06,2026-03-20,7480.0,6740.02,0.05,0.6,0.2130205651855468,725.7,749.5,0.324454387359619,6742.725,0.10376864609984933,14,0.0017405168676371974
2026-03-06,2026-03-20,7500.0,6740.02,0.05,0.6,0.2178422943115234,751.8,766.2,0.3050911776733398,6741.325,0.10664652740175488,14,0.001820201952527993
2026-03-06,2026-03-20,7510.0,6740.02,0.0,0.6,0.2202226416015624,755.8,772.1,0.2592847509765625,6746.35,0.10723384788534562,14,0.0018601977157139257
2026-03-06,2026-03-20,7520.0,6740.02,0.05,0.6,0.2226029888916015,767.2,791.2,0.348990274810791,6741.125,0.10933931301952808,14,0.0019006281350373766
2026-03-06,2026-03-20,7525.0,6740.02,0.05,0.6,0.2237626452636718,770.6,794.4,0.3383550051879882,6742.825,0.10975183405925751,14,0.0019204824652480589
2026-03-06,2026-03-20,7530.0,6740.02,0.05,0.6,0.2249833361816406,777.1,800.2,0.3455875988769531,6741.675,0.11058663144217724,14,0.001941493210498344
2026-03-06,2026-03-20,7540.0,6740.02,0.05,0.6,0.2273636834716796,785.6,809.4,0.3431767343139648,6742.825,0.11174320544418277,14,0.001982792942096826
2026-03-06,2026-03-20,7550.0,6740.02,0.05,0.6,0.2297440307617187,795.6,819.4,0.3463810479736328,6742.825,0.11306858668525152,14,0.0020245273298328268
2026-03-06,2026-03-20,7560.0,6740.02,0.0,0.55,0.2298660998535156,805.6,829.4,0.3495701029968261,6742.775,0.11439962893283871,14,0.002026679271414054
2026-03-06,2026-03-20,7570.0,6740.02,0.05,0.55,0.2321854125976562,815.5,839.4,0.3527591580200195,6742.85,0.115710383235756,14,0.0020677833466411343
2026-03-06,2026-03-20,7575.0,6740.02,0.0,0.55,0.2333450689697265,820.5,844.3,0.3535983830261229,6742.875,0.11636695955765852,14,0.0020884901286981096
2026-03-06,2026-03-20,7600.0,6740.02,0.0,0.55,0.2391433508300781,627.0,634.5,1.0000000000000004e-05,6969.525,0.08660117405301984,14,0.0005484387349216178
2026-03-06,2026-03-20,7650.0,6740.02,0.0,0.55,0.2506178454589843,895.4,919.2,0.3763032341003418,6742.975,0.12620442564144146,14,0.0024091240067809503
2026-03-06,2026-03-20,7700.0,6740.02,0.0,0.5,0.2594068200683594,836.7,858.6,1.0000000000000004e-05,6852.6,0.11659218655715879,14,0.002581059112799164
2026-03-06,2026-03-20,7750.0,6740.02,0.0,0.5,0.270515107421875,995.2,1019.1,0.405981282043457,6743.1,0.1391730835285013,14,0.0028068436350919455
2026-03-06,2026-03-20,7800.0,6740.02,0.0,0.5,0.2815013256835937,1045.2,1069.0,0.4200497448730469,6743.15,0.14559655889911077,14,0.0030394573946923007
2026-03-06,2026-03-20,7850.0,6740.02,0.0,0.45,0.2893137475585937,845.5,853.5,1.0000000000000004e-05,7000.725,0.11449981667358236,14,0.003210504721560459
2026-03-06,2026-03-20,8000.0,6740.02,0.0,0.45,0.3210517114257812,1250.9,1265.3,0.4376887286376953,6742.125,0.17106638454740436,14,0.003953531012964174
2026-03-06,2026-03-20,8100.0,6740.02,0.0,0.4,0.3377751770019531,1346.2,1370.2,0.5168505346679688,6742.0,0.18350744486652418,14,0.004376134199402221
2026-03-06,2026-03-20,8200.0,6740.02,0.0,0.4,0.3579165771484375,1451.7,1460.4,0.3620669262695312,6744.15,0.19545869182512005,14,0.004913588676074378
2026-03-06,2026-03-20,8300.0,6740.02,0.0,0.4,0.3776917700195312,1544.5,1562.8,0.4707999697875976,6746.55,0.2072242516910326,14,0.005471548010867974
2026-03-06,2026-03-20,8400.0,6740.02,0.0,0.4,0.3969786865234375,1364.1,1374.9,1.0000000000000004e-05,7030.7,0.17794543172631413,14,0.0060446276322033725
2026-03-06,2026-03-20,8500.0,6740.02,0.0,0.35,0.4108945629882812,1744.1,1767.9,0.5985147570800782,6744.175,0.23138699414168934,14,0.006475837771251036
2026-03-06,2026-03-20,8600.0,6740.02,0.0,0.35,0.4294490649414063,1851.0,1859.8,1.0000000000000004e-05,6744.775,0.2429940721991297,14,0.007073893126867602
2026-03-06,2026-03-20,8800.0,6740.02,0.0,0.1,0.41992767578125,1899.5,1916.9,1.0000000000000004e-05,6891.85,0.24441216741980532,14,0.006763697371009855
2026-03-06,2026-03-20,9000.0,6740.02,0.0,0.35,0.5007374145507812,2243.3,2267.1,0.7064848687744141,6744.975,0.28842679413259065,14,0.009617346346942501
2026-03-06,2026-03-20,9200.0,6740.02,0.0,0.35,0.5048877636718749,2209.2,2231.0,1.0000000000000004e-05,6980.075000000001,0.27614382235276697,14,0.00977743330048827
2026-03-06,2026-03-20,9400.0,6740.02,0.0,0.3,0.5297898583984376,2876.6,2910.2,1.737794279785156,6506.75,0.36786958966408606,14,0.010765704429769074
2026-03-06,2026-03-20,9600.0,6740.02,0.0,0.3,0.56055126953125,2843.9,2867.9,0.8483291534423827,6744.25,0.3530728084731737,14,0.012052186741981769
2026-03-06,2026-03-20,9800.0,6740.02,0.0,0.3,0.5898478515625001,3043.6,3067.6,0.8844005700683593,6744.55,0.3736476143284137,14,0.01334489542986455
2026-03-06,2026-03-20,10000.0,6740.02,0.0,0.3,0.6191444335937502,3241.8,3265.6,0.8868724691772459,6746.450000000001,0.39356865238308203,14,0.01470344552082674
2026-03-06,2026-03-20,10200.0,6740.02,0.0,0.3,0.647464462890625,3443.0,3467.0,0.951874260559082,6745.15,0.41356399218245254,14,0.016079296520239553
2026-03-06,2026-03-20,10400.0,6740.02,0.0,0.3,0.6748079394531252,3642.7,3666.7,0.9833680862426758,6745.450000000001,0.4329376026270372,14,0.01746608375913868
2026-03-06,2026-03-20,10800.0,6740.02,0.0,0.1,0.6738313867187502,4040.6,4064.4,1.000920522766113,6747.55,0.4703666580956983,14,0.017415568022417522
2026-03-06,2026-03-20,11000.0,6740.02,0.0,0.1,0.6992217578125001,4241.8,4265.8,1.0693405908203126,6746.25,0.488908477847655,14,0.018752753239390782
2026-03-06,2026-03-20,11200.0,6740.02,0.0,0.1,0.7226590234375,4440.0,4463.8,1.0483446020507814,6748.150000000001,0.5066453850558473,14,0.02003097232377802
2026-03-06,2026-03-20,11400.0,6740.02,0.0,0.3,0.8037129003906249,4641.2,4665.2,1.1198774475097657,6746.95,0.5245228044836732,14,0.024776334157699583
2026-03-06,2026-03-20,11600.0,6740.02,0.0,0.3,0.8271501660156249,4840.9,4864.9,1.143131725769043,6747.25,0.5418700836482332,14,0.02624242071220674
2026-03-06,2026-03-20,11800.0,6740.02,0.0,0.3,0.8510757080078125,5040.6,5064.6,1.165012719879151,6747.549999999999,0.5589200554371434,14,0.02778251520727121
2026-03-06,2026-03-20,12000.0,6740.02,0.0,0.3,0.8740246972656249,5240.3,5264.3,1.1854899124145506,6747.849999999999,0.5756827141598779,14,0.029301009315133544
2026-03-06,2026-03-20,12400.0,6740.02,0.0,0.3,0.918946123046875,5644.2,5658.6,1.0000000000000004e-05,6748.75,0.6083391700606315,14,0.03239032240789138
2026-03-06,2026-03-23,5500.0,6740.02,1237.3,1261.1,0.5169726037597657,8.6,10.3,0.5199175205993651,6739.75,-0.20327474000973508,17,0.01258997775300069
2026-03-06,2026-03-23,6000.0,6740.02,749.5,773.3,0.4441889077758788,20.0,22.0,0.3974135576629638,6740.4,-0.11635980111619523,17,0.007355994818749797
2026-03-06,2026-03-23,6375.0,6740.02,404.3,428.1,0.3422383281707762,49.2,51.5,0.3143340967178344,6740.85,-0.05580193868782423,17,0.005019510229527312
2026-03-06,2026-03-23,6400.0,6740.02,382.7,406.6,0.3362722013092041,52.7,55.0,0.3093254492950439,6740.8,-0.05188062187698885,17,0.004853107910902274
2026-03-06,2026-03-23,6575.0,6740.02,249.9,252.7,0.2731319635772705,85.0,87.7,0.2732273300552367,6739.95,-0.024777928435244827,17,0.00347578364490165
2026-03-06,2026-03-23,6600.0,6740.02,231.0,233.9,0.2679325831985473,91.0,93.8,0.2678410313796997,6740.05,-0.020997694261945758,17,0.003342402207760329
2026-03-06,2026-03-23,6625.0,6740.02,212.6,215.4,0.2624051421356201,97.6,100.3,0.2623174049758912,6740.05,-0.017216971422039738,17,0.003205940941508403
2026-03-06,2026-03-23,6650.0,6740.02,194.5,197.4,0.2568586277770996,104.5,107.3,0.2567708906173706,6740.05,-0.013450488626562899,17,0.0030718217786467814
2026-03-06,2026-03-23,6700.0,6740.02,159.8,162.7,0.2450713311004639,119.6,122.6,0.2449874085998535,6740.15,-0.005974653472530488,17,0.002796355247988547
2026-03-06,2026-03-23,6725.0,6740.02,143.2,146.1,0.2388686953735351,127.9,131.0,0.2387847728729248,6740.2,-0.0022576725865649638,17,0.0026565741146396043
2026-03-06,2026-03-23,6740.0,6740.02,133.6,136.5,0.2352066226196288,133.2,136.3,0.2349510404586792,6740.3,-4.450939519884144e-05,17,0.002573849231898184
2026-03-06,2026-03-23,6750.0,6740.02,127.2,130.1,0.2325211026000976,136.7,139.9,0.2322636131095886,6740.35,0.0014306525250925336,17,0.0025153576323799142
2026-03-06,2026-03-23,6760.0,6740.02,121.0,123.9,0.2299767249679565,140.6,143.7,0.2297192354774475,6740.3,0.0029184557354582905,17,0.002460579721128069
2026-03-06,2026-03-23,6770.0,6740.02,114.9,117.7,0.2272206337547301,144.6,147.5,0.2269631442642211,6740.25,0.004404070699728107,17,0.0024019242271675714
2026-03-06,2026-03-23,6775.0,6740.02,111.8,114.8,0.2261086606216431,146.4,149.5,0.2256776041412353,6740.35,0.005127514406418768,17,0.00237663294074157
2026-03-06,2026-03-23,6780.0,6740.02,108.8,111.8,0.2247659006118774,148.4,151.5,0.2243386587905883,6740.35,0.005865249592958346,17,0.0023485023217078146
2026-03-06,2026-03-23,6790.0,6740.02,102.9,105.8,0.2219163502502441,152.5,155.5,0.2214852937698364,6740.35,0.0073390892112588525,17,0.0022892365100240226
2026-03-06,2026-03-23,6800.0,6740.02,97.1,100.1,0.2193548066520691,156.7,159.7,0.218746368522644,6740.4,0.008803341837810827,17,0.0022348321059732193
2026-03-06,2026-03-23,6810.0,6740.02,91.5,94.3,0.2163774652099609,161.0,164.0,0.2159425940704345,6740.4,0.010272849817170762,17,0.0021762402549010125
2026-03-06,2026-03-23,6820.0,6740.02,85.9,88.7,0.2134973975753784,165.5,168.4,0.2130587117767333,6740.35,0.01174761949602489,17,0.00211859722276396
2026-03-06,2026-03-23,6825.0,6740.02,83.2,86.1,0.2123186679077148,167.8,170.7,0.2116968784713744,6740.4,0.012473070726773233,17,0.0020934356991162183
2026-03-06,2026-03-23,6830.0,6740.02,80.5,83.4,0.2108919853973388,170.0,172.9,0.2100909069824218,6740.5,0.013190567433716948,17,0.002063597346917325
2026-03-06,2026-03-23,6840.0,6740.02,75.2,78.1,0.2080176397514342,174.8,177.6,0.2072070246887206,6740.45,0.014661043360330438,17,0.0020075314200756617
2026-03-06,2026-03-23,6850.0,6740.02,70.1,72.8,0.2048571946716308,179.5,182.4,0.2042201465988158,6740.5,0.01611454612515213,17,0.0019485291845172989
2026-03-06,2026-03-23,6860.0,6740.02,65.1,67.9,0.2021335280609131,184.5,187.4,0.2013019323730468,6740.55,0.01756591776898359,17,0.0018951526729483156
2026-03-06,2026-03-23,6870.0,6740.02,60.2,62.9,0.1989139557647704,189.6,192.5,0.1982578343963623,6740.5,0.01903000008527635,17,0.001836761866641493
2026-03-06,2026-03-23,6875.0,6740.02,57.9,60.5,0.1973690188217163,192.2,195.1,0.1967052681350707,6740.55,0.01975011958382473,17,0.0018082241382797962
2026-03-06,2026-03-23,6880.0,6740.02,55.5,58.1,0.1957401593780517,194.9,197.8,0.1952633269882202,6740.45,0.020491963671123627,17,0.0017801529780546916
2026-03-06,2026-03-23,6890.0,6740.02,51.0,53.6,0.1928028718566894,200.3,203.2,0.1921200478744507,6740.55,0.02192956105675695,17,0.001725216520742382
2026-03-06,2026-03-23,6900.0,6740.02,46.6,49.2,0.1897053686523437,203.6,211.3,0.1940121187973022,6740.45,0.023394723329085026,17,0.001714427995184504
2026-03-06,2026-03-23,6910.0,6740.02,42.4,44.9,0.18643239112854,209.4,217.3,0.1914601118469238,6740.3,0.02486520346016394,17,0.0016627716744424903
2026-03-06,2026-03-23,6920.0,6740.02,38.4,40.9,0.1833768491744994,215.8,223.4,0.1887593331909179,6740.05,0.02634842633525267,17,0.0016125005135846722
2026-03-06,2026-03-23,6925.0,6740.02,36.5,39.0,0.1819082054138183,209.0,232.9,0.2007907680511474,6741.8,0.026811100489438428,17,0.001705338748595449
2026-03-06,2026-03-23,6930.0,6740.02,34.6,37.1,0.1803365658569335,212.1,236.0,0.1994975986099243,6741.8,0.027532861617848056,17,0.0016799026523534328
2026-03-06,2026-03-23,6940.0,6740.02,31.0,33.4,0.1770750323104858,218.5,242.3,0.1968578544998169,6741.8,0.02897482293474946,17,0.001628108674829365
2026-03-06,2026-03-23,6950.0,6740.02,27.6,30.0,0.1740385636520385,225.0,248.9,0.1945118391418457,6741.85,0.03040729160325781,17,0.001581575198487728
2026-03-06,2026-03-23,6960.0,6740.02,24.4,26.8,0.1709982803344726,231.8,255.6,0.1920246813964844,6741.9,0.03183769003840886,17,0.0015344906867442258
2026-03-06,2026-03-23,6975.0,6740.02,20.1,22.4,0.1664893532562256,242.3,266.2,0.1888737729644775,6742.0,0.03397571089556045,17,0.0014704179281609406
2026-03-06,2026-03-23,6990.0,6740.02,16.3,18.5,0.16211775390625,253.4,277.3,0.1861119597625732,6742.05,0.03611652326437556,17,0.0014119773076656163
2026-03-06,2026-03-23,7000.0,6740.02,14.0,16.2,0.1593673846817016,261.1,284.9,0.1843266992950439,6742.1,0.03753869995949475,17,0.0013754353405003024
2026-03-06,2026-03-23,7010.0,6740.02,12.0,14.1,0.1566627913665771,269.0,292.9,0.1832585947418212,6742.1,0.0389662519506801,17,0.0013454050195037886
2026-03-06,2026-03-23,7025.0,6740.02,9.4,11.4,0.1530159772491455,281.3,305.1,0.1816106620025634,6742.2,0.041088934060034964,17,0.0013038183498953332
2026-03-06,2026-03-23,7050.0,6740.02,6.0,7.9,0.1478280408477783,302.7,326.5,0.1805578160858154,6742.35,0.044619087980941725,17,0.0012556394572453295
2026-03-06,2026-03-23,7075.0,6740.02,3.6,5.4,0.1436090278625488,325.3,349.1,0.1819692399597168,6742.3,0.048166330525557424,17,0.0012342606466633546
2026-03-06,2026-03-23,7100.0,6740.02,2.05,3.8,0.1412973444366455,348.6,372.4,0.1848531222534179,6742.425,0.05167513154791085,17,0.0012386028477236197
2026-03-06,2026-03-23,7200.0,6740.02,0.1,1.3,0.1438379074096679,446.3,470.1,0.2097475876617431,6742.5,0.06565024999026163,17,0.0014557437941939808
2026-03-06,2026-03-23,7300.0,6740.02,0.0,0.9,0.1609886148071289,545.8,569.6,0.2397842135620116,6742.75,0.07940649457490216,17,0.0018702196022623355
2026-03-06,2026-03-23,7400.0,6740.02,0.0,0.75,0.1804281176757812,645.5,669.3,0.2691799767303466,6742.975,0.09297877801312106,17,0.002353771544824426
2026-03-06,2026-03-24,5500.0,6740.02,1238.7,1262.5,0.5155077746582031,9.3,11.1,0.5123034609985352,6740.4,-0.20337117810582506,18,0.012942978221149036
2026-03-06,2026-03-24,6300.0,6740.02,474.2,498.1,0.3605563212585449,43.6,45.9,0.3294859227371215,6741.4,-0.06771798509045827,18,0.005870444776009826
2026-03-06,2026-03-24,6475.0,6740.02,331.2,339.2,0.3004105909347534,68.6,71.2,0.2943490975952147,6740.3,-0.040155826733813085,18,0.004361166827263538
2026-03-06,2026-03-24,6500.0,6740.02,310.5,318.9,0.2951082147598267,73.2,75.8,0.2890276481246947,6740.2,-0.03628742117287634,18,0.004206756653110411
2026-03-06,2026-03-24,6550.0,6740.02,274.1,277.2,0.280444665107727,83.5,86.2,0.2786517753219604,6740.8,-0.02871356259545448,18,0.0038538348867264705
2026-03-06,2026-03-24,6725.0,6740.02,147.9,150.9,0.2401923820877075,132.0,135.1,0.2389411738967895,6740.85,-0.0023541042444113094,18,0.002830302301689236
2026-03-06,2026-03-24,6750.0,6740.02,131.9,135.0,0.2341728499984741,140.8,143.9,0.2324200141334533,6741.1,0.0013193885288942074,18,0.0026840823393555033
2026-03-06,2026-03-24,6760.0,6740.02,125.6,128.7,0.2315369205474853,144.5,147.6,0.2297821773529052,6741.1,0.0027997736993285896,18,0.0026237503983406445
2026-03-06,2026-03-24,6770.0,6740.02,119.4,122.4,0.228704536151886,148.3,151.4,0.2271157306289672,6741.05,0.0042853877832528565,18,0.002561574028045909
2026-03-06,2026-03-24,6775.0,6740.02,116.3,119.4,0.2274628646087646,150.2,153.4,0.2258721517562866,6741.05,0.005023667624833874,18,0.002533717443238783
2026-03-06,2026-03-24,6800.0,6740.02,101.5,104.5,0.2206365321159362,160.4,163.5,0.2190324679565429,6741.05,0.008706913041130294,18,0.002383259543318634
2026-03-06,2026-03-24,6810.0,6740.02,95.8,98.7,0.2177888890838623,164.6,167.7,0.2161752882766723,6741.1,0.010169003805876773,18,0.002321813924780616
2026-03-06,2026-03-24,6825.0,6740.02,87.4,90.3,0.2135813200759888,171.2,174.3,0.2119524606323242,6741.1,0.012369224715479155,18,0.002232480803719446
2026-03-06,2026-03-24,6840.0,6740.02,79.3,82.2,0.2093356044769287,178.0,181.5,0.2082064653778075,6741.0,0.014579449763157238,18,0.0021494142751879402
2026-03-06,2026-03-24,6850.0,6740.02,74.1,76.9,0.2063525410461425,182.9,185.9,0.2046779056930541,6741.1,0.01602553591858971,18,0.0020828962374241262
2026-03-06,2026-03-24,6860.0,6740.02,69.0,71.8,0.2034419561386108,187.7,191.1,0.2022861144256591,6741.0,0.017499159866492087,18,0.0020295032947866393
2026-03-06,2026-03-24,6870.0,6740.02,64.1,66.9,0.2006076644134521,192.7,195.8,0.1987041495132446,6741.25,0.018918738564958203,18,0.001965820989962821
2026-03-06,2026-03-24,6875.0,6740.02,61.7,64.4,0.1989864342880248,195.3,198.7,0.197800075302124,6741.05,0.019675944411704276,18,0.001941035353061095
2026-03-06,2026-03-24,6880.0,6740.02,59.3,62.1,0.1976551182556152,197.9,201.3,0.1962742116546631,6741.1,0.020395535589707983,18,0.0019131819899617095
2026-03-06,2026-03-24,6890.0,6740.02,54.7,57.4,0.1945728736877441,203.3,206.3,0.1925968802642822,6741.25,0.021825717356267392,18,0.0018480873498321275
2026-03-06,2026-03-24,6900.0,6740.02,50.2,52.9,0.1915325903701782,206.4,214.2,0.1941380025482178,6741.25,0.023276043933913977,18,0.001833803090655129
2026-03-06,2026-03-24,6910.0,6740.02,45.9,48.5,0.1883397206878662,212.1,220.0,0.1913990773010254,6741.15,0.024739104264435735,18,0.0017778273866882657
2026-03-06,2026-03-24,6920.0,6740.02,41.8,44.4,0.185368101234436,218.1,225.9,0.1885113803482055,6741.1,0.026192653274033903,18,0.0017233873982692369
2026-03-06,2026-03-24,6925.0,6740.02,39.8,42.4,0.1838460522460937,221.1,229.0,0.1872372842025756,6741.05,0.02692235293247149,18,0.0016977062785053243
2026-03-06,2026-03-24,6930.0,6740.02,37.9,40.4,0.1822210074615478,224.1,232.1,0.1858716362380981,6741.05,0.027644114060881197,18,0.0016704517111125344
2026-03-06,2026-03-24,6940.0,6740.02,34.1,36.7,0.1792989785766601,220.9,244.7,0.1963047289276123,6742.6,0.028856167302917356,18,0.001739319597011774
2026-03-06,2026-03-24,6950.0,6740.02,30.6,33.1,0.1761747727584838,227.3,251.1,0.1937450926589966,6742.65,0.030288636851366808,18,0.0016870772074991523
2026-03-06,2026-03-24,6960.0,6740.02,27.2,29.7,0.1730543815994262,233.9,257.7,0.1912579349136353,6742.65,0.03172645162099433,18,0.0016363166789972847
2026-03-06,2026-03-24,6975.0,6740.02,22.7,25.1,0.1686713382720947,244.2,268.1,0.1879735134124755,6742.75,0.033864474127986106,18,0.0015681643179424408
2026-03-06,2026-03-24,7000.0,6740.02,16.1,18.4,0.1613395634460449,262.6,286.4,0.182976309967041,6742.75,0.03744229547587001,18,0.001461617515284857
2026-03-06,2026-03-24,7020.0,6740.02,12.0,14.1,0.1560791485214233,278.3,302.1,0.1800771690368652,6742.85,0.0402805338241182,18,0.0013931638746700545
2026-03-06,2026-03-24,7025.0,6740.02,11.0,13.2,0.1549805266952514,282.3,306.1,0.1793409398269653,6742.9,0.040985115771608675,18,0.0013779966942439603
2026-03-06,2026-03-24,7030.0,6740.02,10.2,12.3,0.1537483917999267,286.4,310.2,0.1788030728912353,6742.95,0.04168919119475848,18,0.0013634442328960745
2026-03-06,2026-03-24,7050.0,6740.02,7.2,9.2,0.1492013181304931,303.3,327.1,0.1773763903808593,6743.0,0.04452268707173238,18,0.0013148999962585377
2026-03-06,2026-03-24,7100.0,6740.02,2.65,4.5,0.1419763537597656,348.5,372.4,0.1796575565338134,6743.125,0.05157131672380226,18,0.0012753908907625238
2026-03-06,2026-03-24,7800.0,6740.02,0.0,0.6,0.2531812963867187,1043.9,1067.7,0.3602664071655272,6744.5,0.1453963757679487,18,0.003161133805811154
2026-03-06,2026-03-25,2800.0,6740.02,3924.2,3948.0,1.7390149768066403,0.0,0.8,1.263187277832031,6735.7,-0.8778023219499717,19,0.0830608215853623
2026-03-06,2026-03-25,3200.0,6740.02,3525.2,3549.0,1.5189843386840818,0.0,1.15,1.1147505200195311,6736.525,-0.7443934035271539,19,0.06468686497477394
2026-03-06,2026-03-25,5200.0,6740.02,1536.0,1559.8,0.5858806060791015,6.8,8.6,0.5840037937927245,6740.2,-0.25943097248708613,19,0.01775383066334687
2026-03-06,2026-03-25,5400.0,6740.02,1338.4,1362.3,0.5370834866333009,8.9,10.7,0.532307533416748,6740.55,-0.22174257039858164,19,0.014749794226060885
2026-03-06,2026-03-25,5500.0,6740.02,1240.0,1263.8,0.5127459614562988,10.2,12.1,0.5069019036865234,6740.75,-0.2034231024594712,19,0.013375455504820296
2026-03-06,2026-03-25,5600.0,6740.02,1141.8,1165.6,0.559223768157959,11.8,13.7,0.4885457640075684,6740.95,-0.18543426680555308,19,0.012424280293328864
2026-03-06,2026-03-25,6000.0,6740.02,754.6,778.4,0.4380167893218994,23.9,26.1,0.3930038117218017,6741.5,-0.11652298286393722,19,0.00803996691651902
2026-03-06,2026-03-25,6300.0,6740.02,478.0,501.9,0.3600070103454589,46.8,49.3,0.3293829269409178,6741.9,-0.06779215091043246,19,0.006184870703426422
2026-03-06,2026-03-25,6500.0,6740.02,314.9,322.8,0.2947572661209106,77.1,79.9,0.2892756009674072,6740.35,-0.036309675457754535,19,0.004438899593800418
2026-03-06,2026-03-25,6600.0,6740.02,240.5,243.4,0.2700916802597046,99.3,102.2,0.268088984222412,6741.2,-0.021168301587347987,19,0.00376926720878482
2026-03-06,2026-03-25,6625.0,6740.02,222.0,225.0,0.2646977522659302,105.7,108.8,0.2627332028198242,6741.25,-0.017394995797013757,19,0.0036201950926511984
2026-03-06,2026-03-25,6650.0,6740.02,203.9,207.0,0.2591626818847656,112.6,115.6,0.2568929597091675,6741.35,-0.013643346935644899,19,0.003465722656984652
2026-03-06,2026-03-25,6700.0,6740.02,169.1,172.3,0.2476080794143677,127.6,130.8,0.2452315467834472,6741.5,-0.006174925695071795,19,0.003160908935524134
2026-03-06,2026-03-25,6720.0,6740.02,155.7,158.9,0.242710057106018,134.1,137.4,0.2403449684524536,6741.55,-0.003201714276444881,19,0.003036644518238779
2026-03-06,2026-03-25,6725.0,6740.02,152.4,155.5,0.2413024478912353,135.8,139.1,0.2391052042388915,6741.5,-0.002450526604089405,19,0.0030034511864920808
2026-03-06,2026-03-25,6730.0,6740.02,149.1,152.2,0.2400169077682494,137.6,140.8,0.2378196641159057,6741.45,-0.0016998916608367838,19,0.002971389040527414
2026-03-06,2026-03-25,6750.0,6740.02,136.2,139.4,0.2350979048347473,144.7,147.9,0.2327423528289795,6741.5,0.0012600527924462091,19,0.0028483668678947836
2026-03-06,2026-03-25,6770.0,6740.02,123.7,126.8,0.2297898066711425,152.1,155.3,0.2274285326766967,6741.55,0.004211218112680534,19,0.0027204956074547404
2026-03-06,2026-03-25,6775.0,6740.02,120.6,123.8,0.2285881890487671,154.1,157.3,0.2262269150543212,6741.5,0.004956914673772424,19,0.002691971780469697
2026-03-06,2026-03-25,6780.0,6740.02,117.6,120.7,0.2271767651748656,156.0,159.2,0.2248116765213012,6741.55,0.005687233140801037,19,0.0026586147103504483
2026-03-06,2026-03-25,6790.0,6740.02,111.6,114.7,0.2245293917465209,160.0,163.2,0.2221566737747192,6741.55,0.007161072759101743,19,0.0025966030010178545
2026-03-06,2026-03-25,6800.0,6740.02,105.7,108.8,0.2218438717269897,164.1,167.3,0.219459709777832,6741.55,0.008632743370557926,19,0.0025344028561168994
2026-03-06,2026-03-25,6810.0,6740.02,99.9,103.1,0.219272791481018,168.3,171.5,0.2167131552124023,6741.6,0.010094834685414476,19,0.002473692581211644
2026-03-06,2026-03-25,6825.0,6740.02,91.5,94.6,0.2150919250869751,174.8,178.0,0.2125055862045288,6741.65,0.012287638985519878,19,0.0023794198641034717
2026-03-06,2026-03-25,6830.0,6740.02,88.7,91.8,0.2136385399627685,177.0,180.2,0.2110407571029662,6741.65,0.013019971497195115,19,0.002347053151896359
2026-03-06,2026-03-25,6840.0,6740.02,83.3,86.3,0.2107165110778808,181.5,185.1,0.2087748495864868,6741.5,0.014505279542466975,19,0.0022900596108005535
2026-03-06,2026-03-25,6850.0,6740.02,78.0,81.1,0.2080615083312987,186.2,189.4,0.205238660583496,6741.75,0.015929117134652622,19,0.0022229613444349036
2026-03-06,2026-03-25,6860.0,6740.02,72.9,75.9,0.2051471087646484,191.1,194.2,0.2022937437438964,6741.75,0.0173879065983126,19,0.002160378710660894
2026-03-06,2026-03-25,6870.0,6740.02,67.9,70.8,0.2021411573791504,196.0,199.2,0.1994174907684326,6741.75,0.01884457109477676,19,0.002098450417904228
2026-03-06,2026-03-25,6875.0,6740.02,65.4,68.4,0.2007945827102661,198.6,201.7,0.197876368484497,6741.75,0.019572108413153693,19,0.002068378095345347
2026-03-06,2026-03-25,6880.0,6740.02,63.0,65.9,0.1992000551986694,201.1,204.3,0.1964344273376465,6741.75,0.020299116805770907,19,0.002036990569632733
2026-03-06,2026-03-25,6890.0,6740.02,58.4,61.2,0.1963276168823242,206.4,209.9,0.194057894706726,6741.65,0.021766382940063726,19,0.0019832987024070168
2026-03-06,2026-03-25,6900.0,6740.02,53.8,56.6,0.1933292948150634,211.8,215.3,0.1910137967300415,6741.65,0.02321670951771017,19,0.0019223785125688556
2026-03-06,2026-03-25,6910.0,6740.02,49.4,52.1,0.1901898303604126,215.0,223.0,0.1920017934417725,6741.75,0.024650102640097277,19,0.0019009166498537456
2026-03-06,2026-03-25,6920.0,6740.02,45.1,47.9,0.1872830601119995,220.8,228.8,0.1891407991027832,6741.7,0.026103650989583435,19,0.001843975009545795
2026-03-06,2026-03-25,6925.0,6740.02,43.1,45.8,0.1856999765777587,223.8,231.8,0.1877789657974243,6741.65,0.026833349987898745,19,0.0018152355394219313
2026-03-06,2026-03-25,6930.0,6740.02,41.1,43.8,0.1842198888397216,226.7,234.8,0.1863255806732177,6741.7,0.027547694561817083,19,0.0017868321606539235
2026-03-06,2026-03-25,6940.0,6740.02,37.3,39.9,0.1811834201812744,223.5,247.4,0.1964687592697143,6743.15,0.02877459972227776,19,0.0018560289070120232
2026-03-06,2026-03-25,6950.0,6740.02,33.6,36.2,0.1781660248184204,229.8,253.7,0.1939243816375732,6743.15,0.03021448478026534,19,0.0018017631102432488
2026-03-06,2026-03-25,6960.0,6740.02,30.1,32.7,0.1751715174102783,236.3,260.1,0.1912464909362793,6743.2,0.03164488464519297,19,0.0017472472465565074
2026-03-06,2026-03-25,6970.0,6740.02,26.9,29.4,0.1721884539794922,243.0,266.8,0.1888546996688843,6743.25,0.03307322022157764,19,0.0016963637103636566
2026-03-06,2026-03-25,6975.0,6740.02,25.3,27.9,0.1708800259017944,246.4,270.2,0.1876378234100341,6743.3,0.03378290836183449,19,0.001672716381663288
2026-03-06,2026-03-25,7000.0,6740.02,18.3,20.8,0.1635940269851685,264.3,288.1,0.1822553393936157,6743.35,0.0373533149699572,19,0.0015565917125120027
2026-03-06,2026-03-25,7025.0,6740.02,12.8,15.1,0.1569298175048828,283.6,307.4,0.1780859169769287,6743.45,0.040903551819864034,19,0.001460599523737921
2026-03-06,2026-03-25,7050.0,6740.02,8.6,10.7,0.1510170958709717,304.2,328.0,0.1753775090026855,6743.55,0.044441124329547804,19,0.0013863940573438259
2026-03-06,2026-03-25,7060.0,6740.02,7.2,9.3,0.1490105851745605,312.8,336.6,0.1748358274078369,6743.55,0.04585855901052113,19,0.0013648311506214241
2026-03-06,2026-03-25,7100.0,6740.02,3.3,5.4,0.1434945880889892,348.7,372.6,0.1756102032089233,6743.7,0.051486048322922334,19,0.001325157184079727
2026-03-06,2026-03-25,7500.0,6740.02,0.0,0.75,0.1919026123046875,743.9,767.7,0.2727276097106933,6744.575,0.10616454250450416,19,0.0019170017522682214
2026-03-06,2026-03-25,7600.0,6740.02,0.0,0.7,0.2109453906249999,843.7,867.5,0.298011170349121,6744.75,0.11938382281168801,19,0.002316332051212992
2026-03-06,2026-03-26,2800.0,6740.02,3924.6,3948.4,1.7064223663330076,0.0,0.9,1.2436561254882812,6736.05,-0.8778542825341689,20,0.08474961964189169
2026-03-06,2026-03-26,5500.0,6740.02,1241.5,1265.3,0.5113116496276855,11.0,13.1,0.5013325013732912,6741.35,-0.20351210936498246,20,0.013771741201819234
2026-03-06,2026-03-26,6000.0,6740.02,757.3,781.1,0.4357585111236572,25.8,28.1,0.3907379042053222,6742.25,-0.11663422788120223,20,0.008365814234672192
2026-03-06,2026-03-26,6625.0,6740.02,226.7,229.8,0.2659985510253906,109.7,112.9,0.2629277504348755,6741.95,-0.017498828715108775,20,0.0038323703065265245
2026-03-06,2026-03-26,6700.0,6740.02,173.8,177.1,0.2490290399360656,131.6,134.9,0.2455939393997192,6742.2,-0.006278754762854231,20,0.003351395776534359
2026-03-06,2026-03-26,6750.0,6740.02,140.8,144.2,0.2367706328582763,148.4,151.9,0.2332077412414551,6742.35,0.0011339760412029348,20,0.0030257489331702338
2026-03-06,2026-03-26,6775.0,6740.02,125.2,128.4,0.2301254966735839,157.7,161.2,0.2267113767623901,6742.35,0.0048308379225291105,20,0.002858903136037755
2026-03-06,2026-03-26,6800.0,6740.02,110.2,113.4,0.2236100588989257,167.7,171.1,0.2200090206909179,6742.4,0.008506667554328226,20,0.002695861476385479
2026-03-06,2026-03-26,6820.0,6740.02,98.6,101.8,0.2181512817001342,176.1,179.5,0.2145082822418212,6742.4,0.011443527227637933,20,0.002564305455759493
2026-03-06,2026-03-26,6825.0,6740.02,95.8,99.0,0.2168161510086059,178.4,181.6,0.212997677230835,6742.4,0.012176396443290684,20,0.002530683930764981
2026-03-06,2026-03-26,6830.0,6740.02,93.0,96.2,0.2154276150894165,180.6,183.9,0.2117579130172729,6742.35,0.012916144739463193,20,0.002499828430462892
2026-03-06,2026-03-26,6840.0,6740.02,87.6,90.7,0.2126429139328002,185.1,188.3,0.2087786642456054,6742.45,0.014364371277222322,20,0.002432823925402438
2026-03-06,2026-03-26,6850.0,6740.02,82.2,85.4,0.2099612085723876,189.7,192.9,0.2058909672927856,6742.5,0.015817876242386012,20,0.0023689456461890267
2026-03-06,2026-03-26,6860.0,6740.02,77.0,80.1,0.2070391796874999,194.5,197.7,0.2030910074996947,6742.45,0.017284081380557103,20,0.0023042023348247027
2026-03-06,2026-03-26,6870.0,6740.02,72.0,75.0,0.2042010733032226,199.3,202.6,0.2002033105468749,6742.55,0.018725914582990513,20,0.0022403137763996844
2026-03-06,2026-03-26,6875.0,6740.02,69.5,72.5,0.202770576133728,201.8,205.1,0.1987422961044311,6742.55,0.01945345190136756,20,0.0022083915968895383
2026-03-06,2026-03-26,6880.0,6740.02,67.0,70.1,0.2014468894195556,204.3,207.6,0.1972126177978515,6742.6,0.02017304472945639,20,0.0021771151054085737
2026-03-06,2026-03-26,6890.0,6740.02,62.3,65.2,0.1984180500793457,209.5,212.8,0.1942867742538452,6742.6,0.021625477809771285,20,0.002112562726774826
2026-03-06,2026-03-26,6900.0,6740.02,57.6,60.5,0.1954502452850341,214.8,218.1,0.1912426762771606,6742.6,0.023075804387417766,20,0.00204837555597679
2026-03-06,2026-03-26,6910.0,6740.02,53.1,56.0,0.1925472896957397,217.9,225.9,0.1924690891838073,6742.65,0.02451661505424456,20,0.0020306522192536833
2026-03-06,2026-03-26,6920.0,6740.02,48.8,51.6,0.1895108210372925,223.5,231.6,0.1896176314926147,6742.65,0.025962746904244233,20,0.001969018952297563
2026-03-06,2026-03-26,6925.0,6740.02,46.7,49.5,0.1880574359130859,226.4,234.5,0.1881642463684081,6742.65,0.026685029348068125,20,0.0019389418386125674
2026-03-06,2026-03-26,6930.0,6740.02,44.6,47.4,0.1865163136291504,229.4,237.5,0.1868214863586426,6742.55,0.027421621550544513,20,0.0019093303136948673
2026-03-06,2026-03-26,6940.0,6740.02,40.6,43.4,0.1835637674713134,235.4,243.4,0.183678207244873,6742.6,0.028856167302917356,20,0.0018474886026499187
2026-03-06,2026-03-26,6950.0,6740.02,36.8,39.6,0.1806493679046631,232.3,256.2,0.1939625282287598,6743.95,0.03009585290225786,20,0.0019223845578723077
2026-03-06,2026-03-26,6960.0,6740.02,33.2,35.9,0.1775594940185547,238.7,262.5,0.1912922668457031,6743.95,0.03153366767188541,20,0.001863720842365255
2026-03-06,2026-03-26,6975.0,6740.02,28.2,30.8,0.173123045463562,248.5,272.4,0.187584418182373,6744.05,0.033671693037730974,20,0.0017823270456148424
2026-03-06,2026-03-26,7000.0,6740.02,20.8,23.4,0.1660926287078858,266.0,289.9,0.1818471708679199,6744.15,0.03723468661022583,20,0.0016583849880664632
2026-03-06,2026-03-26,7025.0,6740.02,14.8,17.2,0.1591690224075317,284.9,308.7,0.1769491485595703,6744.2,0.04079233896947528,20,0.0015476085596475343
2026-03-06,2026-03-26,7050.0,6740.02,10.1,12.4,0.1531761929321289,305.0,328.9,0.1735464726257324,6744.3,0.04432991312824089,20,0.00146229726286622
2026-03-06,2026-03-26,7075.0,6740.02,6.6,8.9,0.148522308807373,326.4,350.2,0.1713873755645752,6744.45,0.04784749907717834,20,0.0014019480295199935
2026-03-06,2026-03-26,7100.0,6740.02,4.1,6.3,0.1445855805969238,348.8,372.6,0.171169939994812,6744.5,0.05136742611967231,20,0.0013657746408788781
2026-03-06,2026-03-26,7150.0,6740.02,1.35,3.4,0.1412744564819336,395.9,419.7,0.1760717769622803,6744.575,0.058373878668155556,20,0.0013795702997428695
2026-03-06,2026-03-26,7400.0,6740.02,0.0,0.9,0.1701132794189453,643.3,667.1,0.2351608467102051,6745.25,0.09264144674505978,20,0.002249960511092417
2026-03-06,2026-03-26,7500.0,6740.02,0.0,0.8,0.188484677734375,743.0,766.9,0.260398631439209,6745.45,0.10603481702197513,20,0.001946656095377052
2026-03-06,2026-03-26,7600.0,6740.02,0.0,0.75,0.2072222833251952,842.8,866.6,0.2838358970642089,6745.675,0.11924668851066329,20,0.002352935600356574
2026-03-06,2026-03-27,5000.0,6740.02,1737.1,1760.9,0.642627475128174,6.2,7.9,0.6185340881347658,6741.95,-0.29891128815329426,21,0.02201170625172283
2026-03-06,2026-03-27,5450.0,6740.02,1293.1,1317.0,0.5293778752136231,11.1,13.1,0.5078479391479492,6742.95,-0.2128819059526624,21,0.014838630452693704
2026-03-06,2026-03-27,5500.0,6740.02,1244.1,1267.9,0.5169726037597657,11.9,14.0,0.5036518141174318,6743.05,-0.2037642525836657,21,0.014594433279833919
2026-03-06,2026-03-27,5800.0,6740.02,952.0,975.9,0.4931615015411378,19.1,21.4,0.4326838958740234,6743.7,-0.1507508181719737,21,0.010771294325268979
2026-03-06,2026-03-27,5850.0,6740.02,903.9,927.7,0.4784750639343262,20.9,23.2,0.421430651473999,6743.75,-0.1421744887805426,21,0.010218300476815845
2026-03-06,2026-03-27,5875.0,6740.02,879.9,903.8,0.4716391947937011,21.9,24.2,0.4159375423431396,6743.8,-0.1379175042390741,21,0.009953657045861567
2026-03-06,2026-03-27,5900.0,6740.02,856.0,879.9,0.46465073928833,22.9,25.3,0.4106351661682129,6743.85,-0.13367862754764132,21,0.00970149598239428
2026-03-06,2026-03-27,5925.0,6740.02,832.2,856.0,0.4575135120773316,24.0,26.3,0.4046995565795898,6743.95,-0.12946511965324808,21,0.009423058501397392
2026-03-06,2026-03-27,5950.0,6740.02,808.4,832.2,0.4505441298675536,25.2,27.5,0.3993361458587646,6743.95,-0.12525458711690463,21,0.009174949329249268
2026-03-06,2026-03-27,6000.0,6740.02,761.1,784.9,0.4370249779510498,27.7,30.1,0.3886016950988769,6744.1,-0.11690857935682078,21,0.008688320071529124
2026-03-06,2026-03-27,6050.0,6740.02,714.1,738.0,0.423921623878479,30.7,33.1,0.3781800463867187,6744.15,-0.10861719040233726,21,0.008228556430647328
2026-03-06,2026-03-27,6100.0,6740.02,667.6,691.4,0.4107953818511963,34.0,36.5,0.3678880960845948,6744.25,-0.1004015188213513,21,0.007786779934399202
2026-03-06,2026-03-27,6150.0,6740.02,621.5,645.3,0.3980544203948974,37.8,40.3,0.3575351112365723,6744.35,-0.09225303551786676,21,0.008211798867487904
2026-03-06,2026-03-27,6200.0,6740.02,576.0,599.8,0.3857597740554809,42.2,44.7,0.3475101870727538,6744.45,-0.084170652401077,21,0.007733822982022644
2026-03-06,2026-03-27,6250.0,6740.02,531.1,554.9,0.3736901926040649,47.2,49.8,0.337809508934021,6744.5,-0.07614589417928719,21,0.007281416665112667
2026-03-06,2026-03-27,6275.0,6740.02,508.9,532.8,0.3679605746078491,50.0,52.7,0.3332052153778077,6744.5,-0.07215387290974971,21,0.007071440250664664
2026-03-06,2026-03-27,6300.0,6740.02,486.9,510.8,0.3620898142242431,53.0,55.6,0.3281698653411864,6744.55,-0.0681851379506256,21,0.006853169130074764
2026-03-06,2026-03-27,6325.0,6740.02,465.1,489.0,0.3562800883865356,56.1,58.8,0.3233862828063964,6744.6,-0.06423215010008546,21,0.006644434177220506
2026-03-06,2026-03-27,6350.0,6740.02,443.5,467.4,0.3504970651626586,59.4,62.2,0.3185798123168945,6744.65,-0.06029478511966817,21,0.006439000840776414
2026-03-06,2026-03-27,6375.0,6740.02,422.1,446.0,0.3447178565979004,63.0,65.8,0.3137237512588501,6744.65,-0.0563655069797786,21,0.00623592628088811
2026-03-06,2026-03-27,6400.0,6740.02,401.0,424.8,0.3389119454193114,66.7,69.6,0.3087913970184326,6744.75,-0.05246643411497136,21,0.006034186312264067
2026-03-06,2026-03-27,6425.0,6740.02,380.0,403.9,0.3332433619689942,70.9,73.7,0.3039505945968627,6744.65,-0.04855296724298494,21,0.005839958153400735
2026-03-06,2026-03-27,6470.0,6740.02,348.8,357.4,0.3055756393814087,78.7,81.6,0.2948907791900634,6742.95,-0.041321406115005926,21,0.005186135833200723
2026-03-06,2026-03-27,6475.0,6740.02,344.8,353.5,0.3048127075576782,79.6,82.5,0.293818859977722,6743.1,-0.04057115225115278,21,0.005154489607292943
2026-03-06,2026-03-27,6480.0,6740.02,340.8,349.5,0.3038437841415405,80.6,83.5,0.2929071564483642,6743.1,-0.039799249472570936,21,0.005122154374653189
2026-03-06,2026-03-27,6490.0,6740.02,332.7,341.2,0.3012879625320435,82.4,85.4,0.2908281672286986,6743.05,-0.03824981410609234,21,0.005042898447657286
2026-03-06,2026-03-27,6500.0,6740.02,324.7,333.2,0.2991937146759033,84.5,87.4,0.2888369151687621,6743.0,-0.03670275285085345,21,0.004973548256401227
2026-03-06,2026-03-27,6520.0,6740.02,309.3,317.3,0.2948984085083007,88.5,91.5,0.2847476005935668,6743.3,-0.03367504340703336,21,0.004832725625494635
2026-03-06,2026-03-27,6525.0,6740.02,305.0,313.4,0.2938989678192137,89.6,92.5,0.2836184614944457,6743.15,-0.03288622158767818,21,0.0047972972632754855
2026-03-06,2026-03-27,6550.0,6740.02,288.8,291.9,0.2850985492324828,94.9,98.0,0.2784858376502991,6743.9,-0.029173342947202884,21,0.004568612728697853
2026-03-06,2026-03-27,6560.0,6740.02,281.1,284.3,0.2831492584228515,97.1,100.3,0.2764240143966674,6744.0,-0.027662617743556682,21,0.004503813151186919
2026-03-06,2026-03-27,6575.0,6740.02,269.6,272.8,0.2798572076034545,100.6,103.8,0.2732158860778808,6744.0,-0.0253786426357261,21,0.004399785469889798
2026-03-06,2026-03-27,6580.0,6740.02,265.8,269.1,0.278930245437622,101.8,105.0,0.2721496888542175,6744.05,-0.024625889332472513,21,0.004368130803808947
2026-03-06,2026-03-27,6590.0,6740.02,258.3,261.4,0.2764964929199218,104.2,107.4,0.2699352792358398,6744.05,-0.023107286155282514,21,0.004294754324689734
2026-03-06,2026-03-27,6600.0,6740.02,250.8,253.9,0.2742839906311035,106.7,109.9,0.2677723675155639,6744.05,-0.021590985637318517,21,0.004226251372295746
2026-03-06,2026-03-27,6610.0,6740.02,243.3,246.5,0.2721287082290649,109.3,112.5,0.2656628610229492,6744.0,-0.02006956683595938,21,0.0041600104185817955
2026-03-06,2026-03-27,6620.0,6740.02,236.0,239.1,0.2698551713943481,111.8,115.1,0.2634389147567749,6744.1,-0.01857267863595896,21,0.004090722074519857
2026-03-06,2026-03-27,6625.0,6740.02,232.3,235.6,0.2690025950813293,113.1,116.4,0.2622811657142639,6744.2,-0.017832504378048272,21,0.004059939126155677
2026-03-06,2026-03-27,6630.0,6740.02,228.6,231.9,0.2677952554702759,114.5,117.8,0.2612569297409057,6744.1,-0.01706324438710469,21,0.004025904457678941
2026-03-06,2026-03-27,6650.0,6740.02,214.2,217.5,0.2633092163467407,120.0,123.3,0.2566869681167602,6744.2,-0.014066021582571408,21,0.0038892579924579332
2026-03-06,2026-03-27,6660.0,6740.02,207.0,210.5,0.261199709854126,122.7,126.2,0.2544553925323487,6744.3,-0.012578219143638594,21,0.0038245916965488494
2026-03-06,2026-03-27,6670.0,6740.02,200.0,203.3,0.2586477029037475,125.7,129.1,0.2520941185379028,6744.25,-0.011070430073084536,21,0.0037520557339453618
2026-03-06,2026-03-27,6675.0,6740.02,196.5,199.7,0.2573240161895752,127.2,130.6,0.2509439988136291,6744.2,-0.010313671964020952,21,0.0037157971757405804
2026-03-06,2026-03-27,6695.0,6740.02,182.6,185.9,0.2526472441101074,133.3,136.7,0.2461585089492798,6744.25,-0.007329310857481118,21,0.0035787334006767055
2026-03-06,2026-03-27,6700.0,6740.02,179.2,182.6,0.2516249154663086,134.9,138.3,0.2449950379180908,6744.3,-0.006590177299015915,21,0.003547437630198619
2026-03-06,2026-03-27,6705.0,6740.02,175.8,179.1,0.250259267501831,136.4,139.9,0.2437934202957153,6744.3,-0.00584418696229452,21,0.003510855633369572
2026-03-06,2026-03-27,6710.0,6740.02,172.5,175.8,0.2491682749938965,138.1,141.5,0.2425574707412719,6744.35,-0.005106166352702863,21,0.0034778619105444906
2026-03-06,2026-03-27,6725.0,6740.02,162.4,165.8,0.2455271828651428,143.0,146.5,0.2389373592376708,6744.35,-0.0028731918483905095,21,0.0033759066737347023
2026-03-06,2026-03-27,6730.0,6740.02,159.1,162.5,0.2442931406402587,144.7,148.1,0.2375507306480407,6744.4,-0.00213738726505198,21,0.0033394820837397265
2026-03-06,2026-03-27,6740.0,6740.02,152.6,155.9,0.2417068017578125,148.2,151.6,0.2351303294372558,6744.35,-0.0006451924120776715,21,0.0032704429064473965
2026-03-06,2026-03-27,6745.0,6740.02,149.3,152.7,0.2405128134536743,149.8,153.3,0.2337818474388122,6744.45,8.154520759638291e-05,21,0.003235660227653078
2026-03-06,2026-03-27,6750.0,6740.02,146.1,149.5,0.2392806785583495,151.7,155.1,0.2325478052139282,6744.4,0.000829973962749928,21,0.0032020989589560114
2026-03-06,2026-03-27,6755.0,6740.02,142.9,146.3,0.2380065824127196,153.5,156.9,0.2312756163978576,6744.4,0.0015704404904737076,21,0.003167631112691981
2026-03-06,2026-03-27,6760.0,6740.02,139.8,143.1,0.2366943396759033,155.4,158.7,0.2299614663314819,6744.4,0.0023103591331843066,21,0.003132274292389349
2026-03-06,2026-03-27,6770.0,6740.02,133.5,136.8,0.234096556816101,158.9,162.4,0.2273560541534423,6744.5,0.0037737289965863352,21,0.00306281421615259
2026-03-06,2026-03-27,6775.0,6740.02,130.4,133.7,0.2328148313522338,160.9,164.3,0.2260686067008972,6744.45,0.004519422313641601,21,0.003028804249389518
2026-03-06,2026-03-27,6780.0,6740.02,127.3,130.7,0.2316437310028076,162.7,166.2,0.2247353833389281,6744.55,0.005242330604191628,21,0.002995835490516636
2026-03-06,2026-03-27,6785.0,6740.02,124.3,127.6,0.2302742683792114,164.6,168.1,0.2233563840675353,6744.6,0.005972108573163157,21,0.0029598603737153993
2026-03-06,2026-03-27,6790.0,6740.02,121.2,124.6,0.2290154308700561,166.7,170.1,0.2220880099105834,6744.5,0.006723583643007534,21,0.0029269730136758697
2026-03-06,2026-03-27,6800.0,6740.02,115.3,118.6,0.2263604281234741,170.7,174.1,0.2194101192092895,6744.55,0.008187840833948553,21,0.002858177396066016
2026-03-06,2026-03-27,6810.0,6740.02,109.4,112.7,0.2236787227630614,174.8,178.2,0.216694081916809,6744.55,0.009657348813308372,21,0.002789378321324603
2026-03-06,2026-03-27,6815.0,6740.02,106.4,109.8,0.2223435920715331,176.8,180.3,0.2153398779296875,6744.55,0.010391293800383446,21,0.002755413163122258
2026-03-06,2026-03-27,6820.0,6740.02,103.6,106.9,0.2209588708114623,179.0,182.4,0.2139360833740234,6744.55,0.01112470050725816,21,0.0027204150991067873
2026-03-06,2026-03-27,6825.0,6740.02,100.7,104.1,0.2196847746658325,181.1,184.5,0.2124788835906982,6744.6,0.011850156357354034,21,0.0026863520396376824
2026-03-06,2026-03-27,6830.0,6740.02,97.9,101.2,0.218197057609558,183.3,186.7,0.2111246796035766,6744.55,0.012589902234586179,21,0.0026511371472039587
2026-03-06,2026-03-27,6835.0,6740.02,95.2,98.4,0.2168199656677246,185.4,188.9,0.2097189777183532,6744.65,0.01330687215164429,21,0.002616880051180236
2026-03-06,2026-03-27,6840.0,6740.02,92.4,95.7,0.2155458695220947,187.7,191.1,0.20825605594635,6744.65,0.014038133610190568,21,0.002583403775784921
2026-03-06,2026-03-27,6845.0,6740.02,89.7,92.9,0.2140619671249389,189.9,193.3,0.2067378216171264,6744.7,0.014761447460501172,21,0.002546932675556646
2026-03-06,2026-03-27,6850.0,6740.02,87.0,90.2,0.2126810605239868,192.3,195.6,0.2053225830841064,6744.65,0.015499054249865528,21,0.002513197237987998
2026-03-06,2026-03-27,6855.0,6740.02,84.3,87.6,0.2114069643783568,194.6,198.0,0.20401034034729,6744.65,0.016228714990009167,21,0.0024821933413533824
2026-03-06,2026-03-27,6860.0,6740.02,81.7,84.9,0.2099116180038451,197.0,200.3,0.2024730327224731,6744.65,0.016957843713525374,21,0.0024460843172931625
2026-03-06,2026-03-27,6865.0,6740.02,79.1,82.3,0.2085230820846557,199.4,202.7,0.2010425355529785,6744.65,0.017686441195665956,21,0.0024127560946361867
2026-03-06,2026-03-27,6870.0,6740.02,76.6,79.7,0.2070754189491271,201.7,205.1,0.1995433745193481,6744.75,0.01839968175366038,21,0.0023781614433129646
2026-03-06,2026-03-27,6875.0,6740.02,74.0,77.2,0.2057307516098022,204.3,207.5,0.1979831789398193,6744.7,0.019134632272723988,21,0.0023443038987098056
2026-03-06,2026-03-27,6880.0,6740.02,71.5,74.7,0.2043269570541381,206.8,210.0,0.1965221644973754,6744.7,0.01986164066534133,21,0.002311150947411658
2026-03-06,2026-03-27,6885.0,6740.02,69.1,72.2,0.202858313293457,209.3,212.5,0.1949924861907958,6744.75,0.020580707700020663,21,0.002276705775106467
2026-03-06,2026-03-27,6890.0,6740.02,66.7,69.7,0.2013248203277587,211.7,215.1,0.1935658036804199,6744.8,0.021299247399238337,21,0.0022429525366581796
2026-03-06,2026-03-27,6895.0,6740.02,64.3,67.3,0.1998905084991455,214.3,217.7,0.1920666426467895,6744.8,0.022024673618936296,21,0.0022097524486460163
2026-03-06,2026-03-27,6900.0,6740.02,61.9,64.9,0.1983913474655151,217.1,220.3,0.1904950030899048,6744.7,0.022764400323302687,21,0.0021752633332976514
2026-03-06,2026-03-27,6905.0,6740.02,59.6,62.6,0.196998996887207,219.6,223.3,0.1895527822875977,6744.65,0.0234961888369869,21,0.002149224546333799
2026-03-06,2026-03-27,6910.0,6740.02,57.3,60.3,0.1955303531265259,222.4,226.0,0.1880116600036621,6744.6,0.024227453065909055,21,0.0021158862962706187
2026-03-06,2026-03-27,6915.0,6740.02,55.1,58.0,0.1939930455017089,213.6,237.5,0.2020686788558959,6746.0,0.02474322847726313,21,0.002256275807892812
2026-03-06,2026-03-27,6920.0,6740.02,52.9,55.8,0.1925549190139771,225.4,233.5,0.1885075656890869,6744.9,0.025629105876648885,21,0.0020886170974037874
2026-03-06,2026-03-27,6925.0,6740.02,50.7,53.6,0.1910443140029907,228.2,236.3,0.1869473701095581,6744.9,0.026351388320472947,21,0.0020550903961801766
2026-03-06,2026-03-27,6930.0,6740.02,48.6,51.5,0.189636704788208,231.0,239.2,0.1854901703262328,6744.95,0.027065736468011626,21,0.0020240572747230344
2026-03-06,2026-03-27,6935.0,6740.02,46.5,49.4,0.1881528023910522,224.9,248.8,0.1964077247238159,6746.1,0.027616493638034846,21,0.002127138889939842
2026-03-06,2026-03-27,6940.0,6740.02,44.5,47.4,0.1867718957901001,236.9,245.2,0.1827054691696166,6744.9,0.02851511076578386,21,0.001963550676417185
2026-03-06,2026-03-27,6945.0,6740.02,42.5,45.3,0.1851201483917236,230.8,254.7,0.1935886916351318,6746.15,0.029050004415296614,21,0.002062895956030283
2026-03-06,2026-03-27,6950.0,6740.02,40.5,43.4,0.183765944404602,243.0,251.1,0.1793790864181518,6744.9,0.029954995823771403,21,0.0018968223161893397
2026-03-06,2026-03-27,6955.0,6740.02,38.6,41.5,0.1823240032577514,236.9,260.8,0.1908383224105834,6746.2,0.030481441977077438,21,0.0020029127036042516
2026-03-06,2026-03-27,6960.0,6740.02,36.8,39.6,0.1807943249511718,240.1,263.9,0.1894383425140381,6746.2,0.03120009094799946,21,0.001971586841935958
2026-03-06,2026-03-27,6970.0,6740.02,33.2,36.0,0.1778608520889282,246.5,270.3,0.1867871544265747,6746.2,0.032635841374103865,21,0.0019125558505276269
2026-03-06,2026-03-27,6975.0,6740.02,31.5,34.3,0.1764608721923828,249.7,273.6,0.1855397608947753,6746.25,0.033345532756713925,21,0.001884886044839431
2026-03-06,2026-03-27,6980.0,6740.02,29.9,32.6,0.1749617111587524,253.0,276.9,0.184204630203247,6746.3,0.034054710326109475,21,0.0018554860795305824
2026-03-06,2026-03-27,6985.0,6740.02,28.3,31.0,0.1735808045578002,256.4,280.2,0.1827817623519897,6746.35,0.03476337481822748,21,0.0018266300417707014
2026-03-06,2026-03-27,6990.0,6740.02,26.7,29.4,0.1721007168197632,259.8,283.7,0.1816983991622924,6746.3,0.035486349797547424,21,0.001800445276618743
2026-03-06,2026-03-27,7000.0,6740.02,23.9,26.4,0.1692740544128418,266.8,290.6,0.1790472110748291,6746.45,0.03689370844434978,21,0.0017451245094586183
2026-03-06,2026-03-27,7005.0,6740.02,22.5,25.0,0.1679312944030762,270.4,294.2,0.177918071975708,6746.45,0.03760773917800669,21,0.0017204434717237919
2026-03-06,2026-03-27,7010.0,6740.02,21.0,23.6,0.1664855385971069,274.0,297.8,0.1767011957168579,6746.4,0.03832867176820394,21,0.0016940546758840835
2026-03-06,2026-03-27,7020.0,6740.02,18.4,21.0,0.1637427986907959,281.4,305.2,0.1744543614959717,6746.4,0.03975418875942502,21,0.0016451532207714225
2026-03-06,2026-03-27,7025.0,6740.02,17.3,19.8,0.1624610732269287,285.2,309.0,0.1734396621704101,6746.45,0.04045877460884602,21,0.0016228872498972144
2026-03-06,2026-03-27,7030.0,6740.02,16.1,18.7,0.1613319341278076,289.0,312.8,0.1723295963668823,6746.5,0.04116285393386849,21,0.0016013221613515323
2026-03-06,2026-03-27,7040.0,6740.02,14.0,16.5,0.158737965927124,296.8,320.6,0.1703421589660644,6746.55,0.04257690705843126,21,0.0015576495209548259
2026-03-06,2026-03-27,7050.0,6740.02,12.1,14.5,0.1562355495452881,304.8,328.6,0.168526381225586,6746.6,0.04398894254476863,21,0.001517038729615443
2026-03-06,2026-03-27,7060.0,6740.02,10.4,12.8,0.1541947069168091,313.0,336.9,0.1672065091705322,6746.65,0.045398966112778126,21,0.0014858038190074376
2026-03-06,2026-03-27,7070.0,6740.02,8.8,11.2,0.1520165365600586,321.4,345.3,0.165848490524292,6746.65,0.046814394516108915,21,0.0014532888248698862
2026-03-06,2026-03-27,7075.0,6740.02,8.1,10.4,0.1507271817779541,325.7,349.5,0.1650397827911377,6746.65,0.047521358136928905,21,0.0014341673247785889
2026-03-06,2026-03-27,7080.0,6740.02,7.5,9.7,0.1496819651794433,330.0,353.8,0.1644637692642211,6746.7,0.048220411255216096,21,0.0014194783505836544
2026-03-06,2026-03-27,7090.0,6740.02,6.3,8.6,0.1484231276702881,344.0,359.7,0.1530998997497559,6745.6,0.049794900059239346,21,0.0013076978475037814
2026-03-06,2026-03-27,7100.0,6740.02,5.2,7.5,0.146744677658081,347.7,371.5,0.1631095652770996,6746.75,0.05103387659374109,21,0.001380960746002474
2026-03-06,2026-03-27,7120.0,6740.02,3.6,5.8,0.1444024769592285,365.9,389.7,0.162544995727539,6746.9,0.053824585290538886,21,0.001355172445729227
2026-03-06,2026-03-27,7125.0,6740.02,3.2,5.4,0.1436776917266845,370.6,394.4,0.1628730564117431,6746.8,0.054541407752991725,21,0.0013516716334717965
2026-03-06,2026-03-27,7130.0,6740.02,2.95,5.0,0.1428308374023437,375.2,399.0,0.1627357286834717,6746.875,0.055231799705169435,21,0.0013430064743143952
2026-03-06,2026-03-27,7140.0,6740.02,2.4,4.5,0.1426172164916992,384.6,408.4,0.1631629705047607,6746.95,0.05662222543471645,21,0.0013448849164050616
2026-03-06,2026-03-27,7150.0,6740.02,1.9,3.9,0.141434672164917,394.1,418.0,0.1643531441497802,6746.85,0.058036627410921825,21,0.0013449520279018704
2026-03-06,2026-03-27,7160.0,6740.02,1.5,3.4,0.1405267832946777,403.7,427.5,0.1649558602905273,6746.85,0.05943425167755973,21,0.0013422688740876117
2026-03-06,2026-03-27,7175.0,6740.02,1.05,2.85,0.1400385069274902,418.2,442.0,0.1668479312133789,6746.85,0.0615270323506902,21,0.0013546335645277941
2026-03-06,2026-03-27,7200.0,6740.02,0.5,2.15,0.139733334197998,442.6,466.4,0.1708228060150146,6746.825,0.06500900216678608,21,0.001387224274454857
2026-03-06,2026-03-27,7225.0,6740.02,0.2,1.75,0.1412439392089844,467.1,491.0,0.1755453540039062,6746.925,0.06846038846656964,21,0.0014434688919046429
2026-03-06,2026-03-27,7250.0,6740.02,0.0,1.45,0.1431054928588867,491.8,515.7,0.1805959626770019,6746.975,0.07190721257868601,21,0.0015071474511213082
2026-03-06,2026-03-27,7300.0,6740.02,0.0,1.15,0.1496361892700195,541.5,565.3,0.1914143359375,6747.175,0.07875044939174387,21,0.0016730305997471394
2026-03-06,2026-03-27,7350.0,6740.02,0.0,1.0,0.1576317147827148,591.2,615.0,0.2023395196533202,6747.4,0.08554306772836069,21,0.0018638117000338763
2026-03-06,2026-03-27,7400.0,6740.02,0.0,0.9,0.16602396484375,641.0,664.8,0.2135393588256836,6747.55,0.09230052417564828,21,0.0020722155138183087
2026-03-06,2026-03-27,7425.0,6740.02,0.2,0.85,0.1699912103271484,665.9,689.7,0.2190019506835937,6747.725,0.09564727365110913,21,0.002176458401079255
2026-03-06,2026-03-27,7500.0,6740.02,0.0,0.8,0.1839681213378906,740.7,764.5,0.235710157623291,6747.8,0.1056864947091505,21,0.0019472045562752044
2026-03-06,2026-03-27,7650.0,6740.02,0.0,0.7,0.2102129760742187,890.2,914.1,0.2671887246704102,6748.2,0.1254298451825506,21,0.0025424093192043316
2026-03-06,2026-03-27,7700.0,6740.02,0.0,0.65,0.2179033288574218,940.1,963.9,0.2764049411010741,6748.325,0.13192600291719397,21,0.002731833082931671
2026-03-06,2026-03-27,7800.0,6740.02,0.0,0.6,0.23438265625,1039.9,1063.7,0.2962411685180663,6748.5,0.14480347572834643,21,0.003160657042649093
2026-03-06,2026-03-30,6025.0,6740.02,740.7,764.5,0.4111081838989258,31.6,34.1,0.3667093664169311,6744.75,-0.11284694510387877,24,0.00884224171515005
2026-03-06,2026-03-30,6050.0,6740.02,717.3,741.2,0.4050505052185058,33.2,35.7,0.3617312362670898,6744.8,-0.10871356558357882,24,0.008603801904086607
2026-03-06,2026-03-30,6325.0,6740.02,469.5,493.4,0.3418950088500976,59.8,62.6,0.3103973685073852,6745.25,-0.06432851885148044,24,0.0069942796530193425
2026-03-06,2026-03-30,6350.0,6740.02,448.0,471.9,0.3364514902877807,63.2,66.1,0.3058502948379517,6745.3,-0.060391153156688866,24,0.006781669860422507
2026-03-06,2026-03-30,6500.0,6740.02,329.7,338.3,0.2883944147109984,88.7,91.8,0.2776141880416869,6743.75,-0.036813973122716316,24,0.005266286110521324
2026-03-06,2026-03-30,6525.0,6740.02,313.3,316.7,0.2803111520385741,93.8,97.0,0.2727161657333373,6744.6,-0.03310123150491229,24,0.005027493932087583
2026-03-06,2026-03-30,6550.0,6740.02,293.9,297.1,0.2750125905227661,99.2,102.5,0.2677456649017333,6744.65,-0.029284548377107988,24,0.004842518199968977
2026-03-06,2026-03-30,6600.0,6740.02,255.9,259.4,0.2650372569274902,111.1,114.5,0.2575872276687622,6744.85,-0.021709601684726056,24,0.004489912633964358
2026-03-06,2026-03-30,6625.0,6740.02,237.4,240.8,0.2595021865463257,117.6,121.0,0.2523268127441406,6744.8,-0.017921465754042933,24,0.0043063384851728245
2026-03-06,2026-03-30,6650.0,6740.02,219.3,222.8,0.2542112543487549,124.5,127.9,0.246990104637146,6744.85,-0.014162396049343207,24,0.004129361132865434
2026-03-06,2026-03-30,6690.0,6740.02,191.2,194.6,0.2451666975784301,136.2,139.7,0.2380733389472961,6744.95,-0.008180202593663127,24,0.003838700266872085
2026-03-06,2026-03-30,6700.0,6740.02,184.3,187.9,0.2431201329612731,139.3,142.8,0.2357559335327148,6745.05,-0.006701376133766796,24,0.003769681431135687
2026-03-06,2026-03-30,6720.0,6740.02,170.8,174.4,0.2384986734390258,145.7,149.3,0.2311707132720947,6745.1,-0.0037281608116465836,24,0.0036261260188536993
2026-03-06,2026-03-30,6740.0,6740.02,157.6,161.2,0.2337837547683715,152.5,156.0,0.2263318181800842,6745.15,-0.0007638031835572235,24,0.003480104226898942
2026-03-06,2026-03-30,6750.0,6740.02,151.1,154.6,0.2312183965110779,156.1,159.5,0.2239152316284179,6745.05,0.000733602353751435,24,0.003405149908987739
2026-03-06,2026-03-30,6770.0,6740.02,138.4,141.9,0.2263795014190673,163.2,166.8,0.2190667998886108,6745.15,0.0036773588164107354,24,0.003261738202992176
2026-03-06,2026-03-30,6775.0,6740.02,135.3,138.8,0.2251855131149291,165.1,168.7,0.217868996925354,6745.15,0.004415638657991762,24,0.0032268049128827713
2026-03-06,2026-03-30,6780.0,6740.02,132.2,135.7,0.2239514708900451,167.0,170.5,0.2164804610061645,6745.2,0.005145961138411764,24,0.0031887170405560665
2026-03-06,2026-03-30,6790.0,6740.02,126.1,129.6,0.2215119963836669,170.7,174.4,0.2140238205337524,6745.3,0.006604975509315576,24,0.00311821558056861
2026-03-06,2026-03-30,6800.0,6740.02,120.1,123.6,0.2190553559112548,174.7,178.3,0.2113955204010009,6745.35,0.00806923357949325,24,0.0030458294287888576
2026-03-06,2026-03-30,6810.0,6740.02,114.2,117.6,0.2164289631080627,178.9,182.4,0.208881660041809,6745.25,0.00955356669635662,24,0.0029735198821501173
2026-03-06,2026-03-30,6820.0,6740.02,108.3,111.8,0.2139246393966674,182.9,186.5,0.2061885107040404,6745.35,0.011006093252802888,24,0.0029012886392472304
2026-03-06,2026-03-30,6825.0,6740.02,105.5,108.9,0.2126047673416137,185.1,188.7,0.2049945223999023,6745.3,0.011746375009734359,24,0.002866671234947155
2026-03-06,2026-03-30,6830.0,6740.02,102.6,106.1,0.2113878910827636,187.2,190.8,0.2036021718215942,6745.35,0.012471294980130812,24,0.0028309603119347315
2026-03-06,2026-03-30,6840.0,6740.02,97.0,100.5,0.2088129961776733,191.6,195.2,0.2009700570297241,6745.35,0.01393435303189117,24,0.0027603641210297535
2026-03-06,2026-03-30,6850.0,6740.02,91.6,95.0,0.2061923253631591,196.1,199.6,0.1981319506454467,6745.45,0.015380448753844204,24,0.0026873115644364363
2026-03-06,2026-03-30,6860.0,6740.02,86.2,89.6,0.2035239713096618,200.7,204.2,0.1953815814208984,6745.45,0.01683923821750419,24,0.0026157639451935403
2026-03-06,2026-03-30,6870.0,6740.02,81.0,84.3,0.2007983973693847,205.4,209.0,0.1927151346969604,6745.45,0.018295902713968356,24,0.0025455271219615955
2026-03-06,2026-03-30,6875.0,6740.02,78.4,81.8,0.1995853357696533,208.0,211.4,0.1912960815048218,6745.4,0.019030852463733944,24,0.0025115882033507233
2026-03-06,2026-03-30,6880.0,6740.02,75.9,79.2,0.1981605605888366,210.3,214.2,0.1904454125213623,6745.3,0.01977268588396315,24,0.0024824318192371167
2026-03-06,2026-03-30,6890.0,6740.02,71.0,74.2,0.1954540599441528,215.3,219.2,0.1876263794326782,6745.35,0.0212177064229993,24,0.002412339008764042
2026-03-06,2026-03-30,6900.0,6740.02,66.2,69.4,0.19282957447052,220.5,224.0,0.1842237034988403,6745.55,0.02263838338497685,24,0.0023370275248346247
2026-03-06,2026-03-30,6910.0,6740.02,61.5,64.7,0.1901211664962768,225.8,229.3,0.181356987171173,6745.55,0.024086609561341683,24,0.00226842770387141
2026-03-06,2026-03-30,6920.0,6740.02,57.0,60.1,0.1873173920440674,228.4,237.7,0.1834188104248046,6745.5,0.025540153732843414,24,0.0022593753176061437
2026-03-06,2026-03-30,6925.0,6740.02,54.8,57.9,0.185982261352539,231.2,239.7,0.1806875144958495,6745.9,0.026203139142984333,24,0.00221008314280615
2026-03-06,2026-03-30,6930.0,6740.02,52.6,55.7,0.1845784667968749,234.0,242.8,0.1797376643753052,6745.75,0.026947136246979725,24,0.0021818012619002486
2026-03-06,2026-03-30,6940.0,6740.02,48.4,51.5,0.181900576095581,239.8,248.4,0.1765867559432983,6745.85,0.028374273525219464,24,0.0021125452147784164
2026-03-06,2026-03-30,6950.0,6740.02,44.3,47.4,0.1791044309616088,245.8,254.5,0.1740080463790893,6745.7,0.029836394723607097,24,0.0020496726847181092
2026-03-06,2026-03-30,6960.0,6740.02,40.5,43.5,0.1763578763961792,243.1,267.0,0.1828504262161254,6746.95,0.031088923429551607,24,0.002121051035599118
2026-03-06,2026-03-30,6975.0,6740.02,35.0,38.0,0.1722838204574585,252.6,276.4,0.1788869953918457,6747.0,0.03323436606214102,24,0.002027193565549577
2026-03-06,2026-03-30,7000.0,6740.02,26.9,29.8,0.1656653868865967,269.3,293.1,0.1726767303466797,6747.15,0.036789955553997625,24,0.00188178720483117
2026-03-06,2026-03-30,7010.0,6740.02,24.0,26.8,0.1629531642532349,276.3,300.2,0.1704718573760986,6747.15,0.03821750754518297,24,0.0018274889597017234
2026-03-06,2026-03-30,7025.0,6740.02,20.0,22.8,0.1592682035446166,287.2,311.1,0.167076810760498,6747.25,0.040340200755723664,24,0.0017507024936187195
2026-03-06,2026-03-30,7050.0,6740.02,14.3,17.0,0.1531876369094849,306.4,330.2,0.1617973225402831,6747.35,0.043877781616979236,24,0.0016309401317189916
2026-03-06,2026-03-30,7150.0,6740.02,2.6,4.8,0.1377268235015869,394.1,417.9,0.153328779296875,6747.7,0.057910650627535316,24,0.001392548448006181
2026-03-06,2026-03-31,2200.0,6740.02,4523.6,4547.4,1.8832403298950195,0.0,0.7,1.375003125,6735.15,-1.1188827209649683,25,0.12949545162738121
2026-03-06,2026-03-31,2400.0,6740.02,4512.5,4530.2,3.2818163706588743,0.05,0.8,1.292484006347656,6920.925,-1.0590806938628015,25,0.11441882922359503
2026-03-06,2026-03-31,2700.0,6740.02,4239.6,4255.5,3.0747703794860834,0.0,1.05,1.171879140625,6947.025000000001,-0.9450617373696727,25,0.09406169316657455
2026-03-06,2026-03-31,3000.0,6740.02,3726.1,3749.9,1.448611155395508,0.0,1.4,1.0703171484375005,6737.3,-0.8090469625252963,25,0.07846430124927276
2026-03-06,2026-03-31,3200.0,6740.02,3526.8,3550.6,1.356051803741455,0.25,1.6,1.015629921875,6737.775,-0.7445789419230017,25,0.07065096837039854
2026-03-06,2026-03-31,3400.0,6740.02,3282.5,3322.5,1.0000000000000004e-05,0.55,1.9,0.9643558251953124,6701.275,-0.6785223751778031,25,0.06369740805398164
2026-03-06,2026-03-31,3500.0,6740.02,3187.4,3226.0,1.0000000000000004e-05,0.75,2.05,0.9389654541015624,6705.299999999999,-0.6501352899666542,25,0.060387405753161184
2026-03-06,2026-03-31,3600.0,6740.02,3089.7,3129.1,1.0000000000000004e-05,0.95,2.3,0.9155281884765626,6707.775,-0.6223334558969953,25,0.05741040163665591
2026-03-06,2026-03-31,3700.0,6740.02,2991.2,3030.0,1.0000000000000004e-05,1.15,2.5,0.889527471923828,6708.775,-0.5950835513283959,25,0.054195830363506614
2026-03-06,2026-03-31,3750.0,6740.02,2944.0,2982.0,1.0000000000000004e-05,1.25,2.65,0.8775036663818359,6711.05,-0.5819995816205061,25,0.05274059482969618
2026-03-06,2026-03-31,3800.0,6740.02,2895.9,2935.3,1.0000000000000004e-05,1.4,2.75,0.8652357226562499,6713.525000000001,-0.5691230816313761,25,0.051276222997293355
2026-03-06,2026-03-31,3900.0,6740.02,2799.7,2838.7,1.0000000000000004e-05,1.7,3.1,0.8429581134033204,6716.799999999999,-0.5436352975085759,25,0.04866975212003323
2026-03-06,2026-03-31,3950.0,6740.02,2751.3,2790.2,0.6362341064453125,1.8,3.2,0.8288591333007811,6718.25,-0.5311121250410529,25,0.04705530567507685
2026-03-06,2026-03-31,4000.0,6740.02,2730.6,2754.4,0.8092060095214844,1.95,3.3,0.8156756713867187,6739.875,-0.5217470176382807,25,0.045570328828231116
2026-03-06,2026-03-31,4100.0,6740.02,2632.8,2653.3,0.7930928894042968,2.25,3.7,0.7922384057617188,6740.075000000001,-0.4970840787484815,25,0.04298915695642943
2026-03-06,2026-03-31,4150.0,6740.02,2557.5,2597.4,0.8738415936279296,2.4,3.8,0.7785666674804688,6724.35,-0.4826269322988775,25,0.04151822299394814
2026-03-06,2026-03-31,4200.0,6740.02,2805.1,2814.9,1.994091063480377,2.55,4.0,0.7663597583007813,7006.725,-0.5117858768610937,25,0.040226525968687116
2026-03-06,2026-03-31,4225.0,6740.02,2780.3,2707.5,1.858490697784424,2.65,4.1,0.7605004418945314,6965.525,-0.4999537204663594,25,0.03961376178916284
2026-03-06,2026-03-31,4300.0,6740.02,1805.5,1858.8,1.0000000000000004e-05,2.95,4.4,0.7425562854003906,6128.475,-0.3543309197896221,25,0.037766427190933316
2026-03-06,2026-03-31,4350.0,6740.02,2656.5,2583.8,1.7764369698715208,3.2,4.7,0.7321193780517576,6966.200000000001,-0.4708940373124914,25,0.036712245460198106
2026-03-06,2026-03-31,4375.0,6740.02,2631.8,2641.8,1.873818074760437,3.3,4.8,0.7258938543701172,7007.75,-0.47111015967221587,25,0.03609054026111678
2026-03-06,2026-03-31,4400.0,6740.02,2554.6,2564.9,1.7134947797012328,3.4,4.9,0.7196072961425781,6955.6,-0.45794254960156133,25,0.03546812744257754
2026-03-06,2026-03-31,4425.0,6740.02,2528.7,2539.1,1.6945739758682252,3.5,5.0,0.71329022064209,6954.65,-0.45214022214097566,25,0.03484814649750969
2026-03-06,2026-03-31,4450.0,6740.02,2269.5,2308.6,0.8866588482666016,3.6,5.2,0.708010732421875,6734.65,-0.41436174499901157,25,0.034334191590723276
2026-03-06,2026-03-31,4500.0,6740.02,2233.8,2257.6,0.7152433261108398,3.9,5.4,0.696139513244629,6741.049999999999,-0.4041383023646565,25,0.03319248095208691
2026-03-06,2026-03-31,4550.0,6740.02,2150.5,2168.4,1.0000000000000004e-05,4.1,5.7,0.6840546731567384,6704.549999999999,-0.3876591674245713,25,0.03205005451147754
2026-03-06,2026-03-31,4575.0,6740.02,2159.4,2183.2,0.6992827923583984,4.3,5.9,0.6793244958496094,6741.200000000001,-0.3876312518922433,25,0.031608340456255206
2026-03-06,2026-03-31,4600.0,6740.02,2134.6,2158.4,0.6937896832275392,4.4,6.0,0.6726717303466798,6741.3,-0.38219648116881005,25,0.030992277863533993
2026-03-06,2026-03-31,4625.0,6740.02,2332.3,2343.2,1.5755636456298825,4.5,6.2,0.6668734484863283,6957.4,-0.40832947037142814,25,0.030460287417537507
2026-03-06,2026-03-31,4650.0,6740.02,2334.3,2343.9,1.6281222817611691,4.7,6.3,0.6610141320800782,6983.6,-0.4066973235292173,25,0.029927375534902673
2026-03-06,2026-03-31,4675.0,6740.02,2060.3,2084.1,0.6781953567504884,4.8,6.5,0.6550937811279298,6741.549999999999,-0.36606070607085267,25,0.029393689183047123
2026-03-06,2026-03-31,4700.0,6740.02,2035.5,2059.3,0.6723360403442384,5.0,6.7,0.6499058447265625,6741.55,-0.36072736009549017,25,0.02892997308285937
2026-03-06,2026-03-31,4750.0,6740.02,1982.7,2021.8,0.7109709078979493,5.3,7.0,0.6377599700927734,6746.1,-0.35081994208221007,25,0.027858752017310633
2026-03-06,2026-03-31,4775.0,6740.02,2185.4,2194.1,1.4862391410827636,5.5,7.2,0.6323278955078125,6958.4,-0.3765555889285433,25,0.027386203249132813
2026-03-06,2026-03-31,4800.0,6740.02,1936.5,1960.3,0.6506687765502931,5.8,7.4,0.6275366836547852,6741.8,-0.3397110336701184,25,0.026972759543318216
2026-03-06,2026-03-31,4850.0,6740.02,1887.0,1910.8,0.6393010923767088,6.2,7.8,0.6162300340270996,6741.9,-0.32936307935852766,25,0.026009551701167147
2026-03-06,2026-03-31,4900.0,6740.02,1837.5,1861.3,0.6276129768371583,6.6,8.3,0.6052590744018557,6741.95,-0.3191139954708137,25,0.02509168131135555
2026-03-06,2026-03-31,4925.0,6740.02,2036.2,2045.3,1.3962775852775575,6.6,8.5,0.5981027738952638,6958.2,-0.34559654558452335,25,0.024501844393233496
2026-03-06,2026-03-31,4975.0,6740.02,1768.6,1808.5,0.7131681515502931,7.0,8.9,0.5861400028991699,6755.6,-0.3059464199510732,25,0.02353151390401636
2026-03-06,2026-03-31,5000.0,6740.02,1738.6,1762.4,0.6043740734863283,7.4,9.2,0.5817760328674317,6742.2,-0.29894836872567426,25,0.023182421398559385
2026-03-06,2026-03-31,5025.0,6740.02,932.5,971.7,1.0000000000000004e-05,7.6,9.4,0.5756115437316895,5968.6,-0.1720869400959255,25,0.022693743101176625
2026-03-06,2026-03-31,5050.0,6740.02,1696.9,1735.8,0.7004653366851807,7.8,9.6,0.5693860200500489,6757.65,-0.2912869531931036,25,0.022205509577290047
2026-03-06,2026-03-31,5075.0,6740.02,1673.4,1713.6,0.7025176232910157,8.1,9.9,0.5641523077392578,6759.5,-0.2866223978944719,25,0.02179916618681714
2026-03-06,2026-03-31,5100.0,6740.02,1639.8,1663.7,0.5813182737731935,8.2,10.2,0.5578047149658205,6742.55,-0.27919765192098733,25,0.021311376714938376
2026-03-06,2026-03-31,5125.0,6740.02,1294.6,1302.9,1.0000000000000004e-05,8.6,10.4,0.5524031576538085,6414.25,-0.22439155272419195,25,0.020900633464787564
2026-03-06,2026-03-31,5150.0,6740.02,1590.5,1614.3,0.5695233477783204,8.9,10.7,0.5468947898864747,6742.6,-0.2694488925401511,25,0.02048588432910762
2026-03-06,2026-03-31,5170.0,6740.02,1570.8,1594.6,0.5650373086547852,9.0,10.9,0.5415847843933106,6742.75,-0.26559516505910546,25,0.02009000538947594
2026-03-06,2026-03-31,5175.0,6740.02,1565.8,1589.7,0.5636945486450197,9.0,11.0,0.5403793521118166,6742.75,-0.2646285144280104,25,0.02000067425950594
2026-03-06,2026-03-31,5180.0,6740.02,1560.9,1584.7,0.5623670472717286,9.1,11.1,0.539616420288086,6742.700000000001,-0.26365538190849136,25,0.019944238427707414
2026-03-06,2026-03-31,5190.0,6740.02,1551.1,1574.9,0.5604902349853516,9.2,11.2,0.5371750384521485,6742.8,-0.2617415717462186,25,0.019764179584662138
2026-03-06,2026-03-31,5195.0,6740.02,1546.1,1570.0,0.559147474975586,9.2,11.2,0.5354965884399415,6742.85,-0.26078605966241075,25,0.019640862755535348
2026-03-06,2026-03-31,5200.0,6740.02,1541.2,1565.0,0.5578047149658205,9.4,11.3,0.5351608984375,6742.75,-0.2598092279920616,25,0.01961624569975563
2026-03-06,2026-03-31,5220.0,6740.02,1521.5,1545.3,0.5531813481140138,9.6,11.6,0.5306596006774902,6742.8,-0.25597786702946845,25,0.019287644643232422
2026-03-06,2026-03-31,5225.0,6740.02,1742.0,1749.7,1.228324933834076,9.7,11.6,0.5294083924865725,6960.2,-0.28675341171477714,25,0.01919679767364498
2026-03-06,2026-03-31,5250.0,6740.02,1716.2,1724.9,1.2129174486160277,10.0,11.9,0.5235643347167969,6959.6,-0.28189392482689174,25,0.01877531593064672
2026-03-06,2026-03-31,5275.0,6740.02,1467.3,1491.2,0.540364093475342,10.4,12.3,0.5184679501342774,6742.9,-0.2455114200860706,25,0.01841157639153695
2026-03-06,2026-03-31,5300.0,6740.02,1442.8,1466.6,0.5348404670715332,10.7,12.6,0.5124560473632812,6743.049999999999,-0.24080552426401472,25,0.01798706852597243
2026-03-06,2026-03-31,5325.0,6740.02,1660.6,1670.1,1.2115861259269711,11.1,13.0,0.5071460418701172,6978.3,-0.2703926225063458,25,0.017616240259214155
2026-03-06,2026-03-31,5350.0,6740.02,1393.6,1417.4,0.5228319201660157,11.5,13.4,0.5017292259216308,6743.05,-0.23141578391417575,25,0.017241932612597183
2026-03-06,2026-03-31,5375.0,6740.02,1369.1,1392.9,0.5173388110351562,11.9,13.8,0.5029651754760743,6743.15,-0.22676860078270877,25,0.01732698409189577
2026-03-06,2026-03-31,5400.0,6740.02,1344.5,1368.4,0.5114337187194824,12.3,14.1,0.496449737701416,6743.25,-0.22214305098062617,25,0.01688098233313731
2026-03-06,2026-03-31,5425.0,6740.02,1320.0,1343.9,0.5057269886779785,12.7,14.5,0.4905446453857423,6743.35,-0.21753893465883287,25,0.01648178418607011
2026-03-06,2026-03-31,5450.0,6740.02,1295.5,1319.4,0.5610242872619629,13.5,14.5,0.4819540330505371,6743.45,-0.21295605472479265,25,0.01590956780641631
2026-03-06,2026-03-31,5475.0,6740.02,1271.1,1294.9,0.5536848831176758,13.4,15.6,0.4803366175842284,6743.5,-0.20838680227221074,25,0.01580296343782584
2026-03-06,2026-03-31,5495.0,6740.02,1252.9,1270.8,0.5274171404266358,13.8,16.1,0.4764609239196777,6741.9,-0.2045031964523348,25,0.015548973426191295
2026-03-06,2026-03-31,5500.0,6740.02,1246.6,1270.4,0.546299703063965,14.5,15.4,0.4704642797851562,6743.55,-0.2038384002562043,25,0.015160043736559296
2026-03-06,2026-03-31,5525.0,6740.02,1222.2,1246.0,0.5392807302856447,14.4,16.6,0.4689994506835938,6743.6,-0.1993106595556926,25,0.015065786626131008
2026-03-06,2026-03-31,5550.0,6740.02,1197.8,1221.6,0.5322007229614257,15.5,16.5,0.4597374583435059,6743.7,-0.19481080796600425,25,0.014476611685215534
2026-03-06,2026-03-31,5575.0,6740.02,1418.1,1427.8,1.0791672018432616,15.5,17.8,0.4583336637878418,6981.299999999999,-0.2249428285047256,25,0.014388338860355232
2026-03-06,2026-03-31,5600.0,6740.02,1149.1,1172.9,0.5182314412689208,16.7,17.7,0.4490487834930419,6743.8,-0.1858569665281931,25,0.013811288353190466
2026-03-06,2026-03-31,5625.0,6740.02,1169.9,1209.4,0.6430852342224123,16.7,19.0,0.4471338246154785,6796.8,-0.18923096509488946,25,0.013693743638031882
2026-03-06,2026-03-31,5645.0,6740.02,1105.4,1129.2,0.5058948336791992,17.3,19.6,0.4431208032226562,6743.85,-0.17786078085768964,25,0.01344904426360904
2026-03-06,2026-03-31,5650.0,6740.02,1100.5,1124.4,0.5047199186706541,18.0,19.0,0.4383295913696289,6743.95,-0.17699026151609337,25,0.013159782922620948
2026-03-06,2026-03-31,5670.0,6740.02,1081.2,1105.0,0.4992191802215576,18.0,20.3,0.4377116165924073,6743.95,-0.1734566889347823,25,0.013122702691776615
2026-03-06,2026-03-31,5675.0,6740.02,1076.3,1100.2,0.4980213772583008,18.2,20.5,0.4368952795410156,6743.9,-0.17256782922689712,25,0.013073800362001517
2026-03-06,2026-03-31,5700.0,6740.02,1052.1,1076.0,0.4912236547088623,19.4,20.5,0.428014753112793,6744.1,-0.16820187374437134,25,0.012547714307000354
2026-03-06,2026-03-31,5725.0,6740.02,1028.0,1051.8,0.4843267510223389,19.7,22.1,0.4264812601470948,6744.0,-0.16381067125925103,25,0.012457963373743422
2026-03-06,2026-03-31,5750.0,6740.02,1225.9,1233.7,0.942131621170044,21.1,22.2,0.417951682357788,6958.15,-0.1907137796070648,25,0.011964630738746939
2026-03-06,2026-03-31,5760.0,6740.02,1216.3,1223.0,0.9361006451034544,20.9,23.3,0.4191494853210449,6957.55,-0.18888992617368625,25,0.012033307605814851
2026-03-06,2026-03-31,5770.0,6740.02,1234.4,1242.7,0.9845887771606446,21.3,23.7,0.4172345264434813,6986.05,-0.19124322301050548,25,0.011923606168254526
2026-03-06,2026-03-31,5775.0,6740.02,979.9,1003.7,0.4712768021774292,21.5,23.9,0.4162656030273437,6744.1,-0.15512979217701858,25,0.011868291250939597
2026-03-06,2026-03-31,5790.0,6740.02,1215.0,1223.2,0.9738047358322144,22.0,24.4,0.4129010736846923,6985.9,-0.18776154035431344,25,0.01167721209931313
2026-03-06,2026-03-31,5800.0,6740.02,955.9,979.7,0.4647422911071777,22.9,24.0,0.4076139561462402,6744.35,-0.15084719978391958,25,0.011380077893506096
2026-03-06,2026-03-31,5820.0,6740.02,944.2,951.8,0.4298991947174073,23.2,25.7,0.4071867143249512,6743.55,-0.1472862307512831,25,0.011356234268681466
2026-03-06,2026-03-31,5825.0,6740.02,937.5,945.2,0.4222088419342041,23.4,25.9,0.4061414977264403,6741.7,-0.14615311918823054,25,0.011298007957224392
2026-03-06,2026-03-31,5830.0,6740.02,927.2,951.0,0.4570633823013306,23.6,26.1,0.4050886518096923,6744.25,-0.1456732896382159,25,0.011239507933218774
2026-03-06,2026-03-31,5850.0,6740.02,908.1,931.9,0.4519402951049804,24.9,26.1,0.3977416183471679,6744.5,-0.14228569668383217,25,0.010835506504481108
2026-03-06,2026-03-31,5875.0,6740.02,884.3,908.1,0.4456461075592041,25.6,28.0,0.3956435558319092,6744.4,-0.1380064708914658,25,0.010721494744610755
2026-03-06,2026-03-31,5890.0,6740.02,870.0,893.8,0.4417437112808227,26.3,28.7,0.3926070871734619,6744.4,-0.13545653325819307,25,0.010557556499919882
2026-03-06,2026-03-31,5900.0,6740.02,860.5,884.3,0.4392107776260376,27.2,28.5,0.388151565322876,6744.55,-0.13378242043643873,25,0.010319290250862935
2026-03-06,2026-03-31,5920.0,6740.02,908.6,947.8,0.5881961041641237,27.8,30.2,0.3866409603118895,6819.2,-0.14140571402624655,25,0.010239125492527404
2026-03-06,2026-03-31,5925.0,6740.02,1057.4,1064.9,0.8531279946136474,28.0,30.5,0.3857902913284301,6956.9,-0.16055328580521555,25,0.010194119786525683
2026-03-06,2026-03-31,5930.0,6740.02,900.0,939.3,0.5865062101745604,28.3,30.7,0.3845886737060546,6820.15,-0.13985725273876648,25,0.010130715612533023
2026-03-06,2026-03-31,5950.0,6740.02,813.2,837.1,0.427038200378418,29.8,31.1,0.3783707793426513,6744.7,-0.12536579172237255,25,0.00980578401783324
2026-03-06,2026-03-31,5960.0,6740.02,875.1,914.2,0.5825694819641114,29.9,32.4,0.3788666850280761,6823.5,-0.13530205561877304,25,0.009831504453709823
2026-03-06,2026-03-31,5975.0,6740.02,789.7,813.5,0.4207020515823364,30.8,33.3,0.3760362079620362,6744.55,-0.12115067353053816,25,0.009685152719073132
2026-03-06,2026-03-31,5980.0,6740.02,924.7,933.4,0.6804383763122559,31.1,33.6,0.3750710992050171,6876.7,-0.13971831775050533,25,0.009635502017730122
2026-03-06,2026-03-31,5990.0,6740.02,775.6,799.5,0.4172535997390746,31.7,34.2,0.3731141790771484,6744.6,-0.11865077258631145,25,0.009535218536192764
2026-03-06,2026-03-31,6000.0,6740.02,766.3,790.1,0.4147359247207642,32.8,34.1,0.3689447566604614,6744.75,-0.11700495525254251,25,0.00932330366214021
2026-03-06,2026-03-31,6010.0,6740.02,756.9,780.8,0.41245475856781,32.9,35.4,0.3690782697296143,6744.7,-0.11533226273279479,25,0.009330052684014102
2026-03-06,2026-03-31,6020.0,6740.02,882.9,892.6,0.6567226405715944,33.6,36.1,0.3673082678985596,6872.9,-0.13249888302570897,25,0.009240778333331506
2026-03-06,2026-03-31,6025.0,6740.02,742.9,766.8,0.4088422763824463,33.9,36.4,0.3662554219818115,6744.7,-0.11283953190319228,25,0.009187879050073617
2026-03-06,2026-03-31,6030.0,6740.02,738.3,762.1,0.4075376629638672,34.2,36.7,0.3651949467468262,6744.75,-0.11201741374150337,25,0.00913474994037104
2026-03-06,2026-03-31,6040.0,6740.02,817.9,825.1,0.5572248867797852,34.9,37.4,0.3633333930969238,6825.35,-0.12223960986070256,25,0.009041859899953682
2026-03-06,2026-03-31,6050.0,6740.02,940.2,946.3,0.7930356695175169,36.1,37.5,0.3596942082977294,6956.45,-0.1396110147087529,25,0.008861638594721256
2026-03-06,2026-03-31,6060.0,6740.02,717.4,725.2,0.3769669847869873,36.3,38.9,0.3597628721618652,6743.7,-0.10689893564312422,25,0.008865022204531134
2026-03-06,2026-03-31,6070.0,6740.02,781.2,821.3,0.5613561626052856,37.0,39.6,0.35776780544281,6832.95,-0.11839789327034331,25,0.008766972781600296
2026-03-06,2026-03-31,6075.0,6740.02,696.6,720.4,0.3969557985687255,37.4,40.0,0.3568942485046386,6744.8,-0.10458984839971674,25,0.008724212644910323
2026-03-06,2026-03-31,6080.0,6740.02,691.9,715.8,0.3958190301513672,37.8,40.4,0.3560092475891113,6744.75,-0.10375972850252185,25,0.008680998929381175
2026-03-06,2026-03-31,6090.0,6740.02,900.4,906.5,0.7699684258270264,38.6,41.1,0.353926443710327,6953.6,-0.13261142935816783,25,0.008579721065578031
2026-03-06,2026-03-31,6100.0,6740.02,673.5,697.4,0.3911880339813232,39.9,41.3,0.3504551039123534,6744.85,-0.10049047953784043,25,0.008412245195768385
2026-03-06,2026-03-31,6110.0,6740.02,664.4,688.2,0.3888153160095215,40.1,42.7,0.3501651898193358,6744.9,-0.09885989056942544,25,0.009350893630052634
2026-03-06,2026-03-31,6120.0,6740.02,655.2,679.1,0.3866409603118895,41.0,43.6,0.3484791104888916,6744.85,-0.09721715419287123,25,0.009253450659146322
2026-03-06,2026-03-31,6125.0,6740.02,869.3,875.5,0.7560868812942506,41.4,44.0,0.3474872991180419,6954.7,-0.12703893357864127,25,0.008270371441667911
2026-03-06,2026-03-31,6130.0,6740.02,886.8,893.3,0.7910158075141908,41.8,44.4,0.3464802291107176,6976.95,-0.12941710857940217,25,0.008222503367439406
2026-03-06,2026-03-31,6140.0,6740.02,818.2,840.9,0.7002135691833495,42.7,45.3,0.3446873393249511,6925.55,-0.1203927291432321,25,0.00813762752677493
2026-03-06,2026-03-31,6150.0,6740.02,761.8,768.2,0.6001169139099123,44.1,45.7,0.3415898361206054,6870.1,-0.11072658035065028,25,0.007992028502801509
2026-03-06,2026-03-31,6160.0,6740.02,817.0,841.0,0.7213925566101074,44.5,47.1,0.3409527880477905,6943.2,-0.11968598580246949,25,0.007962246827230242
2026-03-06,2026-03-31,6165.0,6740.02,812.3,836.3,0.7189549894332886,44.9,47.6,0.3401097483825683,6943.05,-0.11885302262680969,25,0.007922920612661227
2026-03-06,2026-03-31,6175.0,6740.02,821.2,828.6,0.7306736222457885,45.9,48.6,0.3383855224609374,6952.65,-0.11861399935223675,25,0.00784279190487408
2026-03-06,2026-03-31,6180.0,6740.02,841.0,847.4,0.7676834450149538,46.4,49.1,0.3375005215454102,6976.45,-0.12122191993733372,25,0.00780182205776876
2026-03-06,2026-03-31,6185.0,6740.02,596.3,620.1,0.3718591562271118,46.9,49.5,0.3363599384689331,6745.0,-0.08667448381526796,25,0.008588600789248039
2026-03-06,2026-03-31,6190.0,6740.02,683.3,721.0,0.5380829273223878,47.4,50.1,0.3356885584640502,6843.4,-0.10034959745998427,25,0.007718274539977538
2026-03-06,2026-03-31,6195.0,6740.02,587.3,611.2,0.3698144989395142,47.9,50.5,0.3345250874328613,6745.05,-0.0850663874495814,25,0.008494764604986453
2026-03-06,2026-03-31,6200.0,6740.02,582.8,606.7,0.3686701012039185,48.9,50.6,0.3326482751464844,6745.0,-0.08425219760867335,25,0.008422045633677488
2026-03-06,2026-03-31,6220.0,6740.02,565.0,588.8,0.3641802474212646,50.5,53.2,0.3301573027420044,6745.05,-0.081038995779599,25,0.00825521632819743
2026-03-06,2026-03-31,6225.0,6740.02,798.9,805.1,0.7448622468376159,51.0,53.7,0.3291502327346801,6974.65,-0.11370870488616962,25,0.007420539432143429
2026-03-06,2026-03-31,6230.0,6740.02,556.1,579.9,0.3619753744506836,51.6,54.3,0.3283567836380004,6745.05,-0.07943256973132534,25,0.00816024809060582
2026-03-06,2026-03-31,6240.0,6740.02,761.2,767.6,0.6992217578125001,52.7,55.4,0.3264952299880981,6950.35,-0.10781183563958704,25,0.007301310630478155
2026-03-06,2026-03-31,6250.0,6740.02,538.4,562.2,0.3576266630554199,54.4,56.2,0.3239203350830077,6745.0,-0.07622002591140913,25,0.007953875182731197
2026-03-06,2026-03-31,6260.0,6740.02,626.7,665.4,0.5247278057479858,55.0,57.8,0.3230391488265989,6849.65,-0.09001737096622739,25,0.012306657692956609
2026-03-06,2026-03-31,6270.0,6740.02,643.9,634.0,0.5241937534713744,56.2,59.0,0.3212195564270019,6851.35,-0.08866935850350594,25,0.012238418913584383
2026-03-06,2026-03-31,6275.0,6740.02,516.4,540.3,0.3523662481307982,56.8,59.6,0.320284964942932,6745.15,-0.07225024308992536,25,0.007747596822766452
2026-03-06,2026-03-31,6280.0,6740.02,748.2,754.4,0.7179879733467103,57.4,60.2,0.3193389294815063,6972.5,-0.10460386003939963,25,0.006984750128931126
2026-03-06,2026-03-31,6290.0,6740.02,660.7,672.8,0.592262530784607,58.7,61.5,0.3176070742416382,6896.65,-0.09207471574768315,25,0.014175731132716014
2026-03-06,2026-03-31,6295.0,6740.02,617.4,679.3,0.5674786904907226,59.3,62.1,0.3166114482116699,6882.65,-0.08924808470692264,25,0.013383824886144103
2026-03-06,2026-03-31,6300.0,6740.02,494.6,518.5,0.3469761347961425,60.5,62.4,0.3149864034271239,6745.1,-0.06826668194921784,25,0.007503328801558036
2026-03-06,2026-03-31,6310.0,6740.02,720.9,727.0,0.7035971718215943,61.3,64.1,0.3139526308059692,6971.25,-0.09965887216850468,25,0.01772958220594852
2026-03-06,2026-03-31,6320.0,6740.02,580.2,617.9,0.5133448629379271,62.5,65.4,0.3120300426101684,6855.1,-0.0812736926411591,25,0.01166513244363917
2026-03-06,2026-03-31,6325.0,6740.02,473.0,496.8,0.3414448790740967,63.3,66.1,0.3111450416946411,6745.2,-0.06432110620030859,25,0.007292356244673758
2026-03-06,2026-03-31,6330.0,6740.02,678.2,684.2,0.6554638030624391,64.0,66.8,0.3102447821426391,6945.8,-0.0928369242010105,25,0.015969059444157427
2026-03-06,2026-03-31,6340.0,6740.02,568.2,572.2,0.490853632774353,65.4,68.3,0.3085854054260253,6843.35,-0.07639860937093425,25,0.010943540681485375
2026-03-06,2026-03-31,6345.0,6740.02,455.9,479.8,0.337447116317749,66.1,69.0,0.3076355553054809,6745.3,-0.06117886489493823,25,0.007125542007338421
2026-03-06,2026-03-31,6350.0,6740.02,451.6,475.5,0.3363179772186279,67.4,69.4,0.3060868037033081,6745.15,-0.060368915203172606,25,0.007066505180673982
2026-03-06,2026-03-31,6360.0,6740.02,443.1,466.8,0.3338346341323853,68.2,71.2,0.3048737421035767,6745.25,-0.05881017611303356,25,0.00698541763482841
2026-03-06,2026-03-31,6370.0,6740.02,434.7,458.5,0.3320226710510254,69.8,72.7,0.3030083737945557,6745.35,-0.057253909018495856,25,0.006905212806809426
2026-03-06,2026-03-31,6375.0,6740.02,430.4,454.1,0.3306417644500732,70.6,73.5,0.3021462608337402,6745.2,-0.05644704976940264,25,0.006856518577784041
2026-03-06,2026-03-31,6380.0,6740.02,657.8,663.7,0.6702990123748781,71.4,74.3,0.3012650745773315,6967.9,-0.08814579077020047,25,0.016163300942727405
2026-03-06,2026-03-31,6390.0,6740.02,417.8,441.4,0.3273134743690491,73.0,75.9,0.2994454821777343,6745.15,-0.054089459718329444,25,0.006726486123486521
2026-03-06,2026-03-31,6395.0,6740.02,572.9,580.6,0.554094958972931,73.8,76.7,0.2985108906936645,6896.5,-0.07549760150263155,25,0.012447546830234545
2026-03-06,2026-03-31,6400.0,6740.02,409.9,433.1,0.3253126856613159,75.1,77.3,0.2971948332977294,6745.3,-0.052547975695663,25,0.006635541286995651
2026-03-06,2026-03-31,6405.0,6740.02,405.5,429.2,0.3247214134979247,75.4,78.3,0.2965883024978637,6745.5,-0.051796680548037176,25,0.0066100301916227275
2026-03-06,2026-03-31,6410.0,6740.02,401.6,425.0,0.3235922743988035,76.2,79.1,0.2956003057861328,6745.65,-0.05103858176383668,25,0.006565059098562992
2026-03-06,2026-03-31,6420.0,6740.02,562.6,570.6,0.5619226394844057,77.8,80.8,0.2937463814544676,6907.3,-0.07316070565891995,25,0.012537148517028938
2026-03-06,2026-03-31,6425.0,6740.02,512.8,518.5,0.4920247331237793,78.8,81.7,0.2928804538345336,6860.4,-0.06556911829450526,25,0.010549249186884659
2026-03-06,2026-03-31,6430.0,6740.02,390.2,399.2,0.3034203569793701,79.6,82.6,0.2919973602485656,6743.6,-0.04761936870998114,25,0.006070586609399417
2026-03-06,2026-03-31,6435.0,6740.02,585.0,594.0,0.6105919678497317,80.4,83.5,0.2910932860374449,6942.55,-0.07591730114135778,25,0.01392185440201339
2026-03-06,2026-03-31,6440.0,6740.02,605.1,611.0,0.643125288143158,81.4,84.4,0.2901682312011718,6965.15,-0.07839060313629696,25,0.01491501358305008
2026-03-06,2026-03-31,6445.0,6740.02,372.5,395.6,0.3152419855880736,82.3,85.3,0.2892260103988647,6745.25,-0.04553391707391369,25,0.006256533530350433
2026-03-06,2026-03-31,6450.0,6740.02,374.3,382.7,0.2992852664947509,83.7,86.1,0.2880930566406249,6743.6,-0.044513776151827944,25,0.005907761891940511
2026-03-06,2026-03-31,6455.0,6740.02,365.0,387.4,0.3130485565948486,84.1,87.1,0.2872843489074706,6745.6,-0.044035416186190945,25,0.006171225983370831
2026-03-06,2026-03-31,6460.0,6740.02,521.5,529.0,0.5351399178123475,85.0,88.0,0.2862849082183838,6898.75,-0.06571091797706356,25,0.011553745630472895
2026-03-06,2026-03-31,6465.0,6740.02,357.2,379.2,0.3107864637374877,85.9,89.0,0.2854342392349242,6745.75,-0.04250966473101133,25,0.006086971346796524
2026-03-06,2026-03-31,6470.0,6740.02,358.1,366.5,0.2953657042503356,86.9,89.9,0.2843966519546508,6743.9,-0.04146228408155428,25,0.005755554617677355
2026-03-06,2026-03-31,6475.0,6740.02,353.9,362.5,0.2944215761184692,87.9,90.9,0.2835059290504455,6743.8,-0.0406749566836952,25,0.005719181527924075
2026-03-06,2026-03-31,6480.0,6740.02,544.4,549.4,0.5854686228942871,88.7,91.9,0.2825961328506469,6936.6,-0.06809123056301067,25,0.012903020893262191
2026-03-06,2026-03-31,6485.0,6740.02,345.2,358.9,0.2996934350204467,89.8,92.8,0.281497511024475,6745.75,-0.039420859186425,25,0.005783954037064916
2026-03-06,2026-03-31,6490.0,6740.02,340.5,353.3,0.2960504355621338,90.7,93.8,0.2805457535743713,6744.65,-0.038487067308269826,25,0.005692862419978429
2026-03-06,2026-03-31,6495.0,6740.02,333.5,354.9,0.3040764783477783,91.8,94.8,0.2795749228286743,6745.9,-0.03790226280785511,25,0.005833030104370487
2026-03-06,2026-03-31,6500.0,6740.02,334.0,342.4,0.2892412690353393,93.3,95.8,0.2785812041282653,6743.65,-0.036799144467823265,25,0.0055209308395485004
2026-03-06,2026-03-31,6505.0,6740.02,325.2,346.9,0.3018563467407227,93.7,96.8,0.2775684121322632,6745.8,-0.03634897703716335,25,0.005748853616353046
2026-03-06,2026-03-31,6510.0,6740.02,325.9,334.5,0.2872614609527587,94.7,97.9,0.276696762523651,6743.9,-0.03529893637388558,25,0.005446042428538835
2026-03-06,2026-03-31,6515.0,6740.02,489.9,513.8,0.5478408253479006,95.9,98.9,0.2756420092773437,6919.45,-0.06022907612529937,25,0.011611711967849785
2026-03-06,2026-03-31,6520.0,6740.02,321.4,324.7,0.2821612617111205,96.8,100.0,0.2747264910888671,6744.65,-0.03387522208570691,25,0.005310341938675001
2026-03-06,2026-03-31,6525.0,6740.02,317.5,320.8,0.2811923382949828,98.0,101.1,0.2737880849456786,6744.6,-0.03310123150491229,25,0.005274028598979173
2026-03-06,2026-03-31,6530.0,6740.02,313.6,316.9,0.2802005269241332,99.0,102.2,0.2728306055068969,6744.65,-0.03234265473592878,25,0.005237045093115542
2026-03-06,2026-03-31,6535.0,6740.02,522.1,527.5,0.5983659853744507,100.1,103.3,0.2718502381134032,6958.1,-0.06273410149625115,25,0.012967059514066138
2026-03-06,2026-03-31,6540.0,6740.02,305.8,309.0,0.2779956539535522,101.1,104.4,0.2708469827651977,6744.65,-0.030812432555161116,25,0.005158017806171055
2026-03-06,2026-03-31,6545.0,6740.02,301.9,305.1,0.2769389933776855,102.3,105.5,0.2698208394622802,6744.6,-0.030040785351806074,25,0.0051189437466984105
2026-03-06,2026-03-31,6550.0,6740.02,298.1,301.3,0.2760196605300903,104.0,106.6,0.2687718082046509,6744.4,-0.029247481274527865,25,0.005082153157639668
2026-03-06,2026-03-31,6555.0,6740.02,294.2,297.4,0.2749210387039185,104.5,107.8,0.267860104675293,6744.65,-0.028521480808605306,25,0.005044715233014454
2026-03-06,2026-03-31,6560.0,6740.02,290.4,293.7,0.2741085163116455,105.7,108.9,0.2667672048377991,6744.75,-0.02777382152459982,25,0.005009358659741982
2026-03-06,2026-03-31,6565.0,6740.02,286.6,289.8,0.2729679332351684,106.8,110.1,0.2658078180694581,6744.75,-0.027011916725837956,25,0.004970536133456588
2026-03-06,2026-03-31,6570.0,6740.02,282.7,286.1,0.2721096349334716,108.0,111.3,0.2648236360168457,6744.75,-0.02625059198407829,25,0.004936598244065188
2026-03-06,2026-03-31,6575.0,6740.02,279.0,282.3,0.2710739549827576,109.2,112.5,0.2638165660095214,6744.8,-0.025497259562500638,25,0.004899107353551226
2026-03-06,2026-03-31,6580.0,6740.02,275.2,278.5,0.2700153870773315,110.4,113.7,0.2627847007179261,6744.8,-0.024737092289103025,25,0.0048608892731957926
2026-03-06,2026-03-31,6585.0,6740.02,271.4,274.6,0.2687832521820068,111.6,114.9,0.2617299474716186,6744.75,-0.023970089285353095,25,0.0048192509418960175
2026-03-06,2026-03-31,6590.0,6740.02,267.6,271.0,0.2679821737670897,112.8,116.2,0.2608029853057861,6744.8,-0.023218489111913064,25,0.004787906583146003
2026-03-06,2026-03-31,6595.0,6740.02,263.9,267.1,0.2667042629623413,114.1,117.4,0.2597005488204956,6744.75,-0.022452638311319592,25,0.004744897703221299
2026-03-06,2026-03-31,6600.0,6740.02,260.5,263.6,0.2660042730140686,115.9,118.7,0.2587239960861206,6744.75,-0.021694775448217622,25,0.004714721856042476
2026-03-06,2026-03-31,6605.0,6740.02,256.4,259.7,0.2646786789703369,116.6,119.9,0.2575719690322876,6744.8,-0.020944899652040192,25,0.004670303755807555
2026-03-06,2026-03-31,6610.0,6740.02,252.7,256.0,0.2636296477127076,117.9,121.2,0.2565458257293701,6744.8,-0.020188183762734003,25,0.004633262383059755
2026-03-06,2026-03-31,6615.0,6740.02,454.1,459.4,0.5614057531738281,119.2,122.5,0.2554967944717408,6950.9,-0.04953135002872407,25,0.01142687966352433
2026-03-06,2026-03-31,6620.0,6740.02,245.4,248.7,0.2616040637207031,120.5,123.9,0.2545679249763489,6744.85,-0.018683880768189144,25,0.0045622178410183135
2026-03-06,2026-03-31,6625.0,6740.02,241.7,245.0,0.2604825539398193,121.8,125.2,0.253463581161499,6744.85,-0.017928878844820043,25,0.004522955989479153
2026-03-06,2026-03-31,6630.0,6740.02,238.0,241.5,0.2596280702972412,123.2,126.5,0.2523363493919372,6744.9,-0.017181859555158205,25,0.004488143271021869
2026-03-06,2026-03-31,6635.0,6740.02,234.4,237.8,0.2584531552886964,124.5,127.9,0.2513292793846129,6744.9,-0.01642799596875856,25,0.004449967991463131
2026-03-06,2026-03-31,6640.0,6740.02,230.8,234.2,0.2574003093719482,125.9,129.3,0.2502955067634582,6744.9,-0.015674700264586842,25,0.004413613728106102
2026-03-06,2026-03-31,6645.0,6740.02,227.2,230.6,0.2563188535118103,127.2,130.7,0.2492350315284728,6744.95,-0.01492938456859155,25,0.004376450867796639
2026-03-06,2026-03-31,6650.0,6740.02,224.1,227.1,0.2553594667434693,129.2,132.1,0.2481459463500976,6744.95,-0.01417722206603743,25,0.004341056524221292
2026-03-06,2026-03-31,6655.0,6740.02,223.3,225.0,0.2564123126602173,130.0,133.5,0.2470320658874512,6747.4,-0.01378879364930962,25,0.004340004148822743
2026-03-06,2026-03-31,6660.0,6740.02,216.5,219.8,0.252919992237091,131.5,134.9,0.2458876681518554,6744.95,-0.012674592181502435,25,0.004260429487374906
2026-03-06,2026-03-31,6665.0,6740.02,216.0,217.5,0.2536199821853638,133.0,136.4,0.2448634321784973,6747.05,-0.012235418688209525,25,0.004254892369792001
2026-03-06,2026-03-31,6670.0,6740.02,209.4,212.9,0.2509535354614257,134.4,137.9,0.2438086789321899,6745.0,-0.011181629732186803,25,0.004191603575199897
2026-03-06,2026-03-31,6675.0,6740.02,205.9,209.4,0.2498549136352539,135.9,139.3,0.2425803586959838,6745.05,-0.010439698244373909,25,0.004152268791711305
2026-03-06,2026-03-31,6680.0,6740.02,202.4,205.9,0.2487295891952514,137.4,140.8,0.241470292892456,6745.05,-0.00969091498213274,25,0.004114656239705517
2026-03-06,2026-03-31,6685.0,6740.02,198.9,202.4,0.2475737474822998,138.9,142.3,0.240329709815979,6745.05,-0.008942691976780671,25,0.004076194925404338
2026-03-06,2026-03-31,6690.0,6740.02,195.5,199.0,0.2465361602020263,140.4,143.9,0.2393016591835021,6745.1,-0.008202441206567771,25,0.0040417531976932415
2026-03-06,2026-03-31,6695.0,6740.02,192.0,195.5,0.2453230986022949,142.0,145.4,0.2381000415611266,6745.05,-0.0074479233875512675,25,0.004001676925436011
2026-03-06,2026-03-31,6700.0,6740.02,189.2,192.1,0.244224476776123,144.0,147.0,0.2370109563827514,6745.15,-0.006716201710852513,25,0.00396554010492482
2026-03-06,2026-03-31,6705.0,6740.02,185.2,188.7,0.2430934303474426,145.1,148.6,0.2358932612609863,6745.1,-0.005962798613062904,25,0.003928565937294317
2026-03-06,2026-03-31,6710.0,6740.02,181.8,185.2,0.2417907242584228,146.7,150.2,0.2347431415367126,6745.05,-0.005209951547096671,25,0.003888433651535207
2026-03-06,2026-03-31,6715.0,6740.02,178.4,182.0,0.2408866500473022,148.3,151.8,0.2335605972099304,6745.15,-0.0044798981325720475,25,0.0038544553155816026
2026-03-06,2026-03-31,6720.0,6740.02,175.1,178.5,0.239522909412384,150.0,153.5,0.2324905853271484,6745.05,-0.0037207479956289573,25,0.0038150126578120978
2026-03-06,2026-03-31,6725.0,6740.02,171.7,175.2,0.2384109362792968,151.7,155.1,0.2312431917953491,6745.05,-0.002976977042784292,25,0.003776969178382806
2026-03-06,2026-03-31,6730.0,6740.02,168.4,172.0,0.2374114955902099,153.4,156.8,0.2301064233779907,6745.1,-0.002241171690068366,25,0.0037426884341841948
2026-03-06,2026-03-31,6735.0,6740.02,165.1,168.6,0.2360954381942748,155.1,158.5,0.2289353230285644,6745.05,-0.0014910926683598248,25,0.003702972754854337
2026-03-06,2026-03-31,6740.0,6740.02,161.8,165.3,0.2348861912536621,156.8,160.2,0.2277298907470702,6745.05,-0.0007489776064714288,25,0.00366461711174158
2026-03-06,2026-03-31,6745.0,6740.02,158.6,162.2,0.2339306191444397,158.5,161.9,0.2264920338630676,6745.2,-2.9651154173290496e-05,25,0.003629948962371086
2026-03-06,2026-03-31,6750.0,6740.02,156.1,158.8,0.2325134732818603,160.2,163.7,0.2253609874343872,6745.5,0.0006668889877037743,25,0.0035898805098663433
2026-03-06,2026-03-31,6755.0,6740.02,152.1,155.6,0.231348094921112,161.9,165.5,0.2241937017440795,6745.15,0.0014592433043893452,25,0.0035533960361121683
2026-03-06,2026-03-31,6760.0,6740.02,148.9,152.5,0.230289527015686,163.6,167.2,0.2228509417343139,6745.3,0.0021769239935836,25,0.00351603226744811
2026-03-06,2026-03-31,6765.0,6740.02,145.8,149.2,0.2289086204147338,165.4,169.1,0.221752319908142,6745.25,0.00292370815768692,25,0.0034776589577516894
2026-03-06,2026-03-31,6770.0,6740.02,142.6,146.2,0.2279206237030029,167.4,170.9,0.2204782237625122,6745.25,0.0036625334591193623,25,0.0034428343563082573
2026-03-06,2026-03-31,6775.0,6740.02,139.5,143.1,0.2267552453422546,169.1,172.8,0.2193052160835266,6745.35,0.00438598816319671,25,0.00340701943916748
2026-03-06,2026-03-31,6780.0,6740.02,136.4,139.8,0.2252675282859801,171.0,174.6,0.2179529194259643,6745.3,0.005131135891015112,25,0.003363773377910555
2026-03-06,2026-03-31,6785.0,6740.02,133.3,136.8,0.2241689064598083,172.9,176.5,0.216705525894165,6745.35,0.0058609146842645374,25,0.0033282579640999685
2026-03-06,2026-03-31,6790.0,6740.02,130.3,133.7,0.2228890883255004,174.8,178.5,0.2155573134994506,6745.35,0.006597562968037034,25,0.0032916994396103827
2026-03-06,2026-03-31,6795.0,6740.02,127.2,130.7,0.2217141733169555,176.9,180.4,0.2142298121261596,6745.3,0.007341081541817804,25,0.0032542321651374473
2026-03-06,2026-03-31,6800.0,6740.02,125.1,127.6,0.2203580620002746,178.9,182.4,0.2130033992195129,6745.7,0.0080173473289675,25,0.0032157903436737904
2026-03-06,2026-03-31,6805.0,6740.02,121.2,124.6,0.2191049464797974,180.8,184.4,0.211735025062561,6745.3,0.008811670042140292,25,0.003178477415729798
2026-03-06,2026-03-31,6810.0,6740.02,118.3,121.7,0.2179529194259643,182.9,186.4,0.2104246896553039,6745.35,0.009538741558853193,25,0.0031422495883935584
2026-03-06,2026-03-31,6815.0,6740.02,115.3,118.8,0.2167589311218261,184.8,188.4,0.2090704856681823,6745.45,0.010257861628206145,25,0.0031049776062280596
2026-03-06,2026-03-31,6820.0,6740.02,112.4,115.8,0.2153818391799927,186.9,190.5,0.207817370147705,6745.4,0.010998680766469678,25,0.0030667392256093925
2026-03-06,2026-03-31,6825.0,6740.02,109.5,113.0,0.2142488854217529,189.1,192.6,0.2065184787178039,6745.4,0.011731549982122417,25,0.003031595457619014
2026-03-06,2026-03-31,6830.0,6740.02,106.7,110.1,0.2129290133666992,191.2,194.7,0.205173811378479,6745.45,0.012456470062408872,25,0.002993321439381802
2026-03-06,2026-03-31,6835.0,6740.02,103.8,107.2,0.2115652727317809,193.4,196.9,0.2039302325057983,6745.35,0.01320309157334498,25,0.0029561047067231372
2026-03-06,2026-03-31,6840.0,6740.02,101.1,104.4,0.2103007132339477,195.5,199.1,0.2026370630645751,6745.45,0.013919528114169324,25,0.002919822039287138
2026-03-06,2026-03-31,6845.0,6740.02,98.3,101.6,0.2089922851562499,197.7,201.3,0.2012981177139282,6745.45,0.014650255220122576,25,0.0028825036761536476
2026-03-06,2026-03-31,6850.0,6740.02,96.4,98.7,0.2074854948043822,200.0,203.5,0.1999057671356201,6745.8,0.015328563272502076,25,0.002841911649059376
2026-03-06,2026-03-31,6855.0,6740.02,92.8,96.2,0.2065242007064818,202.2,205.8,0.1986164123535156,6745.5,0.016102697117542957,25,0.0028105978827162757
2026-03-06,2026-03-31,6860.0,6740.02,90.1,93.5,0.2052195872879028,204.6,208.1,0.1972717450141906,6745.45,0.01683923821750419,25,0.0027739601468889413
2026-03-06,2026-03-31,6865.0,6740.02,87.5,90.8,0.2038653833007812,207.0,210.4,0.1958755797767639,6745.45,0.017567835699644624,25,0.0027361787253795075
2026-03-06,2026-03-31,6870.0,6740.02,84.9,88.2,0.2026103604507446,209.2,213.1,0.1950306327819824,6745.4,0.018303315145357105,25,0.0027075061558066715
2026-03-06,2026-03-31,6875.0,6740.02,82.3,85.6,0.2013019323730468,211.6,215.5,0.1936802434539795,6745.4,0.019030852463733944,25,0.002671419849675547
2026-03-06,2026-03-31,6880.0,6740.02,79.7,83.0,0.1999439137268066,214.2,217.5,0.1916603814506531,6745.5,0.01974303604851756,25,0.0026259233561889543
2026-03-06,2026-03-31,6885.0,6740.02,77.2,80.5,0.1986850762176513,216.5,220.0,0.1903462313842773,6745.6,0.020454691695821273,25,0.002591530107781959
2026-03-06,2026-03-31,6890.0,6740.02,74.7,78.0,0.1973690188217163,219.0,222.5,0.1889729541015625,6745.6,0.0211806445407703,25,0.0025558239733262243
2026-03-06,2026-03-31,6895.0,6740.02,72.3,75.5,0.1959995561981201,221.5,225.0,0.1875405496025085,6745.65,0.021898658548849807,25,0.0025188872047526944
2026-03-06,2026-03-31,6900.0,6740.02,70.7,72.7,0.1941036706161499,224.2,227.9,0.1866765293121337,6745.65,0.0226235589067984,25,0.0024827664496134185
2026-03-06,2026-03-31,6905.0,6740.02,67.4,70.6,0.1932453723144531,226.7,230.1,0.1846452233314514,6745.6,0.02335534637645873,25,0.00244522777872631
2026-03-06,2026-03-31,6910.0,6740.02,65.1,68.2,0.1918549290657043,229.3,233.1,0.1838231642913818,6745.45,0.024101434259288904,25,0.0024166785929523203
2026-03-06,2026-03-31,6915.0,6740.02,62.8,65.9,0.1905636669540405,231.8,235.4,0.1818090242767333,6745.75,0.024780288161889368,25,0.002374339403672075
2026-03-06,2026-03-31,6920.0,6740.02,60.5,63.6,0.1892132776260376,234.8,238.2,0.1805349281311035,6745.55,0.02553274141134135,25,0.002340988624325773
2026-03-06,2026-03-31,6925.0,6740.02,58.3,61.3,0.1877980390930175,234.8,243.1,0.1826635079193115,6745.85,0.026210551079908634,25,0.0023500300995679462
2026-03-06,2026-03-31,6930.0,6740.02,56.0,59.1,0.1864800743675231,237.6,245.9,0.1812921379661559,6745.8,0.02693972420018006,25,0.002316034249397408
2026-03-06,2026-03-31,6935.0,6740.02,53.9,56.9,0.1850972604370117,231.6,255.4,0.1910099820709228,6746.9,0.0274979136334494,25,0.0024222030456664766
2026-03-06,2026-03-31,6940.0,6740.02,51.7,54.8,0.1838155349731445,243.3,251.5,0.1783376844787598,6745.85,0.028374273525219464,25,0.0022458040130030675
2026-03-06,2026-03-31,6945.0,6740.02,49.6,52.6,0.1822934859848022,237.3,261.1,0.1883397206878662,6746.9,0.02893883607296157,25,0.0023522084569942625
2026-03-06,2026-03-31,6950.0,6740.02,48.4,50.2,0.1803518244934082,249.1,257.6,0.1759516152000427,6745.95,0.029799334764294652,25,0.0021738380331743938
2026-03-06,2026-03-31,6955.0,6740.02,45.6,48.5,0.1795469314193725,243.1,267.0,0.1857419378280639,6747.0,0.030362863730117966,25,0.002284862294453265
2026-03-06,2026-03-31,6960.0,6740.02,43.6,46.6,0.1783300551605225,255.1,263.7,0.173275631828308,6745.7,0.0312742094932346,25,0.0021168931356658808
2026-03-06,2026-03-31,6965.0,6740.02,41.6,44.6,0.1768575967407226,250.0,273.0,0.183041159172058,6746.6,0.03185893295236035,25,0.0022179300429377947
2026-03-06,2026-03-31,6970.0,6740.02,39.8,42.7,0.1754881341171264,253.2,276.1,0.1817594337081909,6746.6,0.03257655049302374,25,0.0021853737109093266
2026-03-06,2026-03-31,6975.0,6740.02,37.9,40.9,0.1742254819488525,256.3,279.3,0.1805883333587646,6746.6,0.03329365342802067,25,0.0021556993755675997
2026-03-06,2026-03-31,6980.0,6740.02,36.2,39.1,0.1728827219390869,258.6,282.5,0.1793447544860839,6747.1,0.033936133836723975,25,0.002124386903233635
2026-03-06,2026-03-31,6985.0,6740.02,34.4,37.3,0.1714560394287109,262.4,285.7,0.1780248824310303,6746.8,0.03469667430720267,25,0.0020913855264372352
2026-03-06,2026-03-31,6990.0,6740.02,32.8,35.6,0.1701399820327759,265.1,289.0,0.1768156354904174,6747.15,0.03536036274440328,25,0.002061270557035965
2026-03-06,2026-03-31,6995.0,6740.02,31.1,34.0,0.1689345497512818,268.5,292.3,0.1755300953674316,6747.15,0.036075414616128856,25,0.0020317789680952257
2026-03-06,2026-03-31,7000.0,6740.02,30.4,31.9,0.1666304956436157,271.9,295.7,0.1743589950180054,6747.35,0.036760313848115095,25,0.001990990286672462
2026-03-06,2026-03-31,7005.0,6740.02,28.0,30.8,0.1662642883682251,275.3,299.1,0.173111601486206,6747.2,0.03749657577881196,25,0.0019721916886042286
2026-03-06,2026-03-31,7010.0,6740.02,26.5,29.3,0.1650016361999511,278.8,302.6,0.171982462387085,6747.2,0.03821009703634036,25,0.0019444911421321448
2026-03-06,2026-03-31,7015.0,6740.02,25.0,27.8,0.1636474322128296,282.3,306.1,0.1707732154464721,6747.2,0.0389231095442659,25,0.0019150200270696368
2026-03-06,2026-03-31,7020.0,6740.02,23.6,26.4,0.1624152973175049,285.9,309.7,0.1696898522567749,6747.2,0.03963561402756139,25,0.0018885929858519655
2026-03-06,2026-03-31,7025.0,6740.02,22.3,25.0,0.1610877959442138,289.5,313.3,0.168526381225586,6747.25,0.040340200755723664,25,0.001860368249851441
2026-03-06,2026-03-31,7030.0,6740.02,21.0,23.7,0.159889992980957,293.1,317.0,0.1674926086044311,6747.3,0.0410442809594748,25,0.0018352631476167287
2026-03-06,2026-03-31,7035.0,6740.02,19.7,22.4,0.1585968235397338,296.9,320.7,0.1663787281417847,6747.25,0.04176267610226663,25,0.0018083751573751247
2026-03-06,2026-03-31,7040.0,6740.02,18.5,21.2,0.1574371671676635,300.6,324.5,0.1654059900665283,6747.3,0.04246574530685239,25,0.0017847209618654298
2026-03-06,2026-03-31,7045.0,6740.02,17.4,20.0,0.1561783296585083,304.5,328.3,0.1643493294906616,6747.3,0.04317572048754484,25,0.0017592119910898364
2026-03-06,2026-03-31,7050.0,6740.02,17.2,18.4,0.1537789090728759,308.3,332.1,0.1632049317550659,6747.6,0.04384073072015801,25,0.0017205266326375673
2026-03-06,2026-03-31,7055.0,6740.02,15.2,17.8,0.153855202255249,312.2,336.1,0.1624610732269287,6747.35,0.04458675009757913,25,0.001713287433817071
2026-03-06,2026-03-31,7060.0,6740.02,14.2,16.8,0.1528061709976196,316.2,340.0,0.1613853393554687,6747.4,0.04528780600876608,25,0.0016903476914033352
2026-03-06,2026-03-31,7065.0,6740.02,13.3,15.8,0.1516503292846679,320.2,344.0,0.1604736358261108,6747.45,0.04598836040583146,25,0.0016681741369259343
2026-03-06,2026-03-31,7070.0,6740.02,12.4,14.9,0.150673776550293,324.3,348.1,0.1597412212753295,6747.45,0.04669582417782226,25,0.001649956693066459
2026-03-06,2026-03-31,7075.0,6740.02,11.5,14.0,0.149598042678833,328.4,352.2,0.1589286988830566,6747.45,0.04740278779864216,25,0.0016299443537465246
2026-03-06,2026-03-31,7080.0,6740.02,10.7,13.2,0.1487130417633056,332.5,356.3,0.1580322539901733,6747.55,0.048094431671152696,25,0.0016111759668987879
2026-03-06,2026-03-31,7085.0,6740.02,9.9,12.4,0.147732674369812,336.7,360.5,0.1573341713714599,6747.55,0.04880039710816793,25,0.0015935921296323455
2026-03-06,2026-03-31,7090.0,6740.02,9.2,11.6,0.1466378672027587,341.0,364.8,0.1568497096633911,6747.5,0.0495132746340134,25,0.0015771354334261503
2026-03-06,2026-03-31,7095.0,6740.02,8.5,10.9,0.145768124923706,345.2,369.1,0.1562965840911865,6747.55,0.050210834577530304,25,0.0015623816512371858
2026-03-06,2026-03-31,7100.0,6740.02,8.4,10.1,0.144440623550415,349.6,373.4,0.1556633506774902,6747.75,0.05088566806406887,25,0.0015421643038935483
2026-03-06,2026-03-31,7105.0,6740.02,7.2,9.7,0.144440623550415,190.3,190.9,1.0000000000000004e-05,6922.85,0.02597122699531639,25,0.0003572942233579403
2026-03-06,2026-03-31,7110.0,6740.02,6.9,9.1,0.143639545135498,358.3,382.1,0.1544884356689453,6747.8,0.05228571798203525,25,0.0015219228242899744
2026-03-06,2026-03-31,7115.0,6740.02,6.1,8.5,0.1427240269470214,362.8,386.6,0.1542977027130127,6747.6,0.05301834543779645,25,0.0015106491077095617
2026-03-06,2026-03-31,7120.0,6740.02,5.9,8.0,0.1421060521697998,367.2,391.1,0.1540383058929443,6747.8,0.053691199590770046,25,0.0015017376851437462
2026-03-06,2026-03-31,7125.0,6740.02,5.5,7.5,0.1413965255737305,371.7,395.6,0.1537255038452148,6747.85,0.05438579052659186,25,0.0014913871960335068
2026-03-06,2026-03-31,7130.0,6740.02,4.7,7.1,0.1410303182983398,376.3,400.1,0.1533440379333496,6747.7,0.05510952834782359,25,0.0014838400960072184
2026-03-06,2026-03-31,7135.0,6740.02,4.3,6.7,0.1405801885223388,380.9,404.7,0.1532753740692139,6747.7,0.05581054485041876,25,0.0014786145833218828
2026-03-06,2026-03-31,7140.0,6740.02,3.9,6.3,0.1400461362457275,385.5,409.3,0.153153304977417,6747.7,0.05651107027311204,25,0.0014720190468076055
2026-03-06,2026-03-31,7145.0,6740.02,3.6,5.9,0.1394281614685059,390.1,413.9,0.152977830657959,6747.75,0.05720369539863,25,0.001464062743689422
2026-03-06,2026-03-31,7150.0,6740.02,3.3,5.5,0.1387033762359619,394.7,418.5,0.1527489511108398,6747.8,0.05789583087280187,25,0.0014545284095182748
2026-03-06,2026-03-31,7155.0,6740.02,3.0,5.2,0.138405832824707,399.4,423.2,0.152878649520874,6747.8,0.05859488717529998,25,0.0014528535899885804
2026-03-06,2026-03-31,7160.0,6740.02,2.7,4.9,0.1380396255493164,404.1,427.9,0.1529625720214844,6747.8,0.05929345513943995,25,0.001450039023819099
2026-03-06,2026-03-31,7165.0,6740.02,2.45,4.6,0.1375971250915527,408.8,432.7,0.1534508483886719,6747.775,0.05999524036511442,25,0.001450495254570985
2026-03-06,2026-03-31,7170.0,6740.02,2.2,4.3,0.1370478141784668,413.6,437.4,0.1534584777069092,6747.75,0.06069653862832829,25,0.0014451011237156042
2026-03-06,2026-03-31,7175.0,6740.02,2.0,4.1,0.1370478141784668,418.4,442.2,0.1538780902099609,6747.75,0.06139364566248403,25,0.0014492787987024755
2026-03-06,2026-03-31,7180.0,6740.02,1.8,3.8,0.1363382875823975,423.2,447.0,0.1542824440765381,6747.7,0.06209767698175187,25,0.0014462398916091617
2026-03-06,2026-03-31,7190.0,6740.02,1.45,3.4,0.1359949682617187,269.9,275.7,1.0000000000000004e-05,6919.625,0.038329594323193945,25,0.0003167354690388889
2026-03-06,2026-03-31,7200.0,6740.02,1.15,3.1,0.1361475546264648,442.4,466.3,0.1560905924987793,6747.775,0.06486820510698879,25,0.00146238244238349
2026-03-06,2026-03-31,7205.0,6740.02,1.0,2.85,0.1353541055297852,447.9,466.6,0.1241847836303711,6749.675,0.06528087387435438,25,0.0011534321059330117
2026-03-06,2026-03-31,7210.0,6740.02,0.9,2.75,0.1356897955322266,452.2,476.0,0.1571129211425781,6747.725,0.06626354025920338,25,0.0014680382002079787
2026-03-06,2026-03-31,7215.0,6740.02,0.8,2.6,0.1355524678039551,286.2,291.9,1.0000000000000004e-05,6927.65,0.04064154187234472,25,0.0003146777855667529
2026-03-06,2026-03-31,7220.0,6740.02,0.7,2.45,0.1353693641662598,461.9,485.7,0.1580436979675293,6747.775,0.06764213198971404,25,0.0014741648121699789
2026-03-06,2026-03-31,7225.0,6740.02,0.6,2.35,0.1355677264404297,466.8,490.6,0.1587455952453613,6747.775,0.06833441308347514,25,0.0014832248513993816
2026-03-06,2026-03-31,7230.0,6740.02,0.55,2.25,0.135750830078125,300.6,305.4,1.0000000000000004e-05,6928.4,0.04261012985668542,25,0.0003155993661558481
2026-03-06,2026-03-31,7240.0,6740.02,0.4,2.05,0.1359644509887695,481.5,505.3,0.1607902525329589,6747.825,0.0704009756601435,25,0.001507934144901865
2026-03-06,2026-03-31,7250.0,6740.02,0.3,1.9,0.1365442791748047,491.3,515.2,0.1626670648193359,6747.85,0.07177753323846107,25,0.001533003910527054
2026-03-06,2026-03-31,7255.0,6740.02,0.25,1.85,0.137078331451416,496.3,520.1,0.1632926689147949,6747.85,0.07246695070802874,25,0.0015449098948801072
2026-03-06,2026-03-31,7260.0,6740.02,0.2,1.75,0.137002038269043,501.2,525.0,0.1639106436920166,6747.875,0.07315218833166758,25,0.0015504870233732496
2026-03-06,2026-03-31,7265.0,6740.02,0.15,1.7,0.1374903146362305,507.2,527.8,0.1492699819946289,6748.425,0.07375915269759863,25,0.001408073077462645
2026-03-06,2026-03-31,7270.0,6740.02,0.1,1.65,0.1379480737304687,304.2,310.8,1.0000000000000004e-05,6963.375,0.043092020938695706,25,0.00032589777581201095
2026-03-06,2026-03-31,7280.0,6740.02,0.05,1.55,0.1387872987365723,519.9,540.1,0.1066983862304687,6750.8,0.07546984582840237,25,0.0010319044781461866
2026-03-06,2026-03-31,7290.0,6740.02,0.0,1.5,0.1402216105651855,530.9,554.7,0.1692587957763672,6747.95,0.07726479096714152,25,0.001640036334063914
2026-03-06,2026-03-31,7300.0,6740.02,0.0,1.4,0.140908249206543,540.8,564.6,0.170983021697998,6748.0,0.07862818347062352,25,0.0016656877545624961
2026-03-06,2026-03-31,7305.0,6740.02,0.0,1.4,0.1419458364868164,355.3,361.7,1.0000000000000004e-05,6947.2,0.05022034450082713,25,0.0003450592382306808
2026-03-06,2026-03-31,7340.0,6740.02,0.0,1.2,0.1460046337890624,579.3,598.4,1.0000000000000004e-05,6751.75,0.08353711208460063,25,0.0003650731726122261
2026-03-06,2026-03-31,7360.0,6740.02,0.0,1.15,0.149147912902832,599.2,618.9,1.0000000000000004e-05,6751.525,0.08629152744783922,25,0.0003809603250261784
2026-03-06,2026-03-31,7375.0,6740.02,0.0,1.1,0.1512230874633789,615.3,639.1,0.1848531222534179,6748.35,0.08879787166730231,25,0.0019340277181097323
2026-03-06,2026-03-31,7400.0,6740.02,0.0,1.05,0.1551903329467773,542.1,563.0,1.0000000000000004e-05,6847.975,0.07752701207828139,25,0.0004124510847053173
2026-03-06,2026-03-31,7425.0,6740.02,0.0,1.0,0.1590049920654297,556.7,575.7,1.0000000000000004e-05,6859.3,0.0792472889738143,25,0.00043297547434192934
2026-03-06,2026-03-31,7450.0,6740.02,0.0,0.95,0.1627280993652343,690.0,713.8,0.1992420164489746,6748.575,0.09888266090522813,25,0.0022435336428519143
2026-03-06,2026-03-31,7475.0,6740.02,0.0,0.9,0.1663291375732422,715.5,734.8,1.0000000000000004e-05,6750.3,0.10197717093549225,25,0.0018948891784834607
2026-03-06,2026-03-31,7500.0,6740.02,0.0,0.9,0.1710287976074219,739.8,763.6,0.2083819396972655,6748.75,0.105545717991905,25,0.002003482850071266
2026-03-06,2026-03-31,7550.0,6740.02,0.05,0.85,0.1790243231201171,789.6,813.4,0.217155655670166,6748.95,0.1121606260320707,25,0.0021951854978504172
2026-03-06,2026-03-31,7570.0,6740.02,0.0,0.85,0.1826558786010741,710.2,719.7,1.0000000000000004e-05,6855.475,0.09914546434845749,25,0.0005713497124161359
2026-03-06,2026-03-31,7600.0,6740.02,0.05,0.75,0.1853108813476562,622.9,630.3,1.0000000000000004e-05,6973.8,0.08598797739670523,25,0.0005880792647854806
2026-03-06,2026-03-31,7650.0,6740.02,0.05,0.65,0.1910481286621093,655.9,661.7,1.0000000000000004e-05,6991.55,0.09000337082409117,25,0.0006250549405456697
2026-03-06,2026-03-31,7700.0,6740.02,0.0,0.55,0.1960529614257812,939.2,963.0,0.2436904244995117,6749.175,0.13180005366716635,25,0.002632655046836908
2026-03-06,2026-03-31,7750.0,6740.02,0.0,0.55,0.2044757287597655,749.8,757.1,1.0000000000000004e-05,6996.825,0.10223636863314868,25,0.0028637207980710404
2026-03-06,2026-03-31,7760.0,6740.02,0.0,0.7,0.2116778051757812,999.8,1020.4,0.2028888305664062,6750.25,0.139402792959506,25,0.0030690063838380807
2026-03-06,2026-03-31,7800.0,6740.02,0.0,0.5,0.2107012524414062,1038.9,1062.7,0.2595899237060547,6749.45,0.1446627136123853,25,0.0030407546424915874
2026-03-06,2026-03-31,7830.0,6740.02,0.0,0.65,0.2216874707031249,1068.8,1092.6,0.2640149282836914,6749.625,0.14847556221709587,25,0.003366118812791017
2026-03-06,2026-03-31,7840.0,6740.02,0.0,0.65,0.2233964379882812,1078.8,1102.6,0.2659069992065429,6749.625,0.14975188657670063,25,0.003418217020948765
2026-03-06,2026-03-31,7850.0,6740.02,0.05,0.2,0.2002033105468749,989.3,998.8,1.0000000000000004e-05,6856.075,0.13537841123545188,25,0.002745299010543043
2026-03-06,2026-03-31,7875.0,6740.02,0.0,0.55,0.2251054052734374,1113.7,1137.5,0.2711254528808594,6749.675,0.15419882913456573,25,0.003470715307076609
2026-03-06,2026-03-31,7900.0,6740.02,0.0,0.6,0.2313309289550781,917.7,927.1,1.0000000000000004e-05,6977.9,0.12411474756487742,25,0.0036653423761109165
2026-03-06,2026-03-31,8000.0,6740.02,0.0,0.6,0.2474440490722656,1238.3,1262.1,0.2877878839111327,6750.1,0.1698842220903208,25,0.004193736809676561
2026-03-06,2026-03-31,8200.0,6740.02,0.0,0.5,0.2736889038085937,1211.4,1235.4,1.0000000000000004e-05,6976.85,0.16153662875591485,25,0.005130521648489701
2026-03-06,2026-03-31,8400.0,6740.02,0.0,0.5,0.3035347967529296,1396.0,1407.5,1.0000000000000004e-05,6998.5,0.18253586547070438,25,0.006310504989030293
2026-03-06,2026-03-31,8500.0,6740.02,0.0,0.45,0.3148261877441405,1495.4,1506.9,1.0000000000000004e-05,6999.075,0.1942881660297369,25,0.0067887348280485475
2026-03-06,2026-04-01,6675.0,6740.02,209.5,213.3,0.2505262936401367,138.6,142.4,0.2422637419891357,6745.9,-0.010565708644104695,26,0.004324583903837663
2026-03-06,2026-04-01,6725.0,6740.02,175.4,179.1,0.2392272733306884,154.4,158.1,0.2309437410545349,6746.0,-0.0031178111515557257,26,0.003936698871211492
2026-03-06,2026-04-01,6750.0,6740.02,159.0,162.6,0.2332916637420654,162.8,166.6,0.2250272047615051,6746.1,0.0005779447556783941,26,0.00374072658622344
2026-03-06,2026-04-01,6770.0,6740.02,146.2,149.9,0.2286549455833435,170.0,173.8,0.2202417148971557,6746.15,0.003529115133173268,26,0.0035885024017494236
2026-03-06,2026-04-01,6775.0,6740.02,143.1,146.8,0.2275143625068664,171.8,175.7,0.21909731716156,6746.2,0.004259983367435841,26,0.0035520628786456033
2026-03-06,2026-04-01,6800.0,6740.02,127.8,131.4,0.221412815246582,181.4,185.3,0.2129442720031738,6746.25,0.00793581723134549,26,0.0033598068906482135
2026-03-06,2026-04-01,6810.0,6740.02,121.8,125.4,0.2189332868194579,185.6,189.2,0.2102892692565918,6746.2,0.009412736763092283,26,0.0032808438827095195
2026-03-06,2026-04-01,6825.0,6740.02,113.0,116.7,0.2153398779296875,191.7,195.5,0.2066348258209228,6746.25,0.01160554612030789,26,0.0031709787094115057
2026-03-06,2026-04-01,6850.0,6740.02,99.0,102.5,0.2089426945877074,202.6,206.3,0.2000850561141967,6746.3,0.015254445825962255,26,0.0029793809739388595
2026-03-06,2026-04-01,6860.0,6740.02,93.6,97.1,0.2064765174674987,207.1,210.8,0.1973919067764282,6746.4,0.01669841245949913,26,0.0029046933607075926
2026-03-06,2026-04-01,6875.0,6740.02,85.7,89.1,0.2025683992004394,214.1,218.2,0.1939358256149292,6746.25,0.018904848601919426,26,0.002799729868292703
2026-03-06,2026-04-01,6880.0,6740.02,83.1,86.6,0.2014144648170471,216.6,220.2,0.1919846274757385,6746.45,0.019602211334288695,26,0.0027560506789290947
2026-03-06,2026-04-01,6900.0,6740.02,73.1,76.5,0.1961406985855102,226.5,230.2,0.1866002361297607,6746.45,0.022504970992250076,26,0.002608737123818289
2026-03-06,2026-04-01,6925.0,6740.02,61.5,64.7,0.1895680409240723,239.7,243.7,0.1800847983551025,6746.4,0.026129022795107384,26,0.002433372439223316
2026-03-06,2026-04-01,6930.0,6740.02,59.2,62.5,0.1883282767105102,240.1,248.4,0.1818376342201232,6746.6,0.026821138922403242,26,0.0024401320835566753
2026-03-06,2026-04-01,6950.0,6740.02,50.7,53.8,0.1829114607620239,251.0,260.0,0.1766287171936035,6746.75,0.029680752123172116,26,0.0023020531703242943
2026-03-06,2026-04-01,7000.0,6740.02,32.2,35.2,0.1698767705535888,273.8,297.6,0.1746145771789551,6748.0,0.036663984371591525,26,0.0021133777433062985
2026-03-06,2026-04-01,7300.0,6740.02,0.0,1.55,0.1402063519287109,540.0,563.8,0.1621330125427246,6748.875,0.07849852382700585,26,0.0016278331328998489
2026-03-06,2026-04-01,7325.0,6740.02,0.0,1.4,0.1432275619506836,564.8,588.6,0.1662681030273438,6749.0,0.08189880914186165,26,0.0017058059812636818
2026-03-06,2026-04-02,5900.0,6740.02,866.7,890.5,0.4399088602447509,30.0,32.6,0.3872360471343994,6747.3,-0.13419007395142493,27,0.011092321691527176
2026-03-06,2026-04-02,5950.0,6740.02,819.6,843.5,0.4278697960662841,32.8,35.4,0.3775468129730224,6747.45,-0.12577343617312076,27,0.010544172853765292
2026-03-06,2026-04-02,6520.0,6740.02,329.8,333.3,0.2846808440589904,102.0,105.5,0.2728420494842528,6747.8,-0.03434214989455274,27,0.0057482588864865925
2026-03-06,2026-04-02,6670.0,6740.02,217.9,221.6,0.2535894649124146,139.6,143.2,0.2419929011917114,6748.35,-0.011678170631048866,27,0.004541952604808786
2026-03-06,2026-04-02,6675.0,6740.02,214.3,218.1,0.2525080090522766,141.0,144.7,0.2409343332862853,6748.35,-0.010928826272267957,27,0.004502811178588559
2026-03-06,2026-04-02,6700.0,6740.02,197.0,200.8,0.246990104637146,148.6,152.3,0.2353725602912902,6748.45,-0.00720532248896823,27,0.004302870543804996
2026-03-06,2026-04-02,6720.0,6740.02,183.4,187.2,0.2424125136947631,154.8,158.7,0.2308483745765686,6748.55,-0.0042395124585583996,27,0.004142019483506156
2026-03-06,2026-04-02,6750.0,6740.02,163.6,167.5,0.2356300497817993,165.0,168.8,0.2238313091278075,6748.65,0.00020002000266702272,27,0.003903991773245677
2026-03-06,2026-04-02,6770.0,6740.02,150.8,154.7,0.2309494630432129,172.2,176.0,0.2191373710823058,6748.65,0.003158602042412305,27,0.003746308406051075
2026-03-06,2026-04-02,6775.0,6740.02,147.7,151.4,0.2295590197944641,173.9,177.8,0.2178785335731506,6748.7,0.0038894730222535727,27,0.003702335501655562
2026-03-06,2026-04-02,6780.0,6740.02,144.6,148.4,0.2285462277984619,176.0,179.7,0.2167207845306396,6748.65,0.004634617070532827,27,0.0036665022131842973
2026-03-06,2026-04-02,6790.0,6740.02,138.4,142.1,0.226009479484558,179.8,183.5,0.2142946613311767,6748.6,0.0061158656054644735,27,0.00358522526255207
2026-03-06,2026-04-02,6800.0,6740.02,132.3,136.0,0.2236062442398071,183.5,187.3,0.2117197664260864,6748.75,0.007565309631701304,27,0.003504613602864112
2026-03-06,2026-04-02,6810.0,6740.02,126.3,130.0,0.2211953796768188,187.4,191.3,0.2092669406127929,6748.8,0.009027408859102526,27,0.0034267403069220136
2026-03-06,2026-04-02,6820.0,6740.02,120.4,124.1,0.2187730711364746,191.5,195.7,0.2072070246887206,6748.65,0.01051698697359936,27,0.003355749407575032
2026-03-06,2026-04-02,6825.0,6740.02,117.5,121.2,0.2175752681732178,193.7,197.4,0.2054217642211914,6748.8,0.011227629768705031,27,0.0033089145302677234
2026-03-06,2026-04-02,6830.0,6740.02,114.6,118.3,0.2163355039596557,195.7,199.5,0.2041495754051208,6748.85,0.01195255358331062,27,0.003269731474758127
2026-03-06,2026-04-02,6840.0,6740.02,108.9,112.6,0.2138788634872436,200.1,203.8,0.2016147344207763,6748.8,0.01342302033214055,27,0.0031925637721704693
2026-03-06,2026-04-02,6850.0,6740.02,103.3,107.0,0.2113955204010009,204.4,208.2,0.1990436541748046,6748.85,0.014876532274745967,27,0.0031153620087086644
2026-03-06,2026-04-02,6860.0,6740.02,97.9,101.5,0.2088854747009276,208.9,212.6,0.1962837483024597,6748.95,0.0163205045089312,27,0.0030358744385394197
2026-03-06,2026-04-02,6870.0,6740.02,92.5,96.2,0.2064822394561767,213.5,217.3,0.1937603512954712,6748.95,0.01777716900539529,27,0.002962494211776
2026-03-06,2026-04-02,6875.0,6740.02,89.9,93.5,0.2051413867759704,215.9,219.6,0.1923508347511291,6748.95,0.018504706323772296,27,0.00292191903199508
2026-03-06,2026-04-02,6880.0,6740.02,87.3,90.9,0.2038978079032898,218.4,222.0,0.1910366846847534,6748.9,0.019239123303683308,27,0.002884436878606801
2026-03-06,2026-04-02,6890.0,6740.02,82.2,85.8,0.2014125574874877,223.1,226.8,0.1882443542098998,6749.05,0.020669330786776963,27,0.0028078614647299533
2026-03-06,2026-04-02,6900.0,6740.02,77.3,80.8,0.1988796238327025,228.2,231.8,0.1855283169174194,6749.05,0.022119657364423437,27,0.002732722981244677
2026-03-06,2026-04-02,6910.0,6740.02,72.5,75.9,0.1962875629615783,233.3,237.0,0.1828847581481933,6749.05,0.02356788354078825,27,0.0026587907709492036
2026-03-06,2026-04-02,6920.0,6740.02,67.8,71.2,0.1937870539093017,238.5,242.5,0.1804662642669678,6749.0,0.025021423868308728,27,0.0025902532510141073
2026-03-06,2026-04-02,6925.0,6740.02,65.5,68.8,0.1923756300354004,241.2,245.2,0.1790891723251342,6748.95,0.025751114844539597,27,0.0025517977284960805
2026-03-06,2026-04-02,6930.0,6740.02,63.2,66.5,0.1910633872985839,243.9,247.9,0.1776453238487243,6748.95,0.026472875972949252,27,0.002514071965239416
2026-03-06,2026-04-02,6940.0,6740.02,58.8,62.1,0.1885762295532226,246.3,256.4,0.1795774486923217,6749.1,0.027892611857286944,27,0.002506508583393521
2026-03-06,2026-04-02,6950.0,6740.02,54.5,57.8,0.1860089639663696,252.0,262.1,0.1768099135017395,6749.1,0.02933249691527461,27,0.002434392823201991
2026-03-06,2026-04-02,6960.0,6740.02,50.3,53.6,0.1833539612197876,258.4,267.6,0.1734186815452575,6748.95,0.03079253711746559,27,0.0023539324677328563
2026-03-06,2026-04-02,6975.0,6740.02,44.5,47.6,0.1793752717590331,267.2,276.4,0.1686637089538574,6749.25,0.032900940107398746,27,0.0022400962784815273
2026-03-06,2026-04-02,6980.0,6740.02,42.6,45.8,0.1782537619781494,261.7,285.5,0.1778570374298095,6750.6,0.03341752695133697,27,0.002345207081701602
2026-03-06,2026-04-02,7000.0,6740.02,35.5,38.6,0.1730810842132568,274.5,298.3,0.1726576570510865,6750.65,0.036271352510769364,27,0.002210583893629053
2026-03-06,2026-04-02,7020.0,6740.02,29.2,32.2,0.1681830619049072,288.0,311.9,0.1677291174697876,6750.75,0.03910960821455242,27,0.00208671150055544
2026-03-06,2026-04-02,7040.0,6740.02,23.6,26.6,0.1636092856216431,302.3,326.2,0.1628997590255737,6750.85,0.04193974728759049,27,0.001971520697523172
2026-03-06,2026-04-02,7050.0,6740.02,21.1,24.0,0.1612441969680786,309.7,333.6,0.1605003384399414,6750.9,0.0433517874945044,27,0.0019144025642143228
2026-03-06,2026-04-02,7070.0,6740.02,16.5,19.4,0.1568306363677979,325.1,348.9,0.1557549024963379,6750.95,0.04617724418635121,27,0.0018069605588277517
2026-03-06,2026-04-02,7200.0,6740.02,2.05,4.4,0.1395960064697265,439.9,463.7,0.1356745368957519,6751.425,0.06432743230727493,27,0.001401297633703832
2026-03-06,2026-04-02,7250.0,6740.02,0.7,2.65,0.1385126432800293,488.3,512.1,0.1341639318847656,6751.475,0.07124046933532024,27,0.0013750122571077094
2026-03-06,2026-04-02,7350.0,6740.02,0.0,1.5,0.1468591174316406,586.9,610.7,0.1345911737060547,6751.95,0.0848689611717782,27,0.001464921364589262
2026-03-06,2026-04-06,6600.0,6740.02,272.9,276.8,0.2566411922073364,124.6,128.3,0.2453116546249389,6748.4,-0.02223579071730282,31,0.005349764708036844
2026-03-06,2026-04-06,6625.0,6740.02,254.5,258.3,0.2515562516021729,131.1,134.9,0.2405223501014709,6748.4,-0.018455067877396723,31,0.005141357436913023
2026-03-06,2026-04-06,6750.0,6740.02,168.1,172.1,0.2257691559600829,169.2,173.2,0.2145120969009399,6748.9,0.00016297624286940686,31,0.004115941801539061
2026-03-06,2026-04-06,6800.0,6740.02,136.8,140.6,0.2145845754241943,187.7,191.7,0.2032512231826782,6749.0,0.007528266420791589,31,0.003706979035973102
2026-03-06,2026-04-06,6825.0,6740.02,121.9,125.8,0.2090132657814025,197.9,201.8,0.197437682685852,6749.0,0.011197995309753975,31,0.003507721629320448
2026-03-06,2026-04-06,6850.0,6740.02,107.8,111.6,0.2033370530128478,208.6,212.5,0.1914505751991272,6749.15,0.014832081244956493,31,0.0033092982281276266
2026-03-06,2026-04-06,6875.0,6740.02,94.3,98.0,0.1974929952430725,220.2,223.8,0.1852117002105712,6749.15,0.018475072523457543,31,0.003109828357253597
2026-03-06,2026-04-06,6900.0,6740.02,81.5,85.2,0.1916813620758057,232.1,236.1,0.1791730948257446,6749.25,0.022090024003183228,31,0.002920221831723327
2026-03-06,2026-04-06,6925.0,6740.02,69.6,73.1,0.18569616191864,245.0,249.2,0.1729914397239685,6749.25,0.025706664473371617,31,0.0027317538785862493
2026-03-06,2026-04-06,6950.0,6740.02,58.4,61.8,0.179596521987915,255.8,266.0,0.170983021697998,6749.2,0.02931768023465541,31,0.002609648294508023
2026-03-06,2026-04-06,6975.0,6740.02,48.1,51.5,0.1736075071716308,270.6,280.9,0.1647880152893066,6749.05,0.03293057346863892,31,0.0024314091905958454
2026-03-06,2026-04-06,7050.0,6740.02,23.9,26.9,0.1564796877288818,312.4,336.2,0.1552132209014892,6751.1,0.043322162253797064,31,0.002062826402742661
2026-03-06,2026-04-07,6825.0,6740.02,125.2,129.1,0.2099268766403197,200.4,204.4,0.1976513035964965,6749.75,0.011086873909510077,32,0.003640985709702019
2026-03-06,2026-04-07,6850.0,6740.02,111.0,114.7,0.2041419460868835,211.1,215.0,0.1916851767349243,6749.8,0.014735777458291206,32,0.003434062710386641
2026-03-06,2026-04-07,6925.0,6740.02,72.4,76.0,0.1868329303359985,247.2,251.1,0.1729819030761719,6750.05,0.025588139808991092,32,0.002837626615746365
2026-03-06,2026-04-07,7050.0,6740.02,26.0,29.1,0.1583488706970214,313.8,337.6,0.1555679841995239,6751.85,0.04321107541710267,32,0.0021598639296030397
2026-03-06,2026-04-10,5000.0,6740.02,1747.6,1771.4,0.5721936091613771,11.5,13.7,0.5276994252014162,6746.9,-0.2996452276992452,35,0.02670228470555254
2026-03-06,2026-04-10,6000.0,6740.02,785.3,809.2,0.3911994779586791,45.4,48.2,0.3463314574050903,6750.45,-0.11784970010092664,35,0.011501621215319686
2026-03-06,2026-04-10,6050.0,6740.02,739.6,763.4,0.3807396826553345,49.4,52.3,0.3379392073440551,6750.65,-0.10958052450179384,35,0.010950963767428734
2026-03-06,2026-04-10,6100.0,6740.02,694.2,718.1,0.370550728149414,53.9,56.8,0.329524069328308,6750.8,-0.10137224520092665,35,0.010412366929682367
2026-03-06,2026-04-10,6200.0,6740.02,605.1,629.0,0.350558099708557,64.4,67.5,0.3131591817092896,6751.1,-0.0851561625193344,35,0.010560426053318077
2026-03-06,2026-04-10,6300.0,6740.02,518.4,542.3,0.3310346743392944,77.3,80.5,0.2966264490890502,6751.45,-0.06920766323236757,35,0.009444210277545623
2026-03-06,2026-04-10,6475.0,6740.02,379.9,388.5,0.2847094540023803,107.1,110.5,0.2670170650100708,6750.4,-0.04165315480233563,35,0.007297311857777999
2026-03-06,2026-04-10,6500.0,6740.02,363.3,366.8,0.2774806749725341,112.2,115.7,0.2626645389556885,6751.1,-0.03790327766878882,35,0.0069941711126950586
2026-03-06,2026-04-10,6575.0,6740.02,305.7,309.4,0.2638585272598266,129.3,132.9,0.2492712707901,6751.45,-0.02648271856602636,35,0.006312038792901744
2026-03-06,2026-04-10,6600.0,6740.02,287.0,290.9,0.2592923802947998,135.6,139.2,0.2446612552452087,6751.55,-0.0227024591208403,35,0.006088304340472404
2026-03-06,2026-04-10,6625.0,6740.02,268.7,272.4,0.2542780108833313,142.1,145.8,0.2399596878814696,6751.6,-0.018929141960349852,35,0.005855809315624255
2026-03-06,2026-04-10,6650.0,6740.02,250.7,254.4,0.2494200424957275,149.1,152.8,0.23526002784729,6751.6,-0.015162659164872912,35,0.005631518472993105
2026-03-06,2026-04-10,6675.0,6740.02,233.0,236.9,0.244680328540802,156.2,160.1,0.2304077814483642,6751.8,-0.011439931715556115,35,0.005410825293738173
2026-03-06,2026-04-10,6700.0,6740.02,215.8,219.6,0.2396659591293334,163.9,167.7,0.2253724314117431,6751.9,-0.007716420360519784,35,0.0051843319614357656
2026-03-06,2026-04-10,6710.0,6740.02,209.0,212.9,0.2377738882064818,166.9,170.9,0.2233926233291626,6752.05,-0.006247211495917256,35,0.00509836253264962
2026-03-06,2026-04-10,6720.0,6740.02,202.2,206.1,0.2356701037025451,170.1,174.1,0.2213174487686157,6752.05,-0.004758007944449535,35,0.0050063813760105255
2026-03-06,2026-04-10,6725.0,6740.02,198.8,202.7,0.2345848331832885,171.9,175.8,0.2203637839889525,6751.9,-0.00399202126953745,35,0.004961807225577192
2026-03-06,2026-04-10,6750.0,6740.02,182.4,186.3,0.2295285025215148,180.2,184.2,0.215097647075653,6752.15,-0.0003184678022641992,35,0.004739201679243908
2026-03-06,2026-04-10,6760.0,6740.02,175.9,179.8,0.2274094593811035,183.7,187.7,0.2129786039352417,6752.15,0.0011619173681699845,35,0.00464928604171455
2026-03-06,2026-04-10,6775.0,6740.02,166.4,170.2,0.2242184970283508,189.2,193.1,0.2097742902755737,6752.15,0.003378394079061955,35,0.004515233479530158
2026-03-06,2026-04-10,6790.0,6740.02,157.0,160.9,0.2211534184265136,194.6,198.6,0.2064364635467528,6752.35,0.0055603491275221925,35,0.004382985445758162
2026-03-06,2026-04-10,6800.0,6740.02,150.8,154.7,0.2189714334106445,198.4,202.5,0.2043460303497314,6752.3,0.007039424595824296,35,0.004295834677642535
2026-03-06,2026-04-10,6810.0,6740.02,144.8,148.6,0.2168008923721313,202.3,206.4,0.2021335280609131,6752.35,0.008501527718338425,35,0.004207336782071903
2026-03-06,2026-04-10,6820.0,6740.02,138.8,142.6,0.2146341659927368,206.3,210.3,0.1997951420211792,6752.4,0.009961474610274315,35,0.004117334107487166
2026-03-06,2026-04-10,6825.0,6740.02,135.8,139.7,0.2136270959854126,208.5,212.3,0.1986354856491088,6752.35,0.010701748627940906,35,0.004074394018875763
2026-03-06,2026-04-10,6830.0,6740.02,132.9,136.8,0.2125914160346984,210.4,214.4,0.1975673810958862,6752.45,0.011419271590418723,35,0.004032916685086494
2026-03-06,2026-04-10,6840.0,6740.02,127.1,130.9,0.2103045278930664,214.6,219.0,0.1958202672195435,6752.2,0.012919353926411286,35,0.003953977549441149
2026-03-06,2026-04-10,6850.0,6740.02,121.4,125.2,0.2081358941841125,218.9,222.8,0.1929516435623169,6752.45,0.014343250281853882,35,0.0038565016799604578
2026-03-06,2026-04-10,6860.0,6740.02,115.8,119.6,0.2059615384864807,223.2,227.1,0.1905522229766846,6752.55,0.015787230415635782,35,0.0037690484287934097
2026-03-06,2026-04-10,6870.0,6740.02,110.3,114.1,0.2037776461410522,227.7,231.6,0.1882519835281372,6752.55,0.017243894912099825,35,0.0036842829238696315
2026-03-06,2026-04-10,6875.0,6740.02,107.6,111.4,0.2026942829513549,230.1,234.2,0.1874852370452881,6752.35,0.01800105110955256,35,0.003649590427307107
2026-03-06,2026-04-10,6880.0,6740.02,105.0,108.7,0.2015784951591491,232.3,236.5,0.1863026927185058,6752.45,0.018713249952972372,35,0.0036067216142659734
2026-03-06,2026-04-10,6890.0,6740.02,99.7,103.4,0.1993640855407714,237.0,240.8,0.1834302544021606,6752.65,0.0201360645928441,35,0.0035127415987890923
2026-03-06,2026-04-10,6900.0,6740.02,94.6,98.2,0.1971267879676819,241.8,246.0,0.1815419981384277,6752.5,0.02160860491858021,35,0.0034374326951969935
2026-03-06,2026-04-10,6910.0,6740.02,89.5,93.2,0.1949963008499145,246.8,250.5,0.1785703786849975,6752.7,0.023027212873813145,35,0.0033454261931889643
2026-03-06,2026-04-10,6920.0,6740.02,84.6,88.2,0.1927075053787231,251.8,255.9,0.1766001072502136,6752.55,0.024495558307420135,35,0.0032695780452732656
2026-03-06,2026-04-10,6925.0,6740.02,82.2,85.8,0.1916317715072631,254.4,258.1,0.174877788658142,6752.75,0.025188222749420508,35,0.003220221930987914
2026-03-06,2026-04-10,6930.0,6740.02,79.8,83.4,0.1905178910446167,256.9,260.7,0.1736380244445801,6752.8,0.025902579514438615,35,0.0031789956010288534
2026-03-06,2026-04-10,6940.0,6740.02,75.2,78.7,0.1882939447784423,262.3,266.0,0.1711432373809814,6752.8,0.027344540831339963,35,0.003097142518599133
2026-03-06,2026-04-10,6950.0,6740.02,70.6,74.1,0.1860280372619628,267.6,271.4,0.1685797864532471,6752.85,0.02877702158076032,35,0.00301447589205569
2026-03-06,2026-04-10,6960.0,6740.02,66.2,69.7,0.1838574962234497,271.2,279.5,0.1696517056655884,6752.6,0.03025185844147386,35,0.0029958263381560718
2026-03-06,2026-04-10,6970.0,6740.02,62.0,65.4,0.1816411792755126,276.4,285.3,0.1672923390007019,6752.85,0.03165058677649218,35,0.002918774661768223
2026-03-06,2026-04-10,6975.0,6740.02,59.9,63.3,0.1805311134719848,279.5,288.2,0.1660277795028686,6752.75,0.032382498383447464,35,0.00287918309623182
2026-03-06,2026-04-10,6980.0,6740.02,57.9,61.2,0.1793714570999145,282.5,291.2,0.1648528644943237,6752.7,0.033106491868515664,35,0.0028405228939695024
2026-03-06,2026-04-10,6990.0,6740.02,53.9,57.2,0.1771913794136047,288.5,297.4,0.1626289182281494,6752.6,0.0345529403408645,35,0.00276830425625107
2026-03-06,2026-04-10,7000.0,6740.02,50.0,53.3,0.1749521745109558,294.6,303.6,0.1601608337783813,6752.55,0.03598993773315511,35,0.002692140747510634
2026-03-06,2026-04-10,7025.0,6740.02,41.1,44.4,0.1697108328819275,301.4,325.2,0.1630256427764892,6754.45,0.03927366829203479,35,0.0026540922453256468
2026-03-06,2026-04-10,7050.0,6740.02,33.3,36.5,0.1646697608566284,318.4,342.2,0.1572388048934936,6754.6,0.04280386256131873,35,0.002484163948366796
2026-03-06,2026-04-10,7075.0,6740.02,26.5,29.6,0.1598671050262451,336.4,360.3,0.1516808465576172,6754.7,0.04632888465036344,35,0.0023268317909339183
2026-03-06,2026-04-10,7100.0,6740.02,20.8,23.7,0.1553886952209472,355.5,379.3,0.1459893751525878,6754.85,0.049834018655160385,35,0.002177401332584
2026-03-06,2026-04-10,7125.0,6740.02,15.9,18.8,0.1513833031463623,375.5,399.3,0.1404047142028808,6754.95,0.05333415669444673,35,0.0020410333201377234
2026-03-06,2026-04-10,7150.0,6740.02,12.0,14.8,0.1478738167572021,396.4,420.2,0.1347895359802246,6755.1,0.056814581554329266,35,0.0019153767015936314
2026-03-06,2026-04-10,7175.0,6740.02,8.9,11.6,0.144890753326416,418.1,441.9,0.1289454782104492,6755.25,0.060282781295859914,35,0.001797616342178704
2026-03-06,2026-04-10,7200.0,6740.02,6.3,9.1,0.1425256646728515,440.5,464.3,0.1225521095275879,6755.3,0.06375364404900882,35,0.0016844643309089516
2026-03-06,2026-04-10,7400.0,6740.02,0.2,1.85,0.1417016983032226,633.1,656.9,1.0000000000000004e-05,6756.025,0.09104530085697055,35,0.000481422733054401
2026-03-06,2026-04-10,7500.0,6740.02,0.0,1.35,0.1521691229248047,732.3,756.1,1.0000000000000004e-05,6756.475,0.10440171619371182,35,0.0022203848466017845
2026-03-06,2026-04-17,200.0,6740.02,6514.0,6538.0,1.0000000000000004e-05,0.0,0.05,2.7968780078125004,6725.975,-3.515414808825853,42,0.9001263474098063
2026-03-06,2026-04-17,400.0,6740.02,6314.9,6338.9,1.0000000000000004e-05,0.0,0.25,2.472660068359376,6726.775,-2.8223865630563325,42,0.70353426896898
2026-03-06,2026-04-17,600.0,6740.02,6324.2,6335.0,6.279497389888763,0.0,0.5,2.2187544531249994,6929.35,-2.4465916374749725,42,0.5664673851424784
2026-03-06,2026-04-17,800.0,6740.02,6181.6,6192.3,5.885058185672761,0.0,0.5,1.9501955615234376,6986.700000000001,-2.167151893079927,42,0.43763571118849337
2026-03-06,2026-04-17,1000.0,6740.02,5717.7,5741.7,2.062260703735351,0.0,0.55,1.7578137109375,6729.425,-1.9064897016707643,42,0.3555511774770256
2026-03-06,2026-04-17,1200.0,6740.02,5726.5,5750.5,4.276753311290741,0.0,0.55,1.5898458007812497,6938.225,-1.7547244213228876,42,0.29084823603012183
2026-03-06,2026-04-17,1400.0,6740.02,5321.4,5345.2,1.9271854226684573,0.0,0.65,1.468264377441406,6732.974999999999,-1.5705448598799356,42,0.24806468999085693
2026-03-06,2026-04-17,1600.0,6740.02,5388.6,5399.4,3.841484466114044,0.0,0.75,1.361331318359375,6993.625,-1.474995390571654,42,0.21324757328913727
2026-03-06,2026-04-17,1800.0,6740.02,4921.7,4945.7,1.6446550970458984,0.0,0.9,1.270999738769531,6733.25,-1.3192712745227204,42,0.18588628523285777
2026-03-06,2026-04-17,2000.0,6740.02,4722.8,4746.8,1.5529197158813473,0.0,1.05,1.1875040625,6734.275000000001,-1.2140629768859454,42,0.162265665027584
2026-03-06,2026-04-17,2200.0,6740.02,4763.6,4775.1,2.928202447566986,0.0,1.35,1.1218305627441407,6968.675,-1.1529677459063692,42,0.14481413721448516
2026-03-06,2026-04-17,2400.0,6740.02,4325.0,4349.0,1.3821747200012204,0.4,1.65,1.0786178881835935,6735.975,-1.0319938281778132,42,0.13387258916658815
2026-03-06,2026-04-17,2600.0,6740.02,4258.9,4279.7,2.142033453521728,0.55,1.9,1.0161182006835938,6868.074999999999,-0.9713724181578355,42,0.11880778166010822
2026-03-06,2026-04-17,2700.0,6740.02,4254.1,4265.5,2.41566863368988,0.7,2.2,0.9945068908691408,6958.35,-0.9466906042652385,42,0.11380779767512497
2026-03-06,2026-04-17,3000.0,6740.02,3730.5,3754.4,0.9346930358886718,1.4,2.9,0.9235847485351564,6740.299999999999,-0.8094921456513047,42,0.09815443584800937
2026-03-06,2026-04-17,3200.0,6740.02,3530.3,3554.3,0.8585829571533203,1.85,3.2,0.8699964172363281,6739.775,-0.7448757317719995,42,0.08709462512923281
2026-03-06,2026-04-17,3400.0,6740.02,3338.9,3356.5,0.9244392321777344,2.5,3.9,0.8264787860107421,6744.5,-0.6849519263054816,42,0.07859951155200871
2026-03-06,2026-04-17,3500.0,6740.02,2551.0,2613.3,1.0000000000000004e-05,2.9,4.5,0.8081684222412109,6078.450000000001,-0.5519867607709317,42,0.07515539820747841
2026-03-06,2026-04-17,3550.0,6740.02,3152.1,3176.1,1.0000000000000004e-05,3.1,4.7,0.7972432385253907,6710.2,-0.6366811533113826,42,0.07313716388418363
2026-03-06,2026-04-17,3800.0,6740.02,2252.5,2289.1,1.0000000000000004e-05,4.1,5.9,0.7428004235839842,6065.8,-0.4676653713343892,42,0.06348932523182178
2026-03-06,2026-04-17,3850.0,6740.02,2202.9,2242.4,1.0000000000000004e-05,4.4,6.2,0.7330654135131834,6067.35,-0.4548487881344731,42,0.06183607074122929
2026-03-06,2026-04-17,3900.0,6740.02,2199.5,2221.5,1.0000000000000004e-05,4.6,6.4,0.7213467807006836,6105.0,-0.4481315544270673,42,0.059874875279846806
2026-03-06,2026-04-17,3950.0,6740.02,2842.7,2866.7,1.0987288716125492,4.9,6.4,0.7087431469726562,6799.049999999999,-0.5430673176269016,42,0.05780084282736869
2026-03-06,2026-04-17,4000.0,6740.02,2739.1,2762.9,0.7638115660095215,5.2,7.1,0.7018157260131835,6744.85,-0.5224848895972153,42,0.056676447007493976
2026-03-06,2026-04-17,4025.0,6740.02,2736.7,2749.6,0.8906108351135253,5.3,7.1,0.6950714086914063,6761.95,-0.5187863991257771,42,0.05559238096868698
2026-03-06,2026-04-17,4050.0,6740.02,2019.2,2058.2,1.0000000000000004e-05,5.5,7.4,0.6913788186645509,6082.25,-0.40665781219164593,42,0.05500327719922076
2026-03-06,2026-04-17,4100.0,6740.02,1975.5,2012.6,1.0000000000000004e-05,5.7,7.2,0.6764253549194338,6087.6,-0.3952669416682455,42,0.05264973411690696
2026-03-06,2026-04-17,4150.0,6740.02,2590.7,2614.5,0.7317684294128417,6.1,8.0,0.6701082794189455,6745.549999999999,-0.4857746939756297,42,0.05167094372088882
2026-03-06,2026-04-17,4200.0,6740.02,1678.1,1689.1,1.0000000000000004e-05,6.4,8.0,0.6573520593261719,5876.4,-0.33585980422481226,42,0.04972244563237008
2026-03-06,2026-04-17,4300.0,6740.02,2527.6,2535.1,1.0428133186721804,7.1,8.7,0.6368444519042968,6823.45,-0.46175018635187604,42,0.04666842725669572
2026-03-06,2026-04-17,4400.0,6740.02,2617.5,2628.3,1.4547985634231568,7.9,9.8,0.6185493467712404,7014.05,-0.4663107393683055,42,0.04402558456007503
2026-03-06,2026-04-17,4500.0,6740.02,2243.4,2267.4,0.6458012715148926,8.8,10.7,0.5988504470825197,6745.65,-0.4048204559201414,42,0.04126607680761429
2026-03-06,2026-04-17,4550.0,6740.02,2194.1,2218.1,0.6355779850769043,9.3,11.1,0.5887492297363282,6745.9,-0.3938076799675589,42,0.039885691867493224
2026-03-06,2026-04-17,4575.0,6740.02,2166.6,2190.6,0.60957726852417,9.4,11.4,0.5834239656066895,6743.2,-0.38792789097365077,42,0.03916741915906273
2026-03-06,2026-04-17,4600.0,6740.02,2144.8,2168.8,0.6251715950012209,9.7,11.5,0.5780681842041016,6746.200000000001,-0.38292307990327945,42,0.03845161280750449
2026-03-06,2026-04-17,4650.0,6740.02,2095.6,2119.6,0.6152534812927246,10.2,12.2,0.5689740368652343,6746.4,-0.3721418096790298,42,0.03725129066937611
2026-03-06,2026-04-17,4700.0,6740.02,2046.4,2070.4,0.6051370053100588,10.7,12.7,0.5588423022460938,6746.7,-0.3614909877343994,42,0.03593643339383015
2026-03-06,2026-04-17,4725.0,6740.02,2021.8,2045.8,0.60001010345459,10.8,13.0,0.5533186758422851,6746.9,-0.3562155791876395,42,0.03522954902878386
2026-03-06,2026-04-17,4800.0,6740.02,1948.0,1972.0,0.5843547424316407,12.0,13.9,0.5399673689270021,6747.05,-0.34048945440503636,42,0.03354991753219142
2026-03-06,2026-04-17,4825.0,6740.02,1945.4,1969.4,0.6773103558349609,12.2,14.2,0.5346726220703125,6769.2,-0.33857217676084433,42,0.03289518393765703
2026-03-06,2026-04-17,4850.0,6740.02,1898.8,1922.8,0.5737118434906006,12.8,14.6,0.5310868424987794,6747.1,-0.3301340779881653,42,0.03245544065633857
2026-03-06,2026-04-17,4875.0,6740.02,1882.3,1906.3,0.6075936457824709,12.6,15.0,0.5246782151794434,6755.5,-0.3262368834680663,42,0.0316768866803376
2026-03-06,2026-04-17,4900.0,6740.02,1849.7,1873.7,0.5634351518249512,13.3,15.2,0.5206194178771972,6747.45,-0.31992945061407824,42,0.03118869119828288
2026-03-06,2026-04-17,4925.0,6740.02,1861.7,1866.3,0.6667513793945314,13.3,15.7,0.5151720846557617,6774.5,-0.3188412886802965,42,0.030539440071122356
2026-03-06,2026-04-17,4950.0,6740.02,1134.1,1145.9,1.0000000000000004e-05,13.9,16.1,0.5112811323547364,6075.0,-0.20479441264601328,42,0.03007987025940148
2026-03-06,2026-04-17,4975.0,6740.02,1788.4,1812.4,0.6010553200531007,14.3,16.5,0.5066730241394042,6760.0,-0.3065975194443167,42,0.029540102033983308
2026-03-06,2026-04-17,5000.0,6740.02,1753.5,1777.3,0.5512358719635011,14.6,16.9,0.5017139672851563,6749.65,-0.3000527392541324,42,0.028964684955338233
2026-03-06,2026-04-17,5025.0,6740.02,1475.6,1489.9,1.0000000000000004e-05,14.8,17.2,0.502980434112549,6491.75,-0.25610668603164455,42,0.02911109950192336
2026-03-06,2026-04-17,5050.0,6740.02,1122.5,1131.3,1.0000000000000004e-05,15.8,17.6,0.4980595238494874,6160.2,-0.19872100126356848,42,0.02854426890542871
2026-03-06,2026-04-17,5075.0,6740.02,1721.4,1725.9,0.645488469467163,15.5,18.0,0.4930852083587647,6781.9,-0.2899307737538835,42,0.02797695055751416
2026-03-06,2026-04-17,5100.0,6740.02,1653.8,1677.8,0.5228242908477784,16.7,18.5,0.4885915399169922,6748.2,-0.28003526292561387,42,0.02746934548190473
2026-03-06,2026-04-17,5125.0,6740.02,1036.4,1046.2,1.0000000000000004e-05,16.6,19.0,0.4840139489746094,6148.5,-0.182077624605893,42,0.02695703867858582
2026-03-06,2026-04-17,5150.0,6740.02,1848.1,1850.8,1.031605794143677,17.1,19.5,0.479375323486328,6981.15,-0.30421694497477475,42,0.026442820362301663
2026-03-06,2026-04-17,5175.0,6740.02,1056.8,1061.5,1.0000000000000004e-05,17.5,19.9,0.4741797577667237,6215.45,-0.1831987886607276,42,0.025872741348985668
2026-03-06,2026-04-17,5200.0,6740.02,1799.4,1802.0,1.0101386926174163,18.0,20.5,0.4698844515991212,6981.45,-0.29459800600236813,42,0.025406133451762982
2026-03-06,2026-04-17,5225.0,6740.02,988.8,998.2,1.0000000000000004e-05,18.7,21.1,0.4655052229309083,6198.6,-0.1708686622504431,42,0.024934780077233133
2026-03-06,2026-04-17,5250.0,6740.02,1507.5,1531.5,0.5346115875244142,19.2,21.7,0.4610497010803223,6749.05,-0.25117367763525794,42,0.024459744461322437
2026-03-06,2026-04-17,5275.0,6740.02,1483.2,1507.2,0.5288667108917237,19.4,22.3,0.4565026274108887,6749.35,-0.24646752458922597,42,0.02397965822188459
2026-03-06,2026-04-17,5300.0,6740.02,1466.1,1478.5,0.5090610007476808,19.9,22.9,0.4518868898773194,6750.9,-0.24196900877159666,42,0.02349718896494755
2026-03-06,2026-04-17,5325.0,6740.02,1474.9,1479.3,0.5692105457305908,21.0,23.5,0.4471948591613769,6779.85,-0.24154226621827318,42,0.02301177031927473
2026-03-06,2026-04-17,5350.0,6740.02,1410.4,1434.4,0.5116816715621948,21.2,24.1,0.4424341645812988,6749.75,-0.23240890625359825,42,0.02252442624528103
2026-03-06,2026-04-17,5375.0,6740.02,1489.8,1495.9,0.6965743843841554,22.3,24.9,0.4383829965972901,6844.25,-0.24165030969507326,42,0.02211382293598911
2026-03-06,2026-04-17,5400.0,6740.02,1369.2,1381.9,0.488309255142212,22.6,25.5,0.4334620863342285,6751.5,-0.22336574884873128,42,0.021620147868896798
2026-03-06,2026-04-17,5425.0,6740.02,1580.3,1583.6,0.91533745552063,23.8,26.3,0.4292278147125244,6981.9,-0.2523031866100687,42,0.021199818385647523
2026-03-06,2026-04-17,5450.0,6740.02,1321.0,1333.2,0.4763960747146606,24.1,27.0,0.4245205253601075,6751.55,-0.21415649947806747,42,0.020737376468451807
2026-03-06,2026-04-17,5475.0,6740.02,1511.1,1516.3,0.8635839752578736,24.7,27.8,0.4200955207824707,6962.45,-0.2403391481965062,42,0.020307316044993976
2026-03-06,2026-04-17,5500.0,6740.02,1267.5,1291.3,0.4827741847610474,26.5,28.6,0.4155751497268677,6751.85,-0.2050684491686494,42,0.01987264003551057
2026-03-06,2026-04-17,5525.0,6740.02,1322.8,1333.2,0.6099625490951539,27.1,29.7,0.4119702968597412,6824.6,-0.21125048389107956,42,0.019529370056924757
2026-03-06,2026-04-17,5550.0,6740.02,1226.5,1233.4,0.4455354824447632,28.3,30.4,0.4069196881866456,6750.6,-0.195833462064601,42,0.019053459097601394
2026-03-06,2026-04-17,5575.0,6740.02,1306.2,1312.1,0.6479031486892701,28.9,31.6,0.4033873138427735,6853.9,-0.2065255159793732,42,0.01872409766769892
2026-03-06,2026-04-17,5600.0,6740.02,1178.7,1185.6,0.4357813990783691,29.1,32.5,0.3987792056274414,6751.35,-0.1869758871460012,42,0.01829875042004338
2026-03-06,2026-04-17,5625.0,6740.02,1150.3,1160.6,0.4279079426574707,30.1,33.5,0.3943770890045166,6748.65,-0.18212153679128756,42,0.017896981123097015
2026-03-06,2026-04-17,5650.0,6740.02,1131.1,1138.0,0.4261799020767212,32.3,34.5,0.3898719765853882,6751.15,-0.1780573155850759,42,0.01749042915429341
2026-03-06,2026-04-17,5675.0,6740.02,1220.2,1228.1,0.6334417759704589,32.3,35.8,0.3861145373535155,6865.1,-0.19038004238876446,42,0.01715492139764441
2026-03-06,2026-04-17,5700.0,6740.02,1076.5,1100.4,0.4394930624008178,33.4,37.1,0.3822083264160155,6753.2,-0.16955029178039702,42,0.01680957424885677
2026-03-06,2026-04-17,5720.0,6740.02,1274.3,1280.0,0.7657398761940004,34.4,38.0,0.3786072882080078,6960.95,-0.19634715389300236,42,0.016494318095170695
2026-03-06,2026-04-17,5725.0,6740.02,1052.9,1076.7,0.4341105783843995,35.6,38.2,0.3776269208145141,6752.9,-0.1651294928093808,42,0.016409007768771928
2026-03-06,2026-04-17,5750.0,6740.02,1243.9,1251.1,0.7527185372924804,35.9,39.7,0.3739801066970825,6959.7,-0.19093651515981294,42,0.01609360835237471
2026-03-06,2026-04-17,5775.0,6740.02,1005.8,1029.6,0.423734705581665,38.2,40.9,0.3694139597320557,6753.15,-0.1564708062882236,42,0.015703014501606875
2026-03-06,2026-04-17,5780.0,6740.02,1001.1,1024.9,0.4226971183013915,38.5,41.2,0.3686357692718506,6753.15,-0.15560538001179477,42,0.015636925688326742
2026-03-06,2026-04-17,5790.0,6740.02,991.7,1015.5,0.4206066851043701,39.1,41.8,0.3670641297149658,6753.15,-0.15387677111117698,42,0.015503877160501427
2026-03-06,2026-04-17,5800.0,6740.02,989.5,996.2,0.397356337776184,38.7,42.4,0.3654696022033691,6752.3,-0.15202527003386315,42,0.015369471960703922
2026-03-06,2026-04-17,5810.0,6740.02,978.6,986.2,0.3941062482070923,40.3,43.0,0.3638521867370606,6750.75,-0.15007303895934737,42,0.015233735285809081
2026-03-06,2026-04-17,5820.0,6740.02,1197.1,1209.0,0.7572427230072023,40.8,43.6,0.3622080686569213,6980.85,-0.18187042412107618,42,0.015096374712349134
2026-03-06,2026-04-17,5825.0,6740.02,1196.2,1199.2,0.7544503925323486,40.1,44.1,0.3618571200180053,6980.6,-0.18097587351356445,42,0.01506713469294371
2026-03-06,2026-04-17,5850.0,6740.02,942.7,949.4,0.3879036124801636,41.6,45.7,0.3578402839660644,6752.4,-0.1434563360013314,42,0.014734482440587317
2026-03-06,2026-04-17,5875.0,6740.02,914.1,926.6,0.3842300957489013,43.2,47.3,0.3536708615493774,6750.1,-0.1388512595592924,42,0.014393121339674828
2026-03-06,2026-04-17,5880.0,6740.02,914.7,921.5,0.3823723567581176,43.5,47.7,0.352995666885376,6752.5,-0.13835604477409805,42,0.014338217850065085
2026-03-06,2026-04-17,5900.0,6740.02,896.3,902.9,0.3785767709350586,46.4,48.7,0.3489063523101806,6752.05,-0.13489381156783398,42,0.014007936966193495
2026-03-06,2026-04-17,5910.0,6740.02,887.0,893.7,0.3768487303543091,45.6,49.8,0.3481472351455688,6752.65,-0.13328918901471634,42,0.013947049008929223
2026-03-06,2026-04-17,5920.0,6740.02,877.7,884.4,0.3748994395446777,46.3,50.5,0.3464802291107176,6752.65,-0.13159857153680882,42,0.013813805657298204
2026-03-06,2026-04-17,5925.0,6740.02,871.7,879.1,0.3726373466873169,46.6,50.8,0.3455303789901733,6751.7,-0.1306136380057417,42,0.013738170404969581
2026-03-06,2026-04-17,5930.0,6740.02,1096.7,1099.7,0.7135629687690735,47.0,51.2,0.3447865204620362,6979.1,-0.16289575562311254,42,0.013679082950896876
2026-03-06,2026-04-17,5950.0,6740.02,850.1,856.8,0.3695016968917846,48.5,52.8,0.3417424224853516,6752.8,-0.12656601412983481,42,0.013438605752598835
2026-03-06,2026-04-17,5975.0,6740.02,827.2,833.9,0.3650309164047241,50.4,54.8,0.3377751770019531,6752.95,-0.12239534863103103,42,0.01312840259820666
2026-03-06,2026-04-17,5990.0,6740.02,1040.7,1043.5,0.6909744647979738,51.6,56.0,0.3353109072113036,6978.3,-0.1527139219744766,42,0.012937542435025842
2026-03-06,2026-04-17,6000.0,6740.02,797.3,821.2,0.3786759520721435,54.1,56.6,0.3332357326507569,6753.9,-0.11836064658484571,42,0.012777902048334363
2026-03-06,2026-04-17,6010.0,6740.02,788.2,812.1,0.3767304759216308,53.3,57.8,0.3323163998031616,6754.6,-0.11679900571574231,42,0.012707495787073036
2026-03-06,2026-04-17,6020.0,6740.02,1012.6,1015.3,0.6794599162483216,54.1,58.6,0.3305769152450561,6977.6,-0.14761775878563532,42,0.012574811149324258
2026-03-06,2026-04-17,6025.0,6740.02,776.1,786.1,0.3520381874465942,55.9,58.8,0.3293142630767822,6748.75,-0.11343982317364104,42,0.012478934581818554
2026-03-06,2026-04-17,6030.0,6740.02,775.5,783.6,0.354803815307617,55.0,59.5,0.3290052756881713,6752.3,-0.11313617684714268,42,0.012455528219417214
2026-03-06,2026-04-17,6040.0,6740.02,768.1,774.7,0.3533008396148681,57.3,60.2,0.3270254676055908,6752.65,-0.11153100848599953,42,0.012306075538168558
2026-03-06,2026-04-17,6050.0,6740.02,759.1,765.7,0.3515880576705932,58.6,61.1,0.3253966081619263,6752.55,-0.10986193927940802,42,0.012183791806405534
2026-03-06,2026-04-17,6075.0,6740.02,731.1,740.9,0.3432415835189819,60.6,63.6,0.3216467982482909,6748.9,-0.10519753941495683,42,0.011904602297484447
2026-03-06,2026-04-17,6100.0,6740.02,714.0,720.5,0.3422764747619628,61.6,66.3,0.3180457600402831,6753.3,-0.1017425031268248,42,0.011639535425050019
2026-03-06,2026-04-17,6110.0,6740.02,705.2,711.8,0.3408974754905701,64.2,67.2,0.3162280749702453,6752.8,-0.10003046050386927,42,0.011506871799381526
2026-03-06,2026-04-17,6120.0,6740.02,696.3,702.9,0.3391560836029051,63.7,68.4,0.3149024809265136,6753.55,-0.09850619603556078,42,0.012306362633588985
2026-03-06,2026-04-17,6125.0,6740.02,691.9,698.5,0.3383550051879882,64.2,69.0,0.3142234716033935,6753.6,-0.09769693961530664,42,0.012250728816162407
2026-03-06,2026-04-17,6130.0,6740.02,687.5,694.0,0.3373822671127319,64.7,69.5,0.3133651733016967,6753.65,-0.09688834952946775,42,0.012182077884006217
2026-03-06,2026-04-17,6150.0,6740.02,669.6,676.2,0.3337468969726562,68.9,71.6,0.310021624584198,6752.65,-0.0934829386142966,42,0.011922186433284186
2026-03-06,2026-04-17,6170.0,6740.02,652.2,658.7,0.3304624754714965,69.2,74.0,0.3070404684829711,6753.85,-0.09041387473815768,42,0.01169124667748339
2026-03-06,2026-04-17,6175.0,6740.02,647.8,654.3,0.3295812892150878,71.5,74.6,0.306273722000122,6753.0,-0.08947796807866398,42,0.011630881508270388
2026-03-06,2026-04-17,6180.0,6740.02,643.4,649.9,0.3286924736404418,70.3,75.1,0.305331501197815,6753.95,-0.08880924744594165,42,0.011563992348032537
2026-03-06,2026-04-17,6190.0,6740.02,634.7,641.2,0.327044540901184,73.2,76.4,0.3039124480056763,6753.15,-0.08707397599957616,42,0.011452385149121435
2026-03-06,2026-04-17,6200.0,6740.02,619.0,642.9,0.3410100079345703,74.8,77.6,0.302291217880249,6754.75,-0.08569666905374147,42,0.011904884671002508
2026-03-06,2026-04-17,6210.0,6740.02,617.2,623.8,0.3236456796264647,75.8,78.9,0.3007958715057373,6753.15,-0.08384816675069344,42,0.011217085296422187
2026-03-06,2026-04-17,6220.0,6740.02,608.6,615.1,0.3218947510910033,77.1,80.2,0.2992585638809203,6753.2,-0.08224655986981343,42,0.011099260622894253
2026-03-06,2026-04-17,6225.0,6740.02,604.2,610.8,0.3210822286987304,77.8,80.8,0.2984002655792236,6753.2,-0.08144302427013018,42,0.011039629828840467
2026-03-06,2026-04-17,6230.0,6740.02,599.9,606.4,0.320109490623474,78.4,81.5,0.2976831096649168,6753.2,-0.08064013382153971,42,0.01097948169368893
2026-03-06,2026-04-17,6240.0,6740.02,591.3,597.8,0.3184386699295043,79.8,82.9,0.2962240025520324,6753.2,-0.07903628423956519,42,0.010868512629842524
2026-03-06,2026-04-17,6250.0,6740.02,582.7,589.2,0.3167335173034667,81.3,84.2,0.2945703478240966,6753.2,-0.07743500287259134,42,0.010750055788928575
2026-03-06,2026-04-17,6260.0,6740.02,574.1,580.6,0.3149902180862426,82.5,85.6,0.2930311328697204,6753.3,-0.07585108919408323,42,0.01063491675011589
2026-03-06,2026-04-17,6270.0,6740.02,565.6,572.1,0.3133537293243408,83.9,87.1,0.2915987283706664,6753.35,-0.07426232342163099,42,0.01052783150341893
2026-03-06,2026-04-17,6275.0,6740.02,554.5,578.3,0.3272963084030151,82.6,87.5,0.2903475201797484,6756.35,-0.07390931838808171,42,0.010974194354402542
2026-03-06,2026-04-17,6280.0,6740.02,557.1,563.6,0.3116810013008118,85.4,88.5,0.2899774982452392,6753.4,-0.07267610129190757,42,0.010413495824104266
2026-03-06,2026-04-17,6290.0,6740.02,548.6,555.1,0.3099701266860962,86.7,90.0,0.2884592639160155,6753.5,-0.07109981830633266,42,0.010302017049677682
2026-03-06,2026-04-17,6300.0,6740.02,533.2,557.1,0.3227721226882933,86.3,91.2,0.286468011856079,6756.4,-0.06994057042656583,42,0.010677595030592523
2026-03-06,2026-04-17,6310.0,6740.02,531.7,538.2,0.3065712654113769,89.8,93.0,0.2853007261657714,6753.55,-0.06793261600667377,42,0.010077481565319861
2026-03-06,2026-04-17,6320.0,6740.02,522.5,530.3,0.3055699173927307,89.3,94.3,0.2833724159812926,6754.6,-0.0665045461040925,42,0.009977965086083321
2026-03-06,2026-04-17,6325.0,6740.02,512.2,536.1,0.3182898982238769,92.2,95.4,0.2830310039901733,6755.35,-0.06582474892780929,42,0.010401812844150557
2026-03-06,2026-04-17,6330.0,6740.02,514.9,521.4,0.3031533308410644,90.9,95.9,0.2818312936973571,6754.75,-0.06494572494870253,42,0.009844311273799339
2026-03-06,2026-04-17,6340.0,6740.02,506.6,513.0,0.3013871436691284,94.6,97.8,0.2806621006774901,6753.6,-0.0631969275969628,42,0.009745764081827209
2026-03-06,2026-04-17,6350.0,6740.02,498.2,504.7,0.29971250831604,96.3,99.4,0.279029426574707,6753.6,-0.06162088314149702,42,0.009635324344140819
2026-03-06,2026-04-17,6360.0,6740.02,488.7,497.8,0.2998612800216674,97.9,101.1,0.2774863969612121,6753.75,-0.06006952882410764,42,0.009588954989682293
2026-03-06,2026-04-17,6365.0,6740.02,485.8,492.3,0.2971910186386108,96.6,102.1,0.2769027541160583,6754.7,-0.05942432686956812,42,0.009481173778396551
2026-03-06,2026-04-17,6370.0,6740.02,481.7,488.1,0.2962411685180663,99.5,102.8,0.2758994987678527,6753.75,-0.05849843659206644,42,0.009416772337547823
2026-03-06,2026-04-17,6375.0,6740.02,477.6,484.0,0.2954133874893188,100.4,103.7,0.2751556402397155,6753.75,-0.057713815131648576,42,0.009365108662296938
2026-03-06,2026-04-17,6380.0,6740.02,665.6,669.6,0.5252580433654785,101.3,104.5,0.2742668246650696,6944.7,-0.08481068137233445,42,0.018389096310389826
2026-03-06,2026-04-17,6390.0,6740.02,465.3,471.7,0.2928632878684996,100.9,106.0,0.2723213485145568,6755.05,-0.05555610491982498,42,0.009189187859277262
2026-03-06,2026-04-17,6400.0,6740.02,455.8,464.6,0.2925295051956176,102.7,108.2,0.2712589659500122,6754.75,-0.053947970739161195,42,0.00914384417004282
2026-03-06,2026-04-17,6405.0,6740.02,453.1,459.5,0.2903437055206298,103.6,109.2,0.2705742346382142,6754.9,-0.05318923210488579,42,0.009050969380045
2026-03-06,2026-04-17,6410.0,6740.02,449.3,452.6,0.2858424077606201,104.5,109.5,0.2689625411605834,6753.95,-0.052268247982962375,42,0.008854765970269374
2026-03-06,2026-04-17,6420.0,6740.02,441.0,447.4,0.2878527331161498,106.4,111.4,0.2674061602401733,6755.3,-0.05090926427113108,42,0.008869261933804192
2026-03-06,2026-04-17,6425.0,6740.02,435.9,444.4,0.2883085848808288,109.4,112.7,0.2670628409194946,6754.1,-0.0499530971133489,42,0.008872857304801599
2026-03-06,2026-04-17,6430.0,6740.02,431.9,440.3,0.2873530127716064,108.2,113.3,0.2658001887512207,6755.35,-0.04936024529186526,42,0.00880212020747126
2026-03-06,2026-04-17,6435.0,6740.02,428.8,435.3,0.2852549502563476,111.3,114.6,0.265428259487152,6754.1,-0.04839788684654233,42,0.008723687599125297
2026-03-06,2026-04-17,6440.0,6740.02,424.9,430.8,0.2837805845069884,110.2,115.3,0.2642743251037597,6755.1,-0.04776923503532484,42,0.008640613510845685
2026-03-06,2026-04-17,6445.0,6740.02,420.8,427.2,0.2834239138793945,113.3,116.6,0.2638718785667419,6754.05,-0.046837688565255345,42,0.008616693661663193
2026-03-06,2026-04-17,6450.0,6740.02,415.8,424.6,0.2842993781471252,112.1,117.2,0.2625691724777221,6755.55,-0.0462842584594616,42,0.008603245814949239
2026-03-06,2026-04-17,6455.0,6740.02,412.9,419.3,0.2817969617652893,113.1,118.8,0.262515767250061,6755.15,-0.04545015264051292,42,0.008523018200453288
2026-03-06,2026-04-17,6460.0,6740.02,409.0,415.3,0.2809024242019653,116.1,119.6,0.2614400333786011,6754.3,-0.04455002130500387,42,0.008461427626280956
2026-03-06,2026-04-17,6465.0,6740.02,404.9,411.3,0.2799983499908447,117.1,120.6,0.2606046230316161,6754.25,-0.04376892415667484,42,0.008407237072952321
2026-03-06,2026-04-17,6470.0,6740.02,400.0,408.7,0.2807994284057616,118.2,121.6,0.2597558613777161,6754.45,-0.04302543841496553,42,0.008405754037768345
2026-03-06,2026-04-17,6475.0,6740.02,396.1,404.7,0.2798648369216918,119.2,122.7,0.2590177248382569,6754.45,-0.042252939342173265,42,0.008353811948970223
2026-03-06,2026-04-17,6480.0,6740.02,393.2,399.0,0.2768417195701598,118.2,123.9,0.2583883060836792,6755.05,-0.04156986294508511,42,0.008240951763821357
2026-03-06,2026-04-17,6485.0,6740.02,389.2,395.6,0.2766185620117187,121.3,124.8,0.2573774214172363,6754.35,-0.040694923995326114,42,0.008202994406415604
2026-03-06,2026-04-17,6490.0,6740.02,385.3,391.6,0.2756534532546997,122.5,125.9,0.2565973236274719,6754.25,-0.03990940566449699,42,0.008149463944281067
2026-03-06,2026-04-17,6495.0,6740.02,383.5,387.0,0.2739483006286621,123.4,126.9,0.2556818054389954,6755.1,-0.03926512502902424,42,0.008069409636052056
2026-03-06,2026-04-17,6500.0,6740.02,377.5,383.6,0.2736812744903564,124.6,128.0,0.2548750050354004,6754.25,-0.0383697594789042,42,0.008036721305682615
2026-03-06,2026-04-17,6505.0,6740.02,373.6,380.0,0.2731605735206604,125.7,129.1,0.2540548533248902,6754.4,-0.03762303240868446,42,0.007995997578606383
2026-03-06,2026-04-17,6510.0,6740.02,369.8,375.8,0.2719036433410643,126.7,130.2,0.2532194429779052,6754.35,-0.036847285543255434,42,0.007932656673271725
2026-03-06,2026-04-17,6515.0,6740.02,365.9,372.2,0.2713543324279785,127.9,131.4,0.252492750415802,6754.4,-0.03608693379634466,42,0.007894152178469466
2026-03-06,2026-04-17,6520.0,6740.02,362.0,367.8,0.2698360980987548,126.8,132.7,0.2518690536499023,6755.15,-0.03543080100055705,42,0.007829728181620378
2026-03-06,2026-04-17,6525.0,6740.02,360.3,363.9,0.268901506614685,127.9,133.4,0.2505129423332214,6756.45,-0.034856650978653626,42,0.007761121596291786
2026-03-06,2026-04-17,6530.0,6740.02,354.4,360.1,0.2680737255859374,131.3,134.7,0.2498625429534912,6754.25,-0.03376499309215597,42,0.007717010333752726
2026-03-06,2026-04-17,6535.0,6740.02,352.6,356.1,0.2669941770553589,130.2,136.1,0.2493132320404052,6756.2,-0.033288254746770225,42,0.007668548156754515
2026-03-06,2026-04-17,6540.0,6740.02,346.7,352.4,0.2662560405158997,133.5,137.1,0.2482756447601318,6754.25,-0.03223477091138835,42,0.007615890353716242
2026-03-06,2026-04-17,6545.0,6740.02,345.0,348.5,0.265269951133728,132.5,138.4,0.2475775621414184,6756.3,-0.03177400357117584,42,0.007566115081263741
2026-03-06,2026-04-17,6550.0,6740.02,341.2,344.7,0.2643849502182007,135.8,139.4,0.2465113649177551,6755.35,-0.030869733894232712,42,0.007508651974259526
2026-03-06,2026-04-17,6555.0,6740.02,337.4,341.1,0.2637231068611144,134.9,140.8,0.2459010194587707,6756.4,-0.030262086608389752,42,0.00747130377078552
2026-03-06,2026-04-17,6560.0,6740.02,333.6,337.2,0.2626950562286377,136.1,141.9,0.2449225593948364,6756.4,-0.02949960086805518,42,0.007412587010296551
2026-03-06,2026-04-17,6565.0,6740.02,329.9,333.4,0.2617680940628052,137.3,143.3,0.2442816966629028,6756.35,-0.028730295651169774,42,0.007366868773375602
2026-03-06,2026-04-17,6570.0,6740.02,324.0,329.7,0.2609441276931763,138.5,144.5,0.2433890664291381,6755.35,-0.027820951044874153,42,0.0073169744994053924
2026-03-06,2026-04-17,6575.0,6740.02,322.4,326.0,0.2601068100166321,141.9,145.5,0.2422503906822204,6755.5,-0.027082409854048525,42,0.007259750546539356
2026-03-06,2026-04-17,6580.0,6740.02,318.6,322.2,0.2591378866004944,141.0,146.9,0.2415618447113037,6756.45,-0.026462858850184984,42,0.0072119241639038946
2026-03-06,2026-04-17,6590.0,6740.02,311.2,314.8,0.2573888653945923,143.5,149.5,0.2399024679946899,6756.5,-0.024951655981587887,42,0.00711407133636424
2026-03-06,2026-04-17,6595.0,6740.02,305.4,311.7,0.2571771518135071,146.9,150.6,0.2388191048049927,6754.8,-0.023941577106566223,42,0.0070770657783162435
2026-03-06,2026-04-17,6600.0,6740.02,301.7,307.4,0.2555769023132324,146.0,152.1,0.238178242073059,6755.5,-0.02328733888549687,42,0.007013256157214351
2026-03-06,2026-04-17,6605.0,6740.02,298.0,304.2,0.2552183243560791,147.3,153.4,0.2372932411575317,6755.75,-0.022567056142130573,42,0.006977973267750716
2026-03-06,2026-04-17,6610.0,6740.02,294.4,300.0,0.2537077193450927,150.8,154.6,0.2362747271728515,6754.5,-0.02162529556400405,42,0.006906491446314947
2026-03-06,2026-04-17,6615.0,6740.02,290.7,297.0,0.2535436890029908,149.9,156.0,0.2354717414283752,6755.9,-0.021076399611303313,42,0.006879257418081448
2026-03-06,2026-04-17,6620.0,6740.02,287.1,293.0,0.2522276316070556,153.6,157.2,0.2344227101707458,6754.65,-0.020135786649378425,42,0.006812876244111602
2026-03-06,2026-04-17,6625.0,6740.02,283.5,289.5,0.2514646997833252,152.7,158.7,0.2336979249382018,6755.8,-0.01955102331950966,42,0.0067712852341922
2026-03-06,2026-04-17,6630.0,6740.02,279.9,285.9,0.2505701622200011,156.2,160.0,0.2327290015220642,6754.8,-0.01864855907807309,42,0.006719369472807359
2026-03-06,2026-04-17,6635.0,6740.02,276.3,282.4,0.2497728984642028,155.4,161.5,0.2319698843574524,6755.9,-0.018057529394051433,42,0.006676162033994248
2026-03-06,2026-04-17,6640.0,6740.02,438.3,441.7,0.4307346050643921,156.8,162.9,0.231079161453247,6920.15,-0.041325482206886074,42,0.012599926976161024
2026-03-06,2026-04-17,6645.0,6740.02,269.2,275.4,0.248130687713623,158.2,164.3,0.2301712725830078,6756.05,-0.01657370758185189,42,0.0065811343420487615
2026-03-06,2026-04-17,6650.0,6740.02,265.6,271.4,0.2467230784988403,159.6,165.8,0.2293587501907348,6755.8,-0.015784540524032744,42,0.006520180903803572
2026-03-06,2026-04-17,6655.0,6740.02,262.1,268.3,0.2463072806549072,161.0,167.2,0.2284146220588684,6756.1,-0.015077348646720976,42,0.006482984360602651
2026-03-06,2026-04-17,6660.0,6740.02,258.5,264.0,0.2445353714942932,162.5,168.7,0.2275658604049682,6755.65,-0.014259707249038996,42,0.006411604159420279
2026-03-06,2026-04-17,6665.0,6740.02,257.1,260.9,0.2440852417182922,163.9,170.1,0.2265854930114745,6757.0,-0.013709050939365572,42,0.006372807878290722
2026-03-06,2026-04-17,6670.0,6740.02,251.5,257.2,0.2429484733009338,165.4,171.6,0.2257004920959472,6755.85,-0.012788936284863982,42,0.006318176586464256
2026-03-06,2026-04-17,6675.0,6740.02,250.0,253.9,0.2422389467048644,166.9,173.1,0.2247964178848266,6756.95,-0.012202400522736554,42,0.006274743379898543
2026-03-06,2026-04-17,6680.0,6740.02,244.5,250.0,0.2408465961265563,168.4,174.6,0.2238713630485534,6755.75,-0.01127600656786488,42,0.006212627963256791
2026-03-06,2026-04-17,6685.0,6740.02,241.0,247.1,0.2405452380561828,169.8,176.1,0.2229291422462463,6756.1,-0.010579589939889361,42,0.006179422637165938
2026-03-06,2026-04-17,6690.0,6740.02,237.6,243.3,0.2392291806602478,171.4,177.6,0.2219678481483459,6755.95,-0.009809723949137442,42,0.006118844776738864
2026-03-06,2026-04-17,6695.0,6740.02,236.2,240.0,0.2384490828704833,172.9,179.1,0.2209874807548522,6757.1,-0.009232824784609893,42,0.00607222065193561
2026-03-06,2026-04-17,6700.0,6740.02,232.8,236.6,0.2375392866706847,176.9,180.6,0.219986132736206,6755.95,-0.008316071692354113,42,0.006021807804756817
2026-03-06,2026-04-17,6705.0,6740.02,229.4,233.2,0.2366104171752929,178.2,182.1,0.2189676187515258,6756.15,-0.007599684452118679,42,0.005970655182462591
2026-03-06,2026-04-17,6710.0,6740.02,226.0,229.9,0.235775006828308,179.9,183.7,0.2180368419265747,6756.15,-0.006854250202170157,42,0.0059244507883244035
2026-03-06,2026-04-17,6715.0,6740.02,222.6,226.5,0.2348079907417297,181.5,185.3,0.2170869918060302,6756.15,-0.006109371210559629,42,0.005874507644231019
2026-03-06,2026-04-17,6720.0,6740.02,219.2,223.1,0.2338238086891174,180.8,187.1,0.2163355039596557,6757.2,-0.005520448531377914,42,0.005829467865825661
2026-03-06,2026-04-17,6725.0,6740.02,213.8,219.5,0.23259930311203,184.7,188.6,0.2152349748039245,6755.0,-0.004451045924259424,42,0.00576940595891314
2026-03-06,2026-04-17,6730.0,6740.02,210.5,216.0,0.2314663493537902,184.1,190.4,0.2144434330368042,6756.0,-0.0038558552889171637,42,0.00571992632145777
2026-03-06,2026-04-17,6735.0,6740.02,209.2,213.2,0.2310829761123657,188.0,191.9,0.2132990353012084,6756.25,-0.003150192543054097,42,0.005680798374558153
2026-03-06,2026-04-17,6740.0,6740.02,205.9,209.8,0.230020593547821,187.4,193.4,0.2121355642700195,6757.45,-0.0025856750307862455,42,0.005624032090165667
2026-03-06,2026-04-17,6745.0,6740.02,202.7,206.6,0.2291565732574463,191.4,195.3,0.2113878910827636,6756.3,-0.0016739132733198099,42,0.005583106748324454
2026-03-06,2026-04-17,6750.0,6740.02,199.4,203.2,0.2280541367721557,190.8,197.1,0.2105086121559143,6757.35,-0.0010882964793891743,42,0.005532990383142812
2026-03-06,2026-04-17,6755.0,6740.02,196.1,200.0,0.2271500625610351,192.6,198.9,0.209606445274353,6757.3,-0.0003404305739531132,42,0.005487508479271003
2026-03-06,2026-04-17,6760.0,6740.02,192.9,196.8,0.2262269150543212,196.6,200.4,0.2083533297538757,6756.35,0.0005400866489434986,42,0.005432958592778903
2026-03-06,2026-04-17,6765.0,6740.02,187.7,193.7,0.225389597377777,198.4,202.2,0.2074053869628906,6755.4,0.0014200765677486477,42,0.005388412969697552
2026-03-06,2026-04-17,6770.0,6740.02,184.5,189.9,0.2237664599227904,200.1,204.0,0.2064364635467528,6755.15,0.0021959099850648875,42,0.0053240625515021565
2026-03-06,2026-04-17,6775.0,6740.02,181.3,186.6,0.2226678380966186,201.9,205.8,0.2054408375167846,6755.1,0.0029415916141775425,42,0.00527235315184206
2026-03-06,2026-04-17,6780.0,6740.02,180.1,184.0,0.2223149821281432,203.7,207.6,0.2044242308616637,6756.4,0.003486898128251304,42,0.005238675991734733
2026-03-06,2026-04-17,6785.0,6740.02,175.0,181.1,0.2216111775207519,205.5,209.4,0.2033809215927123,6755.6,0.004342502725203177,42,0.005195868452720877
2026-03-06,2026-04-17,6790.0,6740.02,173.9,177.7,0.220337081375122,205.2,211.5,0.2026446923828124,6757.45,0.004805341615602713,42,0.0051468290404925714
2026-03-06,2026-04-17,6795.0,6740.02,168.8,174.8,0.2195894081878661,207.0,213.3,0.2015536998748779,6756.65,0.0056598425099063975,42,0.005102180639511932
2026-03-06,2026-04-17,6800.0,6740.02,167.7,171.6,0.2184888790321349,208.9,215.2,0.2005466298675537,6757.6,0.006254814750911076,42,0.005051240975472934
2026-03-06,2026-04-17,6805.0,6740.02,162.6,168.7,0.2176973372650146,210.8,217.1,0.1995128572463989,6756.7,0.007123030920687583,42,0.005007330512999016
2026-03-06,2026-04-17,6810.0,6740.02,159.6,164.8,0.2157785637283325,212.8,219.1,0.1985649144554138,6756.25,0.007924117756039621,42,0.004938754624906161
2026-03-06,2026-04-17,6815.0,6740.02,158.5,162.3,0.215378024520874,214.9,221.2,0.197700894165039,6757.35,0.008495263784668392,42,0.004908654868927651
2026-03-06,2026-04-17,6820.0,6740.02,153.6,158.7,0.2137396284294128,218.9,222.8,0.1962570456886291,6755.3,0.009532089882369865,42,0.004835674970609551
2026-03-06,2026-04-17,6825.0,6740.02,152.5,156.3,0.2134039384269714,220.8,225.2,0.195671495513916,6756.4,0.010102137246970514,42,0.004813968388674565
2026-03-06,2026-04-17,6830.0,6740.02,147.6,152.8,0.2118246695518493,220.6,227.0,0.1943935847091674,6756.4,0.010834469758645729,42,0.004746957084920861
2026-03-06,2026-04-17,6835.0,6740.02,146.6,150.4,0.2114412963104247,222.7,229.0,0.1933102215194702,6757.65,0.011381273695540787,42,0.00471273919848997
2026-03-06,2026-04-17,6840.0,6740.02,141.8,146.9,0.2098105295372009,224.8,231.0,0.1921963410568237,6756.45,0.012290127447048368,42,0.00464904110150797
2026-03-06,2026-04-17,6845.0,6740.02,138.9,144.9,0.2098238808441162,226.8,233.1,0.1911663830947876,6756.95,0.012946853931362414,42,0.004625557571574831
2026-03-06,2026-04-17,6850.0,6740.02,138.1,141.7,0.2084734915161132,229.0,235.2,0.1901059078598022,6757.8,0.013551258974565123,42,0.004570104506498868
2026-03-06,2026-04-17,6855.0,6740.02,133.2,139.1,0.2077677795791626,231.0,237.3,0.189016822681427,6757.0,0.01439930844424022,42,0.004529038948510931
2026-03-06,2026-04-17,6860.0,6740.02,132.2,136.0,0.2064746101379393,235.4,239.2,0.1876702480125427,6756.8,0.015158036540251748,42,0.0044689774703229245
2026-03-06,2026-04-17,6865.0,6740.02,127.5,133.5,0.2058280254173278,237.6,241.3,0.1865182209587097,6756.05,0.015997639472873765,42,0.004428283723222868
2026-03-06,2026-04-17,6870.0,6740.02,126.6,130.3,0.204367010974884,237.6,243.9,0.1859021535110473,6757.7,0.016481510759409266,42,0.0043815211448212125
2026-03-06,2026-04-17,6875.0,6740.02,122.0,127.8,0.2036670210266113,241.9,245.8,0.1844563977050781,6756.05,0.017453243805574496,42,0.004333473358256796
2026-03-06,2026-04-17,6880.0,6740.02,119.3,125.0,0.2025989164733886,242.0,248.3,0.1836648559379577,6757.0,0.018039647375214723,42,0.004292046218392234
2026-03-06,2026-04-17,6885.0,6740.02,116.6,122.4,0.2017310815238952,246.4,250.3,0.1822667833709716,6756.15,0.018891930994857625,42,0.004241837760438553
2026-03-06,2026-04-17,6890.0,6740.02,113.9,119.6,0.2006057570838927,246.6,252.9,0.1815229248428344,6757.0,0.019492080455529602,42,0.0042006423569482376
2026-03-06,2026-04-17,6895.0,6740.02,111.2,117.1,0.1997932346916199,251.1,255.2,0.1804014150619506,6756.0,0.02036551229971149,42,0.004158229322912387
2026-03-06,2026-04-17,6900.0,6740.02,110.8,114.1,0.1983760888290405,253.4,257.2,0.178894624710083,6757.15,0.020920208078746064,42,0.00409451646189138
2026-03-06,2026-04-17,6905.0,6740.02,107.8,111.5,0.1973880921173095,255.8,259.5,0.1776987290763854,6757.0,0.021666782291217795,42,0.004047250126160284
2026-03-06,2026-04-17,6910.0,6740.02,105.3,108.9,0.1963714854621887,258.2,262.3,0.1770559590148925,6756.85,0.022412832656775527,42,0.004011519427482678
2026-03-06,2026-04-17,6915.0,6740.02,102.7,106.3,0.195320546875,260.5,264.4,0.1755491686630249,6757.05,0.02310656084045216,42,0.0039567551561210485
2026-03-06,2026-04-17,6920.0,6740.02,100.2,103.8,0.1943554381179809,263.1,266.8,0.1743589950180054,6757.05,0.02382936535330893,42,0.003910899996244693
2026-03-06,2026-04-17,6925.0,6740.02,95.9,101.1,0.1931233032226562,265.6,269.3,0.1732489292144775,6756.05,0.024699652326341606,42,0.0038613710503018514
2026-03-06,2026-04-17,6930.0,6740.02,95.3,98.8,0.1923298541259765,268.0,271.8,0.1720969021606445,6757.15,0.025258609677344286,42,0.003820471335136101
2026-03-06,2026-04-17,6935.0,6740.02,91.0,96.7,0.1917423966217041,270.6,274.3,0.170906728515625,6756.4,0.026090849942741978,42,0.0037832906126305113
2026-03-06,2026-04-17,6940.0,6740.02,90.4,94.0,0.1904072659301758,273.1,276.9,0.1697947553825378,6757.2,0.026693171452277058,42,0.0037324046839904883
2026-03-06,2026-04-17,6945.0,6740.02,86.3,91.9,0.1897568665504456,275.7,279.5,0.1686427283287048,6756.5,0.027516971710303484,42,0.003695144742192222
2026-03-06,2026-04-17,6950.0,6740.02,86.1,89.2,0.1883473500061035,278.4,282.1,0.1674468326950073,6757.4,0.02810345888991131,42,0.003641615766195862
2026-03-06,2026-04-17,6955.0,6740.02,83.4,86.9,0.1873879632377624,281.0,286.8,0.1688449052619934,6756.25,0.02899282297002493,42,0.0036506013542340413
2026-03-06,2026-04-17,6960.0,6740.02,79.4,84.7,0.186514406299591,283.7,287.4,0.1650435974502563,6756.5,0.02967446985032452,42,0.0035554159315234666
2026-03-06,2026-04-17,6965.0,6740.02,78.9,82.3,0.1853585645866393,286.5,291.1,0.1651160759735107,6756.8,0.030348202034227004,42,0.003533536913960401
2026-03-06,2026-04-17,6970.0,6740.02,74.9,80.2,0.1845365055465698,289.0,292.9,0.1627071187400818,6756.6,0.031095419823534542,42,0.0034686860640579654
2026-03-06,2026-04-17,6975.0,6740.02,74.5,77.9,0.1834302544021606,292.0,295.7,0.1615322037315368,6757.35,0.031701526343601655,42,0.0034232617095267147
2026-03-06,2026-04-17,6980.0,6740.02,70.6,76.0,0.182789391670227,292.6,301.2,0.1638705897712708,6756.4,0.03255871295022815,42,0.0034570356128676865
2026-03-06,2026-04-17,6985.0,6740.02,70.2,73.6,0.1814771489334106,295.5,301.9,0.1598346804237365,6758.2,0.033008410300135176,42,0.003351190495947354
2026-03-06,2026-04-17,6990.0,6740.02,68.1,71.4,0.1803785271072387,298.4,306.7,0.16121177236557,6757.2,0.03387195317928288,42,0.0033566610774964194
2026-03-06,2026-04-17,6995.0,6740.02,64.4,69.7,0.1798864360809326,301.3,307.7,0.157410464553833,6757.55,0.03453520979026322,42,0.0032728125790879416
2026-03-06,2026-04-17,7000.0,6740.02,64.5,67.3,0.178444494934082,304.4,310.9,0.1565311856269836,6758.25,0.03514616825419395,42,0.003227921695773055
2026-03-06,2026-04-17,7005.0,6740.02,62.0,65.3,0.1774832008361816,298.0,321.9,0.1663730061531067,6758.7,0.03579361591990058,42,0.0034013409764195425
2026-03-06,2026-04-17,7010.0,6740.02,60.0,63.4,0.1766134585571289,310.2,316.7,0.153773187084198,6758.25,0.036573720245379464,42,0.003140084997233811
2026-03-06,2026-04-17,7015.0,6740.02,56.6,61.7,0.1759745031547546,304.1,327.9,0.1640784886932373,6758.15,0.037301529592700416,42,0.003326516140493396
2026-03-06,2026-04-17,7020.0,6740.02,56.2,59.5,0.1746183918380737,316.3,322.7,0.1510514278030396,6758.35,0.037984440616148175,42,0.0030510650135980553
2026-03-06,2026-04-17,7025.0,6740.02,52.9,58.0,0.1741720767211914,319.8,326.3,0.1504849509239197,6757.4,0.038837014533019985,42,0.0030321176679267486
2026-03-06,2026-04-17,7030.0,6740.02,52.6,55.8,0.1727186915969848,322.7,329.2,0.1488160375595092,6758.25,0.03942272502145426,42,0.0029740770179843
2026-03-06,2026-04-17,7035.0,6740.02,49.3,54.3,0.1721960832977295,316.6,340.4,0.1595733762741088,6758.3,0.04012631142763951,42,0.0031664252882142234
2026-03-06,2026-04-17,7040.0,6740.02,49.1,52.2,0.1707846594238281,319.8,343.6,0.1584194418907165,6758.95,0.04074061762311143,42,0.003117646776395419
2026-03-06,2026-04-17,7045.0,6740.02,47.4,50.5,0.1698920291900635,323.0,346.9,0.1573589666557312,6759.0,0.04144319523242655,42,0.0030807636985251386
2026-03-06,2026-04-17,7050.0,6740.02,46.2,48.8,0.168953623046875,335.6,342.1,0.1433915922927856,6758.65,0.04220445085484386,42,0.0028065071293933677
2026-03-06,2026-04-17,7055.0,6740.02,42.7,47.5,0.1685568984985352,329.6,353.5,0.1550682638549805,6758.55,0.04292821529910519,42,0.0030128741916097632
2026-03-06,2026-04-17,7060.0,6740.02,41.1,45.9,0.1676795269012451,333.0,356.8,0.1538284996414184,6758.6,0.04362928349028287,42,0.0029735830599431764
2026-03-06,2026-04-17,7065.0,6740.02,39.6,44.3,0.166754472064972,345.8,352.3,0.1393842928886413,6757.9,0.04444082523117445,42,0.0026960819336353382
2026-03-06,2026-04-17,7070.0,6740.02,38.1,42.7,0.1657798266601562,339.8,363.7,0.1516426999664306,6758.65,0.04503731393914791,42,0.0028984907789179858
2026-03-06,2026-04-17,7075.0,6740.02,36.6,41.2,0.1649138990402222,343.3,367.2,0.1505402634811401,6758.65,0.04574427755996793,42,0.0028626546598536093
2026-03-06,2026-04-17,7080.0,6740.02,36.5,39.4,0.1635196411323547,346.8,370.7,0.1493691631317138,6759.2,0.046369367849130386,42,0.0028162842198763975
2026-03-06,2026-04-17,7085.0,6740.02,35.1,38.0,0.1627052114105225,350.4,374.2,0.1481293989181518,6759.25,0.04706793598837858,42,0.002779426376084596
2026-03-06,2026-04-17,7090.0,6740.02,33.7,36.6,0.1618392837905883,354.0,377.8,0.1469945378303528,6759.25,0.047773403389770874,42,0.0027437601601601374
2026-03-06,2026-04-17,7095.0,6740.02,31.1,35.6,0.1615875162887572,367.1,373.6,0.130593410949707,6758.0,0.04866332231990782,42,0.0024558405192883605
2026-03-06,2026-04-17,7100.0,6740.02,29.8,34.2,0.1606300368499756,370.7,377.3,0.1290599179840087,6758.0,0.04936779575517161,42,0.0024141447514603193
2026-03-06,2026-04-17,7105.0,6740.02,29.6,32.7,0.1594436778640747,374.4,381.0,0.1274081705856323,6758.45,0.05000518772597698,42,0.002367073482382585
2026-03-06,2026-04-17,7110.0,6740.02,26.9,31.7,0.1590660266113281,369.3,393.3,0.1438379074096679,6758.0,0.05077525552305125,42,0.0026394063810319373
2026-03-06,2026-04-17,7115.0,6740.02,27.2,30.2,0.1577652278518677,373.1,397.1,0.1427469149017333,6758.6,0.05138946352694777,42,0.00259788836546517
2026-03-06,2026-04-17,7120.0,6740.02,24.5,30.0,0.1587341512680053,377.0,401.0,0.1417818061447143,6758.25,0.052143744622765144,42,0.00259795432034706
2026-03-06,2026-04-17,7125.0,6740.02,25.0,27.9,0.1562317348861694,380.8,404.8,0.140534412612915,6758.65,0.0527865601853807,42,0.0025335247566170057
2026-03-06,2026-04-17,7130.0,6740.02,23.9,26.8,0.1554764323806762,384.7,408.7,0.1394129028320312,6758.65,0.05348806845687114,42,0.002501580986939785
2026-03-06,2026-04-17,7135.0,6740.02,22.8,25.8,0.1548622722625733,388.7,412.7,0.1384325354385376,6758.6,0.05419648291393174,42,0.0024746009982370737
2026-03-06,2026-04-17,7140.0,6740.02,20.9,24.8,0.1542023362350463,392.7,416.7,0.1373720602035522,6758.15,0.054963592389769195,42,0.0024456550709988944
2026-03-06,2026-04-17,7145.0,6740.02,20.9,23.8,0.1534889949798584,396.7,420.7,0.1362276624679565,6758.65,0.05558964541249736,42,0.00241458982692798
2026-03-06,2026-04-17,7150.0,6740.02,19.0,22.8,0.1527184338378906,400.7,424.7,0.1349878982543945,6758.2,0.05635577429712635,42,0.0023811967178711253
2026-03-06,2026-04-17,7155.0,6740.02,19.0,21.9,0.1521004590606689,403.9,427.8,0.1313334548187255,6759.6,0.05684769630188268,42,0.002311000622297029
2026-03-06,2026-04-17,7160.0,6740.02,18.1,21.0,0.1514328937149048,408.9,432.9,0.1327258053970337,6758.65,0.05768681500322074,42,0.0023228349204120176
2026-03-06,2026-04-17,7170.0,6740.02,16.5,19.3,0.1501549829101562,417.2,441.2,0.1303263848114013,6758.7,0.05907509074245929,42,0.002263103767695982
2026-03-06,2026-04-17,7175.0,6740.02,15.7,18.5,0.1495484521102905,421.4,445.4,0.1291133232116699,6758.7,0.05977219777661512,42,0.0022338357336127695
2026-03-06,2026-04-17,7180.0,6740.02,14.9,17.7,0.148884701423645,425.6,449.6,0.1277781925201415,6758.7,0.06046881919106314,42,0.0022019034172498196
2026-03-06,2026-04-17,7190.0,6740.02,13.5,16.2,0.147633493232727,433.2,457.0,0.121178832244873,6759.75,0.06170526461046348,42,0.0020787142368522997
2026-03-06,2026-04-17,7200.0,6740.02,12.5,14.9,0.1466645698165893,441.8,465.6,0.1177303804016113,6760.0,0.06305813596713701,42,0.0020109568270117537
2026-03-06,2026-04-17,7210.0,6740.02,11.0,13.7,0.1457604956054687,451.6,475.6,0.1196911151885986,6758.75,0.06463098958278007,42,0.0020270626179951573
2026-03-06,2026-04-17,7220.0,6740.02,9.9,12.5,0.1446466151428223,459.3,483.2,0.1098492946624755,6759.95,0.0658394593269202,42,0.0018631938770687008
2026-03-06,2026-04-17,7225.0,6740.02,8.7,11.7,0.1434259242248535,463.8,487.6,0.1070264469146728,6759.5,0.0665983111761729,42,0.0018044578005447006
2026-03-06,2026-04-17,7230.0,6740.02,8.2,11.2,0.1430063117218017,468.3,492.1,0.1043790734863281,6759.5,0.06729011334835033,42,0.0017605343905562605
2026-03-06,2026-04-17,7240.0,6740.02,7.3,10.2,0.1420221296691894,477.3,501.1,0.0969481175231933,6759.55,0.06866488660584039,42,0.001642797753297203
2026-03-06,2026-04-17,7250.0,6740.02,6.5,9.3,0.1411447580718994,487.6,511.6,0.1036161416625976,6758.3,0.07023008972787047,42,0.0017233778887885622
2026-03-06,2026-04-17,7260.0,6740.02,5.8,8.5,0.1404047142028808,496.8,520.8,0.0963377720642089,6758.35,0.07160105141513318,42,0.0016123110970991594
2026-03-06,2026-04-17,7270.0,6740.02,5.2,7.8,0.1398401446533203,506.1,530.1,0.082467671508789,6758.4,0.07297011589573209,42,0.0014216932433727258
2026-03-06,2026-04-17,7275.0,6740.02,5.2,7.8,0.1408319560241699,510.7,534.7,1.0000000000000004e-05,6758.8,0.07359845355319845,42,0.0005706377919328746
2026-03-06,2026-04-17,7280.0,6740.02,4.9,7.4,0.1402826451110839,515.4,539.4,1.0000000000000004e-05,6758.75,0.07429290049451705,42,0.0005661952763254182
2026-03-06,2026-04-17,7290.0,6740.02,4.0,6.5,0.1385584191894531,524.8,548.8,1.0000000000000004e-05,6758.45,0.07570997219747982,42,0.0005523634831917041
2026-03-06,2026-04-17,7300.0,6740.02,3.6,6.0,0.1382913930511475,539.0,551.9,1.0000000000000004e-05,6759.35,0.07694761656870391,42,0.000550236687284449
2026-03-06,2026-04-17,7310.0,6740.02,3.2,5.5,0.1378641512298584,543.8,567.8,1.0000000000000004e-05,6758.55,0.0784349037560151,42,0.0005468423467457962
2026-03-06,2026-04-17,7320.0,6740.02,2.85,5.0,0.1372614350891113,553.3,577.3,1.0000000000000004e-05,6758.625,0.07979086097427825,42,0.0005420717598902823
2026-03-06,2026-04-17,7325.0,6740.02,2.65,4.8,0.137154624633789,558.1,582.1,1.0000000000000004e-05,6758.625,0.08047368790418914,42,0.0005412285195472506
2026-03-06,2026-04-17,7330.0,6740.02,2.5,4.7,0.1375360905456543,561.6,585.4,1.0000000000000004e-05,6760.1,0.08093783305369301,42,0.000544243106181178
2026-03-06,2026-04-17,7340.0,6740.02,2.2,4.3,0.137154624633789,448.9,459.2,1.0000000000000004e-05,6889.2,0.06338387464696985,42,0.0005412285195472506
2026-03-06,2026-04-17,7350.0,6740.02,1.95,4.0,0.1372004005432129,580.8,604.6,1.0000000000000004e-05,6760.275,0.08363674352392797,42,0.0005415898278928867
2026-03-06,2026-04-17,7360.0,6740.02,1.75,3.7,0.1371164780426025,593.6,490.9,1.0000000000000004e-05,6820.475,0.0761308152168883,42,0.000540927521353062
2026-03-06,2026-04-17,7375.0,6740.02,1.45,3.3,0.1370935900878906,606.5,630.5,1.0000000000000004e-05,6758.875,0.08723944613871855,42,0.0005407469626229522
2026-03-06,2026-04-17,7380.0,6740.02,1.35,3.2,0.1372461764526367,401.4,407.6,1.0000000000000004e-05,6977.775,0.05604354056369868,42,0.0005419512567977319
2026-03-06,2026-04-17,7390.0,6740.02,1.2,3.0,0.1375055732727051,621.1,645.1,1.0000000000000004e-05,6759.0,0.08925278484189333,42,0.0005440016311547059
2026-03-06,2026-04-17,7400.0,6740.02,1.05,2.85,0.1380701428222656,629.5,653.3,1.0000000000000004e-05,6760.55,0.09037575251812799,42,0.0005484775927098118
2026-03-06,2026-04-17,7410.0,6740.02,1.0,2.75,0.138955143737793,640.7,664.7,1.0000000000000004e-05,6759.175,0.09192959812090112,42,0.0005555308693909245
2026-03-06,2026-04-17,7420.0,6740.02,0.8,2.5,0.1385584191894531,649.6,667.1,1.0000000000000004e-05,6763.3,0.09266812055804532,42,0.0005523634831917041
2026-03-06,2026-04-17,7425.0,6740.02,0.85,2.55,0.1397943687438965,655.4,679.4,1.0000000000000004e-05,6759.3,0.09393335029145067,42,0.0005622609478321467
2026-03-06,2026-04-17,7430.0,6740.02,0.8,2.45,0.1397485928344726,660.4,684.4,1.0000000000000004e-05,6759.225,0.09461762021744607,42,0.0005618928077979588
2026-03-06,2026-04-17,7440.0,6740.02,0.7,2.35,0.1404810073852539,670.2,694.2,1.0000000000000004e-05,6759.325,0.09594781584668359,42,0.0005677975154501272
2026-03-06,2026-04-17,7450.0,6740.02,0.55,2.15,0.1402368692016601,680.1,704.1,1.0000000000000004e-05,6759.25,0.09730209523720292,42,0.000565825850326327
2026-03-06,2026-04-17,7460.0,6740.02,0.5,2.05,0.1408472146606445,688.5,712.3,1.0000000000000004e-05,6760.875,0.09840309466733249,42,0.0005707614429603462
2026-03-06,2026-04-17,7470.0,6740.02,0.45,2.05,0.1424341128540039,699.8,723.8,1.0000000000000004e-05,6759.45,0.0999534733465802,42,0.000583694289071299
2026-03-06,2026-04-17,7475.0,6740.02,0.45,2.0,0.1427087683105468,704.7,728.7,1.0000000000000004e-05,6759.525,0.100611497962857,42,0.0023434610608601635
2026-03-06,2026-04-17,7480.0,6740.02,0.4,1.95,0.1429681651306152,708.2,732.0,1.0000000000000004e-05,6761.075,0.10105089090579741,42,0.0023519880605869146
2026-03-06,2026-04-17,7490.0,6740.02,0.3,1.8,0.1429071305847168,718.1,741.9,1.0000000000000004e-05,6761.05,0.10239059409221615,42,0.0023499803145813876
2026-03-06,2026-04-17,7500.0,6740.02,0.25,1.75,0.1438684246826171,728.0,751.8,1.0000000000000004e-05,6761.1,0.10371742183167212,42,0.0023817018960756997
2026-03-06,2026-04-17,7525.0,6740.02,0.2,1.65,0.1465234274291992,753.9,771.3,1.0000000000000004e-05,6763.325,0.10671617760014099,42,0.0024704186876580592
2026-03-06,2026-04-17,7550.0,6740.02,0.1,1.45,0.1477136010742187,557.5,562.7,1.0000000000000004e-05,6990.675,0.0769704451538559,42,0.000627763710412374
2026-03-06,2026-04-17,7575.0,6740.02,0.0,1.35,0.1500023965454102,803.8,827.8,1.0000000000000004e-05,6759.875,0.11384895263578351,42,0.0025891238266120345
2026-03-06,2026-04-17,7600.0,6740.02,0.0,1.3,0.152901537475586,827.1,850.9,1.0000000000000004e-05,6761.65,0.11688130418054613,42,0.0026901725118375812
2026-03-06,2026-04-17,7625.0,6740.02,0.0,1.2,0.1549461947631836,853.4,877.4,1.0000000000000004e-05,6760.2,0.12037984707743726,42,0.002762601581936433
2026-03-06,2026-04-17,7650.0,6740.02,0.0,1.15,0.157662232055664,879.8,897.0,1.0000000000000004e-05,6762.175,0.12336106397044529,42,0.0028603011931630402
2026-03-06,2026-04-17,7675.0,6740.02,0.0,1.05,0.1594017166137695,903.1,927.1,1.0000000000000004e-05,6760.425,0.12688253557212734,42,0.002923764670946554
2026-03-06,2026-04-17,7700.0,6740.02,0.0,1.05,0.1628501684570312,709.9,716.7,1.0000000000000004e-05,6987.225,0.09713684714573234,42,0.0007630029094067183
2026-03-06,2026-04-17,7725.0,6740.02,0.0,1.0,0.1653525848388672,952.8,976.8,1.0000000000000004e-05,6760.7,0.13333538779404036,42,0.0031461425949084396
2026-03-06,2026-04-17,7775.0,6740.02,0.0,0.9,0.1700522448730469,1002.5,1026.5,1.0000000000000004e-05,6760.95,0.13975004533981936,42,0.003327523757334887
2026-03-06,2026-04-17,7800.0,6740.02,0.0,0.9,0.1734091448974609,1027.4,1051.4,1.0000000000000004e-05,6761.05,0.1429455302586341,42,0.0034601937655640565
2026-03-06,2026-04-17,7875.0,6740.02,0.0,0.8,0.1808858767700195,1102.0,1126.0,1.0000000000000004e-05,6761.4,0.15246321550747516,42,0.0037650066230796287
2026-03-06,2026-04-17,7900.0,6740.02,0.0,0.75,0.1828084649658203,1125.9,1143.0,1.0000000000000004e-05,6765.925,0.15496377401184067,42,0.0038454664774046597
2026-03-06,2026-04-17,8000.0,6740.02,0.0,0.7,0.1940388214111328,1231.9,1244.1,1.0000000000000004e-05,6762.35,0.16807107889926717,42,0.004332451224696171
2026-03-06,2026-04-17,8300.0,6740.02,0.0,0.6,0.2268754071044921,1524.8,1548.8,1.0000000000000004e-05,6763.5,0.20471500725544078,42,0.005922857300413203
2026-03-06,2026-04-17,8500.0,6740.02,0.0,0.5,0.2453688745117187,1724.7,1740.6,1.0000000000000004e-05,6767.6,0.2279196445937665,42,0.006927800417326569
2026-03-06,2026-04-17,8600.0,6740.02,0.0,0.5,0.2563550927734375,1595.7,1604.5,1.0000000000000004e-05,7000.15,0.20583062586230885,42,0.007562063591279083
2026-03-06,2026-04-17,8800.0,6740.02,0.0,0.45,0.2751537329101562,2020.9,2044.7,1.0000000000000004e-05,6767.424999999999,0.2626310614182691,42,0.008711786911902823
2026-03-06,2026-04-17,9000.0,6740.02,0.0,0.45,0.2957834094238281,2221.5,2245.5,1.0000000000000004e-05,6766.725,0.2852073593040902,42,0.01006709222519486
2026-03-06,2026-04-17,9400.0,6740.02,0.0,0.4,0.3317937915039062,2377.1,2388.6,1.0000000000000004e-05,7017.35,0.2923240353841036,42,0.012667559022965968
2026-03-06,2026-04-17,9600.0,6740.02,0.0,0.4,0.3505924316406249,2817.2,2841.0,1.0000000000000004e-05,6771.1,0.3490995432121129,42,0.014143649948478967
2026-03-06,2026-04-17,9800.0,6740.02,0.0,0.4,0.3689027954101562,3017.8,3041.8,1.0000000000000004e-05,6770.4,0.3698222163027671,42,0.01565958751610947
2026-03-06,2026-04-17,10000.0,6740.02,0.0,0.4,0.3867248828124999,3216.8,3240.8,1.0000000000000004e-05,6771.4,0.3898772327665127,42,0.01720919909431878
2026-03-06,2026-04-17,10400.0,6740.02,0.0,0.35,0.4163876721191406,3464.6,3486.9,1.0000000000000004e-05,6924.425,0.40675079001228753,42,0.019950425004650604
2026-03-06,2026-04-17,11200.0,6740.02,0.0,0.35,0.4797415307617187,4211.2,4233.3,1.0000000000000004e-05,6977.925,0.4731621836595755,42,0.026483236510079666
2026-03-06,2026-04-17,11600.0,6740.02,0.0,0.1,0.4643608251953125,4809.4,4833.4,1.0000000000000004e-05,6778.650000000001,0.5372271310302946,42,0.0248123314821781
2026-03-06,2026-04-17,12000.0,6740.02,0.0,0.1,0.4907277490234375,5207.6,5231.6,1.0000000000000004e-05,6780.45,0.5708631783567828,42,0.02771007231174689
2026-03-06,2026-04-24,5750.0,6740.02,1038.4,1062.2,0.4147778859710693,42.2,45.1,0.3589122031784058,6756.650000000001,-0.16132735028394174,49,0.017293371260078037
2026-03-06,2026-04-24,6150.0,6740.02,674.6,698.5,0.3409127341270447,76.3,79.6,0.2992776371765136,6758.6,-0.09436368619644135,49,0.013755028673958636
2026-03-06,2026-04-24,6200.0,6740.02,631.2,655.0,0.3321371108245849,82.6,85.9,0.2919611209869384,6758.85,-0.08630346518886499,49,0.013072213386687142
2026-03-06,2026-04-24,6300.0,6740.02,546.0,569.9,0.3149387201881408,96.9,100.3,0.2772708687210082,6759.35,-0.07037709818815453,49,0.011770477851096726
2026-03-06,2026-04-24,6350.0,6740.02,510.6,519.8,0.2960466209030151,105.0,108.5,0.2698551713943481,6758.45,-0.06233876091848667,49,0.010747943210782901
2026-03-06,2026-04-24,6500.0,6740.02,393.4,397.3,0.2686077778625488,134.1,137.8,0.2470015486145019,6759.4,-0.039131951817660694,49,0.008922462945175189
2026-03-06,2026-04-24,6525.0,6740.02,374.1,378.0,0.2644002088546752,139.6,143.4,0.2430037858581543,6759.55,-0.03531536658302758,49,0.008640741012791999
2026-03-06,2026-04-24,6550.0,6740.02,355.1,359.1,0.2603356895637512,145.4,149.4,0.2391280921936034,6759.7,-0.03151346072472378,49,0.008372424243205863
2026-03-06,2026-04-24,6575.0,6740.02,336.4,340.3,0.2560728079986573,151.6,155.5,0.2350292409706115,6759.8,-0.027718725754559605,49,0.008094438289444447
2026-03-06,2026-04-24,6600.0,6740.02,318.0,321.9,0.2519148295593261,157.9,162.0,0.2310124049186706,6760.0,-0.023953241022492872,49,0.00782720340837516
2026-03-06,2026-04-24,6650.0,6740.02,281.9,285.9,0.2434272130203247,171.8,175.7,0.2226201548576354,6760.15,-0.016428224490042314,49,0.007289594045337505
2026-03-06,2026-04-24,6675.0,6740.02,264.3,268.4,0.2391624241256713,179.1,183.1,0.2184125858497619,6760.25,-0.012690667333253719,49,0.007026965478045803
2026-03-06,2026-04-24,6700.0,6740.02,247.1,251.1,0.2347240682411194,186.3,190.7,0.2139952105903625,6760.6,-0.00900411711569741,49,0.006757603129148777
2026-03-06,2026-04-24,6710.0,6740.02,240.3,244.4,0.2330627841949462,189.8,193.9,0.2122709846687317,6760.5,-0.007497900833085225,49,0.006656017889606889
2026-03-06,2026-04-24,6720.0,6740.02,233.6,237.6,0.2312336551475525,193.0,197.1,0.2104761875534057,6760.55,-0.00601609315693784,49,0.006548131282059149
2026-03-06,2026-04-24,6725.0,6740.02,230.2,234.4,0.2304974259376526,194.6,198.7,0.2095511327171325,6760.65,-0.005287113790638993,49,0.006498968468995574
2026-03-06,2026-04-24,6740.0,6740.02,220.3,224.4,0.2277832959747314,199.6,203.7,0.2068675200271606,6760.7,-0.0030665100655532297,49,0.006340510452537274
2026-03-06,2026-04-24,6750.0,6740.02,213.7,217.9,0.2260552553939819,203.0,207.1,0.2050517422866821,6760.75,-0.0015913257618613654,49,0.006237540362337374
2026-03-06,2026-04-24,6775.0,6740.02,197.6,201.7,0.2214757571220398,211.7,215.9,0.2004684293556213,6760.85,0.002090744970487914,49,0.005975210910008539
2026-03-06,2026-04-24,6780.0,6740.02,194.5,198.5,0.2205449802970886,213.0,217.7,0.1995300232124328,6761.15,0.002784108022720815,49,0.005922388643905957
2026-03-06,2026-04-24,6790.0,6740.02,188.2,192.3,0.2188302910232544,217.2,221.4,0.1976932648468017,6760.95,0.004287528845126242,49,0.005822672436395309
2026-03-06,2026-04-24,6800.0,6740.02,182.0,186.1,0.2170374012374877,221.0,225.1,0.1957687693214416,6761.0,0.005751804073520262,49,0.005719203964469085
2026-03-06,2026-04-24,6810.0,6740.02,175.8,179.9,0.2151663109397888,224.7,228.9,0.1938557177734375,6761.05,0.007213916724508969,49,0.0056148301223708785
2026-03-06,2026-04-24,6820.0,6740.02,169.7,173.8,0.213314293937683,228.6,232.8,0.1919541102027893,6761.05,0.008681268418458817,49,0.005512247596118968
2026-03-06,2026-04-24,6825.0,6740.02,166.7,170.8,0.2124083123970031,230.5,234.7,0.1909165229225158,6761.15,0.009399347141440039,49,0.0054595035729385856
2026-03-06,2026-04-24,6830.0,6740.02,163.7,167.8,0.2114832575607299,232.4,236.7,0.1899571361541748,6761.2,0.01012428448881303,49,0.005408606229858156
2026-03-06,2026-04-24,6840.0,6740.02,157.8,161.8,0.2095644840240478,236.6,240.7,0.1879658840942382,6761.15,0.011594737704875555,49,0.005303759784408726
2026-03-06,2026-04-24,6850.0,6740.02,152.0,156.0,0.2077658722496032,240.7,244.8,0.185976539363861,6761.25,0.013040868070634317,49,0.005203165238668594
2026-03-06,2026-04-24,6860.0,6740.02,146.2,150.3,0.2059787044525146,245.0,249.0,0.1839871946334838,6761.25,0.014499657534294105,49,0.0051038333698956205
2026-03-06,2026-04-24,6870.0,6740.02,140.6,144.6,0.2041018921661376,248.8,253.3,0.181994035243988,6761.55,0.015911952521477833,49,0.005003036433542167
2026-03-06,2026-04-24,6875.0,6740.02,137.8,141.8,0.2031806519889831,251.4,255.4,0.1809049500656127,6761.4,0.016661674348413445,49,0.004951072421627688
2026-03-06,2026-04-24,6890.0,6740.02,129.5,133.5,0.2003749702072143,258.0,262.1,0.1778818327140807,6761.45,0.0188337209304756,49,0.004801939889627213
2026-03-06,2026-04-24,6900.0,6740.02,124.1,128.1,0.1985210458755493,262.6,266.6,0.1757551602554321,6761.5,0.020276652671936155,49,0.004701404962544003
2026-03-06,2026-04-24,6910.0,6740.02,118.9,122.8,0.1966709362030029,267.2,271.3,0.1737200396156311,6761.6,0.021710089339977885,49,0.004604304296867203
2026-03-06,2026-04-24,6920.0,6740.02,113.7,117.6,0.1948246411895751,271.9,276.0,0.1715571278953552,6761.7,0.0231414319003809,49,0.004505167421350929
2026-03-06,2026-04-24,6925.0,6740.02,111.1,115.1,0.1939682502174377,274.4,278.4,0.170479486694336,6761.7,0.02386371434420499,49,0.004457729790455861
2026-03-06,2026-04-24,6930.0,6740.02,108.6,112.5,0.1929764388465881,276.9,280.9,0.1694781386756897,6761.65,0.024592870090072654,49,0.00440910460107931
2026-03-06,2026-04-24,6940.0,6740.02,103.7,107.5,0.191128236503601,282.0,285.8,0.1672618217277527,6761.7,0.026027436789515978,49,0.004310772779530536
2026-03-06,2026-04-24,6950.0,6740.02,98.8,102.6,0.189274312171936,287.0,290.9,0.1651256126213074,6761.75,0.027459927284725405,49,0.004215319197246145
2026-03-06,2026-04-24,6960.0,6740.02,94.1,97.9,0.1875271982955932,292.2,296.1,0.1629531642532349,6761.85,0.028882953092833494,49,0.004122594343894206
2026-03-06,2026-04-24,6970.0,6740.02,89.5,93.2,0.1856599226570129,297.5,301.4,0.1607406619644165,6761.9,0.030311309120194932,49,0.004027174579642011
2026-03-06,2026-04-24,6975.0,6740.02,87.2,90.9,0.184736775150299,300.2,304.1,0.1596305961608886,6761.9,0.03102841205519182,49,0.003980037969017184
2026-03-06,2026-04-24,6980.0,6740.02,85.0,88.7,0.1838975501441955,302.9,306.8,0.158480476436615,6762.0,0.0317302124885868,49,0.003934186946015849
2026-03-06,2026-04-24,6990.0,6740.02,80.6,84.0,0.1817765996742248,308.1,312.3,0.1561668856811523,6762.1,0.03314706354526838,49,0.0038329343598718212
2026-03-06,2026-04-24,7000.0,6740.02,76.3,79.9,0.180222126083374,312.0,321.3,0.1580093660354614,6761.45,0.03467278496022188,49,0.0038394702539628475
2026-03-06,2026-04-24,7010.0,6740.02,72.1,75.8,0.1785398614120483,317.3,326.3,0.1547821644210815,6762.15,0.03599681422068097,49,0.003728818542718891
2026-03-06,2026-04-24,7025.0,6740.02,66.2,69.7,0.1758238241195678,326.4,336.1,0.1524971836090088,6761.7,0.03820087749061232,49,0.0036177667956708865
2026-03-06,2026-04-24,7050.0,6740.02,56.8,60.3,0.1715285179519653,341.9,350.9,0.1456613144683838,6762.15,0.04168672999835954,49,0.0033766165066791837
2026-03-06,2026-04-24,7075.0,6740.02,48.3,51.7,0.1673362075805664,349.3,373.1,0.1483201318740845,6763.8,0.0449825812328978,49,0.003344046100861356
2026-03-06,2026-04-24,7100.0,6740.02,40.6,43.9,0.1632430783462524,366.4,390.2,0.1425294793319702,6763.95,0.04848774511395231,49,0.0031379082153596
2026-03-06,2026-04-24,7125.0,6740.02,33.8,37.0,0.1594207899093627,384.4,408.2,0.136540464515686,6764.1,0.05198051107627502,49,0.002939767220494228
2026-03-06,2026-04-24,7150.0,6740.02,27.8,31.0,0.1559456354522705,403.2,427.0,0.1300441000366211,6764.3,0.05545357419895429,49,0.0027450111722228106
2026-03-06,2026-04-24,7175.0,6740.02,22.7,25.8,0.1527413217926025,422.9,446.7,0.1230098686218261,6764.45,0.05892180414103191,49,0.0025519844052970878
2026-03-06,2026-04-24,7300.0,6740.02,6.9,9.9,0.1420068710327148,531.3,555.1,1.0000000000000004e-05,6765.2,0.07608252303659557,49,0.0006768978022179555
2026-03-06,2026-04-30,2800.0,6740.02,3934.5,3954.9,0.9526371923828124,1.6,3.1,0.8801281518554687,6742.35,-0.8787891116620773,55,0.11672440000785961
2026-03-06,2026-04-30,3000.0,6740.02,3733.9,3757.7,0.9069223175048828,2.15,3.7,0.835389829711914,6742.875,-0.8098741031696648,55,0.10515942251297407
2026-03-06,2026-04-30,4000.0,6740.02,2961.1,2972.6,1.3565667852973935,7.1,9.0,0.6372869523620606,6958.799999999999,-0.5537126845683674,55,0.06119837337205693
2026-03-06,2026-04-30,4300.0,6740.02,2456.0,2467.8,0.6593356820678712,9.7,11.8,0.5835765519714353,6751.15,-0.4510978380439087,55,0.0513175001660214
2026-03-06,2026-04-30,4500.0,6740.02,2252.6,2276.4,0.6152077053833008,11.8,14.0,0.5478408253479006,6751.6,-0.4057021170563616,55,0.04522500368625421
2026-03-06,2026-04-30,4800.0,6740.02,1960.5,1978.0,0.551533415374756,15.7,18.1,0.501378277282715,6752.35,-0.3412746745292373,55,0.037879204743024836
2026-03-06,2026-04-30,4900.0,6740.02,2096.9,2105.0,1.0088474240493774,17.4,19.8,0.4838918798828125,6982.35,-0.3541503312127452,55,0.035283080350434856
2026-03-06,2026-04-30,5050.0,6740.02,1714.4,1738.3,0.5073405894851685,20.3,22.8,0.4583260344696045,6754.8,-0.29086511998857567,55,0.03165329167943786
2026-03-06,2026-04-30,5150.0,6740.02,1752.7,1761.4,0.7555604583358764,22.6,25.2,0.4418467070770263,6883.15,-0.29007968132601913,55,0.029417995042505835
2026-03-06,2026-04-30,5250.0,6740.02,1520.6,1544.4,0.5011837296676637,25.2,27.9,0.4254894487762451,6755.95,-0.25219552148574215,55,0.02728019152354852
2026-03-06,2026-04-30,5300.0,6740.02,1472.4,1496.2,0.4909451845932007,26.8,29.4,0.4174176300811767,6756.200000000001,-0.24275378126487945,55,0.026254962423677353
2026-03-06,2026-04-30,5350.0,6740.02,1425.7,1443.2,0.4691825543212891,28.4,31.1,0.4096967600250244,6754.7,-0.23314199797102286,55,0.0252926820126716
2026-03-06,2026-04-30,5380.0,6740.02,1395.5,1419.3,0.4747366979980468,29.4,32.2,0.4051535010147094,6756.6,-0.22783143077520476,55,0.02473483497574298
2026-03-06,2026-04-30,5400.0,6740.02,1381.5,1391.9,0.4516961569213867,30.1,32.9,0.4019568166732788,6755.2,-0.22391362510163562,55,0.024346056262620198
2026-03-06,2026-04-30,5450.0,6740.02,1328.5,1352.4,0.4610229984664917,32.0,34.8,0.394174912071228,6757.05,-0.21497079560111657,55,0.02341249964890361
2026-03-06,2026-04-30,5475.0,6740.02,1539.5,1547.1,0.7950498095321654,33.0,35.8,0.3902954037475585,6983.9,-0.24341522429007317,55,0.022953911288372146
2026-03-06,2026-04-30,5500.0,6740.02,1280.9,1304.7,0.4511544753265381,34.1,36.9,0.3865951844024657,6757.3,-0.20587530974769006,55,0.022520742501848507
2026-03-06,2026-04-30,5550.0,6740.02,1467.6,1474.8,0.7684120449066163,36.3,39.2,0.379164228439331,6983.45,-0.2297451362460569,55,0.021663296348053765
2026-03-06,2026-04-30,5600.0,6740.02,1186.0,1209.9,0.431932408027649,38.7,41.5,0.3713441772460937,6757.85,-0.18793819438871023,55,0.020778924352333708
2026-03-06,2026-04-30,5650.0,6740.02,1373.6,1380.9,0.7356631963729858,41.3,44.1,0.3638521867370606,6984.55,-0.21204502171006448,55,0.019948939064749985
2026-03-06,2026-04-30,5675.0,6740.02,1115.4,1139.3,0.4177800226974486,42.6,45.5,0.3601748553466796,6758.3,-0.1747008157712466,55,0.01954774233786325
2026-03-06,2026-04-30,5730.0,6740.02,1069.3,1078.0,0.3897613514709473,45.9,48.7,0.3519542649459838,6756.35,-0.16476727267928115,55,0.01866561439384035
2026-03-06,2026-04-30,5740.0,6740.02,1054.6,1078.5,0.4056722946548461,46.5,49.4,0.3506496515274047,6758.6,-0.16335655768339286,55,0.018527492592865666
2026-03-06,2026-04-30,5750.0,6740.02,1136.3,1151.5,0.5196237918472288,47.1,50.0,0.3491123439025879,6845.35,-0.17436973483724053,55,0.018365393360503378
2026-03-06,2026-04-30,5760.0,6740.02,1041.4,1049.8,0.3841805051803588,47.8,50.6,0.3475597776412963,6756.4,-0.15955272911625296,55,0.018202408073626584
2026-03-06,2026-04-30,5770.0,6740.02,1117.2,1132.3,0.5138255099868774,48.4,51.3,0.3461941296768188,6844.9,-0.17083176890989016,55,0.018059645611638222
2026-03-06,2026-04-30,5775.0,6740.02,1023.6,1041.5,0.391584758529663,48.7,51.6,0.3454006805801391,6757.4,-0.15709994427893226,55,0.017976957967088442
2026-03-06,2026-04-30,5800.0,6740.02,998.9,1022.8,0.3947318523025513,50.4,53.4,0.341967487373352,6758.95,-0.15300963499446607,55,0.017621361460614795
2026-03-06,2026-04-30,5825.0,6740.02,975.8,999.7,0.3902000372695923,52.2,55.1,0.3382062334823608,6759.1,-0.1487307456450374,55,0.01723586328807639
2026-03-06,2026-04-30,5840.0,6740.02,962.0,985.9,0.3875335905456542,53.3,56.2,0.3360395071029663,6759.2,-0.14617374301636232,55,0.01701572676265822
2026-03-06,2026-04-30,5860.0,6740.02,943.6,967.5,0.3839249230194091,54.8,57.7,0.3331441808319092,6759.3,-0.14276973080839145,55,0.01672377393758633
2026-03-06,2026-04-30,6000.0,6740.02,816.5,840.3,0.3592383565330505,66.8,69.9,0.3133308413696288,6760.05,-0.11927081724916824,55,0.014793676406676634
2026-03-06,2026-04-30,6150.0,6740.02,684.0,707.9,0.3340120157814026,83.5,86.7,0.2924780072975158,6760.85,-0.0946965399768502,55,0.014785572736957738
2026-03-06,2026-04-30,6190.0,6740.02,649.5,673.3,0.327336362323761,88.7,92.0,0.2869944348144531,6761.05,-0.08824311674040723,55,0.014217210998072636
2026-03-06,2026-04-30,6200.0,6740.02,640.9,664.7,0.3256674489593505,90.1,93.3,0.2855143470764159,6761.1,-0.08663630665954675,55,0.014071832417330673
2026-03-06,2026-04-30,6225.0,6740.02,619.5,643.4,0.3216258176231383,93.6,96.9,0.2821383737564086,6761.2,-0.08262694674311429,55,0.013732339680528009
2026-03-06,2026-04-30,6250.0,6740.02,598.3,622.2,0.3175384103775024,97.2,100.5,0.2785602235031127,6761.4,-0.07864850545591139,55,0.013385854090608534
2026-03-06,2026-04-30,6260.0,6740.02,589.9,613.7,0.3158294430923461,98.7,102.0,0.2771487996292113,6761.45,-0.07705717898308434,55,0.013246079314221263
2026-03-06,2026-04-30,6270.0,6740.02,581.4,605.3,0.3142139349555969,100.2,103.6,0.2758289275741576,6761.45,-0.07546100945026213,55,0.013115261561114294
2026-03-06,2026-04-30,6300.0,6740.02,556.3,580.2,0.30930828332901,105.0,108.3,0.2715374360656737,6761.6,-0.0707099150421135,55,0.012709586462775355
2026-03-06,2026-04-30,6325.0,6740.02,541.5,550.9,0.2953828702163696,109.1,112.5,0.2680641889381408,6760.4,-0.06657202528835193,55,0.011959583812220993
2026-03-06,2026-04-30,6340.0,6740.02,529.2,538.5,0.2929853569602965,111.6,115.1,0.2659680337524414,6760.5,-0.06421808336754109,55,0.011769581585212097
2026-03-06,2026-04-30,6350.0,6740.02,521.0,530.3,0.2914232540512083,113.4,116.8,0.2644860386848449,6760.55,-0.06264943478739567,55,0.011641734791963312
2026-03-06,2026-04-30,6370.0,6740.02,504.6,514.2,0.2885336497688292,116.9,120.4,0.2616422103118896,6760.75,-0.05953436106222793,55,0.011402836462914883
2026-03-06,2026-04-30,6375.0,6740.02,563.5,575.8,0.3593394449996948,117.8,121.3,0.2609097957611084,6825.1,-0.06822290193384592,55,0.014492466874342053
2026-03-06,2026-04-30,6400.0,6740.02,480.6,489.0,0.2827811438179016,122.5,126.0,0.2573221088600159,6760.55,-0.054806257326369824,55,0.01098913273659565
2026-03-06,2026-04-30,6405.0,6740.02,470.4,494.3,0.2921804638862609,123.3,126.9,0.2565305670928955,6762.25,-0.05427673956383786,55,0.011342197776370877
2026-03-06,2026-04-30,6425.0,6740.02,638.0,644.2,0.4617001004600525,127.3,130.8,0.2536028162193299,6937.05,-0.07667998132258824,55,0.019274797564076525
2026-03-06,2026-04-30,6430.0,6740.02,456.7,465.6,0.2786975512313842,128.3,131.9,0.2529848414421082,6761.05,-0.05020366518738395,55,0.010649136415990093
2026-03-06,2026-04-30,6440.0,6740.02,448.7,457.7,0.2771487996292113,130.2,133.9,0.2514933097267151,6761.15,-0.0486644538133212,55,0.010527696156257245
2026-03-06,2026-04-30,6450.0,6740.02,440.6,449.8,0.2755657160949706,132.3,135.9,0.2499636314201354,6761.1,-0.04710546790291146,55,0.010404082349644461
2026-03-06,2026-04-30,6475.0,6740.02,424.1,428.2,0.2694889641189575,137.6,141.2,0.246276763381958,6761.75,-0.043333124706373786,55,0.01002108610380149
2026-03-06,2026-04-30,6490.0,6740.02,412.5,416.2,0.2667576681900025,140.9,144.5,0.2440642610931396,6761.65,-0.04100441239574055,55,0.009829895471924885
2026-03-06,2026-04-30,6495.0,6740.02,408.6,412.3,0.2659317944908141,142.0,145.7,0.2434100470542907,6761.6,-0.04022689831703774,55,0.009773014476144329
2026-03-06,2026-04-30,6500.0,6740.02,404.8,408.6,0.2653042830657959,143.0,146.7,0.24253458278656,6761.85,-0.03949434435190334,55,0.009715422775247529
2026-03-06,2026-04-30,6510.0,6740.02,397.1,400.8,0.263602945098877,145.4,149.0,0.2410640316963196,6761.75,-0.03794227607149736,55,0.009594439493642595
2026-03-06,2026-04-30,6515.0,6740.02,393.2,397.2,0.2630460048675537,146.4,150.2,0.2403640417480468,6761.9,-0.03719670507542912,55,0.009546706936194287
2026-03-06,2026-04-30,6520.0,6740.02,389.4,393.3,0.2621686332702637,147.6,151.3,0.2395477046966552,6761.9,-0.036429539713676004,55,0.009482575758946205
2026-03-06,2026-04-30,6525.0,6740.02,385.4,387.0,0.2588174552345276,148.7,152.5,0.2388248267936706,6760.6,-0.03547069030386073,55,0.009329199484536163
2026-03-06,2026-04-30,6535.0,6740.02,378.0,382.0,0.2598836524581909,151.1,154.9,0.2373428317260741,6762.0,-0.034146357209508996,55,0.009313616240810603
2026-03-06,2026-04-30,6550.0,6740.02,366.7,370.7,0.2575013978385926,154.8,158.5,0.2350311483001708,6762.05,-0.0318610488732489,55,0.009138600681730356
2026-03-06,2026-04-30,6560.0,6740.02,359.2,363.1,0.255790523223877,157.2,161.0,0.2335319872665405,6762.05,-0.030335495564411834,55,0.009019868876709221
2026-03-06,2026-04-30,6565.0,6740.02,355.5,359.4,0.2550199620819092,158.4,162.2,0.2327118355560302,6762.15,-0.0295883790710583,55,0.008961319762666077
2026-03-06,2026-04-30,6570.0,6740.02,351.8,355.7,0.2542360496330261,159.6,163.5,0.2319832356643676,6762.2,-0.028834448399993405,55,0.008905825778582847
2026-03-06,2026-04-30,6575.0,6740.02,348.1,351.9,0.2533415120697021,160.9,164.7,0.2311382886695862,6762.2,-0.02807370283268427,55,0.008842217296466389
2026-03-06,2026-04-30,6590.0,6740.02,337.0,340.9,0.2509897747230529,164.7,168.6,0.2288361418914795,6762.3,-0.025809720359471384,55,0.008673157578098417
2026-03-06,2026-04-30,6595.0,6740.02,333.4,337.3,0.2502478235244751,166.1,170.0,0.2281418739318848,6762.3,-0.0250512827046093,55,0.008621314140261174
2026-03-06,2026-04-30,6600.0,6740.02,329.7,333.6,0.2493952472114562,167.3,171.3,0.2273350735282897,6762.35,-0.024300813748188935,55,0.008561608855612433
2026-03-06,2026-04-30,6610.0,6740.02,322.4,326.4,0.2478522175979614,169.9,174.0,0.2257825072669982,6762.45,-0.022801596566329383,55,0.008450782118414267
2026-03-06,2026-04-30,6620.0,6740.02,315.2,319.1,0.2461604162788391,172.7,176.7,0.2241765357780456,6762.45,-0.02128988048100745,55,0.008333511414971791
2026-03-06,2026-04-30,6625.0,6740.02,311.6,315.4,0.2452468054199219,174.1,178.0,0.2233048861694335,6762.45,-0.020534878557638327,55,0.008270368371930514
2026-03-06,2026-04-30,6630.0,6740.02,308.0,312.0,0.2446173866653442,175.6,179.4,0.2225171590614318,6762.5,-0.01978783997482873,55,0.008220416170975941
2026-03-06,2026-04-30,6640.0,6740.02,300.9,304.8,0.2429236780166626,178.2,182.3,0.2209989247322082,6762.6,-0.018295468005608384,55,0.008107760256007368
2026-03-06,2026-04-30,6650.0,6740.02,293.8,297.9,0.2414722002220153,181.1,185.1,0.2193261967086792,6762.75,-0.016812757398225922,55,0.007998927358742726
2026-03-06,2026-04-30,6660.0,6740.02,286.8,290.8,0.2397727695846557,184.0,188.1,0.2177907964134216,6762.75,-0.01531012751369096,55,0.007887015706224814
2026-03-06,2026-04-30,6670.0,6740.02,279.8,283.8,0.2381191148567199,187.0,191.0,0.2161009024238586,6762.8,-0.013817145553141955,55,0.007772171455760476
2026-03-06,2026-04-30,6675.0,6740.02,276.3,280.3,0.2372703532028198,188.5,192.5,0.2152807507133483,6762.8,-0.013067801194361137,55,0.007715162733606733
2026-03-06,2026-04-30,6680.0,6740.02,272.8,276.9,0.23650551404953,190.0,194.1,0.2145445215034484,6762.8,-0.012319017932119952,55,0.007664066713341691
2026-03-06,2026-04-30,6685.0,6740.02,269.4,273.4,0.2356319571113586,191.4,195.6,0.2136957598495483,6762.9,-0.011585581592153107,55,0.007605648525761333
2026-03-06,2026-04-30,6690.0,6740.02,265.9,270.0,0.2348385080146789,193.0,197.1,0.2128317395591735,6762.9,-0.010837918005922565,55,0.007549640945860197
2026-03-06,2026-04-30,6700.0,6740.02,259.1,263.2,0.2332115559005737,196.2,200.2,0.2111532895469665,6762.95,-0.009351658999840768,55,0.007438566008786914
2026-03-06,2026-04-30,6705.0,6740.02,255.7,259.8,0.2323761455535888,197.8,201.8,0.2103388598251342,6762.95,-0.00860566866311927,55,0.007383432657062706
2026-03-06,2026-04-30,6710.0,6740.02,252.4,256.4,0.2315273838996887,199.4,203.4,0.209507264137268,6763.0,-0.00786762760921245,55,0.00732749030294488
2026-03-06,2026-04-30,6715.0,6740.02,249.0,253.0,0.2306614562797546,201.0,205.0,0.2086604098129271,6763.0,-0.007122748617601997,55,0.007270687405132595
2026-03-06,2026-04-30,6720.0,6740.02,245.7,249.7,0.2298794511604308,202.6,206.6,0.2077982968521118,6763.1,-0.006393210285852209,55,0.00721636959643369
2026-03-06,2026-04-30,6725.0,6740.02,242.3,246.4,0.2290821874046326,204.1,208.3,0.2070143844032287,6763.15,-0.0056568323650747635,55,0.007164323354000892
2026-03-06,2026-04-30,6730.0,6740.02,238.9,243.0,0.2281723912048339,206.0,209.9,0.2061179395103454,6763.0,-0.004891434936166514,55,0.007105099331779787
2026-03-06,2026-04-30,6735.0,6740.02,235.6,239.7,0.2273446101760864,207.4,211.6,0.2053016024589538,6763.15,-0.004170947990650286,55,0.007051404788979071
2026-03-06,2026-04-30,6740.0,6740.02,232.3,236.4,0.2265015705108642,209.2,213.3,0.2044680994415282,6763.1,-0.0034214398966946565,55,0.006996861029478131
2026-03-06,2026-04-30,6745.0,6740.02,229.1,233.2,0.2257386386871337,211.0,215.0,0.2036174304580688,6763.15,-0.002687268193258415,55,0.006944564983664449
2026-03-06,2026-04-30,6750.0,6740.02,225.8,229.9,0.2248650817489623,212.6,216.7,0.2027476881790161,6763.2,-0.001953645945949874,55,0.006888285928288561
2026-03-06,2026-04-30,6755.0,6740.02,222.6,226.7,0.2240697253227233,214.2,218.4,0.2018626872634887,6763.35,-0.001235358022527606,55,0.00683425555139254
2026-03-06,2026-04-30,6760.0,6740.02,219.3,223.3,0.2230683773040771,216.1,220.1,0.2009586130523681,6763.2,-0.0004732607755156709,55,0.0067732458015691555
2026-03-06,2026-04-30,6765.0,6740.02,216.1,220.2,0.2223378700828551,217.7,221.9,0.2001327393531799,6763.35,0.00024393218806154123,55,0.006723614980170557
2026-03-06,2026-04-30,6770.0,6740.02,212.9,217.0,0.2214967377471923,219.5,223.7,0.1992877923583984,6763.35,0.000982757489493787,55,0.006670054207321953
2026-03-06,2026-04-30,6775.0,6740.02,209.7,213.7,0.2205411656379699,221.5,225.4,0.1983284055900573,6763.25,0.0017358230126210674,55,0.0066094825161241945
2026-03-06,2026-04-30,6780.0,6740.02,206.6,210.7,0.2198564343261718,223.2,227.3,0.1975444931411743,6763.4,0.002451379758821765,55,0.006563215331358247
2026-03-06,2026-04-30,6785.0,6740.02,203.4,207.4,0.2188684376144409,225.0,229.1,0.196642326259613,6763.35,0.0031959638521425735,55,0.006503908026873965
2026-03-06,2026-04-30,6790.0,6740.02,200.3,204.3,0.2180540078926086,226.7,230.9,0.1957229934120178,6763.5,0.003910434023493228,55,0.006449744777038138
2026-03-06,2026-04-30,6795.0,6740.02,197.1,201.2,0.2172243195343017,228.8,232.7,0.1947845872688293,6763.4,0.004661325409624649,55,0.006394742233343226
2026-03-06,2026-04-30,6800.0,6740.02,194.0,198.0,0.2162801914024352,230.5,234.6,0.1939205669784546,6763.45,0.0053894972844381155,55,0.006338737273763112
2026-03-06,2026-04-30,6805.0,6740.02,191.0,195.0,0.2155096302604675,232.4,236.5,0.1930374733924865,6763.55,0.006109735961480082,55,0.006287733201833537
2026-03-06,2026-04-30,6810.0,6740.02,187.9,191.9,0.2146265366744995,234.3,238.4,0.1921353065109253,6763.55,0.006844220019471701,55,0.0062329012595467295
2026-03-06,2026-04-30,6815.0,6740.02,184.8,188.9,0.2138216436004638,236.1,240.3,0.1912121590042114,6763.65,0.007563379980820584,55,0.006180055458138468
2026-03-06,2026-04-30,6820.0,6740.02,181.8,185.8,0.2129004034233093,238.3,242.3,0.1903633973503113,6763.5,0.00831896430825917,55,0.00612615966835017
2026-03-06,2026-04-30,6825.0,6740.02,178.8,182.9,0.2121546375656127,240.1,244.2,0.1893982885932922,6763.7,0.009022263472457973,55,0.006074288621830713
2026-03-06,2026-04-30,6830.0,6740.02,175.8,179.9,0.2112944319343566,242.0,246.2,0.1885075656890869,6763.75,0.009747203607890822,55,0.006021431542262517
2026-03-06,2026-04-30,6835.0,6740.02,172.8,176.8,0.210319786529541,244.1,248.2,0.187595862159729,6763.65,0.010493785008237522,55,0.005964744856814479
2026-03-06,2026-04-30,6840.0,6740.02,169.9,173.8,0.2094214343070983,246.1,250.2,0.1866631780052185,6763.7,0.011217654035893641,55,0.005909976784988294
2026-03-06,2026-04-30,6845.0,6740.02,166.9,170.9,0.2085993752670287,247.8,252.2,0.1857056985664367,6763.9,0.011918811964754672,55,0.005856991108763564
2026-03-06,2026-04-30,6850.0,6740.02,164.0,167.9,0.2076628764533996,250.2,254.2,0.1847272385025024,6763.75,0.012671182299325963,55,0.005800239813240293
2026-03-06,2026-04-30,6855.0,6740.02,161.1,165.1,0.2068999446296691,252.3,256.3,0.1838231642913818,6763.8,0.013393450717874174,55,0.005751061733884401
2026-03-06,2026-04-30,6860.0,6740.02,158.2,162.2,0.2060206657028198,254.0,258.4,0.1828942947959899,6764.0,0.014093010701459888,55,0.005697956546224992
2026-03-06,2026-04-30,6865.0,6740.02,155.3,159.3,0.2051204061508178,256.4,260.5,0.1819444446754455,6763.85,0.014843784656581286,55,0.005643873925331273
2026-03-06,2026-04-30,6870.0,6740.02,152.5,156.5,0.2042983471107482,258.6,262.6,0.1809678919410705,6763.9,0.01556445945860048,55,0.005591543919467343
2026-03-06,2026-04-30,6875.0,6740.02,149.7,153.7,0.2034534001159668,260.7,264.8,0.1800676323890686,6763.95,0.016284604619317532,55,0.005541000705859631
2026-03-06,2026-04-30,6880.0,6740.02,146.9,150.8,0.2024921060180664,263.0,267.0,0.179140670223236,6763.85,0.01702639738189906,55,0.005486573064787958
2026-03-06,2026-04-30,6885.0,6740.02,144.1,148.1,0.2017043789100647,265.1,269.1,0.1780897316360474,6764.0,0.0177307011442842,55,0.0054338329810295774
2026-03-06,2026-04-30,6890.0,6740.02,141.4,145.3,0.2007983973693847,267.3,271.8,0.1776128992462158,6763.8,0.018486222729163563,55,0.005394336313251025
2026-03-06,2026-04-30,6895.0,6740.02,138.7,142.6,0.1999687090110778,269.6,273.6,0.176211012020111,6764.05,0.019174688160557674,55,0.005330900711185388
2026-03-06,2026-04-30,6900.0,6740.02,135.9,139.9,0.1991180400276183,271.8,276.3,0.1756826817321777,6763.85,0.019929157039860566,55,0.005291888326535287
2026-03-06,2026-04-30,6905.0,6740.02,133.3,137.2,0.198244483089447,274.1,278.1,0.1742235746192932,6764.15,0.020609179843725848,55,0.005226222582693615
2026-03-06,2026-04-30,6910.0,6740.02,130.6,134.5,0.1973480381965637,276.4,280.4,0.1732412998962402,6764.15,0.021333030762049086,55,0.005173633673248931
2026-03-06,2026-04-30,6915.0,6740.02,128.0,131.9,0.1965297938156127,278.8,282.7,0.172228507900238,6764.2,0.022048966214741932,55,0.005122635397013499
2026-03-06,2026-04-30,6920.0,6740.02,125.4,129.2,0.1955875730133056,281.1,285.1,0.1712901017570495,6764.2,0.02277177072759862,55,0.0050705188722394755
2026-03-06,2026-04-30,6925.0,6740.02,122.8,126.6,0.1947216453933715,283.5,287.5,0.1703230856704712,6764.2,0.023494053171422644,55,0.005019980179630841
2026-03-06,2026-04-30,6930.0,6740.02,120.2,124.1,0.1939358256149292,285.9,290.3,0.1697413501548767,6764.05,0.024237990117104424,55,0.0049824382532017986
2026-03-06,2026-04-30,6935.0,6740.02,117.7,121.5,0.1930222147560119,288.4,292.3,0.1683013163375855,6764.25,0.02492966303500472,55,0.004918156285415767
2026-03-06,2026-04-30,6940.0,6740.02,115.2,119.0,0.1921868044090271,290.8,295.2,0.1677653567314148,6764.1,0.025672559440274065,55,0.004880894319885004
2026-03-06,2026-04-30,6945.0,6740.02,112.7,116.5,0.1913285061073303,293.4,297.7,0.1667849893379212,6764.05,0.0264001531215995,55,0.004831157643219787
2026-03-06,2026-04-30,6950.0,6740.02,110.2,114.1,0.1905465009880066,295.8,299.7,0.1652438670539856,6764.4,0.027068093683308286,55,0.004768680294198696
2026-03-06,2026-04-30,6955.0,6740.02,107.8,111.6,0.1896386121177673,298.4,302.7,0.1647288880729675,6764.15,0.027824218357876834,55,0.004730614990088133
2026-03-06,2026-04-30,6960.0,6740.02,105.4,109.2,0.1888070164299011,301.0,304.8,0.1632201903915405,6764.4,0.028505908452935796,55,0.004668338006053309
2026-03-06,2026-04-30,6965.0,6740.02,103.0,106.8,0.1879506254577636,303.5,307.4,0.1622131203842163,6764.45,0.029216649727116125,55,0.004619044992886827
2026-03-06,2026-04-30,6970.0,6740.02,100.7,104.4,0.1870675318717956,306.1,310.5,0.1617153073692321,6764.25,0.029963834040642377,55,0.004582685474107391
2026-03-06,2026-04-30,6975.0,6740.02,98.4,102.1,0.1862645461273193,308.7,313.1,0.1606414808273315,6764.35,0.030666153479933404,55,0.004533498996274212
2026-03-06,2026-04-30,6980.0,6740.02,96.1,99.8,0.1854348577690124,311.4,315.3,0.15908891456604,6764.6,0.03134578476365671,55,0.004471448379259332
2026-03-06,2026-04-30,6985.0,6740.02,93.8,97.5,0.1845784667968749,314.2,318.0,0.1580494199562073,6764.55,0.032069252145656944,55,0.00442237176914285
2026-03-06,2026-04-30,6990.0,6740.02,91.6,95.2,0.1836934658813476,316.8,320.7,0.156971778755188,6764.65,0.03277003284237132,55,0.004371852390191702
2026-03-06,2026-04-30,6995.0,6740.02,89.4,93.0,0.1828885728073119,319.6,323.5,0.1559704307365417,6764.65,0.03348508471409701,55,0.004325615298322149
2026-03-06,2026-04-30,7000.0,6740.02,87.2,90.8,0.1820569771194458,322.3,328.2,0.1571014771652221,6763.75,0.03433267908050536,55,0.004333263795343893
2026-03-06,2026-04-30,7005.0,6740.02,85.0,88.6,0.1811967714881897,325.2,330.0,0.1548889748764038,6764.2,0.03498018088699074,55,0.004255102458917481
2026-03-06,2026-04-30,7010.0,6740.02,82.9,86.5,0.1804166736984253,327.9,331.9,0.1527260631561279,6764.8,0.035605003792772046,55,0.004180907240782065
2026-03-06,2026-04-30,7015.0,6740.02,80.8,84.4,0.1796079659652709,321.2,344.7,0.1632011170959473,6764.65,0.03634019015107665,55,0.004427050485349333
2026-03-06,2026-04-30,7020.0,6740.02,78.7,82.3,0.1787725556182861,331.1,341.0,0.1545113236236572,6764.45,0.03708226053306686,55,0.004184450636260754
2026-03-06,2026-04-30,7025.0,6740.02,76.7,80.2,0.1779047206687927,334.1,343.1,0.1524666663360596,6764.85,0.03773512679188369,55,0.004111636256392496
2026-03-06,2026-04-30,7030.0,6740.02,74.7,78.2,0.1771208082199096,337.5,346.9,0.1524132611083984,6764.25,0.038535315090783395,55,0.004090820997701421
2026-03-06,2026-04-30,7035.0,6740.02,72.7,76.2,0.1763063784980774,331.5,355.3,0.1578930189323425,6766.05,0.038980230344511035,55,0.004207471265997991
2026-03-06,2026-04-30,7040.0,6740.02,70.7,74.2,0.1754614315032958,343.5,352.9,0.1502617933654785,6764.25,0.03995677943816078,55,0.003996752778794709
2026-03-06,2026-04-30,7045.0,6740.02,68.8,72.3,0.1747023143386841,337.5,361.3,0.1558121223831177,6766.15,0.040385905565981615,55,0.004115197677043936
2026-03-06,2026-04-30,7050.0,6740.02,66.9,70.4,0.1739107725715637,349.6,359.1,0.148177082157135,6764.3,0.04136883431721528,55,0.003908035780140714
2026-03-06,2026-04-30,7055.0,6740.02,65.0,68.5,0.1730887135314941,343.6,367.5,0.1538056116867065,6766.2,0.041796955820617494,55,0.004025544172803047
2026-03-06,2026-04-30,7060.0,6740.02,63.2,66.7,0.1723524843215942,355.8,364.5,0.1448526067352295,6764.8,0.04271235425142383,55,0.0037904444099864584
2026-03-06,2026-04-30,7065.0,6740.02,61.4,64.9,0.1715857378387451,349.9,373.8,0.1517533250808715,6766.3,0.043198607417156046,55,0.0039384576907777165
2026-03-06,2026-04-30,7070.0,6740.02,59.7,63.1,0.1707846594238281,362.2,370.9,0.1426038651847839,6764.85,0.04412039148055566,55,0.0036997809620547555
2026-03-06,2026-04-30,7075.0,6740.02,57.9,61.3,0.1699511564064026,202.4,203.0,1.0000000000000004e-05,6931.9,0.020433497631120536,55,0.0010882011697158156
2026-03-06,2026-04-30,7080.0,6740.02,56.2,59.6,0.1692072978782653,359.6,383.4,0.148522308807373,6766.4,0.04530471996954141,55,0.0038029901801736802
2026-03-06,2026-04-30,7085.0,6740.02,54.5,57.9,0.1684310147476196,362.9,386.7,0.147480906867981,6766.4,0.04601068540655664,55,0.003759601932902311
2026-03-06,2026-04-30,7090.0,6740.02,52.9,56.3,0.1677443761062622,370.5,383.5,0.1371126633834838,6767.6,0.04653882164153181,55,0.0035010820540786907
2026-03-06,2026-04-30,7100.0,6740.02,49.7,53.0,0.1661460339355469,372.9,396.7,0.1441850413894653,6766.55,0.048103428195582325,55,0.0036279422583430218
2026-03-06,2026-04-30,7105.0,6740.02,48.1,51.5,0.1654880052375793,376.3,400.2,0.1432199326324462,6766.55,0.04880740569737669,55,0.003590090753231502
2026-03-06,2026-04-30,7110.0,6740.02,46.6,49.9,0.1646659461975098,384.6,392.9,0.1250507112503052,6769.5,0.049075014862121076,55,0.0031619628685961654
2026-03-06,2026-04-30,7115.0,6740.02,45.1,48.4,0.1639373463058471,383.2,407.1,0.1409769130706787,6766.6,0.05020648642746596,55,0.003502396442748246
2026-03-06,2026-04-30,7120.0,6740.02,43.7,47.0,0.1633117422103882,386.7,410.6,0.1398401446533203,6766.7,0.05089420194801124,55,0.003462026478079773
2026-03-06,2026-04-30,7125.0,6740.02,42.2,45.5,0.1625106637954712,390.3,414.1,0.1386423416900634,6766.65,0.051603591832302925,55,0.0034165221227488857
2026-03-06,2026-04-30,7135.0,6740.02,39.5,42.7,0.1610801666259765,397.4,421.3,0.1363726195144653,6766.75,0.052991338354064124,55,0.0033330813692117305
2026-03-06,2026-04-30,7140.0,6740.02,38.2,41.4,0.1604507478713989,243.1,243.9,1.0000000000000004e-05,6936.3,0.028944285213463056,55,0.0009699457797326546
2026-03-06,2026-04-30,7145.0,6740.02,36.9,40.1,0.1597831825256347,404.7,428.5,0.1338206125640869,6766.9,0.054369731838094765,55,0.003247380388362874
2026-03-06,2026-04-30,7150.0,6740.02,35.6,38.8,0.1590812852478027,408.4,432.2,0.1326056436347961,6766.9,0.05506927716218027,55,0.0032051161277074827
2026-03-06,2026-04-30,7155.0,6740.02,34.4,37.6,0.1584900130844116,412.1,436.0,0.1314974851608276,6766.95,0.05576094458420452,55,0.003167877536040611
2026-03-06,2026-04-30,7160.0,6740.02,33.2,36.4,0.1578644089889526,415.9,439.7,0.1301242078781127,6767.0,0.05645212372246575,55,0.003124355746215955
2026-03-06,2026-04-30,7175.0,6740.02,29.7,32.9,0.1559113035202026,427.3,451.2,0.1262523288726806,6767.05,0.058537515624311996,55,0.0029992447599198886
2026-03-06,2026-04-30,7180.0,6740.02,28.6,31.8,0.155287606754303,431.2,455.0,0.1246921332931518,6767.1,0.059226748322069124,55,0.0029529972712583692
2026-03-06,2026-04-30,7185.0,6740.02,27.6,30.7,0.1546257633972168,435.1,458.9,0.1232425628280639,6767.15,0.0599154961308268,55,0.0029086262805192776
2026-03-06,2026-04-30,7190.0,6740.02,26.6,29.7,0.1540917111206055,439.0,462.9,0.1219112467956543,6767.2,0.0606037597252877,55,0.0028697053443964772
2026-03-06,2026-04-30,7200.0,6740.02,24.6,27.7,0.1529091667938233,447.0,470.8,0.1186382692718505,6767.25,0.06198622546142686,55,0.0027778017478501814
2026-03-06,2026-04-30,7220.0,6740.02,21.0,24.0,0.1506051126861572,463.3,487.1,0.1115964085388183,6767.3,0.06475276384582739,55,0.0025898836132178227
2026-03-06,2026-04-30,7225.0,6740.02,20.2,23.2,0.1501587975692749,467.4,491.2,0.1094144235229492,6767.4,0.06543026810670685,55,0.002538222014349723
2026-03-06,2026-04-30,7230.0,6740.02,19.4,22.4,0.1496819651794433,386.2,392.6,1.0000000000000004e-05,6861.5,0.052312959443122524,55,0.0008441250987401381
2026-03-06,2026-04-30,7240.0,6740.02,17.9,20.8,0.1486062313079834,479.9,503.8,0.1022276057434082,6767.5,0.06748946389130583,55,0.0023701840818807014
2026-03-06,2026-04-30,7250.0,6740.02,16.4,19.3,0.1475762733459473,488.4,512.2,0.0950331586456299,6767.55,0.0688623381348789,55,0.0022173037719316196
2026-03-06,2026-04-30,7255.0,6740.02,15.8,18.6,0.147107070274353,492.7,516.5,0.0906615592956542,6767.6,0.069544367433647,55,0.002129702511245179
2026-03-06,2026-04-30,7275.0,6740.02,13.3,16.1,0.145504913444519,414.4,421.7,1.0000000000000004e-05,6871.65,0.05703956098812856,55,0.0007976729122685768
2026-03-06,2026-04-30,7280.0,6740.02,12.7,15.5,0.1450700423049927,418.6,425.9,1.0000000000000004e-05,6871.85,0.0576975054715037,55,0.0007929123473541206
2026-03-06,2026-04-30,7295.0,6740.02,10.9,14.0,0.1442727785491943,527.7,551.5,1.0000000000000004e-05,6767.85,0.07500572303699979,55,0.0007842216508377885
2026-03-06,2026-04-30,7300.0,6740.02,10.5,13.5,0.1439370885467529,532.2,556.0,1.0000000000000004e-05,6767.9,0.07568350137329241,55,0.0007805767373697055
2026-03-06,2026-04-30,7325.0,6740.02,8.3,11.3,0.1425714405822754,381.2,387.0,1.0000000000000004e-05,6950.7,0.05245078097383045,55,0.0007658360930948158
2026-03-06,2026-04-30,7350.0,6740.02,6.5,9.3,0.1409235078430176,577.9,601.7,1.0000000000000004e-05,6768.1,0.08247991561626684,55,0.0007482355820627294
2026-03-06,2026-04-30,7360.0,6740.02,5.9,8.7,0.1406641110229492,587.2,611.0,1.0000000000000004e-05,6768.2,0.08382476004605664,55,0.000745483769291327
2026-03-06,2026-04-30,7375.0,6740.02,5.1,7.8,0.1400537655639648,501.4,509.7,1.0000000000000004e-05,6875.9,0.07007335815018684,55,0.0007390289132312678
2026-03-06,2026-04-30,7400.0,6740.02,4.0,6.5,0.1391763939666748,625.0,648.8,1.0000000000000004e-05,6768.35,0.08922266529533138,55,0.0007297992291777757
2026-03-06,2026-04-30,7405.0,6740.02,3.8,6.3,0.1391535060119629,629.7,653.6,1.0000000000000004e-05,6768.4,0.0898907255074276,55,0.0007295592310306782
2026-03-06,2026-04-30,7410.0,6740.02,3.6,6.1,0.1391153594207763,634.5,658.3,1.0000000000000004e-05,6768.45,0.09055832985269095,55,0.0007291593218272674
2026-03-06,2026-04-30,7425.0,6740.02,3.1,5.5,0.1388330746459961,648.9,672.7,1.0000000000000004e-05,6768.5,0.09257318804505942,55,0.0007262034011941441
2026-03-06,2026-04-30,7430.0,6740.02,3.0,5.3,0.13868048828125,556.1,575.8,1.0000000000000004e-05,6868.2,0.07862379555931914,55,0.000724608105947284
2026-03-06,2026-04-30,7440.0,6740.02,2.7,5.0,0.1387872987365723,663.3,687.2,1.0000000000000004e-05,6768.6,0.09457657798820784,55,0.000725724628432405
2026-03-06,2026-04-30,7455.0,6740.02,2.35,4.5,0.1385355312347412,677.9,701.7,1.0000000000000004e-05,6768.625,0.09658698384074263,55,0.0007230942002612436
2026-03-06,2026-04-30,7475.0,6740.02,1.9,4.0,0.1387720401000977,697.3,721.1,1.0000000000000004e-05,6768.75,0.09924768750958633,55,0.000725565072595193
2026-03-06,2026-04-30,7500.0,6740.02,1.45,3.5,0.1394052735137939,721.6,745.5,1.0000000000000004e-05,6768.925,0.10256073500035619,55,0.002928385385178254
2026-03-06,2026-04-30,7535.0,6740.02,1.0,2.95,0.1406488523864746,755.9,779.7,1.0000000000000004e-05,6769.175,0.10717961373209034,55,0.0029808643349856917
2026-03-06,2026-04-30,7700.0,6740.02,0.1,1.6,0.1500329138183594,705.8,713.7,1.0000000000000004e-05,6991.1,0.09658241732681454,55,0.0008480877940347257
2026-03-06,2026-04-30,7800.0,6740.02,0.0,1.3,0.1583030947875977,1018.0,1041.8,1.0000000000000004e-05,6770.75,0.14151187004174742,55,0.003776144767296473
2026-03-06,2026-04-30,8000.0,6740.02,0.0,0.95,0.1753927676391601,1216.5,1240.3,1.0000000000000004e-05,6772.075,0.16663400245550797,55,0.004635463730703677
2026-03-06,2026-04-30,8600.0,6740.02,0.1,0.6,0.2280350634765625,1812.7,1836.6,1.0000000000000004e-05,6775.7,0.23841952079773746,55,0.00783561495784053
2026-03-06,2026-04-30,8800.0,6740.02,0.0,0.55,0.2450026672363281,2011.5,2035.4,1.0000000000000004e-05,6776.825,0.2612430182989793,55,0.009045059951809098
2026-03-06,2026-05-15,400.0,6740.02,6311.3,6335.3,1.0000000000000004e-05,0.0,0.5,2.0175830810546875,6723.05,-2.8218326524894306,70,0.7806709704851199
2026-03-06,2026-05-15,1000.0,6740.02,5716.1,5740.1,1.22266013671875,0.05,0.65,1.3876983740234374,6727.75,-1.9062407638352006,70,0.3693136285170149
2026-03-06,2026-05-15,1400.0,6740.02,5321.1,5344.9,1.481569974975586,0.1,1.0,1.1879923413085938,6732.45,-1.5704668823931107,70,0.2706652224946608
2026-03-06,2026-05-15,1800.0,6740.02,4924.6,4948.4,1.3396639462280269,0.4,1.6,1.056645341796875,6735.5,-1.3196053812543667,70,0.21412316844896562
2026-03-06,2026-05-15,2000.0,6740.02,4836.2,4856.4,1.9674989418029785,0.55,2.0,0.9975586181640624,6845.025,-1.2303749304747467,70,0.19084554456750016
2026-03-06,2026-05-15,2200.0,6740.02,4528.4,4552.2,0.79687703125,0.95,2.35,0.946167530517578,6738.65,-1.1194022477619703,70,0.171688519743565
2026-03-06,2026-05-15,2400.0,6740.02,3650.4,3667.0,1.0000000000000004e-05,1.4,2.95,0.901490242919922,6056.525,-0.9256674659088827,70,0.1558573316865408
2026-03-06,2026-05-15,3000.0,6740.02,3735.4,3759.4,0.8303849969482422,3.4,5.0,0.7729514892578125,6743.200000000001,-0.8099223010330258,70,0.11458022008824909
2026-03-06,2026-05-15,3100.0,6740.02,3636.6,3660.6,0.8163165341186523,4.0,5.7,0.7572961282348634,6743.75,-0.7772140385332073,70,0.10998580769524936
2026-03-06,2026-05-15,3200.0,6740.02,3537.9,3561.9,0.8018360881042479,4.5,6.2,0.7378261080932617,6744.55,-0.7455839615424318,70,0.1044030564517355
2026-03-06,2026-05-15,3300.0,6740.02,3483.4,3507.4,1.0506105208969116,5.0,6.6,0.7172574661254882,6789.6,-0.7214695612008956,70,0.09866323038326826
2026-03-06,2026-05-15,3400.0,6740.02,3349.3,3363.1,0.801485139465332,5.4,7.1,0.6966277896118166,6749.95,-0.6857596658274804,70,0.09306936824153747
2026-03-06,2026-05-15,3800.0,6740.02,2302.3,2326.3,1.0000000000000004e-05,8.2,10.2,0.6265601309204102,6105.1,-0.47412342071255703,70,0.07528885434556194
2026-03-06,2026-05-15,3900.0,6740.02,2210.2,2233.7,1.0000000000000004e-05,8.9,11.1,0.6086770089721681,6111.95,-0.4492693180668848,70,0.07105243585641463
2026-03-06,2026-05-15,3975.0,6740.02,2664.3,2677.3,1.0000000000000004e-05,9.6,11.8,0.5959513061523438,6635.1,-0.5123489911543531,70,0.0681124853461039
2026-03-06,2026-05-15,4000.0,6740.02,2976.4,2997.4,1.2393264657402037,10.2,12.1,0.5934641484069825,6975.75,-0.5561454876886583,70,0.06754514707153354
2026-03-06,2026-05-15,4100.0,6740.02,2049.6,2086.8,1.0000000000000004e-05,10.8,13.1,0.574848611907959,6156.25,-0.4064808522279999,70,0.06337415030924796
2026-03-06,2026-05-15,4150.0,6740.02,2829.7,2852.1,1.1806986766052243,11.7,13.6,0.5676923114013672,6978.25,-0.519689834764702,70,0.061806080081358586
2026-03-06,2026-05-15,4200.0,6740.02,2538.1,2562.1,0.5349320188903808,11.9,14.2,0.5582166981506349,6737.049999999999,-0.47253761836271324,70,0.05976003218244874
2026-03-06,2026-05-15,4250.0,6740.02,1820.6,1859.6,1.0000000000000004e-05,12.4,14.7,0.5493972062683106,6076.55,-0.3575181177795052,70,0.057886603610629375
2026-03-06,2026-05-15,4400.0,6740.02,2631.0,2640.5,1.1469502186393736,14.5,16.8,0.5260820097351073,7020.1,-0.4671729220262902,70,0.05307769771968512
2026-03-06,2026-05-15,4500.0,6740.02,2259.6,2283.6,0.574169602584839,15.8,18.2,0.5095263891601562,6754.6,-0.40614635748658445,70,0.04978958873298928
2026-03-06,2026-05-15,4600.0,6740.02,2399.9,2402.9,1.0114375905418396,17.3,19.7,0.4990971111297607,6982.9,-0.4174079997736847,70,0.047772205051137225
2026-03-06,2026-05-15,4650.0,6740.02,2350.4,2353.6,0.9925041948318484,17.9,20.6,0.491238913345337,6982.75,-0.4065756023921915,70,0.04627971753131376
2026-03-06,2026-05-15,4700.0,6740.02,2064.4,2088.4,0.5386818288040162,19.0,21.5,0.483228129196167,6756.15,-0.3628906924697477,70,0.04478262942260252
2026-03-06,2026-05-15,4750.0,6740.02,2016.9,2040.9,0.5336350347900392,19.6,22.5,0.47549200050354,6757.85,-0.352560174083264,70,0.04336023281643861
2026-03-06,2026-05-15,4775.0,6740.02,2229.0,2232.9,0.9493756588363648,20.5,22.9,0.4711509184265136,6984.25,-0.38026364006932595,70,0.04257211823394605
2026-03-06,2026-05-15,4800.0,6740.02,1967.0,1991.0,0.5209093319702148,20.9,23.5,0.4675956561279296,6756.8,-0.34193348728369677,70,0.04193205160021816
2026-03-06,2026-05-15,4900.0,6740.02,2136.4,2142.5,0.9477258187675476,23.0,25.7,0.4520699935150146,7015.1,-0.3588297635037377,70,0.03919372474675773
2026-03-06,2026-05-15,4975.0,6740.02,1403.7,1443.1,1.0000000000000004e-05,24.8,27.5,0.440511576385498,6372.25,-0.2475272548170106,70,0.03721515458924534
2026-03-06,2026-05-15,5000.0,6740.02,1779.7,1794.8,0.5109797742843628,25.3,28.2,0.4369067235183715,6760.5,-0.3016589393825752,70,0.03660855877777838
2026-03-06,2026-05-15,5025.0,6740.02,1986.3,1990.0,0.8638395574188232,25.6,28.7,0.4325847147369385,6986.0,-0.32948269243950085,70,0.0358878561087197
2026-03-06,2026-05-15,5050.0,6740.02,1726.7,1750.5,0.5108615198516847,26.3,29.6,0.4295253581237793,6760.65,-0.2917307959912734,70,0.0353820337780692
2026-03-06,2026-05-15,5100.0,6740.02,1942.0,1947.8,0.8772957674598695,28.2,30.9,0.4216213844299316,7015.35,-0.31886006566576935,70,0.03409183952493931
2026-03-06,2026-05-15,5150.0,6740.02,1656.1,1661.2,0.5012867254638673,29.8,32.5,0.4144269373321533,6777.5,-0.2746115877150387,70,0.032938296019330404
2026-03-06,2026-05-15,5175.0,6740.02,1633.2,1638.2,0.5036632580947877,30.0,33.3,0.4107381619644165,6779.05,-0.269997634989328,70,0.03235454421526988
2026-03-06,2026-05-15,5200.0,6740.02,1817.0,1819.8,0.8053646477890013,30.8,33.9,0.4064314118194581,6986.05,-0.29525667794313193,70,0.03167960130397001
2026-03-06,2026-05-15,5225.0,6740.02,1801.9,1806.8,0.8100509565162657,31.7,35.0,0.4034674216842652,6996.0,-0.29188375930548094,70,0.031219225274625766
2026-03-06,2026-05-15,5250.0,6740.02,1564.8,1569.7,0.4954274090576172,33.2,35.9,0.3998740127944947,6782.7,-0.2561471761647108,70,0.030665605007084984
2026-03-06,2026-05-15,5300.0,6740.02,1493.4,1501.2,0.4455965169906615,34.4,37.8,0.3927558588790893,6761.200000000001,-0.2434935685358096,70,0.029583565829779664
2026-03-06,2026-05-15,5325.0,6740.02,1679.5,1683.6,0.7445132055282593,35.3,38.8,0.3892196698760987,6969.5,-0.2691307745923152,70,0.029053250956964788
2026-03-06,2026-05-15,5350.0,6740.02,1474.2,1479.0,0.4841512767028809,36.3,40.0,0.3861069080352782,6788.45,-0.23812607772579575,70,0.028590405781587377
2026-03-06,2026-05-15,5375.0,6740.02,1157.7,1162.4,1.0000000000000004e-05,36.7,41.0,0.3824219473266601,6496.200000000001,-0.18945881654904415,70,0.02804728275561106
2026-03-06,2026-05-15,5400.0,6740.02,1398.4,1406.1,0.4288654220962525,39.3,42.1,0.3789124609375,6761.55,-0.22485320014255145,70,0.027534864969205125
2026-03-06,2026-05-15,5450.0,6740.02,1345.6,1361.7,0.4259586518478394,41.6,44.4,0.371889673500061,6760.65,-0.21550343060338908,70,0.026523657665530793
2026-03-06,2026-05-15,5475.0,6740.02,1480.3,1484.1,0.6297148540115356,42.1,45.8,0.3688112435913085,6913.25,-0.2332475843561283,70,0.026086359830015688
2026-03-06,2026-05-15,5500.0,6740.02,1297.4,1321.3,0.4292240000534058,44.1,46.9,0.3649965844726562,6763.85,-0.20684416232492797,70,0.02554952182840915
2026-03-06,2026-05-15,5525.0,6740.02,1383.8,1390.9,0.5553442598342896,44.4,48.4,0.361948671836853,6865.95,-0.21729116534475432,70,0.025124599652362554
2026-03-06,2026-05-15,5550.0,6740.02,1516.4,1520.0,0.7352893597793579,45.8,49.9,0.3588015780639648,7020.35,-0.23501514658638792,70,0.024689589231461365
2026-03-06,2026-05-15,5575.0,6740.02,1492.0,1496.6,0.7271813018226623,47.4,51.2,0.3551585786056518,7020.0,-0.2304709006915373,70,0.024190775663022152
2026-03-06,2026-05-15,5600.0,6740.02,1417.0,1420.1,0.6600680966186524,48.6,52.8,0.3520229288101196,6967.85,-0.21854011459690723,70,0.02376550676318854
2026-03-06,2026-05-15,5625.0,6740.02,1410.7,1413.9,0.6725229586410524,51.2,54.1,0.3482197136688232,6984.65,-0.21649393599008285,70,0.023254761175703575
2026-03-06,2026-05-15,5650.0,6740.02,1163.7,1171.2,0.3881439360046386,52.8,55.7,0.3448933309173584,6763.2,-0.1798406056720388,70,0.022812599122709408
2026-03-06,2026-05-15,5675.0,6740.02,1396.7,1401.2,0.6950008374977112,53.4,57.6,0.3420132632827758,7018.45,-0.21247183257005015,70,0.022433191940529677
2026-03-06,2026-05-15,5700.0,6740.02,1117.5,1125.0,0.3804573978805542,56.1,59.1,0.3383168585968017,6763.65,-0.17109651032717096,70,0.021950906237689267
2026-03-06,2026-05-15,5725.0,6740.02,1142.2,1146.5,0.4392565535354614,56.6,61.1,0.3353929223823547,6810.5,-0.17362298946495586,70,0.021573120183266667
2026-03-06,2026-05-15,5750.0,6740.02,1064.9,1088.8,0.3870186115646361,58.5,62.9,0.332015041732788,6766.15,-0.16273238497540288,70,0.021140764809802044
2026-03-06,2026-05-15,5775.0,6740.02,1048.6,1056.1,0.3689180540466308,61.6,64.6,0.3283758569335937,6764.25,-0.15811313432393298,70,0.020679860929263123
2026-03-06,2026-05-15,5800.0,6740.02,1025.7,1033.2,0.3650003991317749,63.6,66.6,0.3251257673645019,6764.35,-0.15380825667512218,70,0.020272530198095707
2026-03-06,2026-05-15,5810.0,6740.02,1268.8,1273.2,0.6522098988342286,64.3,67.4,0.3237944513320922,7015.15,-0.18849152521324394,70,0.02010684731490834
2026-03-06,2026-05-15,5825.0,6740.02,1254.8,1259.1,0.6476094199371338,65.6,68.6,0.3217650526809692,7014.85,-0.18587033112279847,70,0.01985559572294543
2026-03-06,2026-05-15,5840.0,6740.02,1190.0,1193.7,0.5888598548507691,65.7,70.3,0.3204680685806274,6963.85,-0.17600168548862805,70,0.01969584879064613
2026-03-06,2026-05-15,5850.0,6740.02,1034.7,1038.9,0.4234695867729187,67.7,70.7,0.3184501139068603,6817.6,-0.15306584251974542,70,0.019448584255645097
2026-03-06,2026-05-15,5860.0,6740.02,1189.8,1192.8,0.6023389528465273,67.4,72.0,0.3177901778793334,6981.6,-0.17512851327804332,70,0.019368059728658862
2026-03-06,2026-05-15,5870.0,6740.02,955.6,979.4,0.3673998197174073,69.5,72.5,0.3158981069564818,6766.5,-0.14212933269441821,70,0.019138117749337578
2026-03-06,2026-05-15,5875.0,6740.02,1176.4,1179.3,0.5984975911140442,68.8,73.4,0.3159209949111938,6981.75,-0.1725935416523492,70,0.01914089110081506
2026-03-06,2026-05-15,5890.0,6740.02,937.5,961.4,0.3642527259445191,71.3,74.3,0.3132698068237304,6766.65,-0.13875013665891603,70,0.01882098090607237
2026-03-06,2026-05-15,5900.0,6740.02,928.5,952.4,0.3626543837738036,70.7,75.6,0.3125145043182372,6767.3,-0.13714983814723372,70,0.01873033446205245
2026-03-06,2026-05-15,5920.0,6740.02,915.1,924.4,0.3464878584289549,72.9,77.5,0.3099052774810791,6764.55,-0.13335929166735383,70,0.018418875810256776
2026-03-06,2026-05-15,5925.0,6740.02,1026.3,1032.3,0.4783949560928345,74.5,77.6,0.3087074745178222,6878.25,-0.1491835721038314,70,0.01827677078800556
2026-03-06,2026-05-15,5950.0,6740.02,890.3,897.7,0.3421677569770812,77.0,80.1,0.3055012535285949,6765.45,-0.12843755869993914,70,0.017899098941172597
2026-03-06,2026-05-15,5970.0,6740.02,1087.9,1091.0,0.5705399544334413,79.0,82.2,0.3029835785102844,6978.85,-0.15613721934894473,70,0.01760529703913106
2026-03-06,2026-05-15,5975.0,6740.02,929.3,933.1,0.4070856258583069,79.6,82.7,0.3023064765167237,6825.05,-0.1330155692339401,70,0.017526696991991643
2026-03-06,2026-05-15,5980.0,6740.02,857.1,880.9,0.3499630128860473,78.8,83.5,0.3020337283897399,6767.85,-0.1237628909752089,70,0.01749508524917946
2026-03-06,2026-05-15,5990.0,6740.02,1100.6,1104.7,0.5967752725219727,79.8,84.6,0.3007863348579407,7010.45,-0.15731048086735275,70,0.017350874922216784
2026-03-06,2026-05-15,6000.0,6740.02,839.3,863.2,0.3468464363861083,80.6,85.6,0.2993844476318359,6768.15,-0.12046831595083612,70,0.017189515955801
2026-03-06,2026-05-15,6020.0,6740.02,821.7,845.6,0.3437832651138305,83.1,87.7,0.2966531517028808,6768.25,-0.11715530083526056,70,0.016877305394705944
2026-03-06,2026-05-15,6025.0,6740.02,823.9,831.2,0.3309812691116333,83.6,88.3,0.2960542502212525,6766.6,-0.11608126573763111,70,0.01680922831557468
2026-03-06,2026-05-15,6050.0,6740.02,795.4,819.2,0.339054995136261,86.1,91.1,0.2927240528106688,6768.7,-0.11225077280885709,70,0.016433194456365003
2026-03-06,2026-05-15,6075.0,6740.02,773.5,797.4,0.335225077381134,90.8,94.1,0.2895082951736449,6768.0,-0.10802363307730999,70,0.016074119748505537
2026-03-06,2026-05-15,6090.0,6740.02,763.4,772.9,0.3197108587455748,91.3,96.3,0.2880072268104552,6764.35,-0.10501809250569022,70,0.01590786681822857
2026-03-06,2026-05-15,6100.0,6740.02,758.3,765.6,0.319846279144287,92.1,97.1,0.2861533024787902,6767.35,-0.1038208063233771,70,0.01570372568867468
2026-03-06,2026-05-15,6125.0,6740.02,736.7,744.0,0.3161956503677367,97.2,100.4,0.2830195600128173,6766.55,-0.09961259942089666,70,0.017215151222327956
2026-03-06,2026-05-15,6150.0,6740.02,909.4,895.7,0.4907163050460815,100.5,103.8,0.2798514856147766,6950.4,-0.12234713005894325,70,0.015019670630289932
2026-03-06,2026-05-15,6175.0,6740.02,870.5,873.0,0.4837640888023377,102.4,107.5,0.2768741441726684,6941.8,-0.11705222436936386,70,0.014701781972039262
2026-03-06,2026-05-15,6190.0,6740.02,674.7,698.5,0.3176070742416382,104.5,109.7,0.2749858879089356,6769.5,-0.08949214225652381,70,0.016836746106388627
2026-03-06,2026-05-15,6200.0,6740.02,672.5,679.7,0.3050167918205261,105.5,111.1,0.2736183326148987,6767.8,-0.0876267789888189,70,0.01605294692200546
2026-03-06,2026-05-15,6220.0,6740.02,649.3,673.2,0.3131019618225097,110.5,113.9,0.2708088361740112,6769.05,-0.08459084536355448,70,0.016347005069305046
2026-03-06,2026-05-15,6225.0,6740.02,647.0,656.0,0.2986119791603088,109.7,114.9,0.2704235556030273,6764.2,-0.08307055655120835,70,0.015524726566875138
2026-03-06,2026-05-15,6250.0,6740.02,630.5,637.6,0.2976964609718321,113.2,118.8,0.2671734660339356,6768.05,-0.07963154623517893,70,0.015298261924989794
2026-03-06,2026-05-15,6260.0,6740.02,615.8,639.7,0.3070290245056152,114.9,120.5,0.2659756630706786,6770.05,-0.0783282873092759,70,0.01574205893075919
2026-03-06,2026-05-15,6275.0,6740.02,607.7,614.3,0.2914995472335814,117.5,122.8,0.2638585272598266,6765.85,-0.07531441542302951,70,0.014787384495446438
2026-03-06,2026-05-15,6280.0,6740.02,605.7,612.9,0.2935995170783996,118.3,123.6,0.2631757032775879,6768.35,-0.07488735443468539,70,0.014862948780939786
2026-03-06,2026-05-15,6300.0,6740.02,589.2,596.4,0.2907060981369017,123.3,126.8,0.2603738361549377,6767.75,-0.0716190496899117,70,0.014560436012696475
2026-03-06,2026-05-15,6310.0,6740.02,580.5,590.0,0.291081842060089,125.0,128.5,0.2590348908042908,6768.5,-0.07014382009058204,70,0.014509581770148333
2026-03-06,2026-05-15,6320.0,6740.02,572.8,579.9,0.2877096833992003,124.8,130.5,0.2579782302284241,6768.7,-0.06858983669284108,70,0.014276897901060872
2026-03-06,2026-05-15,6325.0,6740.02,568.3,577.6,0.2887644366455077,125.9,131.4,0.2573354601669311,6769.3,-0.06788764962351487,70,0.014298463569108867
2026-03-06,2026-05-15,6330.0,6740.02,564.1,573.6,0.2881121299362181,126.8,132.3,0.2566831534576416,6769.3,-0.067097448081014,70,0.014230228120940895
2026-03-06,2026-05-15,6350.0,6740.02,548.0,557.4,0.2852377842903136,130.6,135.7,0.2538011784934997,6769.55,-0.06397980209102357,70,0.01393110290269414
2026-03-06,2026-05-15,6360.0,6740.02,540.4,547.5,0.2819991386985778,132.3,137.6,0.2525175457000732,6769.0,-0.06232498817443979,70,0.013698332885641706
2026-03-06,2026-05-15,6370.0,6740.02,532.3,539.4,0.2805037923240661,135.9,139.4,0.2511023071670532,6768.2,-0.06063570311065626,70,0.013549556952829674
2026-03-06,2026-05-15,6375.0,6740.02,528.3,535.4,0.2797923583984374,136.9,140.4,0.2504824250602722,6768.2,-0.05985108165023837,70,0.013481776861679928
2026-03-06,2026-05-15,6380.0,6740.02,524.3,531.4,0.2790771098136901,137.8,141.3,0.2497557324981689,6768.3,-0.05908185020597961,70,0.013408556340777237
2026-03-06,2026-05-15,6390.0,6740.02,515.6,525.2,0.2793517652702331,139.7,143.3,0.2484778216934204,6768.9,-0.0576043237969962,70,0.01335772952136676
2026-03-06,2026-05-15,6400.0,6740.02,508.3,515.4,0.2761379149627685,139.9,145.3,0.2471674862861633,6769.25,-0.05609230755609904,70,0.013129724663247522
2026-03-06,2026-05-15,6410.0,6740.02,695.9,698.8,0.4509408544158936,141.9,147.6,0.2461146403694153,6962.6,-0.08269369687477339,70,0.023295921504607825
2026-03-06,2026-05-15,6420.0,6740.02,712.6,716.1,0.4715609942817688,143.9,149.4,0.2445430008125305,6987.7,-0.08473334290998105,70,0.024586537825548725
2026-03-06,2026-05-15,6425.0,6740.02,708.3,711.7,0.4700866285324097,144.9,150.4,0.2438411035346984,6987.35,-0.08390474056432898,70,0.02443732634453007
2026-03-06,2026-05-15,6430.0,6740.02,484.0,493.4,0.2733970823860168,147.8,151.4,0.2431315769386291,6769.1,-0.05139360039872515,70,0.012791869803602826
2026-03-06,2026-05-15,6440.0,6740.02,476.8,483.8,0.2702900425338745,148.0,153.4,0.2416896357917785,6769.6,-0.04991346086740383,70,0.012567550254308722
2026-03-06,2026-05-15,6450.0,6740.02,467.4,471.0,0.2641789586257934,150.1,155.5,0.2403087291908264,6766.4,-0.04788905692840591,70,0.012202430069245991
2026-03-06,2026-05-15,6460.0,6740.02,677.9,681.3,0.4600369090843201,152.3,157.8,0.2390823162841796,6984.55,-0.07807124907390357,70,0.023434067390129844
2026-03-06,2026-05-15,6470.0,6740.02,456.1,459.8,0.2653128660488129,156.2,160.0,0.2377242976379394,6769.85,-0.04530282159279732,70,0.012132361070891008
2026-03-06,2026-05-15,6475.0,6740.02,449.6,456.6,0.2651955652809143,155.4,161.0,0.2369403851890563,6769.9,-0.044537708180744595,70,0.012088928693703187
2026-03-06,2026-05-15,6490.0,6740.02,438.1,445.1,0.2630364682197571,158.9,164.4,0.2349052645492553,6769.95,-0.042231170656539634,70,0.011887820442678398
2026-03-06,2026-05-15,6495.0,6740.02,434.2,441.2,0.2622392044639587,162.0,165.6,0.2342701238059997,6768.9,-0.04130594206387678,70,0.011819524598723269
2026-03-06,2026-05-15,6500.0,6740.02,433.1,436.8,0.2609784596252441,163.1,166.8,0.2336254464149474,6770.0,-0.04069891002259221,70,0.011728980596517134
2026-03-06,2026-05-15,6510.0,6740.02,425.5,429.4,0.2597100854682923,165.3,169.1,0.2322178372001647,6770.25,-0.039198557643759076,70,0.011602407997988519
2026-03-06,2026-05-15,6520.0,6740.02,417.9,421.8,0.2582261830711365,167.7,171.5,0.2308636332130432,6770.25,-0.037663637925675314,70,0.011468917388700331
2026-03-06,2026-05-15,6525.0,6740.02,411.4,418.3,0.2577417213630676,168.8,172.7,0.2301712725830078,6769.1,-0.03672718543949597,70,0.011413791970068225
2026-03-06,2026-05-15,6530.0,6740.02,407.7,414.7,0.2571571248531341,170.0,173.9,0.2294703289699554,6769.25,-0.035983354633385624,70,0.011353725696578092
2026-03-06,2026-05-15,6535.0,6740.02,404.0,411.0,0.2564733472061157,171.3,175.1,0.2287598487091064,6769.3,-0.03522533716091362,70,0.011288758773470561
2026-03-06,2026-05-15,6540.0,6740.02,400.2,407.2,0.255691342086792,172.5,176.4,0.2281304299545288,6769.25,-0.03445313245261798,70,0.01122318184731799
2026-03-06,2026-05-15,6545.0,6740.02,396.5,403.5,0.2549913521385193,173.7,177.6,0.2273999227333069,6769.35,-0.033703671136051896,70,0.011156913661008632
2026-03-06,2026-05-15,6550.0,6740.02,395.5,399.4,0.253925154914856,175.0,178.8,0.2266598788642883,6770.55,-0.03311727474526513,70,0.011073519334571978
2026-03-06,2026-05-15,6555.0,6740.02,389.1,396.0,0.2534731178092957,176.2,180.1,0.2259999428367614,6769.4,-0.032184339488511696,70,0.011022335008199198
2026-03-06,2026-05-15,6560.0,6740.02,385.4,392.0,0.2524793991088867,177.5,181.3,0.2252398720073699,6769.3,-0.03140708128110112,70,0.010941848725828303
2026-03-06,2026-05-15,6565.0,6740.02,381.7,388.6,0.2520082887077332,178.7,182.6,0.2245599090194701,6769.5,-0.030674721198268976,70,0.010889183079415636
2026-03-06,2026-05-15,6570.0,6740.02,378.0,384.5,0.2509077595520019,180.0,183.9,0.223869455718994,6769.3,-0.0298838517405797,70,0.010807491979338158
2026-03-06,2026-05-15,6575.0,6740.02,377.0,380.8,0.2501543643760681,181.3,185.2,0.2231694657707214,6770.65,-0.029322516068354867,70,0.010741425597902655
2026-03-06,2026-05-15,6580.0,6740.02,370.7,377.2,0.2494782160472869,182.6,186.5,0.2224580318450927,6769.4,-0.02837771136694908,70,0.010678539414542212
2026-03-06,2026-05-15,6585.0,6740.02,369.7,373.6,0.2487925310707092,181.4,187.9,0.2218247984313964,6772.0,-0.028002129075644505,70,0.010618936272560643
2026-03-06,2026-05-15,6590.0,6740.02,363.5,369.9,0.2480105259513854,185.2,189.2,0.2210923838806152,6769.5,-0.026873880438612625,70,0.010550703973218839
2026-03-06,2026-05-15,6595.0,6740.02,359.7,366.6,0.2475699328231811,184.0,190.6,0.2204381698417663,6770.85,-0.026314846788000643,70,0.010501514309043202
2026-03-06,2026-05-15,6600.0,6740.02,358.8,362.7,0.2465924264240265,185.6,191.6,0.2194215631866455,6772.15,-0.02574896502273403,70,0.010412214175273892
2026-03-06,2026-05-15,6605.0,6740.02,352.4,359.2,0.2459563320159912,186.7,193.2,0.218921842842102,6770.85,-0.024799694982989968,70,0.010361520700107832
2026-03-06,2026-05-15,6610.0,6740.02,351.6,355.5,0.2451361803054809,188.4,194.4,0.2180597298812865,6772.15,-0.024234960191519023,70,0.010286665469152297
2026-03-06,2026-05-15,6615.0,6740.02,345.2,352.0,0.2444800589370728,191.9,195.9,0.2174493844223022,6769.7,-0.02311697522917473,70,0.010230490921206262
2026-03-06,2026-05-15,6620.0,6740.02,344.4,348.4,0.2437266637611389,193.4,197.3,0.2167417651557922,6771.05,-0.022560800960940684,70,0.010165878206880736
2026-03-06,2026-05-15,6625.0,6740.02,338.3,344.6,0.2427901649475097,194.7,198.7,0.2160227019119262,6769.75,-0.021613786748195144,70,0.010092909092948089
2026-03-06,2026-05-15,6630.0,6740.02,337.3,341.2,0.2421912634658813,194.0,199.9,0.2151167203712463,6772.3,-0.02123595915096586,70,0.010026809209371572
2026-03-06,2026-05-15,6635.0,6740.02,333.7,337.8,0.2415809180068969,197.6,201.5,0.2145483361625671,6771.2,-0.020319656017562995,70,0.00997518681893384
2026-03-06,2026-05-15,6640.0,6740.02,330.2,334.2,0.2407874689102173,197.0,202.8,0.2137091111564636,6772.3,-0.019728799860394542,70,0.009903904034562755
2026-03-06,2026-05-15,6650.0,6740.02,320.5,326.9,0.239084223613739,199.8,205.6,0.212167988872528,6771.0,-0.018031931835745557,70,0.009763013115864777
2026-03-06,2026-05-15,6655.0,6740.02,316.9,323.6,0.2385196540641784,203.3,207.3,0.2116396585845947,6769.95,-0.01712524952546326,70,0.009715779776376101
2026-03-06,2026-05-15,6660.0,6740.02,313.6,319.9,0.2376003212165832,204.8,208.8,0.2109263173294067,6769.95,-0.01637421682024052,70,0.009645431632859969
2026-03-06,2026-05-15,6665.0,6740.02,309.9,316.7,0.2370986935424804,206.3,210.3,0.2102015320968627,6770.0,-0.01563113329351161,70,0.009592756458897608
2026-03-06,2026-05-15,6670.0,6740.02,306.6,312.9,0.2360725502395629,207.9,211.8,0.2094633955574035,6769.9,-0.01486645583881375,70,0.00951723255466015
2026-03-06,2026-05-15,6675.0,6740.02,305.7,309.7,0.2355499419403076,207.3,213.4,0.2088015522003173,6772.35,-0.014478942051279258,70,0.009466696934349594
2026-03-06,2026-05-15,6680.0,6740.02,299.7,306.0,0.2345867405128479,210.8,214.9,0.2080386203765868,6770.0,-0.01338309937562931,70,0.009393290895325453
2026-03-06,2026-05-15,6685.0,6740.02,296.1,302.9,0.2341289814186096,209.7,216.4,0.2072661519050598,6771.45,-0.012849033643765806,70,0.0093411482606352
2026-03-06,2026-05-15,6690.0,6740.02,292.7,299.1,0.2330589695358276,213.9,218.0,0.2065642546272277,6769.95,-0.011879827232401195,70,0.009266301743593424
2026-03-06,2026-05-15,6695.0,6740.02,289.3,296.0,0.232576415157318,215.5,219.5,0.2057660372066497,6770.15,-0.011162264108711233,70,0.009212388621994529
2026-03-06,2026-05-15,6700.0,6740.02,288.7,292.6,0.2318268346405029,215.0,220.8,0.2047837624835967,6772.75,-0.010799681889290588,70,0.009139737634571505
2026-03-06,2026-05-15,6705.0,6740.02,285.3,289.3,0.2311516399765014,215.9,222.6,0.2042163319396972,6773.05,-0.010097985724939766,70,0.00908778696433539
2026-03-06,2026-05-15,6710.0,6740.02,281.9,286.0,0.230465001335144,218.0,224.1,0.203379014263153,6772.9,-0.009330404634052446,70,0.009024276774610873
2026-03-06,2026-05-15,6715.0,6740.02,278.6,282.5,0.2295952590560913,219.1,225.8,0.2027000049400329,6773.1,-0.008615054654698811,70,0.00895996141722158
2026-03-06,2026-05-15,6720.0,6740.02,272.6,279.2,0.2288857324600219,221.3,227.3,0.2018378919792175,6771.6,-0.007649241245899583,70,0.008894930716099482
2026-03-06,2026-05-15,6725.0,6740.02,271.9,276.0,0.228248684387207,223.1,229.1,0.2012161025428772,6772.85,-0.007090047740429807,70,0.008843013852673411
2026-03-06,2026-05-15,6730.0,6740.02,265.8,272.5,0.2273446101760864,224.6,230.7,0.2004121631336211,6771.5,-0.006147484456652584,70,0.00877281506702964
2026-03-06,2026-05-15,6735.0,6740.02,265.3,269.4,0.2267685966491698,225.7,232.4,0.1996787949180603,6773.3,-0.005670602907892258,70,0.008719189345352475
2026-03-06,2026-05-15,6740.0,6740.02,259.4,266.0,0.2259255569839477,228.1,234.1,0.1989330290603637,6771.6,-0.004677470856742082,70,0.0086543405955411
2026-03-06,2026-05-15,6745.0,6740.02,258.7,262.8,0.2252408256721496,231.7,235.8,0.1981720045661926,6772.0,-0.003994974611169632,70,0.008595540915569192
2026-03-06,2026-05-15,6750.0,6740.02,255.5,259.6,0.2245446503829955,230.8,237.5,0.1973976287651062,6773.4,-0.0034606716289806803,70,0.008535938414581244
2026-03-06,2026-05-15,6755.0,6740.02,252.2,256.3,0.2237492939567565,232.5,239.2,0.1966099016571044,6773.4,-0.0027202051012570295,70,0.008472006666848804
2026-03-06,2026-05-15,6760.0,6740.02,249.0,253.0,0.2229424935531616,234.8,241.0,0.1958927457427978,6773.1,-0.001935994575026917,70,0.008410689751594006
2026-03-06,2026-05-15,6765.0,6740.02,245.8,249.9,0.2222940015029906,236.0,242.6,0.1949905788612365,6773.55,-0.0012630600967853353,70,0.008348527034713999
2026-03-06,2026-05-15,6770.0,6740.02,242.6,246.6,0.2214614521503448,240.4,244.5,0.1943287355041504,6772.15,-0.0003175271309302526,70,0.008288838089372069
2026-03-06,2026-05-15,6775.0,6740.02,239.4,243.4,0.2207013813209533,242.2,246.3,0.1935667573451995,6772.15,0.00042075271065058264,70,0.00822826462327008
2026-03-06,2026-05-15,6780.0,6740.02,236.2,240.2,0.2199289128494262,242.0,248.3,0.1929592728805542,6773.05,0.0010255994937227093,70,0.008173538201423039
2026-03-06,2026-05-15,6785.0,6740.02,233.1,237.2,0.2193128454017639,245.4,249.9,0.1919979787826538,6772.5,0.0018439983097193638,70,0.008111206566019552
2026-03-06,2026-05-15,6790.0,6740.02,229.9,233.9,0.2184278444862365,244.9,251.6,0.1911072558784484,6773.65,0.00241085665276859,70,0.008041321842568408
2026-03-06,2026-05-15,6795.0,6740.02,224.8,230.7,0.2176162757587432,249.4,253.5,0.1903691193389892,6771.3,0.003493955479423488,70,0.007980579303365544
2026-03-06,2026-05-15,6800.0,6740.02,221.0,227.1,0.2164499437332153,248.6,255.3,0.1895318016624451,6772.1,0.004111381333842959,70,0.007902385227133888
2026-03-06,2026-05-15,6805.0,6740.02,218.6,224.5,0.2161209293842315,250.5,257.2,0.1887631478500366,6772.7,0.004757810370031429,70,0.007859711040992558
2026-03-06,2026-05-15,6810.0,6740.02,214.9,221.4,0.2153532292366028,255.0,259.1,0.1879773280715942,6771.1,0.005728564899743273,70,0.007799512117875243
2026-03-06,2026-05-15,6815.0,6740.02,211.7,218.4,0.214656100282669,257.0,261.0,0.1871762496566772,6771.05,0.006469894238638519,70,0.0077416757685235624
2026-03-06,2026-05-15,6820.0,6740.02,211.4,215.4,0.21394562002182,258.8,262.9,0.1863599126052856,6772.55,0.006981794107429864,70,0.007682956412075991
2026-03-06,2026-05-15,6825.0,6740.02,205.8,211.9,0.212793592967987,260.6,264.8,0.1855245022583007,6771.15,0.007921401512054088,70,0.007606857088307438
2026-03-06,2026-05-15,6830.0,6740.02,202.6,208.8,0.2119696265983581,262.7,266.8,0.1847596631050109,6770.95,0.008683271540069442,70,0.007546293870957382
2026-03-06,2026-05-15,6835.0,6740.02,199.7,206.3,0.2116434732437133,264.5,268.7,0.1838918281555175,6771.4,0.009348609948379922,70,0.007500939880622344
2026-03-06,2026-05-15,6840.0,6740.02,196.7,202.9,0.2105334074401855,264.0,270.8,0.1831784869003295,6772.4,0.009932202362519467,70,0.007431941028879301
2026-03-06,2026-05-15,6845.0,6740.02,193.7,200.3,0.2100928143119811,266.0,272.8,0.1823602425193786,6772.6,0.01063339827614845,70,0.00738449186790376
2026-03-06,2026-05-15,6850.0,6740.02,190.8,197.2,0.2092097207260131,270.6,274.7,0.1814409096717834,6771.35,0.011548176071263506,70,0.007316817843913495
2026-03-06,2026-05-15,6855.0,6740.02,187.9,194.5,0.2086546878242492,270.1,276.8,0.1806741631889343,6772.75,0.01207110472806685,70,0.007267388216566571
2026-03-06,2026-05-15,6860.0,6740.02,187.6,191.7,0.207998566455841,274.7,278.8,0.1798025135803223,6772.9,0.012778086120150876,70,0.007210463998222625
2026-03-06,2026-05-15,6865.0,6740.02,182.1,188.7,0.2071555267906188,274.2,280.9,0.1789995278358459,6772.85,0.013514065991601805,70,0.00714938413352723
2026-03-06,2026-05-15,6870.0,6740.02,179.2,185.4,0.206039738998413,278.9,282.9,0.1780916389656067,6771.4,0.014456246006724993,70,0.007074646635313396
2026-03-06,2026-05-15,6875.0,6740.02,178.9,183.0,0.2056830683708191,278.4,285.2,0.1774240736198425,6774.15,0.014777745912404603,70,0.007036969696642264
2026-03-06,2026-05-15,6880.0,6740.02,173.5,180.1,0.204879128961563,283.1,287.1,0.1763903009986877,6771.7,0.015866488714706813,70,0.006969620873667819
2026-03-06,2026-05-15,6885.0,6740.02,173.3,177.3,0.2041457607460021,282.7,289.4,0.1756864963912963,6774.25,0.016216472649684392,70,0.006917176746123996
2026-03-06,2026-05-15,6890.0,6740.02,168.0,174.0,0.2029632164192199,284.8,291.6,0.1748739739990234,6772.8,0.017156494241044935,70,0.006844702720836047
2026-03-06,2026-05-15,6895.0,6740.02,167.7,171.7,0.2026322947406768,289.4,293.6,0.1738669039916992,6773.2,0.017822862436216776,70,0.006796311825498959
2026-03-06,2026-05-15,6900.0,6740.02,162.4,168.8,0.2017635061264038,289.2,296.0,0.1731917093276977,6773.0,0.01857729137044707,70,0.006740684213517956
2026-03-06,2026-05-15,6905.0,6740.02,159.7,166.2,0.2011398093605041,293.9,298.0,0.1721417244052887,6772.0,0.01944932259036664,70,0.006680641946258895
2026-03-06,2026-05-15,6910.0,6740.02,156.9,163.0,0.1999763383293152,293.7,300.4,0.1714255221557617,6772.9,0.02004028216193573,70,0.00661353009453723
2026-03-06,2026-05-15,6915.0,6740.02,154.3,160.7,0.1995815211105346,295.9,302.7,0.1705996484565735,6773.2,0.020719316307673173,70,0.006570128000784276
2026-03-06,2026-05-15,6920.0,6740.02,151.6,157.7,0.1985563314723968,298.3,304.9,0.169661242313385,6773.05,0.02146426717099653,70,0.006500611448717901
2026-03-06,2026-05-15,6925.0,6740.02,148.9,155.2,0.1979526616668701,300.6,307.2,0.1687915000343323,6773.15,0.02217178532668051,70,0.006448691513653587
2026-03-06,2026-05-15,6930.0,6740.02,148.8,152.7,0.1973327795600891,305.2,309.4,0.1678092253112793,6773.45,0.022849254898530163,70,0.006392471137331348
2026-03-06,2026-05-15,6935.0,6740.02,143.7,150.1,0.1966079943275451,305.2,311.9,0.1670749034309387,6773.35,0.02358525909772944,70,0.006341484594890784
2026-03-06,2026-05-15,6940.0,6740.02,143.5,147.5,0.1958660431289673,310.0,314.0,0.1659553009796142,6773.5,0.02428383448005915,70,0.006276731475121806
2026-03-06,2026-05-15,6945.0,6740.02,138.5,144.9,0.1951050186347961,309.9,316.7,0.1653583068275452,6773.4,0.025018799692887984,70,0.00622970317139444
2026-03-06,2026-05-15,6950.0,6740.02,138.4,142.3,0.1943258745098114,312.3,319.2,0.1645553210830688,6774.6,0.025561335144306297,70,0.00617513690309059
2026-03-06,2026-05-15,6955.0,6740.02,133.5,139.8,0.1936173015785217,314.8,321.5,0.163544436416626,6773.5,0.026442885336752108,70,0.006116106504205492
2026-03-06,2026-05-15,6960.0,6740.02,131.0,137.0,0.1926216755485534,317.2,323.9,0.1626003082847595,6773.45,0.02716891604304642,70,0.006049853456091238
2026-03-06,2026-05-15,6965.0,6740.02,128.5,134.8,0.1921467504882812,319.5,326.4,0.1617248440170288,6773.7,0.027850140796514218,70,0.006003943409480233
2026-03-06,2026-05-15,6970.0,6740.02,126.8,132.2,0.1912922668457031,322.2,328.9,0.1608226771354675,6773.95,0.02853085156736484,70,0.005944483126192057
2026-03-06,2026-05-15,6975.0,6740.02,123.6,129.8,0.1905999062156677,324.7,331.5,0.159989174118042,6773.6,0.02929962436149885,70,0.005893074813319551
2026-03-06,2026-05-15,6980.0,6740.02,123.6,127.4,0.1898903796195984,327.3,334.0,0.1590355093383789,6774.85,0.029831690475017065,70,0.005837294054080841
2026-03-06,2026-05-15,6985.0,6740.02,118.8,125.1,0.1892514242172241,329.6,336.6,0.1581505084228515,6773.85,0.030695382048329896,70,0.00578641588776998
2026-03-06,2026-05-15,6990.0,6740.02,118.8,122.6,0.1884083845520019,332.4,339.1,0.1571396237564087,6774.95,0.031248569580987862,70,0.005724821796721683
2026-03-06,2026-05-15,6995.0,6740.02,114.1,120.3,0.1877312825584411,334.8,341.9,0.1563919505691528,6773.85,0.0321259974568492,70,0.00567770956881725
2026-03-06,2026-05-15,7000.0,6740.02,112.5,117.7,0.1867547298240661,340.0,344.0,0.1549347507858276,6773.1,0.03295126442541366,70,0.005597684302165838
2026-03-06,2026-05-15,7005.0,6740.02,111.8,115.6,0.1862225848770141,342.8,346.7,0.154030676574707,6773.95,0.0335398065839026,70,0.005550725845888581
2026-03-06,2026-05-15,7010.0,6740.02,107.2,113.1,0.1852975300407409,345.5,349.4,0.1530960850906372,6772.7,0.03443787531310072,70,0.005490216926930019
2026-03-06,2026-05-15,7015.0,6740.02,107.3,111.0,0.1847253311729431,345.5,352.6,0.1526287893486023,6775.1,0.03479658674998812,70,0.005456538482397654
2026-03-06,2026-05-15,7020.0,6740.02,103.4,108.6,0.1838517742347717,350.9,354.8,0.1511334429740906,6773.15,0.035796951290998046,70,0.005380175823556717
2026-03-06,2026-05-15,7025.0,6740.02,100.6,106.4,0.1831441549682617,350.9,358.0,0.1506108346748352,6774.05,0.036376079688198844,70,0.0053407311765866165
2026-03-06,2026-05-15,7030.0,6740.02,98.4,104.2,0.1824155550765991,356.4,360.3,0.1491440982437133,6772.95,0.03724996787011959,70,0.005270702917597262
2026-03-06,2026-05-15,7035.0,6740.02,96.3,102.3,0.1819539813232422,356.6,363.7,0.1487683543205261,6774.15,0.037783792926121856,70,0.0052441153633951045
2026-03-06,2026-05-15,7040.0,6740.02,96.4,100.1,0.1811834201812744,362.1,366.4,0.1476411225509643,6774.0,0.03851641577437116,70,0.005184103146037405
2026-03-06,2026-05-15,7045.0,6740.02,94.3,98.0,0.180485337562561,364.9,368.8,0.1461610348129272,6774.3,0.039182104956074874,70,0.0051156504664552245
2026-03-06,2026-05-15,7050.0,6740.02,92.3,95.9,0.1797681816482544,365.1,372.3,0.1458043641853332,6775.4,0.039729211210833865,70,0.005082071083588662
2026-03-06,2026-05-15,7055.0,6740.02,90.2,93.8,0.1790262304496765,368.1,375.2,0.1447801282119751,6775.35,0.04044555935676607,70,0.005027081543616624
2026-03-06,2026-05-15,7060.0,6740.02,88.2,91.8,0.178362479763031,371.1,378.3,0.1439351812171936,6775.3,0.04116140527693159,70,0.004980345725433332
2026-03-06,2026-05-15,7065.0,6740.02,83.9,91.2,0.1790681916999817,374.0,381.1,0.1427259342765807,6775.0,0.041913649370726246,70,0.004964796004048891
2026-03-06,2026-05-15,7070.0,6740.02,82.5,88.2,0.1773668537330627,376.9,384.1,0.1416940689849853,6774.85,0.04264325360921727,70,0.004880815800272913
2026-03-06,2026-05-15,7075.0,6740.02,80.7,86.2,0.1766344391822815,379.3,389.5,0.1433191137695312,6774.05,0.043468307997690546,70,0.004908163920037116
2026-03-06,2026-05-15,7080.0,6740.02,80.3,83.9,0.1755758712768554,380.4,384.1,0.1325121844863891,6779.85,0.04331892989186633,70,0.004550875004985152
2026-03-06,2026-05-15,7085.0,6740.02,76.2,83.4,0.1763292664527893,386.1,393.2,0.1384649600410461,6775.15,0.04471836640056806,70,0.004751149556417567
2026-03-06,2026-05-15,7090.0,6740.02,76.6,80.1,0.174193057346344,389.1,396.2,0.137259527759552,6775.7,0.045342658082311575,70,0.0046508149957809435
2026-03-06,2026-05-15,7100.0,6740.02,72.9,76.4,0.1728178727340698,394.8,404.3,0.1372404544639587,6775.1,0.0468406572428335,70,0.004609268245574506
2026-03-06,2026-05-15,7110.0,6740.02,67.4,72.9,0.1715571278953552,401.1,411.4,0.1359110457611084,6773.9,0.048425251855076415,70,0.004532580443023896
2026-03-06,2026-05-15,7120.0,6740.02,64.0,69.4,0.1701972019195557,408.1,417.0,0.1325121844863891,6774.15,0.04979382778365388,70,0.004393361700875652
2026-03-06,2026-05-15,7125.0,6740.02,62.3,67.7,0.1695334512329102,410.9,421.2,0.132535072441101,6773.95,0.050525352949646475,70,0.004374779116179291
2026-03-06,2026-05-15,7130.0,6740.02,61.1,65.9,0.1687323728179932,414.9,422.1,0.1281100678634643,6775.0,0.05107186766043993,70,0.0042247126173155635
2026-03-06,2026-05-15,7140.0,6740.02,57.5,62.7,0.1674964232635498,416.8,423.5,0.1176846044921875,6779.95,0.05174304905764999,70,0.0038992981516625357
2026-03-06,2026-05-15,7150.0,6740.02,54.4,59.5,0.1661536632537842,428.4,435.6,0.1228420236206054,6774.95,0.0538803700411853,70,0.004004311980986313
2026-03-06,2026-05-15,7160.0,6740.02,51.8,56.6,0.1650550414276123,426.5,450.4,0.1318560631179809,6775.75,0.055159919226693936,70,0.004226667315187597
2026-03-06,2026-05-15,7170.0,6740.02,49.1,53.5,0.1636111929512024,269.5,271.3,1.0000000000000004e-05,6950.9,0.03103450701588599,70,0.0012835839964343992
2026-03-06,2026-05-15,7175.0,6740.02,48.9,52.2,0.1631477118682861,445.9,453.1,0.1153996236801147,6776.05,0.05720842533850441,70,0.0037200022396424236
2026-03-06,2026-05-15,7180.0,6740.02,45.9,50.8,0.1625373664093017,443.8,452.4,0.1053479969024658,6780.25,0.05728540863128452,70,0.0034406710625804354
2026-03-06,2026-05-15,7190.0,6740.02,44.9,48.1,0.1613567294120788,456.7,463.9,0.1101697260284423,6776.2,0.059274698880182,70,0.0035348377536209116
2026-03-06,2026-05-15,7200.0,6740.02,42.3,45.5,0.1601913510513306,464.0,471.3,0.1063588815689087,6776.25,0.060657174429598774,70,0.0034064601751323687
2026-03-06,2026-05-15,7220.0,6740.02,37.5,40.7,0.1580475126266479,359.6,362.3,1.0000000000000004e-05,6898.15,0.04560169319305539,70,0.0011977756238634298
2026-03-06,2026-05-15,7225.0,6740.02,36.3,39.5,0.1574390744972229,474.0,497.8,0.1138775746917724,6777.0,0.06401270784451984,70,0.003529377184178153
2026-03-06,2026-05-15,7230.0,6740.02,35.2,38.4,0.1569393541526794,477.8,501.6,0.1120541676330566,6777.1,0.06468975433391481,70,0.003469195913279812
2026-03-06,2026-05-15,7240.0,6740.02,33.1,36.2,0.1558559909629822,337.3,339.0,1.0000000000000004e-05,6936.5,0.042823881858981824,70,0.0011647907532336106
2026-03-06,2026-05-15,7250.0,6740.02,31.0,34.1,0.1547974230575561,498.4,506.1,1.0000000000000004e-05,6780.3,0.06698012010557305,70,0.0011490230660003292
2026-03-06,2026-05-15,7260.0,6740.02,29.1,32.2,0.1539200514602661,501.4,525.2,0.0989851454925537,6777.35,0.06879365874553107,70,0.0030666251405493975
2026-03-06,2026-05-15,7270.0,6740.02,27.2,30.3,0.1529320547485352,509.4,533.3,0.092759621810913,6777.4,0.07016274396665789,70,0.0028941835583160785
2026-03-06,2026-05-15,7275.0,6740.02,25.4,29.2,0.1521557716178894,408.6,416.2,1.0000000000000004e-05,6889.9,0.054387241925413804,70,0.0011101435230443405
2026-03-06,2026-05-15,7290.0,6740.02,22.0,27.3,0.151896374797821,525.8,549.6,1.0000000000000004e-05,6776.95,0.07297639778963184,70,0.0011063618282843321
2026-03-06,2026-05-15,7300.0,6740.02,20.4,25.6,0.1508988414382935,535.1,559.1,1.0000000000000004e-05,6775.9,0.07450214888279552,70,0.0010918791025324387
2026-03-06,2026-05-15,7310.0,6740.02,19.6,23.4,0.1488923307418823,543.6,567.6,1.0000000000000004e-05,6775.9,0.07587107449013716,70,0.0010630364979627009
2026-03-06,2026-05-15,7325.0,6740.02,18.6,21.6,0.1482819852828979,555.3,579.2,1.0000000000000004e-05,6777.85,0.07763321238510608,70,0.001054339659547962
2026-03-06,2026-05-15,7350.0,6740.02,15.6,18.4,0.1463860997009277,578.1,602.1,1.0000000000000004e-05,6776.9,0.0811805429712855,70,0.0010275529181747105
2026-03-06,2026-05-15,7370.0,6740.02,13.4,16.1,0.1448716800308228,594.7,618.5,1.0000000000000004e-05,6778.15,0.08371350283930641,70,0.0010064034826018906
2026-03-06,2026-05-15,7375.0,6740.02,12.3,15.3,0.143914200592041,425.6,426.6,1.0000000000000004e-05,6962.7,0.05752857207086188,70,0.0009931454014548383
2026-03-06,2026-05-15,7380.0,6740.02,11.8,14.8,0.1435861399078369,603.6,627.4,1.0000000000000004e-05,6777.8,0.08512107309213962,70,0.000988623012157654
2026-03-06,2026-05-15,7390.0,6740.02,10.9,13.8,0.1428460960388183,612.6,636.4,1.0000000000000004e-05,6777.85,0.08646779244208558,70,0.0009784592412887983
2026-03-06,2026-05-15,7400.0,6740.02,9.9,13.0,0.1424722594451904,622.9,646.9,1.0000000000000004e-05,6776.55,0.08801187732321337,70,0.0009733449301112731
2026-03-06,2026-05-15,7410.0,6740.02,9.3,12.6,0.1430330143356323,632.0,656.0,1.0000000000000004e-05,6776.95,0.08930329107706052,70,0.0009810214222710095
2026-03-06,2026-05-15,7420.0,6740.02,9.0,11.6,0.1419763537597656,642.9,652.4,1.0000000000000004e-05,6782.65,0.08981117613385436,70,0.0009665813190270765
2026-03-06,2026-05-15,7425.0,6740.02,8.3,11.0,0.1411066114807129,648.1,658.1,1.0000000000000004e-05,6781.55,0.09064699529523751,70,0.0009547759332232147
2026-03-06,2026-05-15,7430.0,6740.02,8.3,10.9,0.1415910731887817,652.7,662.7,1.0000000000000004e-05,6781.9,0.09126856004793321,70,0.0009613427910787876
2026-03-06,2026-05-15,7450.0,6740.02,6.6,9.3,0.139908808517456,674.1,686.9,1.0000000000000004e-05,6777.45,0.0946131073795282,70,0.0009386363756069289
2026-03-06,2026-05-15,7475.0,6740.02,5.8,8.2,0.1400194336318969,498.8,501.2,1.0000000000000004e-05,6982.0,0.06822871059390578,70,0.0009401212053622515
2026-03-06,2026-05-15,7500.0,6740.02,4.7,7.0,0.1393213510131836,714.9,738.8,1.0000000000000004e-05,6779.0,0.10107342209343614,70,0.003722549916081397
2026-03-06,2026-05-15,7575.0,6740.02,2.45,4.4,0.1380701428222656,676.1,678.9,1.0000000000000004e-05,6900.925,0.09319789080617148,70,0.0009141293211830197
2026-03-06,2026-05-15,7600.0,6740.02,2.15,4.0,0.139107730102539,599.1,601.2,1.0000000000000004e-05,7002.925,0.08182032837209843,70,0.0009279191767272617
2026-03-06,2026-05-15,7650.0,6740.02,1.35,3.1,0.1397943687438965,861.6,885.6,1.0000000000000004e-05,6778.625,0.12093136881320157,70,0.003747870102124152
2026-03-06,2026-05-15,7700.0,6740.02,1.0,2.45,0.1409235078430176,679.0,683.6,1.0000000000000004e-05,7020.425,0.09239657134392816,70,0.000952299831716201
2026-03-06,2026-05-15,7750.0,6740.02,0.65,2.15,0.1440973042297363,733.6,735.9,1.0000000000000004e-05,7016.65,0.09940694720470801,70,0.0009956740131954276
2026-03-06,2026-05-15,7800.0,6740.02,0.35,1.75,0.1456994610595703,778.9,781.7,1.0000000000000004e-05,7020.75,0.10525368375771943,70,0.004071187141680675
2026-03-06,2026-05-15,7900.0,6740.02,0.15,1.4,0.1522606747436523,1107.0,1124.7,1.0000000000000004e-05,6784.925,0.15215952004237338,70,0.004446114835993039
2026-03-06,2026-05-15,7950.0,6740.02,0.05,1.25,0.1553734365844726,1156.1,1179.9,1.0000000000000004e-05,6782.65,0.15880404762080585,70,0.004629762563629697
2026-03-06,2026-05-15,8000.0,6740.02,0.1,1.1,0.1580894738769531,1101.0,1161.0,1.0000000000000004e-05,6869.6,0.15233566130369786,70,0.004793040335749119
2026-03-06,2026-05-15,9200.0,6740.02,0.0,0.45,0.2446364599609375,2173.7,2183.3,1.0000000000000004e-05,7021.725,0.2701945697073588,70,0.011477506377959879
2026-03-06,2026-05-15,10000.0,6740.02,0.0,0.35,0.2961496166992187,3191.2,3215.2,1.0000000000000004e-05,6796.975,0.3861074327295852,70,0.016820059405415314
2026-03-06,2026-05-15,10400.0,6740.02,0.0,0.35,0.3225165405273437,3588.1,3612.1,1.0000000000000004e-05,6800.075000000001,0.42487216461432464,70,0.019948450202632327
2026-03-06,2026-05-15,10800.0,6740.02,0.0,0.35,0.3476627734374999,3983.5,4007.3,1.0000000000000004e-05,6804.775,0.4619215624969539,70,0.02318043365040495
2026-03-06,2026-05-15,11200.0,6740.02,0.0,0.3,0.3670717590332031,4118.1,4129.2,1.0000000000000004e-05,7076.5,0.4591343431092923,70,0.02584086942350985
2026-03-06,2026-05-15,12000.0,6740.02,0.0,0.3,0.4116269775390625,5175.8,5199.8,1.0000000000000004e-05,6812.349999999999,0.5661695083896692,70,0.032494722752482386
2026-03-06,2026-05-15,12400.0,6740.02,0.0,0.3,0.4327449304199219,5571.2,5595.1,1.0000000000000004e-05,6817.0,0.5982769802303429,70,0.035914444482986335
2026-03-06,2026-05-29,2800.0,6740.02,3936.8,3960.6,0.836091726989746,3.4,5.2,0.7637352728271485,6744.4,-0.8790931137405302,84,0.13423696335526067
2026-03-06,2026-05-29,4200.0,6740.02,2805.6,2815.9,1.0889365926933288,14.7,17.2,0.5271043383789062,6994.8,-0.5100824905680448,84,0.06394102634844005
2026-03-06,2026-05-29,4600.0,6740.02,2387.1,2397.3,0.9103974719619752,20.8,23.6,0.4717154879760742,6970.0,-0.4155589212773833,84,0.051209046942757505
2026-03-06,2026-05-29,4700.0,6740.02,2074.1,2097.9,0.5188417867279053,22.8,25.6,0.4566781017303467,6761.8,-0.3637266180840613,84,0.047996193540829485
2026-03-06,2026-05-29,5100.0,6740.02,1688.5,1712.4,0.4772620023345948,33.5,36.5,0.3999083447265625,6765.45,-0.28258823852719744,84,0.03680504512680243
2026-03-06,2026-05-29,5450.0,6740.02,1584.4,1591.9,0.6732191339302066,48.8,51.9,0.3541591379165649,6987.8,-0.2485501626948109,84,0.028865781856064584
2026-03-06,2026-05-29,5490.0,6740.02,1319.6,1343.4,0.412618788909912,51.0,54.1,0.3490055334472656,6768.95,-0.20941772336229736,84,0.02803180394425226
2026-03-06,2026-05-29,5500.0,6740.02,1310.2,1334.1,0.4110738519668579,51.6,54.7,0.3477810278701782,6769.0,-0.2076052732880453,84,0.027835446687947303
2026-03-06,2026-05-29,5575.0,6740.02,1240.5,1264.3,0.3991415982437135,56.2,59.3,0.3383550051879882,6769.65,-0.1941570695709732,84,0.026347027947956538
2026-03-06,2026-05-29,5625.0,6740.02,1361.1,1370.5,0.5649915327453614,59.5,62.7,0.3322286626434326,6929.7,-0.20859557413099694,84,0.025401573368972256
2026-03-06,2026-05-29,5650.0,6740.02,1377.0,1385.2,0.5992300056648254,61.2,64.5,0.3291998233032226,6968.25,-0.209708572049045,84,0.024940525993647482
2026-03-06,2026-05-29,5700.0,6740.02,1125.4,1149.2,0.3798050911712646,64.9,68.2,0.323027704849243,6770.75,-0.1721456888132942,84,0.024014080658669175
2026-03-06,2026-05-29,5775.0,6740.02,1057.1,1081.0,0.3685384954643249,70.9,74.2,0.3137657125091552,6771.5,-0.15918437170543173,84,0.022656738293412977
2026-03-06,2026-05-29,5780.0,6740.02,1052.6,1076.4,0.3676992704582215,71.4,74.7,0.3132602701759338,6771.45,-0.15831156151338624,84,0.022583802019558133
2026-03-06,2026-05-29,5800.0,6740.02,1034.5,1058.3,0.3646837824249268,73.1,76.4,0.3107750197601318,6771.65,-0.15488686198063764,84,0.02222688625802867
2026-03-06,2026-05-29,5900.0,6740.02,944.8,968.7,0.3499305882835388,82.5,85.9,0.2987321409225463,6772.55,-0.1379253268362671,84,0.020537629944367444
2026-03-06,2026-05-29,6000.0,6740.02,856.6,880.5,0.335411995677948,93.4,96.8,0.2867255013465881,6773.45,-0.12125108907522678,84,0.01891990986927669
2026-03-06,2026-05-29,6050.0,6740.02,813.1,837.0,0.3282423438644408,99.4,102.9,0.280789891757965,6773.9,-0.1130187199173229,84,0.018144681968026776
2026-03-06,2026-05-29,6200.0,6740.02,685.2,709.1,0.3068707161521911,120.1,123.8,0.2627408321380615,6775.2,-0.08871959457420632,84,0.018667407218789026
2026-03-06,2026-05-29,6225.0,6740.02,664.4,688.2,0.3033192685127258,124.0,127.8,0.259784471321106,6775.4,-0.08472496326257212,84,0.018243293857840553
2026-03-06,2026-05-29,6250.0,6740.02,643.6,667.5,0.2998307627487182,128.1,131.8,0.2566793387985229,6775.6,-0.08074645998177961,84,0.017818557138648033
2026-03-06,2026-05-29,6300.0,6740.02,608.6,618.1,0.2852377842903136,136.6,140.4,0.2505949575042724,6774.85,-0.07266759290177713,84,0.016519044577427873
2026-03-06,2026-05-29,6325.0,6740.02,731.6,739.4,0.4046194487380982,141.1,144.9,0.2475069909477233,6917.5,-0.08954439806535998,84,0.02446752537009154
2026-03-06,2026-05-29,6350.0,6740.02,568.2,577.8,0.2785335208892823,145.7,149.6,0.2444400050163269,6775.35,-0.06483621304341097,84,0.01573569173907135
2026-03-06,2026-05-29,6375.0,6740.02,548.1,554.5,0.2722107234001159,150.5,154.4,0.2412967259025573,6773.85,-0.060685519616105535,84,0.015171199754181061
2026-03-06,2026-05-29,6400.0,6740.02,527.7,538.0,0.2716804857826232,155.5,159.5,0.2382488132667541,6775.35,-0.05699303558238507,84,0.014960508741393904
2026-03-06,2026-05-29,6425.0,6740.02,511.7,515.8,0.2660634002304077,160.8,164.6,0.2350235189819335,6776.05,-0.05319770552589699,84,0.014446164692383622
2026-03-06,2026-05-29,6450.0,6740.02,491.2,493.0,0.2598264325714111,166.1,170.1,0.2319641623687744,6774.0,-0.04901162358789887,84,0.01391511719097001
2026-03-06,2026-05-29,6475.0,6740.02,473.1,477.4,0.2595021865463257,171.7,175.6,0.2287159801292419,6776.6,-0.04552689365984597,84,0.013713689160857804
2026-03-06,2026-05-29,6485.0,6740.02,465.5,469.6,0.2580077938365936,173.9,177.9,0.22744760597229,6776.65,-0.043991061781136945,84,0.01355892013500182
2026-03-06,2026-05-29,6495.0,6740.02,457.9,462.2,0.2568185738563537,176.2,180.3,0.2262307297134399,6776.8,-0.04247236401264128,84,0.013424847187026068
2026-03-06,2026-05-29,6500.0,6740.02,454.1,458.4,0.256130027885437,177.3,181.5,0.2256108476066589,6776.85,-0.04171021531995857,84,0.013352218338404689
2026-03-06,2026-05-29,6525.0,6740.02,435.4,439.6,0.2527426105880737,183.3,187.5,0.2223874606513976,6777.1,-0.03790832862800143,84,0.012988274730182263
2026-03-06,2026-05-29,6530.0,6740.02,431.6,435.9,0.2520922112083435,184.5,188.7,0.2217179879760741,6777.15,-0.037149716308162044,84,0.01291621425171158
2026-03-06,2026-05-29,6550.0,6740.02,416.0,417.7,0.2466591829586029,189.5,193.7,0.2191221124458313,6775.25,-0.033811216806805905,84,0.012482182241428188
2026-03-06,2026-05-29,6570.0,6740.02,402.1,406.4,0.2466982832145691,194.6,198.9,0.2165510321998596,6777.5,-0.031094469894164343,84,0.012346845185947052
2026-03-06,2026-05-29,6575.0,6740.02,397.0,398.8,0.2428435701751708,195.9,200.2,0.2158853741836547,6774.85,-0.029942648235435892,84,0.012107060636284413
2026-03-06,2026-05-29,6580.0,6740.02,393.6,395.2,0.2422008001136779,197.2,201.5,0.2152120868492126,6775.05,-0.029212001475106972,84,0.01203769186946369
2026-03-06,2026-05-29,6590.0,6740.02,387.6,391.8,0.2439345626831054,199.9,204.2,0.2139170100784301,6777.65,-0.028077085685949695,84,0.012060792647354641
2026-03-06,2026-05-29,6600.0,6740.02,380.3,384.8,0.2427443890380859,202.6,206.9,0.2125876013755798,6777.8,-0.026582916487861763,84,0.011928415483220496
2026-03-06,2026-05-29,6610.0,6740.02,373.1,377.5,0.2412814672660827,205.3,209.6,0.2112200460815429,6777.85,-0.02507628865442996,84,0.01178057537320471
2026-03-06,2026-05-29,6620.0,6740.02,366.0,370.3,0.2398643214035034,208.1,212.4,0.2098944520378112,6777.9,-0.02357194951247143,84,0.011638197369962057
2026-03-06,2026-05-29,6625.0,6740.02,362.5,366.8,0.2392234586715698,209.4,213.8,0.2092173500442504,6778.05,-0.022839078092683016,84,0.011570088595495003
2026-03-06,2026-05-29,6640.0,6740.02,351.8,356.3,0.2372474652481079,213.7,218.1,0.2072070246887206,6778.15,-0.020592239873596218,84,0.011365303194863383
2026-03-06,2026-05-29,6650.0,6740.02,344.8,349.3,0.235885631942749,216.6,221.0,0.2058442377185821,6778.25,-0.0191021018734864,84,0.011226385843209173
2026-03-06,2026-05-29,6660.0,6740.02,421.8,423.3,0.2980722048950195,219.6,223.9,0.2044413968276977,6860.8,-0.0297045684619387,84,0.014528543337652303
2026-03-06,2026-05-29,6670.0,6740.02,331.0,335.2,0.2329788616943359,222.5,226.9,0.2030757488632201,6778.4,-0.016121225974584895,84,0.010939770112763118
2026-03-06,2026-05-29,6675.0,6740.02,327.5,331.9,0.232406662826538,224.0,228.5,0.2024558667564391,6778.45,-0.015379257960603897,84,0.010880037842031284
2026-03-06,2026-05-29,6680.0,6740.02,324.0,328.5,0.2317457731342315,225.5,230.0,0.2017482474899292,6778.5,-0.014637850988752697,84,0.010811666806177823
2026-03-06,2026-05-29,6700.0,6740.02,310.4,314.9,0.2290097088813782,231.8,236.2,0.1989635463333129,6778.65,-0.011670440685103695,84,0.010538036303452717
2026-03-06,2026-05-29,6710.0,6740.02,303.7,308.1,0.2275849337005615,234.9,239.3,0.1975063465499877,6778.8,-0.01020114415348928,84,0.01039658774642759
2026-03-06,2026-05-29,6720.0,6740.02,297.0,301.4,0.2262002124404907,237.8,242.6,0.1961597718811035,6779.0,-0.008741443913770425,84,0.010263416667065433
2026-03-06,2026-05-29,6725.0,6740.02,293.7,298.1,0.2255307397651672,239.8,244.2,0.1954292646598816,6778.9,-0.007982921413856954,84,0.010195489950236381
2026-03-06,2026-05-29,6730.0,6740.02,290.4,294.8,0.2248517304420471,241.3,245.8,0.194689220790863,6779.05,-0.007261830484124336,84,0.010126867958875936
2026-03-06,2026-05-29,6740.0,6740.02,283.7,288.2,0.2234651018524169,244.7,249.2,0.1933283411502838,6779.0,-0.0057696735246129385,84,0.009994663717071112
2026-03-06,2026-05-29,6750.0,6740.02,277.2,281.7,0.222114712524414,248.1,252.6,0.1919197782707214,6779.1,-0.004301844893853949,84,0.00986278287925405
2026-03-06,2026-05-29,6760.0,6740.02,270.7,275.2,0.2207233156108856,251.5,256.0,0.1904644858169555,6779.2,-0.0028362108352849996,84,0.00972762621617615
2026-03-06,2026-05-29,6770.0,6740.02,264.3,268.8,0.2193672042942047,255.0,259.5,0.1890358959770202,6779.3,-0.0013727648602473298,84,0.009596314900093456
2026-03-06,2026-05-29,6775.0,6740.02,261.1,265.6,0.2186729363346099,256.7,261.2,0.1882653348350524,6779.4,-0.000649235695353898,84,0.009527599691489384
2026-03-06,2026-05-29,6780.0,6740.02,257.9,262.3,0.2178899775505065,258.5,263.0,0.1875577155685424,6779.35,9.587480233159119e-05,84,0.009457930051963636
2026-03-06,2026-05-29,6790.0,6740.02,251.6,256.1,0.216603483762741,262.1,266.6,0.1861062377738952,6779.5,0.0015475886503779107,84,0.00933062333211621
2026-03-06,2026-05-29,6800.0,6740.02,245.3,249.8,0.2151949208831787,265.7,270.2,0.1846013547515868,6779.6,0.003004509020298722,84,0.009196104937643883
2026-03-06,2026-05-29,6810.0,6740.02,239.1,243.6,0.2138178289413452,269.3,273.9,0.1831193596839904,6779.75,0.004451892045290451,84,0.009065045934217782
2026-03-06,2026-05-29,6815.0,6740.02,236.0,240.5,0.2131121170043945,271.3,275.8,0.1823983891105652,6779.7,0.0051932119627646324,84,0.008999999368201488
2026-03-06,2026-05-29,6820.0,6740.02,233.0,237.4,0.2123949610900878,273.1,277.7,0.1816621599006652,6779.8,0.005911868863230386,84,0.008933976182668326
2026-03-06,2026-05-29,6825.0,6740.02,229.9,234.4,0.2117436080455779,275.0,279.6,0.1809116257190704,6779.85,0.0066373632572615015,84,0.00887052269769365
2026-03-06,2026-05-29,6830.0,6740.02,226.9,231.3,0.2110026105117797,277.0,281.5,0.1801477402305603,6779.85,0.007369695768936604,84,0.008802658998912239
2026-03-06,2026-05-29,6835.0,6740.02,223.9,228.3,0.2103283695125579,278.9,283.4,0.1793685961055755,6779.95,0.00808674288206981,84,0.008737365000689298
2026-03-06,2026-05-29,6840.0,6740.02,220.9,225.3,0.2096417308712005,280.8,285.4,0.1786533475208282,6780.0,0.008810629682154906,84,0.008674614865679196
2026-03-06,2026-05-29,6850.0,6740.02,214.9,219.3,0.2082312606620787,284.8,289.3,0.1770998275947571,6780.05,0.010264175717753815,84,0.008542687668825056
2026-03-06,2026-05-29,6855.0,6740.02,211.9,216.4,0.2075865832710266,286.8,291.3,0.1763407104301453,6780.1,0.010986461908205914,84,0.008480557544720066
2026-03-06,2026-05-29,6860.0,6740.02,209.0,213.4,0.2068503540611266,288.7,293.3,0.1755644272994995,6780.2,0.01170084169548897,84,0.00841386949332878
2026-03-06,2026-05-29,6865.0,6740.02,206.1,210.4,0.2061026808738708,290.8,295.3,0.1747747928619385,6780.2,0.012429439177629368,84,0.008346357945169353
2026-03-06,2026-05-29,6870.0,6740.02,203.2,207.6,0.2054980574035644,292.9,297.4,0.1740461929702759,6780.25,0.013150131805409755,84,0.008288029035146981
2026-03-06,2026-05-29,6875.0,6740.02,200.3,204.7,0.2048018821144103,294.8,299.4,0.1732241339302063,6780.4,0.013855546290440848,84,0.008221854917637971
2026-03-06,2026-05-29,6880.0,6740.02,197.4,201.8,0.2040942628479004,297.2,301.5,0.1724640631008148,6780.25,0.014604677516404038,84,0.008158135971691165
2026-03-06,2026-05-29,6890.0,6740.02,191.7,196.1,0.2027171709060669,301.3,305.7,0.170895284538269,6780.4,0.016034987763373056,84,0.008030990696235788
2026-03-06,2026-05-29,6895.0,6740.02,188.8,193.3,0.2020476982307434,303.3,307.8,0.1700856231403351,6780.5,0.01674566569940222,84,0.007967527085939938
2026-03-06,2026-05-29,6900.0,6740.02,186.0,190.5,0.2013648742485046,305.4,310.0,0.1693389036178588,6780.55,0.01746319199708258,84,0.007906430436745963
2026-03-06,2026-05-29,6905.0,6740.02,183.3,187.7,0.2006686989593505,307.8,312.6,0.1688964031600952,6780.3,0.018224438100245117,84,0.007857933311768995
2026-03-06,2026-05-29,6910.0,6740.02,180.5,184.9,0.1999591723632812,309.8,314.3,0.167713858833313,6780.65,0.018896670216039267,84,0.007777678397959252
2026-03-06,2026-05-29,6920.0,6740.02,175.0,179.4,0.1985782657623291,314.2,319.2,0.1665007972335815,6780.5,0.020364924083715166,84,0.007668321005472364
2026-03-06,2026-05-29,6925.0,6740.02,172.3,176.6,0.1978267779159546,316.5,321.0,0.1653420945262909,6780.7,0.021057710612721332,84,0.007588285556521675
2026-03-06,2026-05-29,6930.0,6740.02,169.6,173.9,0.1971420466041565,318.8,323.2,0.1644885645484924,6780.75,0.021772097898363343,84,0.0075241388421243985
2026-03-06,2026-05-29,6940.0,6740.02,164.3,168.6,0.1958069159126282,323.4,327.8,0.1628845003890991,6780.85,0.02319931169284805,84,0.007402329245751561
2026-03-06,2026-05-29,6945.0,6740.02,161.6,166.0,0.1951584238624573,325.6,330.1,0.1620548120307922,6780.95,0.023904766075511872,84,0.007341444421490006
2026-03-06,2026-05-29,6950.0,6740.02,159.0,163.3,0.19441456533432,328.0,332.4,0.1612041430473327,6780.95,0.024624449445905534,84,0.00727604926238831
2026-03-06,2026-05-29,6960.0,6740.02,153.8,158.1,0.1930431953811645,332.8,337.1,0.1595256930351257,6781.0,0.02605489064462328,84,0.00715178422646868
2026-03-06,2026-05-29,6970.0,6740.02,148.8,153.0,0.1916928060531616,337.6,341.9,0.1578453356933593,6781.15,0.027468520684209737,84,0.007029356611637888
2026-03-06,2026-05-29,6975.0,6740.02,146.3,150.5,0.1910347773551941,340.0,344.4,0.157059515914917,6781.2,0.02817825026576856,84,0.006971403773018028
2026-03-06,2026-05-29,6980.0,6740.02,143.7,148.0,0.1903614900207519,342.4,346.8,0.156164978351593,6781.25,0.02888746603354806,84,0.006908746462835081
2026-03-06,2026-05-29,6990.0,6740.02,138.8,143.1,0.1890511546134949,347.5,352.2,0.1548241256713867,6781.1,0.03034122556530066,84,0.0068034366471537615
2026-03-06,2026-05-29,7000.0,6740.02,134.0,138.2,0.18767787733078,352.5,356.8,0.152703175201416,6781.45,0.031719205661935194,84,0.006665875285976538
2026-03-06,2026-05-29,7010.0,6740.02,129.2,133.4,0.1863217660140991,357.7,361.9,0.1509160074043274,6781.5,0.03313938462586634,84,0.006543330499245418
2026-03-06,2026-05-29,7020.0,6740.02,124.6,128.7,0.1849837743282317,362.9,367.2,0.1492070401191711,6781.6,0.03455015572566089,84,0.006425626053921609
2026-03-06,2026-05-29,7025.0,6740.02,122.3,126.4,0.1843324212837219,365.5,369.8,0.1482686339759827,6781.7,0.035247407233762594,84,0.006364637537417126
2026-03-06,2026-05-29,7030.0,6740.02,120.0,124.1,0.1836629486083984,368.2,372.5,0.1473931697082519,6781.7,0.03595889783652662,84,0.006305647186226429
2026-03-06,2026-05-29,7040.0,6740.02,115.5,119.6,0.1823583351898193,373.5,377.9,0.1455621333312988,6781.85,0.037358244080604175,84,0.006186763033362471
2026-03-06,2026-05-29,7050.0,6740.02,111.1,115.2,0.1810708877372741,379.1,383.4,0.1437101163291931,6781.9,0.03877031814244271,84,0.006068867705892805
2026-03-06,2026-05-29,7055.0,6740.02,108.9,113.0,0.1803995077323913,381.9,386.2,0.1427869688224792,6781.9,0.03947928662304278,84,0.006009423208731478
2026-03-06,2026-05-29,7060.0,6740.02,106.8,110.8,0.1797109617614746,384.7,389.0,0.1418333040428161,6781.95,0.0401803802853831,84,0.005948506883024734
2026-03-06,2026-05-29,7065.0,6740.02,104.7,108.7,0.1790910796546936,387.5,391.8,0.1408472146606445,6782.05,0.040873600003717876,84,0.0058892349467330575
2026-03-06,2026-05-29,7070.0,6740.02,102.6,106.6,0.1784540315818786,390.4,396.9,0.1420659982490539,6780.95,0.041743269777686214,84,0.005910670904052766
2026-03-06,2026-05-29,7075.0,6740.02,100.5,104.5,0.1777979102134704,393.3,398.0,0.1393690342521667,6781.85,0.04231751743995444,84,0.005787650092863121
2026-03-06,2026-05-29,7080.0,6740.02,98.5,102.5,0.1772142673683166,396.1,400.4,0.1378889465141296,6782.25,0.042965002399066185,84,0.005712577379123231
2026-03-06,2026-05-29,7090.0,6740.02,94.5,98.4,0.1758982099723816,399.2,408.6,0.1382494318008423,6782.55,0.044332203107247385,84,0.005677982349219818
2026-03-06,2026-05-29,7100.0,6740.02,90.5,94.5,0.1746880093669891,405.1,414.6,0.1362867896842956,6782.65,0.04572690300183512,84,0.005563868050807466
2026-03-06,2026-05-29,7110.0,6740.02,86.7,90.6,0.1734015155792236,411.7,420.7,0.1342821863174438,6782.45,0.04716385020438393,84,0.005446724571697487
2026-03-06,2026-05-29,7125.0,6740.02,81.1,85.0,0.1715533132362365,421.0,430.9,0.1321364405632019,6782.1,0.049322937646967525,84,0.0053062378022411885
2026-03-06,2026-05-29,7150.0,6740.02,72.4,76.1,0.1684844199752808,436.4,446.9,0.1266585900688171,6782.6,0.05275184743763272,84,0.005011773490234795
2026-03-06,2026-05-29,7155.0,6740.02,70.7,74.4,0.1678855184936523,431.5,455.4,0.1317893065834045,6784.1,0.05322977406141549,84,0.005166863058860976
2026-03-06,2026-05-29,7175.0,6740.02,64.2,67.9,0.1655814643859863,365.2,370.6,1.0000000000000004e-05,6873.15,0.042980245213595676,84,0.001577619711307953
2026-03-06,2026-05-29,7200.0,6740.02,56.7,60.3,0.1627567093086242,462.0,485.9,0.1214458583831787,6784.55,0.05943305770544723,84,0.004647104353794219
2026-03-06,2026-05-29,7225.0,6740.02,49.8,53.4,0.1601341311645507,479.9,503.7,0.1146405065155029,6784.8,0.06286241793314268,84,0.00434389899111315
2026-03-06,2026-05-29,7250.0,6740.02,43.5,47.0,0.1575096456909179,498.3,522.1,0.1064122867965698,6785.05,0.06627980641014583,84,0.00400753565864803
2026-03-06,2026-05-29,7255.0,6740.02,42.3,45.8,0.1570099253463745,502.1,525.9,0.1046079530334472,6785.05,0.06696922387971342,84,0.003937869041225049
2026-03-06,2026-05-29,7275.0,6740.02,37.8,41.3,0.1551445570373535,517.4,541.2,0.0955862842178344,6785.25,0.06969267446573257,84,0.0036169453421567646
2026-03-06,2026-05-29,7290.0,6740.02,34.7,38.2,0.153855202255249,529.1,552.9,0.0855346574401855,6785.45,0.07172293216217412,84,0.0032971441189725927
2026-03-06,2026-05-29,7300.0,6740.02,32.8,36.2,0.152966386680603,537.0,560.8,0.0732972309875488,6785.6,0.0730716284161561,84,0.0029454786802352627
2026-03-06,2026-05-29,7325.0,6740.02,28.3,31.6,0.1508835828018189,388.6,394.5,1.0000000000000004e-05,6963.4,0.05062529408976435,84,0.0013099899724552248
2026-03-06,2026-05-29,7350.0,6740.02,24.3,27.6,0.1490945076751708,577.9,601.8,1.0000000000000004e-05,6786.1,0.07982391074965116,84,0.0012791102421648123
2026-03-06,2026-05-29,7400.0,6740.02,17.7,20.8,0.1457185343551635,620.8,644.6,1.0000000000000004e-05,6786.55,0.08653728791341586,84,0.001221843617072289
2026-03-06,2026-05-29,7500.0,6740.02,8.9,11.6,0.1406564817047119,711.1,734.9,1.0000000000000004e-05,6787.25,0.09985716837306392,84,0.001138433535832392
2026-03-06,2026-05-29,7800.0,6740.02,1.1,2.75,0.1414423014831543,788.2,796.0,1.0000000000000004e-05,7009.825,0.10681099729732345,84,0.004604103206858977
2026-03-06,2026-05-29,8800.0,6740.02,0.0,0.5,0.1964802032470703,1988.8,2012.6,1.0000000000000004e-05,6799.55,0.2578952879624472,84,0.00888431644524067
2026-03-06,2026-06-18,400.0,6740.02,6304.8,6328.8,1.0000000000000004e-05,0.0,0.7,1.701173369140625,6716.45,-2.820850473013919,104,0.8245891685337522
2026-03-06,2026-06-18,1000.0,6740.02,5873.6,5892.4,2.7426331483078004,0.25,1.05,1.19922275390625,6882.35,-1.9289601633910214,104,0.40977003343176716
2026-03-06,2026-06-18,1200.0,6740.02,5522.3,5538.8,1.0000000000000004e-05,0.25,1.3,1.101811131591797,6729.775000000001,-1.7242201539115336,104,0.34590336451714526
2026-03-06,2026-06-18,1400.0,6740.02,5318.7,5342.5,1.1239667825317383,0.7,1.6,1.0417528381347658,6729.450000000001,-1.570021180070309,104,0.30922162597049674
2026-03-06,2026-06-18,1600.0,6740.02,5048.0,5072.0,1.0000000000000004e-05,0.35,2.1,0.9604496142578124,6658.775,-1.4259319044547076,104,0.2628389041066027
2026-03-06,2026-06-18,2000.0,6740.02,4725.3,4749.3,1.0287218974304202,1.5,3.3,0.8732922827148437,6734.900000000001,-1.2141557813822041,104,0.21729999657295196
2026-03-06,2026-06-18,2300.0,6740.02,4372.0,4396.0,1.0000000000000004e-05,2.7,4.5,0.8130511859130858,6680.4,-1.0662687430602213,104,0.18835460826061975
2026-03-06,2026-06-18,2400.0,6740.02,4339.5,4355.5,0.8561415753173829,2.8,4.8,0.7874166766357422,6743.7,-1.0331399983704475,104,0.17666466398625755
2026-03-06,2026-06-18,2500.0,6740.02,4282.9,4300.2,1.1363263398742678,3.2,5.3,0.768129760131836,6787.299999999999,-0.9987624870217511,104,0.16811623603731496
2026-03-06,2026-06-18,2600.0,6740.02,4082.8,4106.8,1.0000000000000004e-05,3.9,5.7,0.7505823281860352,6690.0,-0.9451024291127007,104,0.16052295469604816
2026-03-06,2026-06-18,2700.0,6740.02,3986.5,4010.5,1.0000000000000004e-05,4.2,6.3,0.7307766180419921,6693.25,-0.9078477828684278,104,0.15216324495779926
2026-03-06,2026-06-18,2900.0,6740.02,3794.1,3818.1,1.0000000000000004e-05,5.3,7.5,0.6949798568725586,6699.7,-0.8373520122826087,104,0.1376210634293003
2026-03-06,2026-06-18,3000.0,6740.02,3741.7,3765.7,0.7450892190551758,5.9,8.2,0.6777986322021485,6746.65,-0.8104337967242627,104,0.13090066445142673
2026-03-06,2026-06-18,3100.0,6740.02,3601.9,3625.9,1.0000000000000004e-05,6.7,9.0,0.6621127539062501,6706.05,-0.771607992534684,104,0.12491206324403596
2026-03-06,2026-06-18,3200.0,6740.02,3545.6,3569.6,0.7192716061401367,7.7,9.8,0.6470372210693358,6748.85,-0.7462213101937072,104,0.11928861700468321
2026-03-06,2026-06-18,3350.0,6740.02,3362.1,3386.1,1.0000000000000004e-05,8.6,11.1,0.6212196081542969,6714.25,-0.6952717876546873,104,0.10995900099112145
2026-03-06,2026-06-18,3400.0,6740.02,3349.6,3373.6,0.6902344209289553,9.5,11.6,0.6154823608398439,6751.049999999999,-0.6859226167203674,104,0.10793733642881843
2026-03-06,2026-06-18,3450.0,6740.02,3300.7,3324.7,0.6830857497406007,9.5,12.1,0.6057168334960938,6751.9,-0.6714497157141718,104,0.10453934182897427
2026-03-06,2026-06-18,3500.0,6740.02,3352.6,3365.1,0.9664538877105712,10.0,12.6,0.59805699798584,6847.549999999999,-0.6711279555680818,104,0.10191207116532286
2026-03-06,2026-06-18,3600.0,6740.02,3417.5,3428.3,1.228801768608093,11.4,13.7,0.5842937078857422,7010.35,-0.6664537830113635,104,0.0972753705637983
2026-03-06,2026-06-18,3700.0,6740.02,3328.1,3338.8,1.2035295255851743,12.0,14.7,0.5669446382141115,7020.1,-0.6404446433003267,104,0.09158445800321066
2026-03-06,2026-06-18,3750.0,6740.02,3181.9,3188.3,1.0253230191612244,12.6,15.4,0.5599027774810792,6921.1,-0.6128188765521025,104,0.08932349727130628
2026-03-06,2026-06-18,3850.0,6740.02,2883.8,2907.8,0.5588957074737549,13.7,16.6,0.5445754771423339,6730.65,-0.5585985731597249,104,0.08449998584027195
2026-03-06,2026-06-18,4000.0,6740.02,2770.1,2781.9,0.6004907505035402,15.6,18.4,0.5218095915222167,6759.0,-0.5245805889983264,104,0.07758264651966192
2026-03-06,2026-06-18,4100.0,6740.02,2930.6,2937.7,1.0474100058937073,17.5,20.0,0.5088321212005615,7015.4,-0.5371207588885384,104,0.07377165278577574
2026-03-06,2026-06-18,4150.0,6740.02,2792.5,2798.1,0.9016218486595152,17.6,20.6,0.5065509550476073,6926.200000000001,-0.5122029880172054,104,0.07311167804439145
2026-03-06,2026-06-18,4200.0,6740.02,2592.2,2604.8,0.6160698183441162,18.9,21.5,0.4996387927246094,6778.3,-0.47864180775996146,104,0.07112999455427875
2026-03-06,2026-06-18,4250.0,6740.02,2503.6,2527.6,0.5047580652618407,19.1,22.2,0.4917882242584229,6744.95,-0.46187509379747477,104,0.06891229693699259
2026-03-06,2026-06-18,4300.0,6740.02,2456.3,2480.3,0.5036899607086183,20.5,23.2,0.4850896828460693,6746.450000000001,-0.45040141791144694,104,0.0670478028547529
2026-03-06,2026-06-18,4350.0,6740.02,2422.7,2446.7,0.543072501449585,20.8,24.0,0.4774985111999512,6762.299999999999,-0.4411872237732944,104,0.06496575926742375
2026-03-06,2026-06-18,4375.0,6740.02,1755.4,1793.8,1.0000000000000004e-05,21.2,24.5,0.4740576886749268,6126.75,-0.3367579100983736,104,0.06403285476150311
2026-03-06,2026-06-18,4400.0,6740.02,2374.2,2398.2,0.5353440020751954,21.7,25.0,0.4705863488769531,6762.85,-0.4298398579164822,104,0.06309851293679866
2026-03-06,2026-06-18,4475.0,6740.02,2534.3,2538.8,0.8841659685325622,23.1,26.3,0.4593178458404542,6986.85,-0.4455234591716535,104,0.060112821602141334
2026-03-06,2026-06-18,4500.0,6740.02,2277.3,2301.3,0.5198793740081786,23.5,27.0,0.4564415928649902,6764.05,-0.4075444263084334,104,0.0593623246041136
2026-03-06,2026-06-18,4525.0,6740.02,2318.6,2342.6,0.6454274349212645,24.1,27.5,0.4528405546569824,6829.799999999999,-0.41167781342519943,104,0.0584293563451302
2026-03-06,2026-06-18,4550.0,6740.02,1809.0,1842.0,1.0000000000000004e-05,24.6,28.1,0.4495523184967041,6349.15,-0.33319371271420717,104,0.057583884533806175
2026-03-06,2026-06-18,4575.0,6740.02,2271.4,2295.4,0.6364248394012452,25.1,28.7,0.4462259357452393,6831.5,-0.40093757006892095,104,0.056734873742735066
2026-03-06,2026-06-18,4600.0,6740.02,2180.6,2204.6,0.5045558883285524,26.4,29.2,0.4425486043548584,6764.799999999999,-0.3856763937586773,104,0.055803626823312406
2026-03-06,2026-06-18,4625.0,6740.02,2300.6,2306.5,0.7266644155120849,26.2,29.6,0.4385470269393921,6900.65,-0.4001392391005614,104,0.05479902318654113
2026-03-06,2026-06-18,4675.0,6740.02,2341.2,2345.4,0.826005768280029,27.4,31.1,0.432599973373413,6989.05,-0.4021154758280502,104,0.05332286203868075
2026-03-06,2026-06-18,4700.0,6740.02,2089.4,2099.4,0.4964192204284668,28.8,31.7,0.4291171895980835,6764.15,-0.3640740983015166,104,0.052467732850657485
2026-03-06,2026-06-18,4725.0,6740.02,2130.2,2154.2,0.6096783569908144,28.7,32.4,0.4258938026428223,6836.65,-0.3694302846322996,104,0.051682452705409804
2026-03-06,2026-06-18,4750.0,6740.02,1532.6,1541.3,1.0000000000000004e-05,29.3,32.8,0.4217968587493896,6255.9,-0.27538040041397266,104,0.05069290237065387
2026-03-06,2026-06-18,4775.0,6740.02,1205.0,0.0,1.0000000000000004e-05,29.9,33.8,0.4193364036178588,5345.65,-0.11288917213089769,104,0.050103216486335936
2026-03-06,2026-06-18,4800.0,6740.02,1988.0,2012.0,0.4980290065765381,31.5,34.5,0.4160023915481567,6767.0,-0.34344193933624323,104,0.04930967379855817
2026-03-06,2026-06-18,4825.0,6740.02,1369.4,1395.8,1.0000000000000004e-05,31.3,35.1,0.4123746507263183,6174.4,-0.24660097701026795,104,0.0484534155244162
2026-03-06,2026-06-18,4850.0,6740.02,1382.4,1403.7,1.0000000000000004e-05,33.0,36.0,0.4094945830917357,6208.55,-0.2469486693680133,104,0.047778971541022855
2026-03-06,2026-06-18,4875.0,6740.02,2147.6,2156.6,0.771557231349945,32.8,36.7,0.40605757522583,6992.35,-0.3606965898588416,104,0.04698029166416763
2026-03-06,2026-06-18,4925.0,6740.02,2101.1,2107.9,0.7583108275604249,34.5,38.3,0.3995802840423584,6993.1,-0.35059967400973346,104,0.045493419049640195
2026-03-06,2026-06-18,4950.0,6740.02,1859.7,1865.5,0.46895367477417,35.1,39.1,0.3962844185638428,6775.5,-0.3139255882000325,104,0.04474602575680609
2026-03-06,2026-06-18,4975.0,6740.02,1836.8,1842.5,0.466550439529419,36.2,40.0,0.3931831007003784,6776.55,-0.3090427522763547,104,0.044048402384498204
2026-03-06,2026-06-18,5000.0,6740.02,1798.7,1822.5,0.4690910025024414,37.0,41.0,0.3902648864746094,6771.6,-0.30329948334685736,104,0.04339697229579215
2026-03-06,2026-06-18,5025.0,6740.02,1773.1,1797.1,0.4625088081932068,38.0,41.9,0.3870682021331786,6770.15,-0.2980977893067075,104,0.042688949267593326
2026-03-06,2026-06-18,5050.0,6740.02,1923.4,1927.8,0.6587749271774291,38.8,42.8,0.3838333712005615,6934.8,-0.31716397084232706,104,0.04197840523865083
2026-03-06,2026-06-18,5075.0,6740.02,1956.4,1960.5,0.7153119899749756,39.9,43.8,0.3807701999282837,6991.6,-0.32038290355094345,104,0.04131106382453757
2026-03-06,2026-06-18,5100.0,6740.02,1722.6,1728.3,0.4546925716590881,41.9,45.0,0.3780770505905151,6782.0,-0.28503150397316673,104,0.04072875244672653
2026-03-06,2026-06-18,5125.0,6740.02,1430.6,1442.0,1.0000000000000004e-05,41.9,46.0,0.3749108835220336,6517.35,-0.24033732657647588,104,0.04004945134427472
2026-03-06,2026-06-18,5150.0,6740.02,1677.3,1682.9,0.4498422325897216,42.8,47.0,0.3716989405441284,6785.2,-0.27574705496378593,104,0.039366166163751395
2026-03-06,2026-06-18,5175.0,6740.02,1654.7,1660.3,0.4474504413223266,44.1,48.3,0.3690324938201904,6786.3,-0.27106653489832977,104,0.03880339198765885
2026-03-06,2026-06-18,5200.0,6740.02,1614.6,1624.5,0.4253063451385498,45.4,49.3,0.3657251843643188,6772.2,-0.26416737162011694,104,0.03811098819108152
2026-03-06,2026-06-18,5225.0,6740.02,1796.6,1801.5,0.6590152507019043,46.3,50.5,0.3627535649108886,6975.65,-0.2889707154787973,104,0.037494179399939896
2026-03-06,2026-06-18,5250.0,6740.02,1773.8,1778.0,0.6533237792968751,48.0,51.7,0.3597285402297973,6976.05,-0.28425477740865285,104,0.036871454126601456
2026-03-06,2026-06-18,5275.0,6740.02,1766.1,1769.8,0.6631617851638796,48.8,53.0,0.3568293992996215,6992.049999999999,-0.2817951099952839,104,0.03627953671581092
2026-03-06,2026-06-18,5300.0,6740.02,1515.3,1539.2,0.4232407072257995,49.9,54.3,0.3538692238235473,6775.15,-0.2455546861839996,104,0.03568009991020795
2026-03-06,2026-06-18,5325.0,6740.02,1206.6,1239.1,1.0000000000000004e-05,51.4,55.8,0.3512027770996093,6494.25,-0.1985044584183944,104,0.03514441815566492
2026-03-06,2026-06-18,5350.0,6740.02,1473.9,1483.7,0.4037725944137573,52.5,57.2,0.348294099521637,6773.950000000001,-0.2359878122971526,104,0.03456469341152096
2026-03-06,2026-06-18,5375.0,6740.02,1218.2,1224.6,1.0000000000000004e-05,54.1,58.6,0.3453243873977661,6540.05,-0.1961862366860948,104,0.033977778036413185
2026-03-06,2026-06-18,5400.0,6740.02,1427.4,1437.1,0.3967269190216065,56.2,60.2,0.3426236087417602,6774.05,-0.2267001819613819,104,0.033448376646004335
2026-03-06,2026-06-18,5425.0,6740.02,1606.7,1611.4,0.6085434959030153,57.1,61.6,0.3395299201965332,6974.700000000001,-0.2512714166032291,104,0.03284706558274268
2026-03-06,2026-06-18,5450.0,6740.02,1601.0,1603.9,0.6188888514328004,59.1,63.4,0.337008430519104,6991.2,-0.24903660665604482,104,0.032361005350845955
2026-03-06,2026-06-18,5475.0,6740.02,837.3,850.4,1.0000000000000004e-05,60.0,64.9,0.3339490739059448,6256.4,-0.13341266411538485,104,0.03177612693729965
2026-03-06,2026-06-18,5500.0,6740.02,1329.5,1353.4,0.3940356770133972,63.2,66.4,0.3308286827468872,6776.65,-0.2087347873111189,104,0.031185074526345797
2026-03-06,2026-06-18,5525.0,6740.02,1557.3,1563.8,0.627113256492615,63.6,68.4,0.3283853935813903,7019.55,-0.23941586601514347,104,0.03072614942090652
2026-03-06,2026-06-18,5550.0,6740.02,1534.5,1539.6,0.6207141658210755,66.6,69.9,0.3251372113418578,7018.8,-0.23479433549650022,104,0.030121308067705833
2026-03-06,2026-06-18,5575.0,6740.02,1266.1,1275.6,0.3726411613464356,66.9,72.2,0.322962855644226,6776.3,-0.19513891293142063,104,0.02971978256737208
2026-03-06,2026-06-18,5600.0,6740.02,1487.6,1492.7,0.6079922776603699,70.3,73.6,0.3194457399368285,7018.2,-0.22574017716147568,104,0.029076001094339558
2026-03-06,2026-06-18,5625.0,6740.02,1220.5,1230.0,0.3659464345932007,70.9,76.1,0.3173743800354003,6776.75,-0.18627668790393795,104,0.028700152599169557
2026-03-06,2026-06-18,5650.0,6740.02,1295.9,1303.1,0.4640060618972779,72.5,78.2,0.3146678793907165,6874.15,-0.19611245438704378,104,0.02821274227207138
2026-03-06,2026-06-18,5675.0,6740.02,1175.2,1184.6,0.3592498005104065,74.9,80.3,0.3118793635749816,6777.3,-0.17750822918168285,104,0.02771492792353232
2026-03-06,2026-06-18,5700.0,6740.02,1153.3,1161.8,0.3557002602005004,76.8,82.5,0.3091404383277893,6777.9,-0.17320114462088385,104,0.02723028028325414
2026-03-06,2026-06-18,5725.0,6740.02,1130.1,1139.5,0.3526447182464599,79.2,84.7,0.3063194979095458,6777.85,-0.1688173930777215,104,0.026735589093572192
2026-03-06,2026-06-18,5750.0,6740.02,1102.2,1126.0,0.3590113843154907,83.0,86.3,0.3026841277694702,6779.45,-0.16469612290861055,104,0.02610476395937193
2026-03-06,2026-06-18,5775.0,6740.02,1280.2,1284.4,0.5249185387039185,83.8,89.5,0.3009198479270935,6970.65,-0.18817022083134982,104,0.025801332896307854
2026-03-06,2026-06-18,5800.0,6740.02,1063.9,1072.3,0.3427399558448791,87.8,91.2,0.2972673118209838,6778.6,-0.15591267340248613,104,0.02517878599023698
2026-03-06,2026-06-18,5825.0,6740.02,1233.9,1238.6,0.5133105310058592,88.7,94.4,0.2952932257270813,6969.7,-0.179413182787465,104,0.024845482938826623
2026-03-06,2026-06-18,5850.0,6740.02,1123.9,1130.7,0.4345053956031799,91.0,97.0,0.2925218758773802,6883.3,-0.1626565268684294,104,0.0243813177483546
2026-03-06,2026-06-18,5875.0,6740.02,997.7,1005.7,0.3328409154319763,93.8,99.7,0.289771506652832,6779.95,-0.14326366726362036,104,0.023924993728922293
2026-03-06,2026-06-18,5900.0,6740.02,975.8,983.7,0.3295984551811217,98.3,101.8,0.2862753715705871,6779.7,-0.1389805022740576,104,0.02335115942536789
2026-03-06,2026-06-18,5925.0,6740.02,1145.3,1148.9,0.4938519548416138,99.4,105.3,0.2842116409873961,6969.75,-0.16239866910222647,104,0.023015700588399583
2026-03-06,2026-06-18,5950.0,6740.02,929.9,937.7,0.3209487156295776,103.1,108.2,0.2813983298873901,6778.15,-0.13031298380440035,104,0.02256230708656135
2026-03-06,2026-06-18,5975.0,6740.02,1099.8,1103.4,0.4823717382240295,105.3,111.2,0.278590740776062,6968.35,-0.15379437009228727,104,0.022114332295890732
2026-03-06,2026-06-18,6000.0,6740.02,882.5,906.3,0.3257666300964355,110.4,114.0,0.2754837009239196,6782.2,-0.12254206386658552,104,0.021623813768144977
2026-03-06,2026-06-18,6020.0,6740.02,866.4,878.2,0.3130733518791199,110.9,117.2,0.2738910807418823,6778.25,-0.11863169722051951,104,0.021374514266946445
2026-03-06,2026-06-18,6025.0,6740.02,1044.4,1047.3,0.4620586784172059,113.6,117.2,0.2726856484603882,6955.45,-0.14360804555911252,104,0.02118678394282545
2026-03-06,2026-06-18,6030.0,6740.02,860.0,869.2,0.311425419139862,112.2,118.5,0.2727676636314391,6779.25,-0.11711946562539888,104,0.02119953048106084
2026-03-06,2026-06-18,6050.0,6740.02,839.6,863.5,0.3192759876060485,117.0,120.6,0.2699810551452636,6782.75,-0.11432435239395977,104,0.020768592039135305
2026-03-06,2026-06-18,6075.0,6740.02,1006.1,1013.9,0.4602591129779815,120.4,124.1,0.2672650178527831,6962.75,-0.13639252202489116,104,0.020352825577688333
2026-03-06,2026-06-18,6100.0,6740.02,803.8,811.5,0.3043206165313721,122.7,128.3,0.2650982914733886,6782.15,-0.10600538964910342,104,0.020024161180217555
2026-03-06,2026-06-18,6110.0,6740.02,792.1,801.0,0.3012421866226196,125.4,129.1,0.2633702508926391,6779.3,-0.103947078600927,104,0.019763957429441568
2026-03-06,2026-06-18,6125.0,6740.02,947.4,952.6,0.4357566037940979,125.3,132.0,0.2623364782714844,6946.35,-0.1258375853345514,104,0.01960910820415353
2026-03-06,2026-06-18,6130.0,6740.02,773.4,785.5,0.2999051486015319,126.1,132.7,0.2617337621307373,6780.05,-0.10078972660826023,104,0.019519108144842125
2026-03-06,2026-06-18,6140.0,6740.02,768.9,777.9,0.2993329497337341,127.6,134.2,0.2606084376907348,6782.5,-0.09952102339189865,104,0.022333954222251554
2026-03-06,2026-06-18,6150.0,6740.02,951.1,955.5,0.4501817372512817,131.5,135.1,0.2589166363716126,6970.0,-0.12516314295400605,104,0.019101188376325882
2026-03-06,2026-06-18,6175.0,6740.02,740.9,748.7,0.2949336941051482,135.4,139.1,0.2562082283973694,6782.55,-0.09384425492274794,104,0.021637514759545336
2026-03-06,2026-06-18,6190.0,6740.02,727.3,736.2,0.2930006155967711,137.8,141.5,0.2545259637260437,6782.1,-0.09135170181124205,104,0.02135457323750276
2026-03-06,2026-06-18,6200.0,6740.02,713.8,737.6,0.2998498360443115,136.9,143.7,0.253907988948822,6785.4,-0.09022395307215329,104,0.02184339985553225
2026-03-06,2026-06-18,6210.0,6740.02,710.8,719.7,0.2905039212036132,138.6,145.4,0.2528274867534637,6783.25,-0.08829544218736052,104,0.021028587645720843
2026-03-06,2026-06-18,6225.0,6740.02,699.6,707.5,0.2887339193725585,141.8,147.9,0.2511251951217651,6783.7,-0.08594923346290931,104,0.02076066972895199
2026-03-06,2026-06-18,6230.0,6740.02,694.4,703.3,0.2880243927764891,144.3,148.2,0.2500876078414916,6782.6,-0.0849841764689217,104,0.020626514124482815
2026-03-06,2026-06-18,6250.0,6740.02,679.1,687.0,0.2855563083267211,146.2,152.2,0.2483023473739624,6783.85,-0.0819633236477868,104,0.02030173060528784
2026-03-06,2026-06-18,6275.0,6740.02,833.0,836.7,0.4155103005218505,150.5,156.7,0.2455224145412444,6956.25,-0.10306705102387037,104,0.017176029118862787
2026-03-06,2026-06-18,6300.0,6740.02,637.6,647.8,0.2803168740272521,154.6,161.3,0.2426947984695434,6784.75,-0.0741278132267278,104,0.019485127256891166
2026-03-06,2026-06-18,6325.0,6740.02,792.4,795.2,0.4059545794296265,161.5,165.4,0.239324547138214,6955.35,-0.09500111300390447,104,0.029660312139145294
2026-03-06,2026-06-18,6350.0,6740.02,597.8,607.9,0.2740265011405944,166.2,170.2,0.2363967962646484,6784.65,-0.06620789467440952,104,0.018558439742150865
2026-03-06,2026-06-18,6360.0,6740.02,589.9,598.7,0.271760593624115,168.3,172.2,0.2352504911994934,6784.05,-0.06454589139342971,104,0.018311140393107717
2026-03-06,2026-06-18,6375.0,6740.02,578.1,586.9,0.2698885496616363,171.2,175.3,0.2335682265281677,6784.25,-0.06221965818120968,104,0.018055306473362166
2026-03-06,2026-06-18,6380.0,6740.02,574.2,582.9,0.2692028646850586,170.1,176.9,0.2334442501068115,6785.05,-0.061553565099739097,104,0.01799727992389966
2026-03-06,2026-06-18,6390.0,6740.02,566.3,575.1,0.2679707297897338,174.3,178.4,0.2318325566291808,6784.35,-0.05988422075047012,104,0.017794209460257088
2026-03-06,2026-06-18,6400.0,6740.02,559.3,567.3,0.2667176142692566,174.2,181.1,0.2311421033287048,6785.65,-0.05851209789056983,104,0.01765608700979389
2026-03-06,2026-06-18,6410.0,6740.02,550.8,559.3,0.26529283908844,176.4,183.3,0.2300339448547363,6785.2,-0.056884498706852055,104,0.017476888205969154
2026-03-06,2026-06-18,6425.0,6740.02,539.8,547.7,0.2634198414611816,181.8,185.8,0.2277070027923583,6784.95,-0.054510293281638755,104,0.01718176713919853
2026-03-06,2026-06-18,6430.0,6740.02,702.0,705.1,0.3828091352272033,180.7,187.6,0.2276659952068328,6949.4,-0.0776807866651912,104,0.02654706029271175
2026-03-06,2026-06-18,6440.0,6740.02,527.8,532.5,0.2587840769672394,182.7,189.8,0.2264844045448303,6783.9,-0.052023617698658695,104,0.01677430952842405
2026-03-06,2026-06-18,6450.0,6740.02,523.4,527.7,0.259691012172699,185.4,192.1,0.2253533581161498,6786.8,-0.05089941837896628,104,0.016758819369511103
2026-03-06,2026-06-18,6460.0,6740.02,512.4,521.0,0.259135979270935,189.6,193.6,0.2235890782737731,6785.1,-0.04909971377722804,104,0.016598932906082425
2026-03-06,2026-06-18,6475.0,6740.02,501.1,509.4,0.2570989513015747,190.6,197.7,0.2223006771564483,6786.1,-0.046927794889492766,104,0.01637102492577521
2026-03-06,2026-06-18,6490.0,6740.02,493.1,497.4,0.254717650346756,194.1,201.3,0.2205726365756988,6787.55,-0.04482752099942738,104,0.016091567884694697
2026-03-06,2026-06-18,6500.0,6740.02,482.8,490.8,0.2541349611663819,198.9,203.0,0.2188655766201019,6785.85,-0.043037384883693526,104,0.015936896513435272
2026-03-06,2026-06-18,6510.0,6740.02,474.7,483.3,0.2528646796798706,201.2,205.5,0.2177297618675231,6785.65,-0.04147063203571811,104,0.01577517079122709
2026-03-06,2026-06-18,6520.0,6740.02,467.2,475.9,0.2516430350971222,201.3,208.5,0.2169363127708435,6786.65,-0.04008307127695737,104,0.015640360921801558
2026-03-06,2026-06-18,6525.0,6740.02,467.0,471.4,0.2504385564804076,202.5,209.8,0.2163793725395202,6788.05,-0.039522760075988324,104,0.015522995754015926
2026-03-06,2026-06-18,6530.0,6740.02,459.8,468.5,0.2503965952301025,206.2,210.4,0.2153017313385009,6785.85,-0.038432618496945195,104,0.01544862524818832
2026-03-06,2026-06-18,6540.0,6740.02,452.5,460.6,0.2487629674625396,208.7,212.9,0.2140829477500915,6785.75,-0.03688765966021928,104,0.015259958553299917
2026-03-06,2026-06-18,6550.0,6740.02,448.6,452.9,0.2472514087867736,211.2,215.4,0.2128355542182922,6787.45,-0.03561026910325597,104,0.01507857630604889
2026-03-06,2026-06-18,6560.0,6740.02,438.0,445.9,0.2462233581542968,211.3,218.6,0.212068807735443,6787.0,-0.03401841476562368,104,0.014961162855379804
2026-03-06,2026-06-18,6570.0,6740.02,430.6,438.3,0.2447346874332428,213.9,221.3,0.2109081976985931,6786.85,-0.032473083905284174,104,0.014788688789185888
2026-03-06,2026-06-18,6575.0,6740.02,430.3,434.6,0.2440528171157837,217.7,222.0,0.2098458151340484,6787.6,-0.03182284005270578,104,0.014675679937849248
2026-03-06,2026-06-18,6580.0,6740.02,513.2,515.6,0.3040802930068969,216.5,223.9,0.2096445918655395,6874.2,-0.04374052780827228,104,0.01879930052264972
2026-03-06,2026-06-18,6590.0,6740.02,416.1,424.2,0.2424735482406615,219.1,226.5,0.208352376089096,6787.35,-0.029507237053927795,104,0.014477655795184344
2026-03-06,2026-06-18,6600.0,6740.02,410.1,416.7,0.2409810628604888,224.4,228.7,0.2067425899410247,6786.85,-0.027917267369423463,104,0.014279090962263522
2026-03-06,2026-06-18,6610.0,6740.02,401.8,409.8,0.2398910240173339,224.5,232.0,0.2058909672927856,6787.55,-0.02650639785183111,104,0.014155510077224117
2026-03-06,2026-06-18,6620.0,6740.02,480.9,483.5,0.2960389915847778,229.9,234.3,0.2042935787868499,6870.1,-0.037083292220159984,104,0.017831917000936094
2026-03-06,2026-06-18,6625.0,6740.02,391.5,399.0,0.2378826059913635,228.7,236.3,0.2040885408592224,6787.75,-0.024269145121994313,104,0.01391452290646295
2026-03-06,2026-06-18,6630.0,6740.02,387.6,395.6,0.2373418780612945,232.8,237.1,0.2030213899707794,6786.65,-0.02335264301774784,104,0.013813465763367378
2026-03-06,2026-06-18,6635.0,6740.02,384.1,392.5,0.2370071417236328,231.0,239.2,0.2028707109355926,6788.2,-0.0228271429133367,104,0.013783029196609238
2026-03-06,2026-06-18,6640.0,6740.02,380.6,388.4,0.2359552494716644,233.1,240.6,0.2022136359024047,6787.65,-0.021992820975035896,104,0.013676140479065225
2026-03-06,2026-06-18,6650.0,6740.02,374.8,381.6,0.2348232493782043,236.3,243.5,0.2009471690750122,6788.3,-0.020583687366982205,104,0.013526828212523772
2026-03-06,2026-06-18,6660.0,6740.02,451.4,453.7,0.2893061182403563,238.9,246.5,0.1997169415092468,6869.85,-0.031022787382458266,104,0.01703488322503688
2026-03-06,2026-06-18,6670.0,6740.02,359.8,367.6,0.2321911345863342,242.1,249.4,0.1983837181472778,6787.95,-0.017529121477424945,104,0.013206198079372226
2026-03-06,2026-06-18,6675.0,6740.02,359.8,364.2,0.2315846037864685,243.4,251.0,0.1978096119499206,6789.8,-0.01705228176948068,104,0.013133874534807084
2026-03-06,2026-06-18,6680.0,6740.02,353.0,360.8,0.2309713973331451,244.9,252.5,0.1971553979110717,6788.2,-0.0160678231489532,104,0.01305645581632376
2026-03-06,2026-06-18,6690.0,6740.02,480.2,482.6,0.3200198461341857,248.0,255.6,0.1958936994075775,6919.6,-0.03374409035054824,104,0.01895982588578163
2026-03-06,2026-06-18,6700.0,6740.02,342.8,347.3,0.228511895866394,253.7,258.2,0.19424481300354,6789.1,-0.01321085852393328,104,0.012730970156871208
2026-03-06,2026-06-18,6710.0,6740.02,332.7,340.6,0.2272711779880523,256.8,261.3,0.192911589641571,6787.6,-0.011498467132943576,104,0.012576417845301753
2026-03-06,2026-06-18,6720.0,6740.02,329.4,333.9,0.2259999428367614,257.6,265.1,0.1920304033851624,6790.3,-0.010406968681025522,104,0.012447900354583449
2026-03-06,2026-06-18,6725.0,6740.02,326.0,330.4,0.2252465476608275,261.6,266.1,0.1909470401954651,6789.35,-0.009523282487132812,104,0.012338752512027483
2026-03-06,2026-06-18,6730.0,6740.02,319.4,327.1,0.2246257118892669,260.8,268.4,0.1907620292282104,6788.65,-0.008676956349534644,104,0.012291017430788188
2026-03-06,2026-06-18,6740.0,6740.02,316.1,320.6,0.2234298162555694,264.0,271.7,0.189455508480072,6790.5,-0.007464651637770299,104,0.012143374180639611
2026-03-06,2026-06-18,6750.0,6740.02,309.5,314.1,0.2222005423545837,269.9,274.4,0.1876921823024749,6789.65,-0.005856888965852761,104,0.011967981339442381
2026-03-06,2026-06-18,6770.0,6740.02,293.3,301.0,0.2195741495513915,274.2,281.8,0.1854405797576904,6789.15,-0.0028246627159821303,104,0.011684822479150769
2026-03-06,2026-06-18,6775.0,6740.02,290.1,297.8,0.2189485454559326,278.4,283.0,0.1843991778182983,6788.25,-0.0019538096274881794,104,0.011588832966118201
2026-03-06,2026-06-18,6780.0,6740.02,287.9,294.6,0.2183143583774566,277.7,285.3,0.1841140320491791,6789.75,-0.001437020089218134,104,0.011536065328645729
2026-03-06,2026-06-18,6790.0,6740.02,420.2,421.3,0.3097736717414856,283.6,288.3,0.1823974354457855,6924.8,-0.01965822921931124,104,0.017254910595886443
2026-03-06,2026-06-18,6800.0,6740.02,277.6,282.1,0.21589872549057,284.8,292.4,0.1814046704101562,6791.25,0.0012875932984653285,104,0.011244108762330077
2026-03-06,2026-06-18,6805.0,6740.02,271.2,279.3,0.2155000936126709,285.9,294.3,0.1807866956329345,6790.15,0.002184603466083002,104,0.011186640281083186
2026-03-06,2026-06-18,6810.0,6740.02,268.3,275.7,0.2145330775260925,288.2,296.0,0.1800189954853058,6789.9,0.002955906239768228,104,0.011088917250020234
2026-03-06,2026-06-18,6820.0,6740.02,262.8,269.8,0.2134802316093445,294.6,299.2,0.1783090745353699,6789.4,0.00449689943220863,104,0.010934165399022673
2026-03-06,2026-06-18,6825.0,6740.02,262.1,266.6,0.2127649830245971,296.5,301.0,0.1775766599845886,6790.6,0.005053038161392317,104,0.010853511109438016
2026-03-06,2026-06-18,6830.0,6740.02,259.0,263.5,0.2121107689857482,295.8,303.6,0.1773935563468932,6791.55,0.005645481185534415,104,0.010806997550065041
2026-03-06,2026-06-18,6835.0,6740.02,252.8,260.8,0.2117254884147643,297.1,305.4,0.1766382538414001,6790.55,0.00652453041299619,104,0.010743798092546645
2026-03-06,2026-06-18,6840.0,6740.02,252.9,257.4,0.210843348493576,299.8,307.4,0.1760107424163818,6791.55,0.007108539237294888,104,0.010660433641090457
2026-03-06,2026-06-18,6850.0,6740.02,246.9,251.3,0.2095377814102172,303.3,311.3,0.1746508164405822,6791.8,0.008532650106179878,104,0.010514035196390808
2026-03-06,2026-06-18,6855.0,6740.02,240.8,248.8,0.2092554966354369,304.9,313.2,0.173918401889801,6790.75,0.00941692098979339,104,0.010458570272018528
2026-03-06,2026-06-18,6860.0,6740.02,240.9,245.4,0.2083333027935027,309.9,314.5,0.1727501625347137,6790.95,0.010116598319152001,104,0.010344766564960575
2026-03-06,2026-06-18,6870.0,6740.02,235.0,239.5,0.2070897239208221,311.5,319.1,0.171784100112915,6791.95,0.01142601885419305,104,0.01022514996708665
2026-03-06,2026-06-18,6875.0,6740.02,232.1,236.5,0.2064173902511596,316.0,320.5,0.1706473316955566,6791.05,0.012286074762177227,104,0.010127734021796205
2026-03-06,2026-06-18,6880.0,6740.02,226.1,233.8,0.205946279850006,315.6,323.1,0.1703459736251831,6790.6,0.013079349035621109,104,0.010086280440168042
2026-03-06,2026-06-18,6885.0,6740.02,223.2,231.1,0.2054656328010558,316.8,325.2,0.1696774546146393,6791.15,0.013724838235178026,104,0.010024769142274728
2026-03-06,2026-06-18,6890.0,6740.02,220.3,228.1,0.2047627818584441,319.7,327.2,0.1689250131034851,6790.75,0.014509693001082947,104,0.009947141837510217
2026-03-06,2026-06-18,6900.0,6740.02,217.6,222.1,0.2033265627002715,323.9,331.4,0.1675231258773803,6792.2,0.01574651662016618,104,0.009796621313621025
2026-03-06,2026-06-18,6910.0,6740.02,212.0,216.3,0.2019885710144042,328.1,335.7,0.1661364972877503,6792.25,0.017187381438507673,104,0.009653199215682504
2026-03-06,2026-06-18,6915.0,6740.02,206.2,214.0,0.2017291741943359,329.4,337.8,0.1653869167709351,6791.5,0.018021134836313235,104,0.009600355699688078
2026-03-06,2026-06-18,6920.0,6740.02,206.3,210.8,0.2008212853240966,332.4,340.0,0.1646945561408996,6792.35,0.018618790735027313,104,0.009516842710708136
2026-03-06,2026-06-18,6925.0,6740.02,200.6,208.3,0.2003978581619262,334.5,342.6,0.1642758973026275,6790.9,0.0195545714219828,104,0.009473042865863422
2026-03-06,2026-06-18,6930.0,6740.02,200.8,205.2,0.1995386061954498,338.9,343.5,0.1626146132564545,6791.8,0.02014381103385788,104,0.00934254469409276
2026-03-06,2026-06-18,6935.0,6740.02,195.2,203.0,0.199308772983551,338.1,346.5,0.16245725856781,6791.8,0.020865051598840917,104,0.009322578633410763
2026-03-06,2026-06-18,6940.0,6740.02,195.3,199.7,0.1982826296806335,343.4,347.9,0.1611240352058411,6791.85,0.02157841055919344,104,0.009201375122973384
2026-03-06,2026-06-18,6945.0,6740.02,189.7,197.5,0.1980318158435821,342.6,350.9,0.1609390242385864,6791.85,0.02229861224678745,104,0.00917907305414176
2026-03-06,2026-06-18,6950.0,6740.02,189.9,194.3,0.1970543094444274,345.5,353.1,0.1601570191192627,6792.8,0.022878431873684046,104,0.009089310314000412
2026-03-06,2026-06-18,6960.0,6740.02,181.7,189.1,0.195923263015747,350.2,357.7,0.1586902826881409,6791.45,0.024515006236876816,104,0.008957588867708954
2026-03-06,2026-06-18,6965.0,6740.02,179.1,186.8,0.1955570557403564,351.7,360.0,0.1579330728530883,6792.1,0.025137435127338955,104,0.008900923414625376
2026-03-06,2026-06-18,6970.0,6740.02,176.5,183.8,0.1946749158191681,354.8,362.3,0.1571606043815613,6791.6,0.02592867031271274,104,0.008817791959309217
2026-03-06,2026-06-18,6975.0,6740.02,176.7,181.1,0.1939968601608276,357.1,365.2,0.1568172850608826,6792.75,0.026476460766398754,104,0.008766670347064708
2026-03-06,2026-06-18,6980.0,6740.02,171.3,178.7,0.1935238424301147,361.7,366.2,0.1550377465820313,6791.05,0.027443347983823297,104,0.008654451273154729
2026-03-06,2026-06-18,6985.0,6740.02,168.8,176.4,0.1931128129100799,361.1,369.4,0.1548870675468445,6792.35,0.027968013814374353,104,0.008626580374654455
2026-03-06,2026-06-18,6990.0,6740.02,169.0,173.4,0.1921791750907898,366.6,370.9,0.1534394044113159,6792.45,0.02866885501443856,104,0.008508924013488734
2026-03-06,2026-06-18,7000.0,6740.02,162.4,168.6,0.1911520781230926,369.2,376.6,0.152530561876297,6792.6,0.03007636472533147,104,0.008413867624549863
2026-03-06,2026-06-18,7010.0,6740.02,159.0,163.3,0.1897082296466827,374.1,381.5,0.1509446173477173,6793.35,0.03139350853736692,104,0.008266173743288061
2026-03-06,2026-06-18,7020.0,6740.02,154.1,158.4,0.1885075656890869,379.1,386.5,0.1493577191543579,6793.45,0.03280430535901132,104,0.008131443063728478
2026-03-06,2026-06-18,7025.0,6740.02,151.7,156.0,0.1879258301734924,381.6,389.1,0.1486138606262207,6793.5,0.03350894253756819,104,0.00806776178239104
2026-03-06,2026-06-18,7030.0,6740.02,149.3,153.5,0.1872563574981689,386.4,390.7,0.1470622480297088,6792.85,0.03431611741175119,104,0.007961622411108829
2026-03-06,2026-06-18,7040.0,6740.02,141.9,149.0,0.186251194820404,391.4,395.9,0.1454639058589935,6791.8,0.035892168001997043,104,0.007838103036951542
2026-03-06,2026-06-18,7050.0,6740.02,139.9,144.1,0.1848931761741638,396.6,401.0,0.1436986723518371,6793.2,0.03710550497569974,104,0.007691199111948197
2026-03-06,2026-06-18,7060.0,6740.02,133.1,139.7,0.1838613108825683,398.7,407.4,0.1429071305847168,6793.35,0.03850085899601891,104,0.0076060766378436215
2026-03-06,2026-06-18,7070.0,6740.02,128.7,135.2,0.182698793516159,407.3,411.7,0.1402998110771179,6792.45,0.04004877867720108,104,0.007431590583011794
2026-03-06,2026-06-18,7075.0,6740.02,126.5,133.0,0.1821351776313781,410.2,414.9,0.1398306080055237,6792.2,0.04079254854625387,104,0.007384140123672528
2026-03-06,2026-06-18,7080.0,6740.02,124.3,130.7,0.1814809635925293,412.9,417.2,0.1385793998146057,6792.45,0.041462206474347986,104,0.007296998744745179
2026-03-06,2026-06-18,7090.0,6740.02,119.9,126.4,0.1803623148059845,415.1,423.8,0.1377058428764343,6793.7,0.042689628389348144,104,0.007206441578681339
2026-03-06,2026-06-18,7100.0,6740.02,116.4,122.3,0.1793447544860839,420.8,429.5,0.1359663583183288,6794.2,0.044025477002977674,104,0.0070820508063202305
2026-03-06,2026-06-18,7110.0,6740.02,111.6,118.3,0.1783491284561157,426.5,435.3,0.1342058931350708,6794.05,0.04545501466904247,104,0.006958785423475463
2026-03-06,2026-06-18,7120.0,6740.02,107.5,114.2,0.1772180820274352,432.5,441.1,0.1323309881782532,6794.05,0.04686049627777723,104,0.006825578899987291
2026-03-06,2026-06-18,7125.0,6740.02,105.5,112.2,0.1766706784439087,435.2,444.0,0.1313448987960815,6794.25,0.04753305991934438,104,0.006758119154478337
2026-03-06,2026-06-18,7130.0,6740.02,103.6,109.9,0.175865785369873,438.2,446.9,0.1303263848114013,6794.2,0.04824192738191261,104,0.006678341841337753
2026-03-06,2026-06-18,7140.0,6740.02,101.8,105.8,0.1746098088550568,444.1,452.9,0.1283790013313293,6795.3,0.04948157961259807,104,0.006539336154937562
2026-03-06,2026-06-18,7150.0,6740.02,96.6,102.3,0.1737867961502075,450.4,459.2,0.1265842042160034,6794.65,0.050976818891520156,104,0.006426825162701246
2026-03-06,2026-06-18,7160.0,6740.02,92.3,98.7,0.1728235947227478,456.6,465.4,0.124547176246643,6794.5,0.052396519594139254,104,0.006299078797534731
2026-03-06,2026-06-18,7170.0,6740.02,90.6,94.5,0.1712920090866088,462.9,471.6,0.12234802526474,6795.3,0.053674457872634064,104,0.00614201702498738
2026-03-06,2026-06-18,7175.0,6740.02,88.8,92.7,0.1707541421508789,466.0,474.8,0.1212894573593139,6795.35,0.054364206906988614,104,0.006075413875031826
2026-03-06,2026-06-18,7180.0,6740.02,87.1,91.0,0.1702849390792847,469.8,478.5,0.1207325171279907,6794.9,0.05512705226877599,104,0.006032794945893669
2026-03-06,2026-06-18,7190.0,6740.02,83.6,87.5,0.1692149271965027,476.0,485.9,0.1195328068351745,6794.6,0.05656299267640078,104,0.0059390591825181725
2026-03-06,2026-06-18,7200.0,6740.02,80.3,84.1,0.1681658959388733,482.9,492.6,0.1173908757400512,6794.45,0.057974923563893825,104,0.005808518948339521
2026-03-06,2026-06-18,7210.0,6740.02,77.0,80.8,0.1671407063007355,488.8,497.6,0.1129239099121093,6795.7,0.05917889207542076,104,0.005587235398946984
2026-03-06,2026-06-18,7220.0,6740.02,73.8,77.6,0.1661384046173096,495.4,504.2,0.1100781742095947,6795.9,0.06053546374127267,104,0.005434754955862536
2026-03-06,2026-06-18,7225.0,6740.02,70.5,76.5,0.1660697407531738,490.8,514.7,0.1179211133575439,6795.75,0.06124981721035329,104,0.00574498886488194
2026-03-06,2026-06-18,7230.0,6740.02,69.0,74.8,0.1654365073394775,494.2,518.1,0.1167042370986938,6795.75,0.061941619382530656,104,0.0056703791547267485
2026-03-06,2026-06-18,7240.0,6740.02,66.0,72.1,0.1647708493232727,501.1,524.9,0.1140835662841796,6796.05,0.06327964534602219,104,0.0055390531854742926
2026-03-06,2026-06-18,7250.0,6740.02,63.7,69.1,0.1637580573272705,516.3,525.2,0.1011633158493042,6795.65,0.0647187672659861,104,0.004999360775643317
2026-03-06,2026-06-18,7260.0,6740.02,60.3,66.2,0.1627719679450988,515.1,538.9,0.1084989053344726,6796.25,0.06600883935871141,104,0.005241876860099708
2026-03-06,2026-06-18,7270.0,6740.02,57.6,63.4,0.1618106738471984,530.2,539.1,0.0923400093078613,6795.85,0.0674441597862736,104,0.0046011145574048565
2026-03-06,2026-06-18,7275.0,6740.02,56.7,61.8,0.1611049619102478,529.8,538.6,0.0780274082946777,6800.05,0.06751384796135144,104,0.004073401513631409
2026-03-06,2026-06-18,7280.0,6740.02,56.6,60.3,0.1604774504852295,436.2,438.2,1.0000000000000004e-05,6901.25,0.05342830759247739,104,0.0018346897694369144
2026-03-06,2026-06-18,7290.0,6740.02,52.4,57.9,0.1597736458778381,390.3,391.6,1.0000000000000004e-05,6954.2,0.04715775242281603,104,0.0018186332896996539
2026-03-06,2026-06-18,7300.0,6740.02,51.5,55.2,0.1586902826881409,552.2,561.1,0.0685670536804199,6796.7,0.07143714788323292,104,0.003678885808949761
2026-03-06,2026-06-18,7310.0,6740.02,47.5,53.0,0.1580589566040039,555.5,564.7,1.0000000000000004e-05,6800.15,0.07229860299938895,104,0.0017798100577776446
2026-03-06,2026-06-18,7320.0,6740.02,45.6,50.7,0.1572559708595275,383.7,387.1,1.0000000000000004e-05,6982.75,0.04716750598176372,104,0.0017617732201373525
2026-03-06,2026-06-18,7325.0,6740.02,44.4,49.6,0.1568821342658996,563.0,586.8,0.075555509185791,6797.1,0.07479710427374997,104,0.0038485170148705654
2026-03-06,2026-06-18,7350.0,6740.02,39.0,44.1,0.154744017829895,582.3,606.2,1.0000000000000004e-05,6797.3,0.07817483871494085,104,0.0017059423476626903
2026-03-06,2026-06-18,7360.0,6740.02,37.1,42.0,0.1538723682212829,425.8,415.0,1.0000000000000004e-05,6979.15,0.053132799886162395,104,0.001686779080778501
2026-03-06,2026-06-18,7370.0,6740.02,35.3,40.1,0.1531628416252136,606.4,615.4,1.0000000000000004e-05,6796.8,0.08096579301587188,104,0.0016712600128770193
2026-03-06,2026-06-18,7375.0,6740.02,34.6,39.2,0.1528424102592468,610.4,619.4,1.0000000000000004e-05,6797.0,0.08161456386138229,104,0.0016642749106125716
2026-03-06,2026-06-18,7380.0,6740.02,33.5,38.3,0.1525048129272461,614.4,623.4,1.0000000000000004e-05,6797.0,0.08229230024787994,104,0.0016569314307343967
2026-03-06,2026-06-18,7400.0,6740.02,29.8,34.8,0.151101018371582,629.7,640.9,1.0000000000000004e-05,6797.0,0.08499866184562287,104,0.0016265699635772915
2026-03-06,2026-06-18,7425.0,6740.02,27.5,30.8,0.1494301976776123,476.4,477.8,1.0000000000000004e-05,6977.05,0.062226493353443865,104,0.0015907991499452597
2026-03-06,2026-06-18,7450.0,6740.02,24.1,27.3,0.1480111444854736,665.7,689.7,1.0000000000000004e-05,6798.0,0.09158558111754386,104,0.0015607307933822622
2026-03-06,2026-06-18,7475.0,6740.02,20.2,24.1,0.1465997206115722,512.9,516.1,1.0000000000000004e-05,6982.65,0.06813561839317478,104,0.0015311086701996844
2026-03-06,2026-06-18,7500.0,6740.02,17.0,22.0,0.1465730179977417,709.4,733.4,1.0000000000000004e-05,6798.1,0.09825985916764944,104,0.0015305509871191313
2026-03-06,2026-06-18,7525.0,6740.02,15.2,18.7,0.1440858602523803,550.1,553.8,1.0000000000000004e-05,6990.0,0.07375025438922056,104,0.001479052165722497
2026-03-06,2026-06-18,7575.0,6740.02,11.3,14.6,0.1423044144439697,779.9,789.0,1.0000000000000004e-05,6803.5,0.1074161657466568,104,0.005770018691794723
2026-03-06,2026-06-18,7600.0,6740.02,10.1,13.1,0.142025944328308,800.2,824.2,1.0000000000000004e-05,6799.4,0.11131387429730456,104,0.005747458525162069
2026-03-06,2026-06-18,7625.0,6740.02,8.4,11.5,0.1411676460266113,827.0,835.3,1.0000000000000004e-05,6803.8,0.11395104286572498,104,0.005678201768789702
2026-03-06,2026-06-18,7650.0,6740.02,7.4,10.3,0.1409616544342041,606.9,610.3,1.0000000000000004e-05,7050.25,0.08164257065008555,104,0.0014156114827447485
2026-03-06,2026-06-18,7700.0,6740.02,5.5,8.2,0.1404810073852539,894.4,918.4,1.0000000000000004e-05,6800.45,0.1242315423965549,104,0.005623098622853368
2026-03-06,2026-06-18,7725.0,6740.02,4.6,7.1,0.1395654891967773,918.3,942.3,1.0000000000000004e-05,6800.55,0.12745833151960814,104,0.005550045700198683
2026-03-06,2026-06-18,7750.0,6740.02,4.0,6.4,0.1396951876068115,942.3,966.3,1.0000000000000004e-05,6800.9,0.13063788699989592,104,0.00556036582414311
2026-03-06,2026-06-18,7800.0,6740.02,2.8,5.2,0.1400232482910156,991.6,1006.8,1.0000000000000004e-05,6804.8,0.13649548817831397,104,0.005586512456012629
2026-03-06,2026-06-18,7825.0,6740.02,2.4,4.7,0.1402673864746093,1014.8,1038.8,1.0000000000000004e-05,6801.75,0.14014380441256707,104,0.005606010218288794
2026-03-06,2026-06-18,7900.0,6740.02,1.6,3.7,0.142411224899292,984.2,992.4,1.0000000000000004e-05,6914.35,0.13326379732826363,104,0.005778683631892985
2026-03-06,2026-06-18,8000.0,6740.02,0.85,2.65,0.1448602360534668,1185.9,1209.9,1.0000000000000004e-05,6803.85,0.16195291324461308,104,0.005979141783299936
2026-03-06,2026-06-18,8100.0,6740.02,0.4,2.05,0.1486901538085937,1019.7,1025.5,1.0000000000000004e-05,7078.625,0.13478438187333028,104,0.0062994828255364885
2026-03-06,2026-06-18,8200.0,6740.02,0.1,1.6,0.1524437783813477,1108.8,1113.0,1.0000000000000004e-05,7089.95,0.14545586593721585,104,0.0066215533670873185
2026-03-06,2026-06-18,8300.0,6740.02,0.0,1.35,0.1574180938720703,1228.0,1236.7,1.0000000000000004e-05,7068.325,0.1606319795120276,104,0.007060732747794131
2026-03-06,2026-06-18,8400.0,6740.02,0.0,1.15,0.1623313748168945,1537.0,1561.0,1.0000000000000004e-05,6851.575,0.203753152996998,104,0.007508365550668716
2026-03-06,2026-06-18,8500.0,6740.02,0.0,1.05,0.168251725769043,1678.9,1702.9,1.0000000000000004e-05,6809.625,0.22172911093033712,104,0.00806602437074841
2026-03-06,2026-06-18,8800.0,6740.02,0.0,0.85,0.1860432958984375,2225.6,2258.5,0.5117751307106018,6558.375,0.2940088626288328,104,0.00986208007306951
2026-03-06,2026-06-18,9000.0,6740.02,0.0,0.5,0.1898274377441406,2178.3,2190.4,1.0000000000000004e-05,6815.9,0.2779664592783327,104,0.010267351880911178
2026-03-06,2026-06-18,9200.0,6740.02,0.1,0.65,0.2077105596923827,2308.8,2332.8,1.0000000000000004e-05,6879.575,0.29064660727360253,104,0.012292992786858026
2026-03-06,2026-06-18,9400.0,6740.02,0.0,0.6,0.2187578124999999,2566.6,2590.4,1.0000000000000004e-05,6821.8,0.32058632262511383,104,0.013635391712596305
2026-03-06,2026-06-18,9600.0,6740.02,0.0,0.6,0.2310867907714844,2655.8,2675.1,1.0000000000000004e-05,6934.85,0.32520367435692055,104,0.015215657277760645
2026-03-06,2026-06-18,10000.0,6740.02,0.0,0.5,0.2506178454589843,3161.2,3185.2,1.0000000000000004e-05,6827.05,0.3816924307235821,104,0.017896349764658485
2026-03-06,2026-06-18,10400.0,6740.02,0.0,0.45,0.2702709692382812,3556.6,3580.6,1.0000000000000004e-05,6831.625,0.42024323992628343,104,0.02081321991384108
2026-03-06,2026-06-18,11000.0,6740.02,0.0,0.45,0.3013985876464844,4149.7,4173.7,1.0000000000000004e-05,6838.525000000001,0.4753232076931193,104,0.025883493967317088
2026-03-06,2026-06-18,12000.0,6740.02,0.0,0.4,0.3455875988769531,5136.6,5160.4,1.0000000000000004e-05,6851.7,0.5604098531217512,104,0.034029594530805306
2026-03-06,2026-06-18,12400.0,6740.02,0.0,0.4,0.3631655480957031,5537.9,5551.1,1.0000000000000004e-05,6855.7,0.592616049565773,104,0.037579392859342066
2026-03-06,2026-06-30,2600.0,6740.02,4142.6,4160.6,0.7992573785400392,4.6,6.5,0.7237271279907226,6746.05,-0.9534457033841398,116,0.1664618927989183
2026-03-06,2026-06-30,3000.0,6740.02,3745.1,3768.9,0.7300594621276855,7.2,9.3,0.655749902496338,6748.75,-0.81074501388225,116,0.1366600559352849
2026-03-06,2026-06-30,4000.0,6740.02,2652.0,2740.9,0.3314275842285156,17.9,20.7,0.5051471604919433,6677.15,-0.5123968886824752,116,0.08109628448042872
2026-03-06,2026-06-30,4500.0,6740.02,2283.8,2307.6,0.5068332398223877,26.9,30.0,0.4415644223022461,6767.25,-0.4080174037843087,116,0.06196597295616848
2026-03-06,2026-06-30,4600.0,6740.02,2191.8,2204.1,0.5018665536499024,29.2,32.3,0.4280071237945557,6767.2,-0.3860311085126183,116,0.058219318822441156
2026-03-06,2026-06-30,4650.0,6740.02,2366.0,2377.1,0.7936231270217896,30.5,33.6,0.4214993153381348,6989.5,-0.4075418033297811,116,0.05646233985846548
2026-03-06,2026-06-30,4700.0,6740.02,2306.0,2316.6,0.7663635729598999,31.8,35.0,0.4151402785873413,6977.9,-0.39518550319208556,116,0.0547715296028678
2026-03-06,2026-06-30,4750.0,6740.02,2043.4,2067.2,0.4921239142608643,33.3,36.5,0.4089071255874634,6770.4,-0.35441555132720926,116,0.05313913515977913
2026-03-06,2026-06-30,4800.0,6740.02,1995.6,2019.4,0.4844526347732544,34.8,38.0,0.4025404595184326,6771.1,-0.3440476373478324,116,0.05149726931430154
2026-03-06,2026-06-30,4900.0,6740.02,2138.9,2148.9,0.7408835573768614,38.1,41.4,0.3903259210205078,7004.15,-0.3572676254112217,116,0.048419456591723
2026-03-06,2026-06-30,4950.0,6740.02,1769.1,1784.9,1.0000000000000004e-05,40.0,43.2,0.384211022453308,6685.4,-0.3005384676357439,116,0.04691424858590548
2026-03-06,2026-06-30,5000.0,6740.02,1805.1,1829.0,0.4542042952919006,41.9,45.1,0.3781495291137695,6773.55,-0.3035874092854362,116,0.045445643010410985
2026-03-06,2026-06-30,5050.0,6740.02,1850.3,1859.6,0.5434310794067384,43.9,47.2,0.3723245446395874,6859.4,-0.3062317310685141,116,0.044056344434972146
2026-03-06,2026-06-30,5100.0,6740.02,1712.2,1752.8,0.4650074099159241,46.1,49.4,0.3665110041427611,6784.75,-0.2854369068939347,116,0.04269127855971854
2026-03-06,2026-06-30,5125.0,6740.02,1691.5,1701.3,0.4219532597732544,47.2,50.5,0.3635355700302124,6772.55,-0.27874715272346895,116,0.042000933804258116
2026-03-06,2026-06-30,5150.0,6740.02,1667.7,1679.0,0.4203186783409118,48.4,51.7,0.3606974636459349,6773.3,-0.27399169809457474,116,0.04134769477411185
2026-03-06,2026-06-30,5175.0,6740.02,1643.7,1653.8,0.4144421959686278,49.5,52.9,0.3578097666931152,6772.55,-0.26903833859650816,116,0.04068829638453112
2026-03-06,2026-06-30,5200.0,6740.02,1616.5,1640.3,0.4248714739990235,50.8,54.1,0.3548724791717528,6775.95,-0.26472095275049506,116,0.04002301170116907
2026-03-06,2026-06-30,5225.0,6740.02,1597.2,1608.4,0.4097482579231262,52.1,55.3,0.3518856010818481,6774.1,-0.25965171876228593,116,0.03935211847904956
2026-03-06,2026-06-30,5250.0,6740.02,1794.0,1801.9,0.6400544875526429,53.4,56.7,0.3491924517440796,6992.9,-0.2866672720016511,116,0.03875206227173918
2026-03-06,2026-06-30,5275.0,6740.02,1546.3,1570.2,0.4142686289787293,54.7,58.0,0.3462742375183105,6776.9,-0.2505410908913297,116,0.03810706388490665
2026-03-06,2026-06-30,5325.0,6740.02,1503.1,1513.3,0.3939307738876342,57.5,60.9,0.3407658697509765,6774.0,-0.24067904280009111,116,0.03690432834659776
2026-03-06,2026-06-30,5400.0,6740.02,1576.3,1591.5,0.5354069439506531,62.0,65.4,0.3323068631553649,6920.2,-0.2480457173758065,116,0.035094878769365415
2026-03-06,2026-06-30,5500.0,6740.02,1337.2,1355.2,0.3751855389785767,68.8,72.2,0.3213683281326294,6775.7,-0.2085945902232994,116,0.03282247087645018
2026-03-06,2026-06-30,5525.0,6740.02,1535.7,1544.3,0.5755733971405029,70.6,74.1,0.3187476573181151,6992.65,-0.2355763500153176,116,0.032289337011811615
2026-03-06,2026-06-30,5600.0,6740.02,1466.5,1473.8,0.5583311379241944,76.4,79.9,0.3106109894180297,6992.0,-0.22200004061213083,116,0.030661878527892317
2026-03-06,2026-06-30,5650.0,6740.02,1228.5,1264.4,0.4022925066757202,80.5,84.1,0.3052628373336792,6814.15,-0.18734578733974588,116,0.02961508598195332
2026-03-06,2026-06-30,5675.0,6740.02,1204.9,1243.3,0.3998682908058167,82.7,86.3,0.3026002052688599,6814.6,-0.18299680600123933,116,0.02910070841242661
2026-03-06,2026-06-30,5700.0,6740.02,1307.1,1321.4,0.4874452348518372,85.0,88.6,0.2999833491134643,6927.45,-0.1950256052774741,116,0.02859956474098178
2026-03-06,2026-06-30,5725.0,6740.02,1164.8,1200.9,0.3946040612220765,87.4,91.0,0.2974046395492553,6818.65,-0.17481895560685548,116,0.028109984319312345
2026-03-06,2026-06-30,5750.0,6740.02,1141.2,1178.6,0.3908370853424072,89.8,93.4,0.2947458221435546,6818.3,-0.17041031911179375,116,0.027609620717384306
2026-03-06,2026-06-30,5800.0,6740.02,1068.0,1091.9,0.3437603771591186,94.8,98.5,0.2895273684692382,6783.3,-0.1566057916511329,116,0.026640622637687003
2026-03-06,2026-06-30,5825.0,6740.02,1049.5,1059.9,0.3310251376914978,97.5,101.2,0.2869562882232666,6780.35,-0.15186972358702788,116,0.02616957182657928
2026-03-06,2026-06-30,5850.0,6740.02,1221.6,1229.4,0.4937089051246644,100.2,104.0,0.2844061886024475,6973.4,-0.17566124946859404,116,0.025706515324337063
2026-03-06,2026-06-30,5875.0,6740.02,1031.8,1047.9,0.3542163578033447,103.1,106.8,0.2817683518218994,6809.9,-0.14767137573557104,116,0.025231876367829708
2026-03-06,2026-06-30,5900.0,6740.02,1193.4,1199.6,0.4954045211029052,106.0,109.7,0.2791457736778259,6988.65,-0.1693350536342461,116,0.024764367407162393
2026-03-06,2026-06-30,5925.0,6740.02,995.5,1031.4,0.3708120322990418,109.0,112.8,0.2766338206481933,6827.55,-0.14178521064250216,116,0.024320677819902322
2026-03-06,2026-06-30,5950.0,6740.02,976.1,1010.2,0.3675209351444244,112.1,115.9,0.2740303157997131,6829.15,-0.13780899532881422,116,0.023865049921549857
2026-03-06,2026-06-30,5975.0,6740.02,954.8,990.2,0.3651663368034363,115.3,119.1,0.2714287182807923,6830.3,-0.13378449866579978,116,0.02341405944240063
2026-03-06,2026-06-30,6000.0,6740.02,894.3,918.1,0.3187304913520812,118.6,122.4,0.2688290280914306,6785.7,-0.1230579874918532,116,0.022967696920470276
2026-03-06,2026-06-30,6025.0,6740.02,1072.1,1079.9,0.4627834636497498,121.9,125.8,0.2662255232429504,6977.15,-0.14672304456097165,116,0.02252498463072328
2026-03-06,2026-06-30,6050.0,6740.02,895.5,927.9,0.355715518836975,125.4,129.3,0.2636162964057923,6834.35,-0.12190309485458858,116,0.022085621919895784
2026-03-06,2026-06-30,6060.0,6740.02,843.3,867.2,0.3113844115543364,126.9,130.8,0.2626349753475189,6786.4,-0.11321080943016477,116,0.02192149893696399
2026-03-06,2026-06-30,6075.0,6740.02,874.5,907.8,0.3529517983055114,129.0,133.0,0.261086223745346,6835.15,-0.11789642657535539,116,0.02166372022639498
2026-03-06,2026-06-30,6090.0,6740.02,818.1,842.0,0.3077442730903625,131.2,135.2,0.2595002792167663,6786.85,-0.1083388346799977,116,0.021401330986233546
2026-03-06,2026-06-30,6100.0,6740.02,960.8,969.6,0.4137517426681518,132.7,136.7,0.258451247959137,6930.5,-0.1276431894920051,116,0.02122865073509506
2026-03-06,2026-06-30,6125.0,6740.02,788.8,812.7,0.3034241716384888,136.6,140.5,0.2558000598716736,6787.2,-0.10265972895743557,116,0.020795358337317285
2026-03-06,2026-06-30,6150.0,6740.02,768.1,791.9,0.3003400197410583,140.5,144.5,0.2532156283187866,6787.5,-0.0986306034416273,116,0.024346004957451213
2026-03-06,2026-06-30,6175.0,6740.02,747.4,771.3,0.2973245317077636,144.5,148.5,0.2505205716514587,6787.85,-0.09462536679409682,116,0.023846283454700353
2026-03-06,2026-06-30,6200.0,6740.02,732.3,742.7,0.2879309336280821,148.7,152.7,0.2478827348709106,6786.8,-0.09043025713560154,116,0.0228103899538633
2026-03-06,2026-06-30,6225.0,6740.02,711.9,722.3,0.2849602678394316,152.9,157.0,0.245212473487854,6787.15,-0.08645767620221044,116,0.022332632695200496
2026-03-06,2026-06-30,6250.0,6740.02,691.2,698.1,0.2789626700401305,157.3,161.5,0.2425879880142211,6785.25,-0.08216967484351352,116,0.02161215774956408
2026-03-06,2026-06-30,6260.0,6740.02,878.8,886.4,0.423109101486206,159.2,163.2,0.2414245169830322,6981.4,-0.10906928461608838,116,0.018523705475224347
2026-03-06,2026-06-30,6270.0,6740.02,870.2,877.7,0.4209747997093201,161.0,165.1,0.2404021883392333,6980.9,-0.10740149364550684,116,0.01836715783660793
2026-03-06,2026-06-30,6275.0,6740.02,786.1,798.7,0.3657900335693359,161.9,166.0,0.2398433407783508,6903.45,-0.09544780162701715,116,0.02914236093038135
2026-03-06,2026-06-30,6300.0,6740.02,651.3,662.0,0.2761302856445312,166.6,170.7,0.2371368401336669,6788.0,-0.07460671397449291,116,0.020931098985571966
2026-03-06,2026-06-30,6310.0,6740.02,643.6,652.9,0.2740875356864929,168.5,172.6,0.2360344036483764,6787.7,-0.07297647420283845,116,0.020675362730773354
2026-03-06,2026-06-30,6325.0,6740.02,823.2,830.1,0.4092790548515319,171.4,175.5,0.23438265625,6978.2,-0.09828096924786056,116,0.032917017950154545
2026-03-06,2026-06-30,6330.0,6740.02,818.0,826.0,0.408364490327835,172.3,176.5,0.2338486039733886,6977.6,-0.09740478195028024,116,0.03276901944182636
2026-03-06,2026-06-30,6350.0,6740.02,611.8,621.3,0.2693497290611266,176.3,180.5,0.2316551749801635,6788.15,-0.06672363204290818,116,0.019942935622819853
2026-03-06,2026-06-30,6360.0,6740.02,792.9,799.2,0.40127399269104,178.3,182.5,0.2305279432106018,6975.65,-0.09239713597764125,116,0.03171516958921317
2026-03-06,2026-06-30,6375.0,6740.02,780.6,787.4,0.3988287961959839,181.4,185.6,0.2288723811531067,6975.5,-0.09001991868153583,116,0.0313048062282674
2026-03-06,2026-06-30,6390.0,6740.02,767.3,773.3,0.3947432962799073,184.5,188.7,0.2271691358566284,6973.7,-0.08741166201877325,116,0.03073007431269439
2026-03-06,2026-06-30,6400.0,6740.02,576.0,580.7,0.2622315751457215,186.6,190.9,0.2261057996273041,6789.6,-0.059094039307703926,116,0.018947200976455077
2026-03-06,2026-06-30,6420.0,6740.02,671.2,679.6,0.3407391671371459,190.9,195.2,0.2238370311164855,6902.35,-0.07244381562738449,116,0.025325047192879976
2026-03-06,2026-06-30,6425.0,6740.02,556.7,561.3,0.2591550525665284,192.0,196.3,0.2232743688964843,6789.85,-0.05523221923455362,116,0.018491523983838295
2026-03-06,2026-06-30,6430.0,6740.02,734.2,740.6,0.3871807345771789,193.1,197.5,0.2227794168758392,6972.1,-0.08094193239201772,116,0.029560247135498836
2026-03-06,2026-06-30,6450.0,6740.02,537.6,542.2,0.2561719891357422,197.6,202.0,0.2205201850128173,6790.1,-0.05138553819497522,116,0.018054321747780648
2026-03-06,2026-06-30,6460.0,6740.02,658.7,667.0,0.3474281719017028,199.9,204.2,0.2193214283847809,6920.8,-0.06890205208951702,116,0.025520405954306255
2026-03-06,2026-06-30,6470.0,6740.02,701.4,707.8,0.3793702200317382,202.2,206.6,0.2182409261894225,6970.2,-0.07446781025253789,116,0.02837543391930224
2026-03-06,2026-06-30,6475.0,6740.02,518.7,523.3,0.2532022770118713,203.3,207.7,0.2176210440826415,6790.5,-0.04757596897638448,116,0.017612502440842562
2026-03-06,2026-06-30,6490.0,6740.02,507.4,511.9,0.2513159280776977,206.8,211.3,0.2159387794113159,6790.6,-0.0452767721936325,116,0.01734652572177717
2026-03-06,2026-06-30,6500.0,6740.02,500.0,504.6,0.2502421015357971,209.2,213.7,0.2147857986927032,6790.85,-0.04377394092839482,116,0.017181582169142232
2026-03-06,2026-06-30,6510.0,6740.02,492.5,497.1,0.2490061519813537,211.7,216.2,0.2136785938835144,6790.85,-0.04223666160950836,116,0.01700887136335641
2026-03-06,2026-06-30,6520.0,6740.02,484.3,486.3,0.2454661483192444,214.2,218.7,0.2125465937900543,6788.85,-0.04040718457212294,116,0.01666710818109559
2026-03-06,2026-06-30,6525.0,6740.02,481.4,486.0,0.2472161231899261,215.4,219.9,0.2119362483310699,6791.05,-0.03996461558170068,116,0.016750153720348732
2026-03-06,2026-06-30,6530.0,6740.02,651.7,658.5,0.3672376967048645,216.7,221.1,0.2113192272186279,6966.2,-0.06466293912474436,116,0.026594836472259187
2026-03-06,2026-06-30,6540.0,6740.02,597.9,607.6,0.3361100782966614,219.2,223.7,0.2102053467559814,6921.3,-0.056666447788428144,116,0.023713303468117924
2026-03-06,2026-06-30,6550.0,6740.02,463.1,467.6,0.2441901448440552,221.7,226.2,0.2089970534801482,6791.4,-0.03619205623713185,116,0.016317754698693933
2026-03-06,2026-06-30,6560.0,6740.02,629.1,635.2,0.3619210155582428,224.3,228.8,0.2078307214546203,6965.6,-0.059993145576271174,116,0.025791490994646758
2026-03-06,2026-06-30,6570.0,6740.02,622.2,627.5,0.3601662723636626,226.9,231.5,0.2067073043441771,6965.65,-0.05847709414252394,116,0.025531572348264742
2026-03-06,2026-06-30,6575.0,6740.02,444.9,449.5,0.2412261547088623,228.2,232.8,0.2061007735443114,6791.7,-0.0324267003584045,116,0.015898465867047067
2026-03-06,2026-06-30,6580.0,6740.02,441.3,445.8,0.2405624040222168,229.5,234.1,0.2054875670909881,6791.75,-0.03167389498496613,116,0.015807826644308593
2026-03-06,2026-06-30,6585.0,6740.02,437.7,442.3,0.2400273980808258,230.8,235.5,0.2049353951835632,6791.85,-0.03092902876427522,116,0.01573086228575281
2026-03-06,2026-06-30,6590.0,6740.02,434.1,438.7,0.2394189599514007,232.2,236.9,0.2043765476226806,6791.85,-0.03017001544510379,116,0.015648435955466184
2026-03-06,2026-06-30,6595.0,6740.02,430.5,435.2,0.2388725100326538,233.5,238.2,0.2037433142089843,6792.0,-0.029433662839768254,116,0.015565354159463116
2026-03-06,2026-06-30,6600.0,6740.02,426.9,431.7,0.2383193844604492,234.9,239.6,0.2031701616764068,6792.05,-0.028683161551454506,116,0.015486239893412837
2026-03-06,2026-06-30,6610.0,6740.02,419.8,424.5,0.2370595932865142,237.7,242.3,0.2019351657867431,6792.15,-0.02718387970723925,116,0.015311713852931038
2026-03-06,2026-06-30,6615.0,6740.02,416.3,421.0,0.236488348083496,239.1,243.7,0.2013419862937926,6792.25,-0.02644245877415188,116,0.015230593559799787
2026-03-06,2026-06-30,6620.0,6740.02,412.8,417.5,0.2359104272270202,240.6,245.1,0.2007402238178253,6792.3,-0.02569424769598827,116,0.015148629974462287
2026-03-06,2026-06-30,6625.0,6740.02,409.2,413.9,0.2352581205177307,241.9,246.6,0.2001994958877563,6792.3,-0.024939245772619193,116,0.015065963657207943
2026-03-06,2026-06-30,6630.0,6740.02,405.7,410.4,0.2346687556838989,243.4,248.0,0.199583428440094,6792.35,-0.024192174696779693,116,0.01498266800843093
2026-03-06,2026-06-30,6640.0,6740.02,566.4,571.9,0.3463343183994293,246.2,250.9,0.1983970694541931,6960.6,-0.0471537140389366,116,0.02357598976020569
2026-03-06,2026-06-30,6650.0,6740.02,391.7,396.5,0.2323093890190124,249.2,253.8,0.197180193195343,6792.6,-0.021216929662218983,116,0.014655829412847082
2026-03-06,2026-06-30,6655.0,6740.02,388.3,393.0,0.2316875995826721,250.5,255.3,0.1965936893558502,6792.75,-0.020487415093955588,116,0.014573482222439505
2026-03-06,2026-06-30,6660.0,6740.02,384.8,389.6,0.2311249373626709,252.1,256.8,0.1959995561981201,6792.75,-0.01973638238873275,116,0.014494862073937817
2026-03-06,2026-06-30,6670.0,6740.02,377.9,382.6,0.2298470265579223,255.0,259.8,0.1947884019279479,6792.85,-0.01825072848329004,116,0.014326416894893097
2026-03-06,2026-06-30,6675.0,6740.02,374.5,379.3,0.2293320475769042,256.6,261.3,0.194171380815506,6792.95,-0.017516105377582372,116,0.01425013551217434
2026-03-06,2026-06-30,6680.0,6740.02,371.1,375.8,0.228675926208496,258.0,262.8,0.1935467303848266,6793.05,-0.016782043151702522,116,0.014164074467071129
2026-03-06,2026-06-30,6690.0,6740.02,509.0,511.3,0.3221045573425292,261.1,265.9,0.1923384371089935,6936.65,-0.036205074903395786,116,0.021027112990869137
2026-03-06,2026-06-30,6695.0,6740.02,360.9,365.7,0.2269345343208312,262.6,267.5,0.1917557479286194,6793.25,-0.01456849297973277,116,0.01392806855083182
2026-03-06,2026-06-30,6700.0,6740.02,357.5,362.4,0.2263852234077453,264.3,269.1,0.1911644757652282,6793.25,-0.01382194572594817,116,0.013852287087955559
2026-03-06,2026-06-30,6710.0,6740.02,350.8,355.7,0.2251969570922851,267.4,272.2,0.1898922869491577,6793.45,-0.012359961695117891,116,0.013689515986432867
2026-03-06,2026-06-30,6715.0,6740.02,347.5,352.3,0.2245599090194701,269.0,273.8,0.1892762195014954,6793.5,-0.011622442707040343,116,0.013606986018650446
2026-03-06,2026-06-30,6720.0,6740.02,344.1,348.9,0.2239152316284179,270.7,275.4,0.188651569070816,6793.45,-0.010870758143650138,116,0.013523642701744769
2026-03-06,2026-06-30,6725.0,6740.02,340.8,345.6,0.2233306351184844,272.2,277.0,0.1880192893218994,6793.6,-0.01014906703889715,116,0.013443983698016915
2026-03-06,2026-06-30,6730.0,6740.02,337.5,342.3,0.2227384092903137,273.9,278.6,0.1873774729251861,6793.65,-0.009413208711190845,116,0.01336344128360694
2026-03-06,2026-06-30,6740.0,6740.02,330.9,335.7,0.2215310696792602,277.1,281.9,0.1861348477172851,6793.8,-0.007950506641696177,116,0.01320425618081162
2026-03-06,2026-06-30,6745.0,6740.02,327.7,332.5,0.2209827124309539,278.8,283.6,0.1855330852413177,6793.9,-0.007223661100758476,116,0.013129856764264591
2026-03-06,2026-06-30,6750.0,6740.02,324.4,329.1,0.2202951201248169,280.4,285.3,0.1849227397823333,6793.9,-0.0064826458760392615,116,0.013046147686696421
2026-03-06,2026-06-30,6760.0,6740.02,317.8,322.6,0.219094456167221,283.8,288.7,0.1836743925857544,6793.95,-0.005009620221643227,116,0.012888930466433203
2026-03-06,2026-06-30,6770.0,6740.02,311.4,316.2,0.2179300314712524,287.4,292.1,0.1823907597923278,6794.05,-0.0035461422219234986,116,0.012732726963339918
2026-03-06,2026-06-30,6775.0,6740.02,308.2,313.0,0.217336851978302,289.1,293.8,0.18173368475914,6794.15,-0.002822581033291593,116,0.012653319193055866
2026-03-06,2026-06-30,6780.0,6740.02,305.0,309.8,0.2167350895023345,290.6,295.6,0.1811338296127319,6794.3,-0.002106923419986144,116,0.012577234594893004
2026-03-06,2026-06-30,6790.0,6740.02,298.6,303.5,0.2155744794654846,294.2,299.1,0.1798406601715087,6794.4,-0.0006478019130576767,116,0.012422577662931904
2026-03-06,2026-06-30,6795.0,6740.02,295.5,300.3,0.2149498290348053,296.0,300.9,0.1792121950817108,6794.45,8.094514499128314e-05,116,0.01234396530524176
2026-03-06,2026-06-30,6800.0,6740.02,292.3,297.2,0.2143833521556854,297.8,302.6,0.1785074368095398,6794.55,0.0008017919374999406,116,0.012264471204267938
2026-03-06,2026-06-30,6805.0,6740.02,289.2,294.0,0.2137415357589721,299.6,304.5,0.1779257012939453,6794.55,0.001536815858868374,116,0.012188201405039232
2026-03-06,2026-06-30,6810.0,6740.02,286.1,290.9,0.213158846578598,301.4,306.3,0.1772676725959777,6794.65,0.0022565823470249826,116,0.012111104491420508
2026-03-06,2026-06-30,6815.0,6740.02,283.0,287.7,0.2125017715454101,303.2,308.1,0.1765991535854339,6794.7,0.002983168630409092,116,0.012029003748473103
2026-03-06,2026-06-30,6820.0,6740.02,279.9,284.6,0.2119028700637817,305.0,309.9,0.1759210979270935,6794.8,0.0037018580923517687,116,0.011950179381636807
2026-03-06,2026-06-30,6825.0,6740.02,276.8,281.6,0.211361188468933,306.9,311.8,0.1752974011611938,6794.85,0.004427368766761556,116,0.01187846872084385
2026-03-06,2026-06-30,6830.0,6740.02,273.7,278.5,0.2107451210212707,308.8,313.7,0.1746651214122772,6794.85,0.005159701278436956,116,0.011801892038925751
2026-03-06,2026-06-30,6840.0,6740.02,267.6,272.4,0.2095530400466919,312.6,317.4,0.1733004271125793,6795.0,0.0066006840313520936,116,0.01164582614290515
2026-03-06,2026-06-30,6845.0,6740.02,264.6,269.3,0.2089121773147582,314.5,319.3,0.1726357227611542,6795.05,0.0073240528126484895,116,0.011566534798678944
2026-03-06,2026-06-30,6850.0,6740.02,261.5,266.4,0.2083933836746215,316.4,321.2,0.171959574432373,6795.15,0.008039529859489684,116,0.01149419947803149
2026-03-06,2026-06-30,6855.0,6740.02,258.5,263.3,0.207735354976654,318.2,323.2,0.171339692325592,6795.2,0.008761832437408126,116,0.011417092748298087
2026-03-06,2026-06-30,6860.0,6740.02,255.5,260.4,0.2071993953704833,320.4,325.1,0.1706416097068787,6795.2,0.00949096116092413,116,0.011342879255940441
2026-03-06,2026-06-30,6865.0,6740.02,252.6,257.4,0.2065890499114989,322.1,327.1,0.1699988396453857,6795.4,0.010190126535576523,116,0.011267766351414634
2026-03-06,2026-06-30,6870.0,6740.02,249.6,254.4,0.2059710751342773,324.2,329.0,0.1692778690719604,6795.4,0.010918193549900283,116,0.01118778447591503
2026-03-06,2026-06-30,6875.0,6740.02,246.6,251.4,0.2053426100444793,326.3,331.0,0.1686122110557556,6795.35,0.011653088813938669,116,0.011110750790408637
2026-03-06,2026-06-30,6880.0,6740.02,243.7,248.5,0.2047713648414611,328.2,333.0,0.1679351090621948,6795.5,0.012358023531987285,116,0.01103669412329096
2026-03-06,2026-06-30,6885.0,6740.02,240.8,245.6,0.2041924903202056,330.1,335.6,0.1676480559635162,6795.35,0.013106577441921894,116,0.01098546949029239
2026-03-06,2026-06-30,6890.0,6740.02,237.9,242.7,0.2036040791511535,332.2,337.1,0.1666123760128022,6795.65,0.013788383424969856,116,0.010889716401509021
2026-03-06,2026-06-30,6895.0,6740.02,235.0,239.8,0.2030051776695251,334.2,339.1,0.1658990347576141,6795.75,0.014499094457122432,116,0.010812655398488077
2026-03-06,2026-06-30,6900.0,6740.02,232.1,236.8,0.2023318903350829,336.3,341.2,0.1652410060596466,6795.7,0.015231352381776735,116,0.010734753947277548
2026-03-06,2026-06-30,6905.0,6740.02,229.2,234.0,0.2017816257572174,338.4,343.3,0.1645705797195434,6795.75,0.01594837007311275,116,0.010663573192528537
2026-03-06,2026-06-30,6910.0,6740.02,226.4,231.2,0.2012218245315551,340.0,345.3,0.1638209992027283,6796.15,0.016613362406526493,116,0.010587483922293354
2026-03-06,2026-06-30,6915.0,6740.02,223.6,228.3,0.2005866837882995,342.5,347.4,0.1631248239135742,6796.0,0.017358761307035887,116,0.010510399353995434
2026-03-06,2026-06-30,6920.0,6740.02,220.8,225.5,0.2000087629318237,344.7,349.5,0.1624162509822845,6796.05,0.018074208577975412,116,0.010436177618105766
2026-03-06,2026-06-30,6925.0,6740.02,217.9,222.8,0.1994880619621276,346.8,352.1,0.1620357387351989,6795.9,0.018818562909940016,116,0.010384340536023473
2026-03-06,2026-06-30,6930.0,6740.02,215.1,220.0,0.1988891604804992,349.0,353.8,0.1610286687278747,6796.15,0.019503537828759757,116,0.01029228621830131
2026-03-06,2026-06-30,6935.0,6740.02,212.4,217.2,0.1982826296806335,351.2,356.0,0.1603477520751953,6796.2,0.020217421314208985,116,0.010218785673511274
2026-03-06,2026-06-30,6940.0,6740.02,209.6,214.4,0.1976646549034118,353.0,358.2,0.1596553914451599,6796.4,0.020908714289246712,116,0.010144248904531009
2026-03-06,2026-06-30,6945.0,6740.02,206.9,211.6,0.1970371434783935,355.2,360.4,0.1589477721786499,6796.45,0.021621559167929936,116,0.010068582315301965
2026-03-06,2026-06-30,6950.0,6740.02,204.2,208.9,0.1964678056049347,357.4,362.6,0.1582268016052246,6796.55,0.02232652908286833,116,0.00999572511543865
2026-03-06,2026-06-30,6955.0,6740.02,201.4,206.2,0.1958870237541199,359.9,364.8,0.157492479724884,6796.45,0.023060408337029128,116,0.009921740084638229
2026-03-06,2026-06-30,6960.0,6740.02,198.8,203.5,0.195297658920288,362.2,367.0,0.1567428992080689,6796.55,0.023764343852495883,116,0.009846696116308016
2026-03-06,2026-06-30,6965.0,6740.02,196.1,200.8,0.1946968501091003,364.5,369.3,0.1560486312484741,6796.55,0.02448247673793665,116,0.00977438188517792
2026-03-06,2026-06-30,6970.0,6740.02,193.4,198.1,0.1940855509853363,366.8,371.5,0.1552685334587097,6796.6,0.02519273763205366,116,0.009696986337573677
2026-03-06,2026-06-30,6975.0,6740.02,190.8,195.5,0.1935324254131317,369.1,373.8,0.1545447018909454,6796.7,0.025895127436316792,116,0.009626227150727406
2026-03-06,2026-06-30,6980.0,6740.02,188.2,192.8,0.1929001456642151,371.4,376.1,0.1538046580219269,6796.75,0.026604360018979492,116,0.009550472345403675
2026-03-06,2026-06-30,6985.0,6740.02,185.6,190.2,0.1923260394668579,373.6,378.5,0.1531208803749085,6796.85,0.02730572314759686,116,0.009481297694292465
2026-03-06,2026-06-30,6990.0,6740.02,183.0,187.7,0.1918091531562805,376.2,380.8,0.1523503192329407,6796.85,0.028021286684390696,116,0.009410757618141332
2026-03-06,2026-06-30,6995.0,6740.02,180.4,185.1,0.1912140663337707,378.3,383.2,0.1516341169834137,6797.0,0.028714269752943333,116,0.009339181992638126
2026-03-06,2026-06-30,7000.0,6740.02,177.8,182.5,0.190607535533905,380.8,385.6,0.1509026560974121,6796.95,0.02943616690442203,116,0.009266430462064958
2026-03-06,2026-06-30,7005.0,6740.02,175.3,180.0,0.1900582246208191,383.4,387.9,0.1500825043869018,6797.0,0.030142841424469262,116,0.009192262329773179
2026-03-06,2026-06-30,7010.0,6740.02,172.8,177.5,0.1894993770599365,385.7,390.3,0.149317665233612,6797.15,0.03083429436584594,116,0.00912085659262438
2026-03-06,2026-06-30,7015.0,6740.02,170.3,174.9,0.1888594679927825,388.1,392.8,0.1486081386375427,6797.15,0.031547306873771504,116,0.009048348438956707
2026-03-06,2026-06-30,7020.0,6740.02,167.9,172.4,0.1882767788124084,390.6,395.3,0.1478814460754394,6797.2,0.03225245535990644,116,0.008978269075706074
2026-03-06,2026-06-30,7025.0,6740.02,165.4,170.0,0.187754170513153,393.0,398.2,0.1474303626346588,6797.1,0.0329791645904283,116,0.00892633278516159
2026-03-06,2026-06-30,7030.0,6740.02,162.9,167.6,0.1872201182365417,395.5,400.2,0.1463021772003173,6797.4,0.033646519697212704,116,0.008838017876851156
2026-03-06,2026-06-30,7035.0,6740.02,160.5,165.1,0.1866040507888794,398.1,402.7,0.1455220794105529,6797.4,0.034357504440991594,116,0.008764178697195226
2026-03-06,2026-06-30,7040.0,6740.02,158.1,162.7,0.1860461568927764,400.5,405.2,0.1447229083251953,6797.55,0.035045917027057005,116,0.008692704275753296
2026-03-06,2026-06-30,7045.0,6740.02,155.7,160.3,0.1854768190193176,403.1,407.8,0.1439809571266174,6797.55,0.0357558922077495,116,0.008623918798980069
2026-03-06,2026-06-30,7050.0,6740.02,153.4,157.9,0.1848969908332824,405.7,410.3,0.1431436394500732,6797.65,0.03645065260678628,116,0.008549887666806397
2026-03-06,2026-06-30,7055.0,6740.02,151.0,155.5,0.184303811340332,408.2,412.9,0.1423616343307495,6797.7,0.0371522656312928,116,0.008478353667038637
2026-03-06,2026-06-30,7060.0,6740.02,148.6,153.2,0.1837697590637206,410.8,415.5,0.1415605559158325,6797.75,0.03785337642967492,116,0.008409190689030581
2026-03-06,2026-06-30,7065.0,6740.02,146.3,150.9,0.183225216474533,413.5,418.1,0.1407384968757629,6797.8,0.03855398571312538,116,0.008338690793051145
2026-03-06,2026-06-30,7070.0,6740.02,144.1,148.6,0.1826673225784301,416.2,420.8,0.1399717503929138,6797.85,0.039254094191327235,116,0.008270638824182018
2026-03-06,2026-06-30,7075.0,6740.02,141.8,146.3,0.1820989383697509,418.5,423.4,0.139107730102539,6798.1,0.0399242821546861,116,0.008197364362358793
2026-03-06,2026-06-30,7080.0,6740.02,139.6,144.0,0.1815172028541564,421.6,426.1,0.1382999760341644,6797.95,0.04065281156319555,116,0.008126596738220391
2026-03-06,2026-06-30,7090.0,6740.02,135.1,139.6,0.1804605422782898,426.9,431.5,0.1366167576980591,6798.15,0.04203482420021997,116,0.007987951809995768
2026-03-06,2026-06-30,7100.0,6740.02,130.8,135.2,0.1793561984634399,432.6,437.0,0.1349192343902588,6798.2,0.043436912788347506,116,0.00784740378949592
2026-03-06,2026-06-30,7110.0,6740.02,126.5,130.9,0.1782728352737427,438.0,442.6,0.1332064524459838,6798.4,0.0448149534367394,116,0.007708386448419885
2026-03-06,2026-06-30,7120.0,6740.02,122.3,126.7,0.1772142673683166,443.6,448.3,0.1314755508708953,6798.55,0.04619837127381883,116,0.0075709389387730785
2026-03-06,2026-06-30,7125.0,6740.02,120.2,124.6,0.1766649564552307,446.4,451.1,0.1305266544151305,6798.65,0.04688566309399021,116,0.007497627090095055
2026-03-06,2026-06-30,7130.0,6740.02,118.2,122.5,0.1761022942352295,449.4,454.0,0.1296359315109252,6798.65,0.04758717136548065,116,0.007426849363807653
2026-03-06,2026-06-30,7140.0,6740.02,114.1,118.4,0.1750113017272949,455.1,459.8,0.1277686558723449,6798.8,0.04896665033043367,116,0.007283822956156578
2026-03-06,2026-06-30,7150.0,6740.02,110.2,114.4,0.1739441508388519,458.1,468.9,0.1287413939476013,6798.8,0.050366230684856995,116,0.007279281182623254
2026-03-06,2026-06-30,7160.0,6740.02,106.3,110.5,0.1728998879051208,458.5,474.1,0.1261436110877991,6802.1,0.05127859293725215,116,0.0071051600394737725
2026-03-06,2026-06-30,7170.0,6740.02,102.5,106.7,0.171877559261322,470.1,481.0,0.1249763253974914,6799.05,0.05312275807159667,116,0.007001492154174836
2026-03-06,2026-06-30,7175.0,6740.02,100.6,104.8,0.17134541431427,473.2,484.0,0.123927294139862,6799.1,0.05381251116422355,116,0.006927104653088566
2026-03-06,2026-06-30,7180.0,6740.02,98.8,103.0,0.1708781185722351,476.2,487.1,0.1229373900985717,6799.25,0.05448707107856224,116,0.006858901481997435
2026-03-06,2026-06-30,7190.0,6740.02,95.2,99.3,0.1698233653259277,325.0,326.2,1.0000000000000004e-05,6961.65,0.03227465651751668,116,0.002291665170849235
2026-03-06,2026-06-30,7200.0,6740.02,91.6,95.8,0.168871607875824,489.0,499.8,0.1188938514328002,6799.3,0.05726136031522581,116,0.006579341993320548
2026-03-06,2026-06-30,7210.0,6740.02,88.2,92.3,0.1678626305389404,495.3,506.2,0.1166718124961853,6799.5,0.058619871229981205,116,0.006432426380619087
2026-03-06,2026-06-30,7225.0,6740.02,83.1,87.2,0.1663634695053101,505.0,515.5,0.1126111078643798,6799.9,0.06063932780692047,116,0.00618350035545018
2026-03-06,2026-06-30,7240.0,6740.02,78.3,82.4,0.1649825629043579,515.0,525.5,0.1088040780639648,6800.1,0.06268388844134137,116,0.005955656488791234
2026-03-06,2026-06-30,7250.0,6740.02,75.2,79.3,0.1640746740341186,513.9,537.8,0.1131184575271606,6801.4,0.06387299552244444,116,0.006104780639336196
2026-03-06,2026-06-30,7260.0,6740.02,72.2,76.2,0.163105750617981,520.8,544.6,0.1105435626220703,6801.5,0.06523665274535713,116,0.005949683431413149
2026-03-06,2026-06-30,7270.0,6740.02,69.2,73.3,0.1622522206401824,527.7,551.5,0.1078198960113525,6801.65,0.06659106173857984,116,0.005795149308456352
2026-03-06,2026-06-30,7275.0,6740.02,67.8,71.8,0.1617572686195373,531.2,555.0,0.1064065648078918,6801.7,0.06727123212028793,116,0.005713543575880341
2026-03-06,2026-06-30,7300.0,6740.02,60.9,64.9,0.1595981715583801,549.0,572.8,0.0983023215103149,6802.0,0.07065766156934175,116,0.005284567850485491
2026-03-06,2026-06-30,7325.0,6740.02,54.6,58.5,0.1575191823387146,567.2,591.1,0.0869880425643921,6802.4,0.07401766381368545,116,0.0047499444051088595
2026-03-06,2026-06-30,7350.0,6740.02,48.7,52.6,0.1555374669265747,586.0,609.9,0.0544528149414062,6802.7,0.07738072102614958,116,0.0035035113312077474
2026-03-06,2026-06-30,7375.0,6740.02,43.4,47.2,0.1536720986175537,605.3,629.2,1.0000000000000004e-05,6803.05,0.08072486119130633,116,0.0018765135222722459
2026-03-06,2026-06-30,7400.0,6740.02,38.6,42.2,0.1518372475814819,625.1,649.0,1.0000000000000004e-05,6803.35,0.08406486227996113,116,0.0018319726338194085
2026-03-06,2026-06-30,7425.0,6740.02,34.2,37.8,0.1502884959793091,645.4,669.2,1.0000000000000004e-05,6803.7,0.08738610283797438,116,0.0017947931477140535
2026-03-06,2026-06-30,7450.0,6740.02,30.2,33.8,0.1488351108551025,666.0,689.9,1.0000000000000004e-05,6804.05,0.09069600926639403,116,0.001760249708872781
2026-03-06,2026-06-30,7475.0,6740.02,26.6,30.1,0.1473721890830993,513.6,518.9,1.0000000000000004e-05,6987.1,0.0674985275145956,116,0.0017258185756407305
2026-03-06,2026-06-30,7500.0,6740.02,23.4,26.9,0.146206810722351,708.6,732.4,1.0000000000000004e-05,6804.65,0.09729681853156764,116,0.0016986337435524902
2026-03-06,2026-06-30,7525.0,6740.02,20.6,24.0,0.1451062815666199,573.9,583.5,1.0000000000000004e-05,6968.6,0.07681646686988326,116,0.001673159781084802
2026-03-06,2026-06-30,7600.0,6740.02,13.6,16.9,0.1422052333068847,797.9,817.7,1.0000000000000004e-05,6807.45,0.11013064659373104,116,0.00642682217003945
2026-03-06,2026-06-30,7700.0,6740.02,7.7,10.7,0.1399164378356933,890.3,914.1,1.0000000000000004e-05,6807.0,0.12326883439382381,116,0.006221607427093188
2026-03-06,2026-06-30,7750.0,6740.02,5.8,8.6,0.1394052735137939,727.6,733.6,1.0000000000000004e-05,7026.6,0.09798989607124604,116,0.001544279277202337
2026-03-06,2026-06-30,8000.0,6740.02,1.4,3.4,0.1420221296691894,1179.6,1203.4,1.0000000000000004e-05,6810.9,0.16091727166028386,116,0.006410282456519336
2026-03-06,2026-06-30,8100.0,6740.02,0.8,2.6,0.1452264433288574,1277.6,1301.5,1.0000000000000004e-05,6812.15,0.17315627915561918,116,0.0067028041141539195
2026-03-06,2026-06-30,8200.0,6740.02,0.4,2.05,0.1488427401733398,1374.3,1390.6,1.0000000000000004e-05,6818.775,0.18445431731654813,116,0.007040774550870595
2026-03-06,2026-07-17,600.0,6740.02,6129.7,6146.8,1.7368177221679688,0.05,0.85,1.307620649414062,6737.8,-2.418559085911483,133,0.6230491628738332
2026-03-06,2026-07-17,800.0,6740.02,6119.7,6135.6,2.9941965452766413,0.0,1.0,1.1591838916015624,6927.15,-2.158592024516067,133,0.4896248497944006
2026-03-06,2026-07-17,1000.0,6740.02,5740.9,5758.2,1.422488239135742,0.0,1.2,1.0532273901367186,6748.949999999999,-1.9093869372288625,133,0.404206288765614
2026-03-06,2026-07-17,1200.0,6740.02,5547.3,5564.2,1.3830292079162596,0.1,1.6,0.98242205078125,6754.9,-1.7279466106596286,133,0.3516859189576562
2026-03-06,2026-07-17,1400.0,6740.02,5528.5,5544.3,2.172344962215424,0.5,2.15,0.9338385522460936,6935.075,-1.6001196317951063,133,0.31776230339979084
2026-03-06,2026-07-17,1600.0,6740.02,5334.5,5347.3,2.000935783805847,1.05,2.75,0.8873302282714843,6939.0,-1.4671540426716763,133,0.2868991951303429
2026-03-06,2026-07-17,2000.0,6740.02,4734.4,4751.7,0.7901632312011719,2.8,4.6,0.8105487695312499,6739.349999999999,-1.2148163005445751,133,0.23939610393393668
2026-03-06,2026-07-17,2200.0,6740.02,4466.4,4505.3,1.0000000000000004e-05,3.7,5.5,0.7692894165039064,6681.25,-1.1108477354269481,133,0.21564445327088894
2026-03-06,2026-07-17,2400.0,6740.02,4274.4,4313.4,1.0000000000000004e-05,4.4,6.7,0.729220237121582,6688.349999999999,-1.0248984695950862,133,0.193765387704872
2026-03-06,2026-07-17,2500.0,6740.02,4177.3,4216.2,1.0000000000000004e-05,5.0,7.3,0.7112760806274415,6690.6,-0.9844128243430791,133,0.18434662236184576
2026-03-06,2026-07-17,2800.0,6740.02,4158.3,4172.9,1.3220401329803466,7.0,9.5,0.6604953384399416,6957.35,-0.9101792375361422,133,0.15896381986142127
2026-03-06,2026-07-17,3000.0,6740.02,3756.9,3771.5,0.7237118693542479,8.7,11.3,0.6293524613952637,6754.2,-0.8115522449385666,133,0.14432668835164061
2026-03-06,2026-07-17,3200.0,6740.02,3554.8,3578.8,0.6840775611114503,10.6,13.4,0.5993234648132324,6754.8,-0.7471025534701633,133,0.1308824270089675
2026-03-06,2026-07-17,3400.0,6740.02,3366.2,3378.6,0.6574588697814943,12.7,15.6,0.569416537322998,6758.25,-0.6869885491790036,133,0.11814597442720398
2026-03-06,2026-07-17,3700.0,6740.02,3032.5,3071.6,0.5830196117401122,16.4,19.2,0.5256852851867677,6734.25,-0.5988736254367119,133,0.10069558228830633
2026-03-06,2026-07-17,4000.0,6740.02,2783.2,2795.9,0.5687337133407593,21.1,24.0,0.4908193008422852,6767.0,-0.5257634961301978,133,0.0877813067083512
2026-03-06,2026-07-17,4150.0,6740.02,2848.2,2853.0,0.8686574718856812,23.4,26.6,0.4699531154632569,6975.6,-0.5193100112705612,133,0.08047627065088118
2026-03-06,2026-07-17,4200.0,6740.02,2559.1,2598.4,0.5444915546417236,24.3,27.6,0.4633384965515136,6752.8,-0.4748727083980505,133,0.07822679670526043
2026-03-06,2026-07-17,4400.0,6740.02,2627.6,2633.1,0.8259142164611815,28.8,32.0,0.4373301506805419,6999.95,-0.4642984652484446,133,0.06969114759544467
2026-03-06,2026-07-17,4500.0,6740.02,2294.2,2318.2,0.5161638960266113,30.9,34.4,0.4244060855865479,6773.549999999999,-0.40894792494326243,133,0.06563295860061698
2026-03-06,2026-07-17,4525.0,6740.02,2254.8,2294.1,0.5121356159973145,31.5,35.0,0.4211178494262696,6766.2,-0.40232205233227053,133,0.06461986940553162
2026-03-06,2026-07-17,4675.0,6740.02,2126.6,2150.6,0.4895871659469605,35.2,39.4,0.4028952228164673,6776.299999999999,-0.3712020675369525,133,0.059148401522158896
2026-03-06,2026-07-17,4700.0,6740.02,2276.5,2282.0,0.6808312862014773,36.0,40.2,0.3999121593856812,6941.15,-0.3899049581268421,133,0.05827576653386564
2026-03-06,2026-07-17,4800.0,6740.02,2007.6,2031.6,0.4712825241661071,40.3,43.6,0.3881019747543334,6777.65,-0.34501451628652025,133,0.05488459724244482
2026-03-06,2026-07-17,4825.0,6740.02,1959.2,1974.6,0.4137670013046264,40.6,44.4,0.3849701396179198,6749.4,-0.3356428772537488,133,0.054002375662629075
2026-03-06,2026-07-17,4850.0,6740.02,1938.3,1950.6,0.4104959311103821,41.5,45.4,0.3822121410751342,6751.0,-0.3307119371103416,133,0.05323138099845669
2026-03-06,2026-07-17,4900.0,6740.02,1912.8,1936.8,0.4568879079818725,43.4,47.3,0.3763871566009521,6779.45,-0.3246607726012888,133,0.05162123230137508
2026-03-06,2026-07-17,4975.0,6740.02,1849.0,1859.9,0.4378527589797973,46.4,50.4,0.3678575788116456,6781.05,-0.30970658660768974,133,0.04930809143139475
2026-03-06,2026-07-17,5000.0,6740.02,1825.7,1836.3,0.434389048500061,47.5,51.5,0.3650576190185547,6781.5,-0.30476040398653215,133,0.04856032786867123
2026-03-06,2026-07-17,5050.0,6740.02,1772.3,1811.8,0.4566666577529908,49.8,53.8,0.3595149193191528,6790.25,-0.29609951645679095,133,0.04709693142283993
2026-03-06,2026-07-17,5075.0,6740.02,1755.0,1765.8,0.4242420552444458,51.3,55.0,0.3567645500946044,6782.25,-0.28998238037871105,133,0.046379083778518716
2026-03-06,2026-07-17,5100.0,6740.02,1982.2,1988.2,0.6737302982521058,53.0,56.4,0.3543079096221923,7030.5,-0.32101728731845336,133,0.04574256057855541
2026-03-06,2026-07-17,5150.0,6740.02,1682.7,1722.2,0.4465711623954772,55.1,58.9,0.3487461366271973,6795.45,-0.2772565559002356,133,0.04431773813437982
2026-03-06,2026-07-17,5200.0,6740.02,1638.4,1649.0,0.4076444734191894,58.3,61.7,0.343481907043457,6783.7,-0.26586405022629894,133,0.042989907183577904
2026-03-06,2026-07-17,5250.0,6740.02,1590.6,1629.7,0.432413055076599,61.1,64.6,0.3381680868911743,6797.3,-0.25829739790627215,133,0.041670049627089575
2026-03-06,2026-07-17,5275.0,6740.02,1568.9,1579.3,0.3977683209609985,61.6,66.1,0.3355111768150329,6785.25,-0.2517724592296935,133,0.04101783758662603
2026-03-06,2026-07-17,5300.0,6740.02,1545.8,1556.2,0.3945640073013306,63.1,67.6,0.3328027688407897,6785.65,-0.24710326769811994,133,0.04035827899204598
2026-03-06,2026-07-17,5350.0,6740.02,1494.4,1505.4,0.382801505908966,66.3,70.9,0.3276548863601685,6781.3,-0.23707226307752477,133,0.03911939004358198
2026-03-06,2026-07-17,5375.0,6740.02,1476.8,1487.1,0.3849548809814452,67.9,72.6,0.3250647328186034,6786.7,-0.23320624057977962,133,0.038503347149269014
2026-03-06,2026-07-17,5400.0,6740.02,1453.9,1464.2,0.3818211385154723,69.6,74.4,0.3225546871185302,6787.05,-0.22861743114945152,133,0.037911021869105964
2026-03-06,2026-07-17,5475.0,6740.02,1385.6,1395.7,0.3723874865150451,75.0,80.1,0.3150474379730223,6788.1,-0.21497880344069026,133,0.036166849663171484
2026-03-06,2026-07-17,5500.0,6740.02,1362.9,1373.0,0.3692976126289368,77.0,82.0,0.3124248598289489,6788.45,-0.21047454639528573,133,0.03556722184713809
2026-03-06,2026-07-17,5525.0,6740.02,1340.3,1350.4,0.3662649586296082,79.1,84.1,0.3099853853225708,6788.75,-0.20598358296310154,133,0.03501395863590822
2026-03-06,2026-07-17,5550.0,6740.02,1330.4,1366.9,0.4013083246231079,81.0,86.2,0.3074810616111754,6815.05,-0.20533547412039233,133,0.03445049926626908
2026-03-06,2026-07-17,5575.0,6740.02,1295.2,1305.2,0.3600585082435608,83.0,88.4,0.3050282357978821,6789.5,-0.19708498381052997,133,0.033903057195391204
2026-03-06,2026-07-17,5600.0,6740.02,1272.8,1282.8,0.357083074131012,86.4,90.1,0.3019402692413331,6789.55,-0.19261806770103387,133,0.033220093652622795
2026-03-06,2026-07-17,5625.0,6740.02,1264.3,1302.5,0.3934863661003113,87.7,92.9,0.3000386616706848,6818.1,-0.19235989257545555,133,0.03280297369895629
2026-03-06,2026-07-17,5650.0,6740.02,1243.6,1280.4,0.3901905006217957,89.7,95.3,0.2976087238121032,6819.5,-0.18813061022644315,133,0.0322737991261538
2026-03-06,2026-07-17,5675.0,6740.02,1205.8,1215.7,0.3479431508827209,92.1,97.8,0.2952150252151488,6790.8,-0.17949819158687502,133,0.0317567237753421
2026-03-06,2026-07-17,5700.0,6740.02,1183.7,1193.5,0.3449505508041382,94.5,100.3,0.2927507554244994,6791.2,-0.17516148160111647,133,0.031228766133191244
2026-03-06,2026-07-17,5750.0,6740.02,1344.2,1348.4,0.5012676521682741,101.0,104.8,0.2871012452697753,6993.4,-0.19576699233380976,133,0.030035089396481113
2026-03-06,2026-07-17,5775.0,6740.02,1117.6,1127.3,0.3360051751708984,102.2,108.0,0.2851386031532287,6792.349999999999,-0.16225872248669349,133,0.02962584947969096
2026-03-06,2026-07-17,5800.0,6740.02,1095.7,1105.4,0.3330583510017395,106.4,110.3,0.2821975009727477,6792.2,-0.15791697743067382,133,0.029017841454383846
2026-03-06,2026-07-17,5825.0,6740.02,1092.7,1105.6,0.3490265140724182,107.7,113.6,0.2801661949920653,6813.5,-0.1567469387559741,133,0.028601594182389455
2026-03-06,2026-07-17,5850.0,6740.02,1284.8,1289.7,0.5045883129310609,110.7,116.5,0.2776618712806701,7023.65,-0.18284136469036127,133,0.02809255688627423
2026-03-06,2026-07-17,5875.0,6740.02,1030.6,1040.2,0.3242865423583984,115.2,119.1,0.2748008769416808,6793.25,-0.14522341209264594,133,0.027516614854062836
2026-03-06,2026-07-17,5900.0,6740.02,1009.1,1018.6,0.3213511621665954,118.3,122.2,0.272334699821472,6793.6,-0.14102864161512618,133,0.027024940001838957
2026-03-06,2026-07-17,5925.0,6740.02,1015.5,1048.9,0.3601729480171203,121.5,125.4,0.2698761520195006,6833.75,-0.14269288420587714,133,0.02653919802202026
2026-03-06,2026-07-17,5950.0,6740.02,1152.8,1155.8,0.4534947686958313,124.7,128.8,0.2675129706954956,6977.55,-0.1593066327354888,133,0.02607644986907882
2026-03-06,2026-07-17,5975.0,6740.02,944.9,954.4,0.3126384807395935,126.9,132.4,0.2652375265312194,6795.0,-0.1286029497855327,133,0.025634728079159202
2026-03-06,2026-07-17,6000.0,6740.02,923.8,933.2,0.309758413105011,129.8,136.3,0.2631261127090454,6795.45,-0.1244938013478254,133,0.0252282238580456
2026-03-06,2026-07-17,6025.0,6740.02,1102.5,1105.5,0.4505746471405029,135.2,139.2,0.2600743854141236,6991.8,-0.148820554448417,133,0.024646425290835713
2026-03-06,2026-07-17,6050.0,6740.02,1081.3,1083.7,0.445847330827713,138.8,142.9,0.257615837612152,6991.65,-0.14465830784934233,133,0.02418265022434307
2026-03-06,2026-07-17,6075.0,6740.02,860.8,870.1,0.3010762489509582,141.2,146.7,0.2551496604919434,6796.5,-0.11222578456655334,133,0.023721861507225966
2026-03-06,2026-07-17,6100.0,6740.02,840.1,849.4,0.2982867794704436,146.5,150.6,0.2526701320648193,6796.2,-0.10807486127332021,133,0.023263046629610627
2026-03-06,2026-07-17,6125.0,6740.02,924.3,933.1,0.3714605243492126,148.8,155.2,0.2506521773910522,6901.7,-0.11938900163823483,133,0.02289294894823683
2026-03-06,2026-07-17,6150.0,6740.02,793.1,817.0,0.2991183751583098,152.3,159.3,0.2481345023727417,6799.25,-0.10036023016314398,133,0.022435362352364836
2026-03-06,2026-07-17,6175.0,6740.02,778.3,787.4,0.2895149708271026,158.8,162.9,0.2451342729759216,6797.0,-0.0959724558504603,133,0.02603974332094956
2026-03-06,2026-07-17,6180.0,6740.02,774.3,783.3,0.2889284669876097,158.0,164.4,0.2451228289985657,6797.6,-0.09525133723759514,133,0.025981530573301572
2026-03-06,2026-07-17,6200.0,6740.02,758.0,767.0,0.2866244128799438,160.9,167.9,0.2431105963134765,6798.1,-0.09209386932356935,133,0.025563254065318744
2026-03-06,2026-07-17,6225.0,6740.02,736.8,747.7,0.2844367058753966,165.8,172.4,0.2405976896190643,6798.15,-0.08807707399304494,133,0.025111594854895294
2026-03-06,2026-07-17,6250.0,6740.02,717.2,721.6,0.27732236661911,170.4,177.0,0.2380542656517028,6795.7,-0.0837085954731269,133,0.024196259397997952
2026-03-06,2026-07-17,6275.0,6740.02,697.7,706.8,0.2781444256591796,174.6,181.7,0.2354774634170532,6799.1,-0.0802167654636136,133,0.0240317740936888
2026-03-06,2026-07-17,6290.0,6740.02,685.8,694.1,0.2758909157848357,177.7,184.6,0.233938248462677,6798.8,-0.07778505530871019,133,0.023678170070824105
2026-03-06,2026-07-17,6300.0,6740.02,677.9,686.9,0.2752529140472411,181.5,185.8,0.2323627942466735,6798.75,-0.07618913835754641,133,0.023473015802599608
2026-03-06,2026-07-17,6325.0,6740.02,872.9,876.9,0.4132691882896423,184.5,191.4,0.2302141874980926,7011.95,-0.10310580178678079,133,0.019311808473093488
2026-03-06,2026-07-17,6330.0,6740.02,654.3,662.4,0.2712351243305206,185.5,192.4,0.2296849035453796,6799.4,-0.07153413683889592,133,0.02285786046953193
2026-03-06,2026-07-17,6340.0,6740.02,645.9,650.1,0.2670380456352234,187.5,194.6,0.2287522193908691,6796.95,-0.06959521370175686,133,0.02239209743629282
2026-03-06,2026-07-17,6350.0,6740.02,638.6,647.6,0.2695309253692627,188.9,196.6,0.2276612268829345,6800.35,-0.06851926854113086,133,0.022518907412832797
2026-03-06,2026-07-17,6375.0,6740.02,618.6,629.1,0.267299349784851,196.7,201.1,0.2245074574565886,6799.95,-0.0645311681693617,133,0.022033721535150312
2026-03-06,2026-07-17,6400.0,6740.02,602.8,607.5,0.2628819745254517,202.0,206.5,0.2218610376930236,6800.9,-0.06075696599973347,133,0.021405328623278926
2026-03-06,2026-07-17,6425.0,6740.02,788.9,792.7,0.3936465817832947,205.5,212.8,0.2197019406318664,7006.65,-0.0866630673096179,133,0.03426994693369765
2026-03-06,2026-07-17,6450.0,6740.02,729.0,732.2,0.3631274015045166,213.2,217.7,0.2164709243583678,6965.15,-0.07683901244487815,133,0.030602226830566272
2026-03-06,2026-07-17,6475.0,6740.02,543.0,551.2,0.2546995307159424,216.9,224.4,0.2143118272972106,6801.45,-0.049187217159163264,133,0.02003851368132225
2026-03-06,2026-07-17,6500.0,6740.02,527.2,532.0,0.2514656534481048,222.2,230.3,0.2114870722198486,6803.35,-0.04561296102857145,133,0.01952414731852775
2026-03-06,2026-07-17,6510.0,6740.02,516.9,525.1,0.2506445480728149,225.3,232.8,0.210410384683609,6801.95,-0.04386987955832611,133,0.019364403825706207
2026-03-06,2026-07-17,6525.0,6740.02,668.2,672.2,0.3500269084262847,231.2,235.8,0.208267499923706,6961.7,-0.06478274418625772,133,0.028393919157888487
2026-03-06,2026-07-17,6540.0,6740.02,495.0,497.9,0.2438954624271392,232.8,240.4,0.2071116582107544,6799.85,-0.038963387646124885,133,0.01852958030218432
2026-03-06,2026-07-17,6550.0,6740.02,488.1,495.5,0.2458762241744995,237.5,242.2,0.2054951964092254,6801.95,-0.03774428613164342,133,0.018559526842143424
2026-03-06,2026-07-17,6560.0,6740.02,480.5,488.2,0.2446994018363953,237.9,245.6,0.2048838972854614,6802.6,-0.036314289088981225,133,0.018412769862298596
2026-03-06,2026-07-17,6575.0,6740.02,469.9,477.4,0.2429913882160186,241.9,249.5,0.2031510883808135,6802.95,-0.03408176357342396,133,0.018132009283141095
2026-03-06,2026-07-17,6580.0,6740.02,465.9,468.8,0.239242531967163,243.1,250.8,0.2025617235469817,6800.4,-0.03294668864421088,133,0.017781097962550837
2026-03-06,2026-07-17,6590.0,6740.02,459.0,466.6,0.2412375986862182,245.9,253.5,0.201428769788742,6803.1,-0.031825042137797556,133,0.017850559816836736
2026-03-06,2026-07-17,6600.0,6740.02,451.7,459.5,0.2401065522575378,250.6,255.6,0.1998905084991455,6802.5,-0.03022054264288441,133,0.017635928761720016
2026-03-06,2026-07-17,6620.0,6740.02,437.9,445.3,0.2377796101951598,254.5,261.8,0.1980060668945312,6803.45,-0.027334466514332672,133,0.017299943695491246
2026-03-06,2026-07-17,6625.0,6740.02,434.3,441.8,0.2372150406455993,256.0,263.2,0.1974243313789367,6803.45,-0.02657946459096358,133,0.017209050708182495
2026-03-06,2026-07-17,6650.0,6740.02,417.3,424.4,0.234376934261322,262.2,270.4,0.1945423564147949,6804.55,-0.02297465140195301,133,0.01675907109765461
2026-03-06,2026-07-17,6675.0,6740.02,399.3,407.1,0.2314596737003326,272.3,277.2,0.1912436299419403,6803.45,-0.019060632176936324,133,0.016276839059617933
2026-03-06,2026-07-17,6680.0,6740.02,396.3,403.7,0.2308960578155517,271.7,279.4,0.1910862752532958,6804.45,-0.01845882236420611,133,0.016221362255586496
2026-03-06,2026-07-17,6690.0,6740.02,388.1,391.0,0.2260895873260498,274.8,282.4,0.1898789356422424,6800.95,-0.01644843416631884,133,0.015762304800928915
2026-03-06,2026-07-17,6700.0,6740.02,382.3,390.1,0.2285843743896484,277.2,285.5,0.1887040206336975,6804.85,-0.015528066847843282,133,0.015862491379872792
2026-03-06,2026-07-17,6710.0,6740.02,376.0,383.4,0.2274552352905273,281.0,288.8,0.1876254257678985,6804.8,-0.014029294533641611,133,0.01569508906819525
2026-03-06,2026-07-17,6720.0,6740.02,369.4,376.6,0.2262402663612365,284.0,291.8,0.1863313026618957,6805.1,-0.012584176537548876,133,0.015505914275551928
2026-03-06,2026-07-17,6725.0,6740.02,366.1,373.3,0.2256852334594726,285.8,293.4,0.1857343085098266,6805.1,-0.011840405584704226,133,0.015419440585885149
2026-03-06,2026-07-17,6730.0,6740.02,362.8,370.0,0.225123524904251,287.2,294.8,0.1850066622829436,6805.4,-0.011141271027894853,133,0.015322945526584274
2026-03-06,2026-07-17,6740.0,6740.02,356.0,358.8,0.2211419744491576,290.4,298.4,0.184023433895111,6803.0,-0.009303766438708047,133,0.014954211013559907
2026-03-06,2026-07-17,6750.0,6740.02,349.1,356.8,0.2228156561374664,296.0,300.9,0.1823297252464294,6804.5,-0.00804165313379676,133,0.014952732703795489
2026-03-06,2026-07-17,6770.0,6740.02,336.6,343.8,0.220529721660614,300.6,308.1,0.1802040064525604,6805.85,-0.005281449534639469,133,0.014628863200489945
2026-03-06,2026-07-17,6775.0,6740.02,335.7,340.6,0.219971827764511,302.4,310.1,0.1797758109664917,6806.9,-0.004697436832627182,133,0.014556957007701802
2026-03-06,2026-07-17,6780.0,6740.02,330.1,337.5,0.2194702000904083,304.0,311.6,0.1790300451087951,6806.0,-0.0038274741264098335,133,0.014466250165321066
2026-03-06,2026-07-17,6790.0,6740.02,323.8,331.2,0.218383975906372,307.5,315.2,0.1778856473731994,6806.15,-0.002375673642265972,133,0.01430475253865736
2026-03-06,2026-07-17,6800.0,6740.02,316.9,325.3,0.217518048286438,313.1,318.1,0.1762749075603485,6805.5,-0.0008084966079302097,133,0.014126503182133588
2026-03-06,2026-07-17,6810.0,6740.02,311.0,318.5,0.2160694314861297,314.6,322.3,0.1754309142303466,6806.3,0.0005434663001062288,133,0.01396249674834522
2026-03-06,2026-07-17,6820.0,6740.02,304.8,307.3,0.2118818894386291,318.2,325.9,0.1741825670337677,6804.0,0.0023487973217553287,133,0.013577456633785281
2026-03-06,2026-07-17,6825.0,6740.02,301.7,309.1,0.2143375762462615,320.1,327.6,0.1734825770854949,6806.55,0.002706957208271906,133,0.013701229237620217
2026-03-06,2026-07-17,6830.0,6740.02,298.6,306.0,0.2137672847080231,321.8,329.7,0.1730210033321381,6806.55,0.0034392897199471634,133,0.013628417060787773
2026-03-06,2026-07-17,6840.0,6740.02,292.4,299.9,0.2126658018875122,325.6,333.3,0.171699223947525,6806.7,0.0048803104183930655,133,0.013458185561868117
2026-03-06,2026-07-17,6850.0,6740.02,288.7,293.8,0.2115347554588317,329.3,337.1,0.1704632743930817,6808.05,0.0061429167292075156,133,0.013292939595773195
2026-03-06,2026-07-17,6860.0,6740.02,280.3,287.8,0.2104370872974395,333.2,340.9,0.1691891782474517,6807.0,0.0077559472719794555,133,0.013128384587929805
2026-03-06,2026-07-17,6870.0,6740.02,274.4,281.8,0.2093089018630981,337.0,344.8,0.1679389237213135,6807.2,0.009183230681047427,133,0.012964395625880934
2026-03-06,2026-07-17,6875.0,6740.02,271.3,278.8,0.2087347956657409,338.9,346.9,0.1673915201377868,6807.15,0.009918113190344479,133,0.012887427207884496
2026-03-06,2026-07-17,6880.0,6740.02,268.3,275.8,0.2081511528205871,340.9,348.6,0.1665847197341919,6807.3,0.010623086172055329,133,0.012792320250588412
2026-03-06,2026-07-17,6890.0,6740.02,262.4,270.0,0.2070868629264831,344.8,352.6,0.1653153919124603,6807.5,0.012046139459789506,133,0.012633491398228905
2026-03-06,2026-07-17,6900.0,6740.02,259.0,264.0,0.205867125673294,349.0,356.6,0.1640041028404236,6808.7,0.013320205406260555,133,0.012462348298451238
2026-03-06,2026-07-17,6910.0,6740.02,250.9,258.5,0.2049268122005462,353.0,360.7,0.1627128407287598,6807.85,0.014893279653701158,133,0.012312421654791381
2026-03-06,2026-07-17,6920.0,6740.02,245.2,252.6,0.2037051676177978,357.0,364.7,0.161313814496994,6808.05,0.016310034084651877,133,0.012137512343457387
2026-03-06,2026-07-17,6925.0,6740.02,242.3,249.7,0.2031138954544067,361.1,366.1,0.1602180536651611,6807.4,0.0171277962960186,133,0.01202557808108645
2026-03-06,2026-07-17,6930.0,6740.02,239.6,247.0,0.2026389703941344,361.3,369.0,0.160059745311737,6808.15,0.017739389270991956,133,0.011983697030022998
2026-03-06,2026-07-17,6940.0,6740.02,233.9,241.3,0.2014764530277252,365.5,373.3,0.1587589465522766,6808.2,0.01917400647585151,133,0.011821472077880106
2026-03-06,2026-07-17,6950.0,6740.02,227.9,235.8,0.2004064411449432,371.7,376.7,0.1568363583564758,6807.65,0.020694679732930526,133,0.011625877785490598
2026-03-06,2026-07-17,6960.0,6740.02,222.9,230.2,0.1992391554546356,374.2,381.9,0.1560162066459655,6808.5,0.022007642763835367,133,0.011496881860317457
2026-03-06,2026-07-17,6970.0,6740.02,217.4,224.7,0.1981014333724975,378.5,386.3,0.1546353000450134,6808.65,0.023421362148200862,133,0.011334442474365387
2026-03-06,2026-07-17,6975.0,6740.02,214.7,222.0,0.1975502151298523,380.8,388.6,0.1539906226539611,6808.65,0.02413846508319769,133,0.011257717646408314
2026-03-06,2026-07-17,6980.0,6740.02,212.1,219.3,0.19699041390419,383.0,390.8,0.1532667910861969,6808.8,0.024833023593666907,133,0.011175653824069291
2026-03-06,2026-07-17,6990.0,6740.02,206.7,214.0,0.1959080043792725,387.6,395.3,0.1518458305644989,6808.9,0.02624997629714795,133,0.011016474693498136
2026-03-06,2026-07-17,7000.0,6740.02,203.6,208.5,0.1946625181770324,392.1,399.9,0.1504353603553772,6810.05,0.027510686776939738,133,0.010848841498004639
2026-03-06,2026-07-17,7010.0,6740.02,196.3,203.5,0.1936993167495728,396.8,404.5,0.148969577589035,6809.25,0.02905571910865947,133,0.010696659015468115
2026-03-06,2026-07-17,7020.0,6740.02,191.2,198.4,0.1926359805202483,401.5,409.2,0.1475114241409302,6809.45,0.03045186472081885,133,0.010539817922875906
2026-03-06,2026-07-17,7025.0,6740.02,190.7,195.6,0.1919293149185181,405.8,410.8,0.1462544939613342,6809.85,0.031105121732691775,133,0.010418481083745506
2026-03-06,2026-07-17,7030.0,6740.02,186.1,193.3,0.1915344976997375,406.3,414.0,0.1460599463462829,6809.55,0.0318606671396394,133,0.010382199418183993
2026-03-06,2026-07-17,7040.0,6740.02,181.1,188.2,0.1903958219528198,411.1,418.8,0.1445474340057373,6809.7,0.03326010384232206,133,0.010219773264871161
2026-03-06,2026-07-17,7050.0,6740.02,175.7,183.4,0.1894135472297668,418.0,422.9,0.142484657087326,6809.1,0.03476766398678057,133,0.010034796984825426
2026-03-06,2026-07-17,7060.0,6740.02,171.3,178.4,0.1882605665111541,421.1,428.7,0.1415300386428833,6809.95,0.036060273514589465,133,0.00990775695340151
2026-03-06,2026-07-17,7070.0,6740.02,166.5,173.6,0.1871991376113891,426.2,433.8,0.1400251556205749,6810.05,0.03746101763010769,133,0.00975415970191374
2026-03-06,2026-07-17,7075.0,6740.02,164.2,171.2,0.1866536413574218,428.6,436.3,0.139209772233963,6810.25,0.0381386133221722,133,0.009673196064533
2026-03-06,2026-07-17,7080.0,6740.02,161.8,168.8,0.1860986084556579,431.2,438.9,0.1384477940750122,6810.25,0.038845077498499206,133,0.009595163605215595
2026-03-06,2026-07-17,7090.0,6740.02,157.2,164.1,0.1850219209194182,436.4,444.1,0.1368666178703308,6810.4,0.04023448495632596,133,0.009438648477231894
2026-03-06,2026-07-17,7100.0,6740.02,152.2,159.5,0.1839709823322296,443.6,448.4,0.1345444441318512,6809.85,0.041724690560152135,133,0.009241867278845324
2026-03-06,2026-07-17,7110.0,6740.02,148.1,155.0,0.1829457926940917,446.0,454.8,0.1336890068244934,6811.15,0.04294126860070702,133,0.009133055002329601
2026-03-06,2026-07-17,7120.0,6740.02,143.7,150.5,0.1818776881408691,451.4,460.2,0.1320105568122863,6811.3,0.04432472773918034,133,0.008975298241458688
2026-03-06,2026-07-17,7125.0,6740.02,141.5,148.3,0.1813608018302917,454.1,463.0,0.1312152003860474,6811.35,0.045019387754363815,133,0.008900410755127392
2026-03-06,2026-07-17,7130.0,6740.02,139.3,146.1,0.180833425207138,456.8,465.7,0.1303206628227233,6811.45,0.04570621475621772,133,0.008819618660406434
2026-03-06,2026-07-17,7140.0,6740.02,135.5,141.8,0.1798158648872375,462.4,471.3,0.1286136028671264,6811.8,0.04705637393508704,133,0.00866583696235544
2026-03-06,2026-07-17,7150.0,6740.02,132.9,137.5,0.1787525286579132,468.0,476.9,0.1268054544448852,6812.75,0.04831650014217495,133,0.008505229847968528
2026-03-06,2026-07-17,7175.0,6740.02,122.7,127.2,0.176211012020111,482.4,491.3,0.1221344043540954,6813.1,0.05175553214006058,133,0.008108444064184461
2026-03-06,2026-07-17,7180.0,6740.02,118.7,125.3,0.1757818628692627,485.4,494.3,0.1212122105121612,6812.15,0.05259160053735879,133,0.008035156705445788
2026-03-06,2026-07-17,7200.0,6740.02,113.0,117.4,0.1737352982521057,497.4,506.3,0.1171982354545593,6813.35,0.0551971031736545,133,0.007710567601137861
2026-03-06,2026-07-17,7220.0,6740.02,104.1,110.1,0.1719366864776611,507.0,511.1,0.1051381906509399,6818.05,0.057281445687019476,133,0.006993475919359797
2026-03-06,2026-07-17,7225.0,6740.02,101.8,108.4,0.1715514059066772,512.8,524.0,0.113986292476654,6811.7,0.05890551209737639,133,0.007427209840644301
2026-03-06,2026-07-17,7230.0,6740.02,100.1,106.6,0.1710783881759643,516.0,525.0,0.1106675390434265,6812.85,0.05942850135423076,133,0.0072312616973472564
2026-03-06,2026-07-17,7240.0,6740.02,96.7,103.2,0.1702486998176575,522.3,531.4,0.1082871917533874,6813.1,0.06077397689200078,133,0.007067423496442347
2026-03-06,2026-07-17,7250.0,6740.02,93.4,99.6,0.169216834526062,528.8,540.0,0.1081498640251159,6812.1,0.062301026197379254,133,0.007008215045800644
2026-03-06,2026-07-17,7260.0,6740.02,89.9,96.1,0.1682107181835175,535.1,544.2,0.10278836063385,6813.35,0.06349590598834956,133,0.006690127805302476
2026-03-06,2026-07-17,7270.0,6740.02,87.0,92.8,0.1673075976371765,541.7,550.7,0.099694672088623,6813.7,0.06482100027909878,133,0.006494245343254042
2026-03-06,2026-07-17,7275.0,6740.02,85.1,91.2,0.1668765411567688,545.0,554.1,0.0982031403732299,6813.6,0.06552319821282203,133,0.006401056572250725
2026-03-06,2026-07-17,7300.0,6740.02,79.0,83.2,0.1645267111396789,561.9,571.0,0.0887466004180908,6814.65,0.0687996416247543,133,0.005843561819321506
2026-03-06,2026-07-17,7310.0,6740.02,74.5,80.7,0.164070859375,568.8,577.9,0.0838333194732666,6814.25,0.07022726602658615,133,0.005598432939333997
2026-03-06,2026-07-17,7325.0,6740.02,71.8,75.9,0.1624191119766235,574.6,582.6,1.0000000000000004e-05,6820.25,0.07139702682811215,133,0.002403402591458513
2026-03-06,2026-07-17,7330.0,6740.02,68.9,74.9,0.1623494944477081,582.8,591.9,0.0680406307220459,6814.55,0.07291548374457449,133,0.004835334315186811
2026-03-06,2026-07-17,7350.0,6740.02,65.0,69.1,0.1604049719619751,597.1,606.3,1.0000000000000004e-05,6815.35,0.07552289209491696,133,0.0023441671983093475
2026-03-06,2026-07-17,7375.0,6740.02,57.5,62.8,0.1584976424026489,607.5,631.3,1.0000000000000004e-05,6815.75,0.07885979177529392,133,0.002288754430894604
2026-03-06,2026-07-17,7400.0,6740.02,51.2,57.0,0.1567142892646789,634.3,643.5,1.0000000000000004e-05,6815.2,0.08232458846363047,133,0.002237543067434242
2026-03-06,2026-07-17,7425.0,6740.02,46.5,51.4,0.1547783497619629,653.5,662.8,1.0000000000000004e-05,6815.8,0.08560923831525943,133,0.002182605903102893
2026-03-06,2026-07-17,7450.0,6740.02,42.6,46.4,0.1530903631019592,665.2,689.0,1.0000000000000004e-05,6817.4,0.08873586489491973,133,0.002135262272054509
2026-03-06,2026-07-17,7475.0,6740.02,36.7,41.9,0.1515892947387695,688.5,697.8,1.0000000000000004e-05,6821.15,0.09153603993554064,133,0.00209359728766019
2026-03-06,2026-07-17,7500.0,6740.02,32.7,37.7,0.1500786897277832,706.9,730.9,1.0000000000000004e-05,6816.3,0.09558621789933457,133,0.002052082031711623
2026-03-06,2026-07-17,7525.0,6740.02,29.1,33.9,0.1486958757972717,727.8,751.8,1.0000000000000004e-05,6816.7,0.0988553268506442,133,0.0020144432788029238
2026-03-06,2026-07-17,7550.0,6740.02,25.8,30.5,0.1474732775497436,749.1,773.1,1.0000000000000004e-05,6817.05,0.10212073630251838,133,0.007924747642844036
2026-03-06,2026-07-17,7600.0,6740.02,19.9,25.3,0.1462811965751647,792.7,816.7,1.0000000000000004e-05,6817.9,0.10859674074192469,133,0.007797148127957378
2026-03-06,2026-07-17,7650.0,6740.02,15.8,19.7,0.1432084886550903,837.3,861.3,1.0000000000000004e-05,6818.45,0.11507347454070643,133,0.007473022664773678
2026-03-06,2026-07-17,7700.0,6740.02,12.8,16.1,0.1421747160339355,881.6,905.4,1.0000000000000004e-05,6820.95,0.12122157051739738,133,0.007365521736851825
2026-03-06,2026-07-17,7750.0,6740.02,9.3,12.9,0.140797624092102,929.3,953.3,1.0000000000000004e-05,6819.8,0.12786269745308257,133,0.007223529140677957
2026-03-06,2026-07-17,7800.0,6740.02,7.8,10.4,0.1398477739715576,773.5,780.8,1.0000000000000004e-05,7031.95,0.1036596836906224,133,0.007126395026516114
2026-03-06,2026-07-17,7850.0,6740.02,6.0,8.7,0.1400232482910156,1025.1,1035.5,1.0000000000000004e-05,6827.05,0.13962086952385344,133,0.007144289967785381
2026-03-06,2026-07-17,7900.0,6740.02,4.6,7.2,0.1400003603363037,1071.5,1095.5,1.0000000000000004e-05,6822.4,0.14665144336369693,133,0.007141954572441695
2026-03-06,2026-07-17,8000.0,6740.02,2.85,5.1,0.1409158785247803,1168.1,1192.1,1.0000000000000004e-05,6823.875,0.1590140493604565,133,0.007235668167437301
2026-03-06,2026-07-17,8300.0,6740.02,0.6,2.25,0.148095066986084,1461.3,1485.3,1.0000000000000004e-05,6828.125,0.19520540306663395,133,0.007991714518154766
2026-03-06,2026-07-17,8400.0,6740.02,0.35,1.9,0.1521843815612793,1509.7,1548.8,1.0000000000000004e-05,6871.875,0.20079471108827895,133,0.008439154621446968
2026-03-06,2026-07-17,8500.0,6740.02,0.15,1.6,0.1560142993164062,1437.7,1447.1,1.0000000000000004e-05,7058.475,0.18583714098942627,133,0.008869264086652498
2026-03-06,2026-07-17,8600.0,6740.02,0.0,1.4,0.1603782693481445,1756.3,1780.3,1.0000000000000004e-05,6832.4,0.2300862004776934,133,0.00937237855923588
2026-03-06,2026-07-17,8800.0,6740.02,0.0,1.15,0.1698386239624023,1912.6,1936.6,1.0000000000000004e-05,6875.975,0.24671826980495531,133,0.010510701477248835
2026-03-06,2026-07-17,9000.0,6740.02,0.0,0.5,0.1678550012207031,2083.7,2122.6,1.0000000000000004e-05,6897.1,0.2661235439346142,133,0.010266616687201913
2026-03-06,2026-07-17,9600.0,6740.02,0.0,0.7,0.2072833178710937,2610.6,2627.7,1.0000000000000004e-05,6981.200000000001,0.31854227670524593,133,0.01565624034081452
2026-03-06,2026-07-17,9800.0,6740.02,0.1,0.65,0.2164995343017577,2805.0,2823.1,1.0000000000000004e-05,6986.325,0.3384277187593249,133,0.017079403920363747
2026-03-06,2026-07-17,10400.0,6740.02,0.0,0.55,0.243171630859375,3439.0,3477.8,1.0000000000000004e-05,6941.875,0.4042338952080795,133,0.021546889844628717
2026-03-06,2026-07-17,12400.0,6740.02,0.0,0.4,0.3210517114257812,5500.7,5524.7,1.0000000000000004e-05,6887.5,0.5879882981319583,133,0.03755854462315965
2026-03-06,2026-07-31,4600.0,6740.02,2209.6,2233.4,0.4935925580215455,37.6,41.2,0.4010794450759888,6782.1,-0.3882304850126974,147,0.06478661376871803
2026-03-06,2026-07-31,4700.0,6740.02,2114.5,2138.3,0.4791311853027343,41.0,44.6,0.3896354677200317,6783.6,-0.36694542577109546,147,0.06114225277450674
2026-03-06,2026-07-31,5650.0,6740.02,1237.7,1261.5,0.3548000006484984,99.1,103.1,0.2910990080261229,6798.5,-0.18504645445525403,147,0.0341276136264316
2026-03-06,2026-07-31,6000.0,6740.02,935.9,959.8,0.3145267370033263,141.8,146.1,0.2582090171051026,6803.9,-0.12573650796063535,147,0.026851421335929656
2026-03-06,2026-07-31,6100.0,6740.02,853.0,876.8,0.3032887512397766,157.3,161.6,0.2487019329166412,6805.45,-0.10943499058498535,147,0.024910519893593438
2026-03-06,2026-07-31,6150.0,6740.02,816.5,827.6,0.2919115304183958,165.6,170.0,0.2439193040466308,6804.25,-0.10109533513247661,147,0.02396165521186063
2026-03-06,2026-07-31,6200.0,6740.02,776.2,786.5,0.2859911794662474,174.3,178.9,0.2391338141822814,6804.75,-0.09307160568466509,147,0.02776450004540549
2026-03-06,2026-07-31,6225.0,6740.02,756.2,766.5,0.2832932618045806,178.9,183.4,0.2366352124595642,6805.2,-0.08911358347507424,147,0.027217716368181023
2026-03-06,2026-07-31,6250.0,6740.02,736.3,746.5,0.2805133289718627,183.6,188.1,0.234181432981491,6805.55,-0.08515699201344301,147,0.026672515481771412
2026-03-06,2026-07-31,6300.0,6740.02,696.9,707.9,0.2756267506408691,193.3,197.9,0.2292500324058533,6806.8,-0.07737247911765761,147,0.025664646034768677
2026-03-06,2026-07-31,6350.0,6740.02,658.0,668.9,0.2701202902030944,203.5,208.1,0.2241784431076049,6807.65,-0.06959216693916992,147,0.024600473938100404
2026-03-06,2026-07-31,6375.0,6740.02,638.8,649.6,0.2673613379955292,208.8,213.4,0.2216149921798705,6808.1,-0.06572898872035192,147,0.02407355079887316
2026-03-06,2026-07-31,6400.0,6740.02,623.1,628.6,0.2634331927680969,214.2,218.9,0.2190715682125091,6809.3,-0.061991334497855,147,0.02344054391933966
2026-03-06,2026-07-31,6450.0,6740.02,585.3,590.3,0.2576539842033386,225.5,230.3,0.2139007977771758,6809.9,-0.05429730495811262,147,0.022388695290464045
2026-03-06,2026-07-31,6475.0,6740.02,566.6,571.6,0.2548969393253327,231.4,236.3,0.2113278102016448,6810.25,-0.05048022262152765,147,0.021885432198294145
2026-03-06,2026-07-31,6500.0,6740.02,548.0,553.1,0.2521599214076996,237.5,242.4,0.208694741744995,6810.6,-0.04667804510562029,147,0.021384172616978628
2026-03-06,2026-07-31,6550.0,6740.02,511.4,516.5,0.2466095923900604,250.0,255.0,0.203294138097763,6811.45,-0.03913997002282621,147,0.020379975962950977
2026-03-06,2026-07-31,6600.0,6740.02,475.5,480.7,0.2410945489692688,263.3,268.5,0.1979078394222259,6812.2,-0.03164547329009102,147,0.019404311822585757
2026-03-06,2026-07-31,6625.0,6740.02,457.9,463.0,0.2382812378692626,270.4,275.4,0.1950926209926605,6812.55,-0.027916127539684213,147,0.018909929128148283
2026-03-06,2026-07-31,6650.0,6740.02,440.5,445.8,0.2356424474239349,277.5,282.7,0.1923699080467224,6813.05,-0.0242230360077443,147,0.018444933380838646
2026-03-06,2026-07-31,6670.0,6740.02,426.7,431.9,0.2333574666118621,283.4,288.6,0.1901163981723785,6813.3,-0.02125672435998791,147,0.01805584026084198
2026-03-06,2026-07-31,6675.0,6740.02,423.3,428.5,0.2328186460113525,285.0,290.1,0.189551828622818,6813.35,-0.0205147185620419,147,0.017961871385531566
2026-03-06,2026-07-31,6700.0,6740.02,406.3,411.6,0.2301007013893127,292.5,297.8,0.1867528224945068,6813.8,-0.016842441075609817,147,0.017495704434952495
2026-03-06,2026-07-31,6720.0,6740.02,392.9,398.1,0.2278424231910705,298.8,304.1,0.1844773783302307,6814.05,-0.01389850251066636,147,0.017117205447126773
2026-03-06,2026-07-31,6725.0,6740.02,389.6,394.8,0.2273083709144592,300.4,305.6,0.1838470059108733,6814.2,-0.013176744655615748,147,0.017020661200123313
2026-03-06,2026-07-31,6740.0,6740.02,379.7,385.0,0.2257310093688964,305.3,310.5,0.1821513899326324,6814.45,-0.010985432638824007,147,0.016750755886312228
2026-03-06,2026-07-31,6750.0,6740.02,373.1,378.4,0.2246133142471313,308.5,313.8,0.1810041312026977,6814.6,-0.009524864484267283,147,0.01656523991221029
2026-03-06,2026-07-31,6770.0,6740.02,360.1,365.4,0.2224246535778045,315.2,320.4,0.178625691242218,6814.95,-0.006617641440244835,147,0.016194303236163058
2026-03-06,2026-07-31,6775.0,6740.02,356.8,362.2,0.2218925086307525,317.0,322.1,0.1780410947322845,6814.95,-0.005879361598663886,147,0.016104241372290835
2026-03-06,2026-07-31,6780.0,6740.02,353.6,358.9,0.2212955144786834,318.6,323.9,0.1775079961204528,6815.0,-0.005148963196191781,147,0.01601335841762378
2026-03-06,2026-07-31,6790.0,6740.02,347.2,352.6,0.2202598345279693,322.0,327.3,0.1763025638389587,6815.25,-0.0037118066908242995,147,0.015833887097523234
2026-03-06,2026-07-31,6800.0,6740.02,340.9,346.2,0.2191411857414245,325.5,330.8,0.1751247878360748,6815.4,-0.0022621453012328426,147,0.015651035420814356
2026-03-06,2026-07-31,6810.0,6740.02,334.6,339.9,0.2180578225517272,329.0,334.3,0.173915540895462,6815.6,-0.0008219821975261242,147,0.01546954677730071
2026-03-06,2026-07-31,6820.0,6740.02,328.3,333.7,0.2170078376293182,332.7,337.9,0.1727320429039001,6815.7,0.0006306973815115131,147,0.01529375660840613
2026-03-06,2026-07-31,6825.0,6740.02,325.2,330.5,0.2164146581363678,334.4,339.7,0.1721293267631531,6815.8,0.0013488946975195191,147,0.015200044483311694
2026-03-06,2026-07-31,6830.0,6740.02,322.1,327.4,0.2158739302062988,336.2,341.5,0.1715170739746093,6815.9,0.0020665555248118683,147,0.015109967909371903
2026-03-06,2026-07-31,6840.0,6740.02,315.9,321.2,0.2147734010505676,339.9,345.2,0.1703269003295898,6816.0,0.003514942107444592,147,0.014931801090475302
2026-03-06,2026-07-31,6850.0,6740.02,309.8,315.0,0.2136471229457855,343.7,348.9,0.1691023947525025,6816.1,0.004961191493240302,147,0.014750059873182191
2026-03-06,2026-07-31,6860.0,6740.02,303.7,309.0,0.212612396659851,347.3,352.6,0.1678435572433472,6816.4,0.006375968486693386,147,0.014573814883888831
2026-03-06,2026-07-31,6870.0,6740.02,297.6,302.9,0.2114927942085266,351.1,356.4,0.1666085613536835,6816.5,0.007817962590210732,147,0.014393981751002179
2026-03-06,2026-07-31,6875.0,6740.02,294.6,299.9,0.2109520662784576,353.0,358.4,0.1660363624858856,6816.55,0.008538164792821126,147,0.014309370196619603
2026-03-06,2026-07-31,6880.0,6740.02,291.6,296.9,0.210404662694931,354.5,360.3,0.165395499753952,6816.85,0.009221163620685821,147,0.01421930618369946
2026-03-06,2026-07-31,6890.0,6740.02,285.7,291.0,0.2093489557838439,358.4,364.2,0.1641461988925934,6817.05,0.010644258067152268,147,0.014045410063915104
2026-03-06,2026-07-31,6900.0,6740.02,279.8,285.1,0.2082655925941466,362.8,368.1,0.1628587514400482,6817.0,0.012101919222565413,147,0.013867665735628271
2026-03-06,2026-07-31,6910.0,6740.02,274.0,279.3,0.2072127466773986,366.7,372.1,0.1615922846126556,6817.25,0.01351347304804514,147,0.01369487754274939
2026-03-06,2026-07-31,6920.0,6740.02,268.2,273.4,0.2060731172657012,370.8,376.2,0.1603458447456359,6817.3,0.01495227058924829,147,0.013518246432229767
2026-03-06,2026-07-31,6925.0,6740.02,265.3,270.5,0.205521899023056,372.9,378.2,0.1596782793998718,6817.35,0.015667218778067645,147,0.013428467148671464
2026-03-06,2026-07-31,6930.0,6740.02,262.4,267.7,0.2050231323432922,374.9,380.3,0.1590593509578705,6817.45,0.01637431155783982,147,0.013346397282925332
2026-03-06,2026-07-31,6940.0,6740.02,256.8,262.0,0.2039435838127135,379.2,384.4,0.1577308959197998,6817.6,0.017794270755202457,147,0.013170437743560465
2026-03-06,2026-07-31,6950.0,6740.02,251.1,256.3,0.202835425338745,383.2,388.7,0.1564796877288818,6817.75,0.01921215417773443,147,0.012999164739988908
2026-03-06,2026-07-31,6960.0,6740.02,245.6,250.7,0.2017558768081665,387.6,392.9,0.1551254837417602,6817.9,0.02062796779596755,147,0.012823666376487065
2026-03-06,2026-07-31,6970.0,6740.02,240.0,245.3,0.2007659727668762,391.9,397.2,0.1537865383911132,6818.1,0.022034384106493072,147,0.01265684933271241
2026-03-06,2026-07-31,6975.0,6740.02,237.2,242.5,0.200200449552536,394.1,399.4,0.1531304170227051,6818.1,0.022751487041489955,147,0.012569778826984379
2026-03-06,2026-07-31,6980.0,6740.02,234.5,239.8,0.1996864242362976,396.2,401.6,0.1524628516769409,6818.25,0.02344607608634079,147,0.01248584900092745
2026-03-06,2026-07-31,6990.0,6740.02,229.1,234.4,0.1986354856491088,400.7,406.0,0.1510914817237854,6818.4,0.02485571601976821,147,0.012314668425378553
2026-03-06,2026-07-31,7000.0,6740.02,223.8,229.0,0.1975530761241913,405.2,410.5,0.1497334630775452,6818.55,0.02626330977532088,147,0.012143402209366938
2026-03-06,2026-07-31,7010.0,6740.02,218.5,223.7,0.1964983228778838,409.7,415.1,0.1483878420734405,6818.7,0.027668863196412492,147,0.011976116860205695
2026-03-06,2026-07-31,7020.0,6740.02,213.3,218.5,0.195473133239746,414.5,419.6,0.1469268276309966,6818.85,0.029072382101466055,147,0.011804073137691816
2026-03-06,2026-07-31,7025.0,6740.02,210.7,215.9,0.1949476639461517,416.6,421.9,0.1462077643871307,6819.05,0.029755049254736935,147,0.011718419769415076
2026-03-06,2026-07-31,7030.0,6740.02,208.2,213.3,0.1944136116695404,419.1,424.3,0.1455392453765868,6819.05,0.030466539857501095,147,0.011635950628104259
2026-03-06,2026-07-31,7040.0,6740.02,203.0,208.2,0.1933827000427246,423.8,429.0,0.144095396900177,6819.2,0.0318660072477901,147,0.01146715444498751
2026-03-06,2026-07-31,7050.0,6740.02,198.0,203.1,0.1923184101486206,428.6,433.8,0.1426591777420044,6819.35,0.03326345742878321,147,0.011297854592593254
2026-03-06,2026-07-31,7075.0,6740.02,185.7,190.7,0.1897206272888184,440.8,446.1,0.1390018733119964,6819.75,0.0367446292373064,147,0.010879860899304206
2026-03-06,2026-07-31,7100.0,6740.02,173.8,178.8,0.1872143962478638,453.6,458.7,0.1351385772895813,6820.15,0.040213318298869094,147,0.010462316173712067
2026-03-06,2026-07-31,7125.0,6740.02,162.3,167.3,0.18473391415596,466.7,471.8,0.1311675171470642,6820.55,0.04366961238969934,147,0.010047723289039039
2026-03-06,2026-07-31,7150.0,6740.02,151.2,156.2,0.1822744126892089,480.1,485.3,0.1269752067756653,6821.0,0.04710626803333396,147,0.009629036362642408
2026-03-06,2026-07-31,7200.0,6740.02,130.5,135.2,0.1774040466594695,508.5,513.6,0.1177475463676452,6821.8,0.05395765937116516,147,0.008771113726963835
2026-03-06,2026-07-31,7250.0,6740.02,111.5,116.1,0.1727892627906799,535.6,547.1,0.1100819888687133,6822.45,0.06078282398491048,147,0.008056420080312814
2026-03-06,2026-07-31,7275.0,6740.02,102.7,107.3,0.1706053704452514,552.2,562.9,0.1038965191078186,6822.45,0.0642251681758833,147,0.007586739207620724
2026-03-06,2026-07-31,7300.0,6740.02,94.4,98.9,0.1684367367362976,567.7,579.2,0.0965933542251587,6823.2,0.06754577813158272,147,0.007072205150623669
2026-03-06,2026-07-31,7325.0,6740.02,86.5,91.0,0.1663596548461914,584.6,596.0,0.0872131074523926,6823.45,0.0709279458517381,147,0.006473955088781455
2026-03-06,2026-07-31,7350.0,6740.02,79.1,83.5,0.1642997389221191,594.0,617.9,0.0839782765197754,6825.35,0.07405669141731915,147,0.006206417824595577
2026-03-06,2026-07-31,7375.0,6740.02,72.2,76.5,0.1623447261238098,611.6,635.5,0.0600222172546386,6825.8,0.07738635190691624,147,0.004978573598355266
2026-03-06,2026-07-31,7400.0,6740.02,65.7,70.0,0.16050415309906,629.7,653.5,1.0000000000000004e-05,6826.25,0.08070452572589766,147,0.002594126453240374
2026-03-06,2026-07-31,7500.0,6740.02,44.1,48.2,0.1538742755508423,706.3,730.2,1.0000000000000004e-05,6827.9,0.09388586129435396,147,0.0023842564578669258
2026-03-06,2026-08-21,800.0,6740.02,5932.2,5950.0,1.1015669921875002,0.0,1.2,1.047612183837891,6740.5,-2.1312776574631913,168,0.505146674898356
2026-03-06,2026-08-21,1000.0,6740.02,5591.9,5627.0,1.0000000000000004e-05,0.3,1.65,0.978759978027344,6608.474999999999,-1.8883529162018349,168,0.44092916134465376
2026-03-06,2026-08-21,1400.0,6740.02,5528.8,5547.8,1.9386332719230648,1.35,2.9,0.8714612463378906,6936.175,-1.600278233219247,168,0.34955263082179905
2026-03-06,2026-08-21,2000.0,6740.02,4516.8,4557.8,1.0000000000000004e-05,3.9,5.9,0.7457300817871093,6532.400000000001,-1.183627229660506,168,0.2559645030690714
2026-03-06,2026-08-21,2200.0,6740.02,4748.4,4763.5,1.4362554127311706,5.1,7.1,0.7089262506103515,6949.849999999999,-1.150262716245707,168,0.23132284942232265
2026-03-06,2026-08-21,3000.0,6740.02,3707.5,3746.7,0.5279740806579589,12.2,14.3,0.583942759246826,6713.85,-0.8055602682639325,168,0.15694842887918312
2026-03-06,2026-08-21,3200.0,6740.02,3563.9,3587.9,0.6430623462677003,14.6,17.3,0.5575071715545655,6759.950000000001,-0.7478646837721339,168,0.14305970790203193
2026-03-06,2026-08-21,4000.0,6740.02,2791.0,2815.0,0.5349358335494995,26.7,30.0,0.4557931008148194,6774.65,-0.5268933437948183,168,0.0956206984275759
2026-03-06,2026-08-21,4100.0,6740.02,2694.9,2718.9,0.5214929748153685,28.8,32.2,0.4435060837936401,6776.4,-0.5024590137743921,168,0.09053480709263337
2026-03-06,2026-08-21,4200.0,6740.02,2599.0,2623.0,0.5082065171051027,31.1,34.8,0.4320277745056152,6778.05,-0.4786049246756463,168,0.08590921549215931
2026-03-06,2026-08-21,4300.0,6740.02,2479.9,2519.2,0.5016109714889526,32.9,37.3,0.4199772663497925,6764.450000000001,-0.4530659348051363,168,0.08118353949070763
2026-03-06,2026-08-21,4525.0,6740.02,2249.6,2266.2,0.4079725341033935,40.1,44.0,0.3942130586624146,6740.849999999999,-0.39856845258042445,168,0.07152838680590691
2026-03-06,2026-08-21,4550.0,6740.02,2265.3,2289.3,0.4802565097427367,40.9,44.8,0.3913596936416625,6784.450000000001,-0.3995059958740067,168,0.07049667081541292
2026-03-06,2026-08-21,4800.0,6740.02,2254.8,2258.6,0.65274395111084,50.2,54.5,0.3645960452651978,7004.35,-0.3779154667061178,168,0.06118434631634992
2026-03-06,2026-08-21,4850.0,6740.02,1988.6,2001.1,0.4341773349189759,53.0,56.7,0.3593394449996948,6790.0,-0.3364722366212129,168,0.05943280156463479
2026-03-06,2026-08-21,5000.0,6740.02,1849.1,1861.1,0.4155675204086304,59.8,64.2,0.3441685456848144,6793.1,-0.3064694787030722,168,0.054520367005255976
2026-03-06,2026-08-21,5100.0,6740.02,1746.4,1789.0,0.4248485860443115,65.3,70.0,0.3344640528869628,6800.05,-0.28768942536592473,168,0.05148910150454869
2026-03-06,2026-08-21,5150.0,6740.02,1789.3,1798.9,0.4712596362113952,68.4,73.1,0.3296327871131896,6873.35,-0.2886549000723815,168,0.05001234544964815
2026-03-06,2026-08-21,5200.0,6740.02,1664.7,1676.5,0.3916095538139342,71.6,76.4,0.3248873511695861,6796.6,-0.26776386155299714,168,0.048582742135885794
2026-03-06,2026-08-21,5300.0,6740.02,1787.1,1790.3,0.551516249408722,78.6,83.6,0.3155853049087524,7007.6,-0.27928845382145384,168,0.045840565000796814
2026-03-06,2026-08-21,5325.0,6740.02,1549.9,1589.5,0.4020741174411774,80.4,85.5,0.3132583628463745,6811.75,-0.24623635059021368,168,0.04516705402207139
2026-03-06,2026-08-21,5350.0,6740.02,1518.8,1529.2,0.3640944175910949,82.7,87.5,0.3109962699890136,6788.9,-0.2381923645932868,168,0.04451709104413519
2026-03-06,2026-08-21,5400.0,6740.02,1483.3,1494.6,0.3684145190429688,86.3,91.6,0.3064301230239868,6800.0,-0.23052365861183238,168,0.043219459204962396
2026-03-06,2026-08-21,5425.0,6740.02,1453.8,1468.9,0.3626829937171936,88.4,93.7,0.3041222542572021,6795.3,-0.22521329731237166,168,0.04257089876655622
2026-03-06,2026-08-21,5450.0,6740.02,1441.5,1479.3,0.3885616411781311,90.5,95.9,0.3018716053771973,6817.2,-0.2238332216937917,168,0.041943140576287855
2026-03-06,2026-08-21,5500.0,6740.02,1394.0,1405.2,0.3573844322013855,94.9,100.5,0.2974103615379332,6801.9,-0.2124538926801443,168,0.04071257832663248
2026-03-06,2026-08-21,5525.0,6740.02,1375.8,1415.1,0.3815579270362854,95.8,102.9,0.2951959519195556,6821.1,-0.21073750176824937,168,0.04010857316435165
2026-03-06,2026-08-21,5600.0,6740.02,1305.6,1316.6,0.3463905846214294,104.5,110.4,0.2885069471549987,6803.65,-0.19469263514019453,168,0.03831148339047981
2026-03-06,2026-08-21,5625.0,6740.02,1291.1,1330.3,0.3721528849792481,107.1,113.1,0.2863497574234009,6825.6,-0.19345930120441066,168,0.03774070915299181
2026-03-06,2026-08-21,5700.0,6740.02,1229.1,1267.4,0.3650938582801819,115.2,121.4,0.2796893626022338,6829.95,-0.18085117807118145,168,0.03600545601336373
2026-03-06,2026-08-21,5750.0,6740.02,1271.3,1277.8,0.3980448837471009,120.9,127.3,0.2752634043598175,6900.45,-0.18238677205869733,168,0.03487493210684678
2026-03-06,2026-08-21,5800.0,6740.02,1132.1,1142.7,0.3249016561412811,127.0,132.9,0.2703377257728576,6807.45,-0.1601596831461807,168,0.03363796614787629
2026-03-06,2026-08-21,5825.0,6740.02,1207.5,1215.5,0.3895210279464721,130.1,136.1,0.2681156868362426,6903.4,-0.16985504441143762,168,0.03308726470314679
2026-03-06,2026-08-21,5850.0,6740.02,1106.4,1142.5,0.3502052437400817,133.3,139.3,0.2658287986946106,6838.15,-0.15607556597141492,168,0.03252523735942611
2026-03-06,2026-08-21,5875.0,6740.02,1269.5,1272.9,0.4496953682136535,136.6,143.4,0.2641875416088104,7006.2,-0.17608941129736447,168,0.03212484821846456
2026-03-06,2026-08-21,5900.0,6740.02,1047.0,1057.5,0.3142787841606139,140.1,146.1,0.261369462184906,6809.15,-0.14331494501312395,168,0.03144315421412311
2026-03-06,2026-08-21,5925.0,6740.02,1026.1,1036.5,0.3117019819259643,143.5,149.6,0.2591140449810028,6809.75,-0.13917472174684106,168,0.030902835165693376
2026-03-06,2026-08-21,5950.0,6740.02,1069.9,1036.0,0.323313804283142,147.1,153.3,0.2569406429481506,6852.75,-0.1412588120071642,168,0.030386594497989902
2026-03-06,2026-08-21,5975.0,6740.02,1207.0,1213.4,0.4504220607757568,150.8,157.5,0.2550657379913331,7031.05,-0.16275195673812393,168,0.029944748375634652
2026-03-06,2026-08-21,6000.0,6740.02,963.7,973.9,0.3039029113578796,154.5,161.4,0.2528875676345825,6810.85,-0.12675745959084392,168,0.029435497186780187
2026-03-06,2026-08-21,6025.0,6740.02,1138.0,1141.3,0.4235983315181732,158.4,165.3,0.2506331040954589,7002.8,-0.15039258969992159,168,0.028913008443595137
2026-03-06,2026-08-21,6050.0,6740.02,922.4,932.6,0.2986978089904784,162.3,169.4,0.2484473044204712,6811.65,-0.11857610951990634,168,0.028410900264104415
2026-03-06,2026-08-21,6075.0,6740.02,1038.1,1043.6,0.3809094349861144,166.8,173.5,0.246183304233551,6945.7,-0.13394077383717407,168,0.027895465313979875
2026-03-06,2026-08-21,6100.0,6740.02,881.6,891.7,0.2935098725891112,170.6,177.8,0.2439793849277496,6812.45,-0.11046304933362164,168,0.02739824100085881
2026-03-06,2026-08-21,6125.0,6740.02,1005.0,1014.2,0.3813252328300475,174.7,182.1,0.2416953577804565,6956.2,-0.12725459180432228,168,0.026887661707946965
2026-03-06,2026-08-21,6150.0,6740.02,841.2,850.7,0.2879986438274382,179.1,186.6,0.2394656895256041,6813.1,-0.1023951476871977,168,0.026393866206234157
2026-03-06,2026-08-21,6160.0,6740.02,833.2,842.1,0.2866091542434692,180.8,188.4,0.2385511250019073,6813.05,-0.10076311313007869,168,0.026192644910316445
2026-03-06,2026-08-21,6175.0,6740.02,1010.3,1013.3,0.3987486883544922,183.5,191.1,0.2371540060997009,6999.5,-0.12532983541870193,168,0.025886739173520575
2026-03-06,2026-08-21,6200.0,6740.02,801.2,810.7,0.2828631589889526,188.1,195.1,0.2344284321594238,6814.35,-0.09448139070570105,168,0.03079124600399561
2026-03-06,2026-08-21,6225.0,6740.02,781.4,790.9,0.2803149666976928,192.9,200.4,0.2324753266906738,6814.5,-0.09047925253465929,168,0.030257707314300646
2026-03-06,2026-08-21,6250.0,6740.02,761.7,771.1,0.277693342218399,197.7,205.3,0.2301684115886688,6814.9,-0.08652992777822198,168,0.029678875510026327
2026-03-06,2026-08-21,6275.0,6740.02,955.7,960.1,0.4005921223735809,202.4,210.3,0.2278367012023925,7026.55,-0.11312234643380632,168,0.02389262050872447
2026-03-06,2026-08-21,6300.0,6740.02,722.6,732.0,0.2725349694252014,207.5,215.4,0.2254773345375061,6815.85,-0.07870114884511563,168,0.028538856728017134
2026-03-06,2026-08-21,6325.0,6740.02,703.3,712.6,0.2699324182415008,212.6,220.7,0.2231494388103485,6816.3,-0.07480676802934635,168,0.027976570262069633
2026-03-06,2026-08-21,6350.0,6740.02,684.0,693.5,0.2674300018596649,218.2,226.1,0.2207881648159027,6816.6,-0.07090600091717657,168,0.027427378321715608
2026-03-06,2026-08-21,6360.0,6740.02,676.3,686.0,0.2664896883869171,220.6,228.3,0.2198411756896972,6816.7,-0.06934710643226445,168,0.02721573641875963
2026-03-06,2026-08-21,6375.0,6740.02,817.7,820.7,0.3508289405059813,223.3,231.6,0.2183916052246093,6966.75,-0.08876474090911295,168,0.037283576018183336
2026-03-06,2026-08-21,6400.0,6740.02,645.9,655.6,0.2623555515670777,229.0,237.3,0.2160150725936889,6817.6,-0.06320951339788437,168,0.026332096083611995
2026-03-06,2026-08-21,6425.0,6740.02,627.1,636.7,0.2597215294456482,235.1,243.0,0.2135384051609039,6817.85,-0.05934754210572915,168,0.025772461807012367
2026-03-06,2026-08-21,6450.0,6740.02,608.4,618.0,0.2571170709323883,240.9,248.9,0.2110769963645934,6818.3,-0.05553004311337168,168,0.025223667822980286
2026-03-06,2026-08-21,6475.0,6740.02,589.9,599.5,0.2545402686977387,246.4,255.0,0.2086260778808593,6819.0,-0.05176422595291437,168,0.02468484578993033
2026-03-06,2026-08-21,6500.0,6740.02,571.6,581.1,0.2519281808662414,252.8,261.2,0.206124615163803,6819.35,-0.04796198249380257,168,0.024142792564217926
2026-03-06,2026-08-21,6525.0,6740.02,553.6,561.9,0.2487686894512176,259.4,267.5,0.203568793554306,6819.3,-0.044115874082653,168,0.023544072159820375
2026-03-06,2026-08-21,6550.0,6740.02,535.4,544.5,0.2465390211963653,265.5,274.1,0.201069238166809,6820.15,-0.04041641610124003,168,0.02305433551152189
2026-03-06,2026-08-21,6575.0,6740.02,517.7,526.0,0.243587428703308,272.4,280.8,0.198507694568634,6820.25,-0.03662155001119065,168,0.02248991812842469
2026-03-06,2026-08-21,6600.0,6740.02,499.9,509.0,0.2413787410736083,279.2,287.7,0.1959366143226623,6821.0,-0.032936439640202396,168,0.022006241760946274
2026-03-06,2026-08-21,6625.0,6740.02,482.7,490.9,0.2384490828704833,286.6,294.8,0.193350275440216,6821.1,-0.02917037729977996,168,0.02145459946623652
2026-03-06,2026-08-21,6650.0,6740.02,465.1,474.1,0.23613739944458,293.1,302.0,0.190689550704956,6822.05,-0.025543158530797652,168,0.02096332138549613
2026-03-06,2026-08-21,6675.0,6740.02,448.4,456.4,0.233216324224472,301.2,309.5,0.1880602969074249,6822.05,-0.02179080891224727,168,0.020421664776758705
2026-03-06,2026-08-21,6700.0,6740.02,431.1,440.0,0.2309017798042297,308.2,317.1,0.1853461669445037,6822.9,-0.01817707501942008,168,0.019937037899305562
2026-03-06,2026-08-21,6725.0,6740.02,414.6,423.0,0.2281390129375458,316.2,325.1,0.182707376499176,6823.15,-0.014489316568040787,168,0.019422958191654793
2026-03-06,2026-08-21,6750.0,6740.02,398.0,406.9,0.225751989994049,324.1,333.1,0.1799169533538818,6823.85,-0.01088132382067561,168,0.018936510265959234
2026-03-06,2026-08-21,6775.0,6740.02,382.1,390.1,0.2228566637229919,332.4,341.3,0.1770798006343841,6824.25,-0.007243078157008196,168,0.018405110608089057
2026-03-06,2026-08-21,6780.0,6740.02,378.9,386.9,0.2223502677249907,334.2,343.2,0.1766353928470611,6824.2,-0.006498016131157087,168,0.0183177024886819
2026-03-06,2026-08-21,6800.0,6740.02,365.7,374.6,0.2205478412914276,341.1,350.0,0.1743532730293274,6824.6,-0.0036111191128349804,168,0.017944573654395918
2026-03-06,2026-08-21,6825.0,6740.02,350.3,358.6,0.2178337113285064,349.9,358.5,0.17134541431427,6825.25,-3.662936576663216e-05,168,0.01742831906058956
2026-03-06,2026-08-21,6830.0,6740.02,347.0,355.6,0.2173845352172851,351.5,360.3,0.1707770301055908,6825.4,0.0006737261704524674,168,0.017337300913271292
2026-03-06,2026-08-21,6840.0,6740.02,340.8,349.4,0.216360299243927,355.1,364.1,0.1697289525127411,6825.5,0.0021221331735637103,168,0.01715267461239726
2026-03-06,2026-08-21,6850.0,6740.02,334.5,342.9,0.2151491449737549,358.8,367.6,0.1684863273048401,6825.5,0.0035830538132385443,168,0.016935340752870315
2026-03-06,2026-08-21,6860.0,6740.02,328.5,337.1,0.214299429655075,362.6,371.5,0.167433481388092,6825.75,0.005005216594356074,168,0.016767782590922188
2026-03-06,2026-08-21,6870.0,6740.02,322.4,331.0,0.2132627960395813,366.4,375.1,0.1661860878562927,6825.95,0.00643258071064583,168,0.016567729124856514
2026-03-06,2026-08-21,6875.0,6740.02,319.3,327.9,0.212708716802597,368.3,377.0,0.1656043523406982,6825.95,0.007160118029022875,168,0.016468692295764455
2026-03-06,2026-08-21,6880.0,6740.02,316.4,325.0,0.2122576333618164,370.6,379.0,0.1650712537288666,6825.9,0.007894451436198614,168,0.016383117094218965
2026-03-06,2026-08-21,6890.0,6740.02,310.4,318.9,0.2111752238368987,374.0,382.7,0.1638143235492706,6826.3,0.009288285902353892,168,0.016180604786994884
2026-03-06,2026-08-21,6900.0,6740.02,304.4,312.7,0.2100136601352691,377.7,386.6,0.1626355938816071,6826.4,0.010723963362975642,168,0.01597927012003299
2026-03-06,2026-08-21,6925.0,6740.02,289.7,298.1,0.2075007534408569,387.6,396.5,0.1596248741722106,6826.85,0.014274685462056522,168,0.01550907263263596
2026-03-06,2026-08-21,6930.0,6740.02,286.9,295.2,0.2069914964485168,389.6,398.6,0.1590641192817688,6826.95,0.014981798653627788,168,0.015418799944993145
2026-03-06,2026-08-21,6940.0,6740.02,281.2,289.6,0.2060635806179046,393.7,402.7,0.1578586870002746,6827.2,0.016387141067114638,168,0.01523960413279732
2026-03-06,2026-08-21,6950.0,6740.02,275.4,283.7,0.2049449318313598,398.5,406.9,0.1566732816791534,6826.85,0.017878292965355074,168,0.0150472459133876
2026-03-06,2026-08-21,6960.0,6740.02,269.9,278.0,0.2039121128749847,402.0,411.0,0.1553944172096252,6827.45,0.019228223332210415,168,0.014855478541316691
2026-03-06,2026-08-21,6970.0,6740.02,264.3,272.4,0.2029088575267791,406.3,415.2,0.1541346260356903,6827.6,0.020642003864391717,168,0.014668937162974741
2026-03-06,2026-08-21,6975.0,6740.02,261.5,269.6,0.2023967395401,408.3,417.4,0.1535462148666381,6827.7,0.02134446047158891,168,0.014578647247275301
2026-03-06,2026-08-21,6980.0,6740.02,258.8,266.9,0.2019351657867431,410.4,419.5,0.1528910471630097,6827.9,0.022031757526370193,168,0.014487312160665919
2026-03-06,2026-08-21,6990.0,6740.02,253.3,261.4,0.2009357250976562,414.9,423.9,0.1516655879211426,6827.95,0.023456074128854323,168,0.014306199478324384
2026-03-06,2026-08-21,7000.0,6740.02,247.8,256.0,0.1999648943519592,420.0,428.3,0.1503981674289704,6827.75,0.024914958736015194,168,0.014125149459017298
2026-03-06,2026-08-21,7010.0,6740.02,242.6,250.6,0.1989673609924316,424.5,432.8,0.1491469592380523,6827.95,0.026313218929634275,168,0.01394441193939819
2026-03-06,2026-08-21,7025.0,6740.02,234.7,242.6,0.1974758292770385,430.5,439.5,0.1471585681724548,6828.65,0.028348218567758633,168,0.013667014937056887
2026-03-06,2026-08-21,7030.0,6740.02,232.0,240.0,0.1970028115463256,433.4,441.8,0.1465119834518432,6828.4,0.029096320298112963,168,0.013578360011152396
2026-03-06,2026-08-21,7050.0,6740.02,221.4,229.4,0.1949257296562195,442.8,451.0,0.143809297466278,6828.5,0.03192258668783515,168,0.013203122140237047
2026-03-06,2026-08-21,7060.0,6740.02,216.7,224.4,0.1940149797916412,447.5,455.8,0.1425037303829193,6828.9,0.033281445065835295,168,0.013030913360266008
2026-03-06,2026-08-21,7075.0,6740.02,209.1,216.9,0.1925949729347228,454.6,462.9,0.1403904092311859,6829.25,0.035352585639375496,168,0.012758709914847679
2026-03-06,2026-08-21,7100.0,6740.02,196.5,204.6,0.1901945986843109,466.4,475.2,0.1368818765068054,6829.75,0.03880671435556877,168,0.01230991470187585
2026-03-06,2026-08-21,7110.0,6740.02,192.1,199.7,0.1891932506656646,471.9,480.2,0.1354275377178192,6829.85,0.04019953240626761,168,0.01212576318501373
2026-03-06,2026-08-21,7120.0,6740.02,187.4,195.0,0.1882767788124084,477.0,485.3,0.133976059923172,6830.05,0.0415757312237647,168,0.011949505389238028
2026-03-06,2026-08-21,7125.0,6740.02,185.0,192.6,0.1877780121326446,479.5,487.8,0.1331940548038482,6830.15,0.04226309088052512,168,0.011854709166154373
2026-03-06,2026-08-21,7150.0,6740.02,173.2,181.3,0.1855779074859619,492.2,500.9,0.1294242179298401,6830.7,0.04568519935582473,168,0.011417825311484523
2026-03-06,2026-08-21,7175.0,6740.02,162.5,170.1,0.1832357067871093,504.9,514.4,0.1254703237533569,6831.65,0.049036535979888864,168,0.010965959885660691
2026-03-06,2026-08-21,7180.0,6740.02,160.3,167.9,0.1827665037155151,507.6,517.1,0.1246196547698974,6831.75,0.04971851974924104,168,0.010872390460256448
2026-03-06,2026-08-21,7200.0,6740.02,151.4,159.4,0.1809888725662231,518.7,528.2,0.1212093495178222,6831.95,0.05247088806369226,168,0.01050848807696393
2026-03-06,2026-08-21,7220.0,6740.02,144.1,151.0,0.179134948234558,530.1,539.6,0.1176369212532043,6832.7,0.055135042650639315,168,0.01013448982413419
2026-03-06,2026-08-21,7225.0,6740.02,142.1,149.0,0.1787124747371673,532.9,542.5,0.1167156810760498,6832.85,0.0558053707311653,168,0.010042924384609143
2026-03-06,2026-08-21,7240.0,6740.02,136.1,143.0,0.1773906953525543,541.7,551.3,0.1138565940666198,6833.05,0.057850073195637494,168,0.00976068304369501
2026-03-06,2026-08-21,7250.0,6740.02,132.0,139.2,0.1765924779319763,547.6,557.2,0.1118195660972595,6833.2,0.0592083837758179,168,0.00957157068473183
2026-03-06,2026-08-21,7260.0,6740.02,128.0,135.2,0.1756302301692963,553.6,563.2,0.1097253182411193,6833.2,0.0605867437459392,168,0.009369772981812548
2026-03-06,2026-08-21,7275.0,6740.02,122.9,129.6,0.1743752073192596,562.7,572.4,0.1064637846946716,6833.7,0.06257755848428583,168,0.009075514126813256
2026-03-06,2026-08-21,7300.0,6740.02,113.4,120.5,0.1722513958549499,578.3,587.9,0.1002230023765563,6833.85,0.06598614378026861,168,0.008542949323419454
2026-03-06,2026-08-21,7325.0,6740.02,105.0,111.9,0.1702258118629456,594.2,603.9,0.0928206563568115,6834.4,0.06932447204785916,168,0.00796198538794872
2026-03-06,2026-08-21,7350.0,6740.02,96.8,103.7,0.1682326524734497,610.7,620.4,0.0831886420822144,6834.7,0.07268773574582624,168,0.007273786380695704
2026-03-06,2026-08-21,7375.0,6740.02,89.2,96.0,0.1663482108688355,627.4,637.2,0.0657976111602783,6835.3,0.07599554127946115,168,0.00620123471998374
2026-03-06,2026-08-21,7400.0,6740.02,82.0,88.6,0.1644313446617126,644.8,654.6,1.0000000000000004e-05,6835.6,0.07933575041950727,168,0.0031115620411901117
2026-03-06,2026-08-21,7425.0,6740.02,75.5,81.9,0.1627862729167938,662.5,672.4,1.0000000000000004e-05,6836.25,0.08261334900991786,168,0.003049617293082649
2026-03-06,2026-08-21,7450.0,6740.02,68.9,75.4,0.1610458346939087,680.6,690.5,1.0000000000000004e-05,6836.6,0.08592350036364263,168,0.0029847595598245734
2026-03-06,2026-08-21,7475.0,6740.02,63.3,69.3,0.1593654773521423,699.1,709.1,1.0000000000000004e-05,6837.2,0.08918582817677413,168,0.002922802183044864
2026-03-06,2026-08-21,7500.0,6740.02,57.3,63.4,0.1575821242141724,718.1,728.0,1.0000000000000004e-05,6837.3,0.09251010367900639,168,0.0028577579720604823
2026-03-06,2026-08-21,7525.0,6740.02,52.8,58.1,0.1560467239189148,566.2,567.6,1.0000000000000004e-05,7013.55,0.07038681837461375,168,0.002802343685952835
2026-03-06,2026-08-21,7550.0,6740.02,47.4,53.2,0.1546047827720642,757.1,767.2,1.0000000000000004e-05,6838.15,0.09903033604575338,168,0.0027507964497792033
2026-03-06,2026-08-21,7575.0,6740.02,43.1,48.6,0.1531819149208069,777.2,787.3,1.0000000000000004e-05,6838.6,0.10227031907302146,168,0.010800190251724094
2026-03-06,2026-08-21,7600.0,6740.02,39.0,44.4,0.1518849308204651,797.6,807.7,1.0000000000000004e-05,6839.05,0.10549941419266998,168,0.01061807509955259
2026-03-06,2026-08-21,7625.0,6740.02,35.3,40.5,0.1506337226295471,811.8,835.8,1.0000000000000004e-05,6839.1,0.10877617846365377,168,0.010443855041269962
2026-03-06,2026-08-21,7650.0,6740.02,32.0,37.0,0.1495560814285278,832.9,856.9,1.0000000000000004e-05,6839.6,0.11197639744614347,168,0.01029495783753173
2026-03-06,2026-08-21,7675.0,6740.02,28.9,33.7,0.1484498302841186,854.3,878.3,1.0000000000000004e-05,6840.0,0.11518056183880168,168,0.01014321960195191
2026-03-06,2026-08-21,7700.0,6740.02,26.0,30.7,0.1474465749359131,875.9,899.9,1.0000000000000004e-05,6840.45,0.11836680991552731,168,0.010006582831056845
2026-03-06,2026-08-21,7750.0,6740.02,20.8,26.3,0.1468247854995727,818.0,821.5,1.0000000000000004e-05,6953.8,0.10840457061882917,168,0.00992236428223356
2026-03-06,2026-08-21,7850.0,6740.02,13.8,17.6,0.1430978635406494,1012.4,1023.1,1.0000000000000004e-05,6847.95,0.13656419438340056,168,0.00942502946954224
2026-03-06,2026-08-21,7900.0,6740.02,11.2,14.6,0.1420640909194946,856.9,860.7,1.0000000000000004e-05,7054.1,0.11325375140575718,168,0.009289344098727254
2026-03-06,2026-08-21,8000.0,6740.02,7.5,10.3,0.1411333140945435,1150.7,1174.7,1.0000000000000004e-05,6846.2,0.15574778785892338,168,0.009168018833829927
2026-03-06,2026-08-21,8200.0,6740.02,3.1,5.5,0.1418695433044433,1342.5,1366.5,1.0000000000000004e-05,6849.8,0.17991469950260858,168,0.009263919203630412
2026-03-06,2026-08-21,8500.0,6740.02,0.95,2.7,0.1480187738037109,1634.5,1658.5,1.0000000000000004e-05,6855.325,0.21504044095668112,168,0.010084399021708202
2026-03-06,2026-08-21,10000.0,6740.02,0.1,0.75,0.2045672805786132,3022.9,3061.5,1.0000000000000004e-05,6958.225,0.3626606799087076,168,0.01926144039342269
2026-03-06,2026-08-21,10200.0,6740.02,0.1,0.7,0.2122881506347656,3302.3,3326.3,1.0000000000000004e-05,6886.1,0.39288283326034473,168,0.020742826014213865
2026-03-06,2026-08-21,10400.0,6740.02,0.1,0.65,0.2196733306884765,3498.7,3522.7,1.0000000000000004e-05,6889.675,0.41178189204561105,168,0.022211152143148356
2026-03-06,2026-08-21,10600.0,6740.02,0.1,0.65,0.2282181671142578,3582.3,3602.1,1.0000000000000004e-05,7008.175,0.4137766763345257,168,0.023972694089223392
2026-03-06,2026-08-21,10800.0,6740.02,0.0,0.6,0.2349319671630859,3891.4,3915.4,1.0000000000000004e-05,6896.9,0.4484740988436935,168,0.02540391480761562
2026-03-06,2026-09-18,600.0,6740.02,6093.2,6132.2,1.0000000000000004e-05,0.0,0.95,1.08203583984375,6712.224999999999,-2.414756114419104,196,0.6287043986478038
2026-03-06,2026-09-18,800.0,6740.02,5972.7,6040.6,1.853379029006958,0.2,1.3,0.989257919921875,6805.9,-2.140933434366968,196,0.5255115657455297
2026-03-06,2026-09-18,1000.0,6740.02,5707.6,5746.6,1.1147505200195311,0.35,1.8,0.9145516357421876,6726.025000000001,-1.9059843302305874,196,0.4491378633150338
2026-03-06,2026-09-18,2000.0,6740.02,4746.5,4785.5,0.8780987532043458,4.7,6.6,0.7026702096557618,6760.35,-1.21792748330257,196,0.2651345288037911
2026-03-06,2026-09-18,3200.0,6740.02,3569.1,3593.1,0.611511300697327,17.1,19.5,0.5278977874755859,6762.799999999999,-0.7482861956749933,196,0.14964523426914328
2026-03-06,2026-09-18,3400.0,6740.02,3379.2,3396.1,0.5853923297119141,20.1,22.5,0.5020496572875978,6766.349999999999,-0.6881863666328976,196,0.13534946915887258
2026-03-06,2026-09-18,3500.0,6740.02,3280.0,3304.0,0.5746082883834839,21.8,24.2,0.4941914595031738,6769.0,-0.6595903970311026,196,0.1311455861221696
2026-03-06,2026-09-18,3800.0,6740.02,2991.8,3015.8,0.5371025599288941,27.1,30.0,0.4575058827590943,6775.25,-0.5782751997216264,196,0.11239747950903814
2026-03-06,2026-09-18,3900.0,6740.02,2896.0,2920.0,0.5246438832473755,29.4,32.2,0.4457071421051025,6777.2,-0.5525874841662133,196,0.10667493665371401
2026-03-06,2026-09-18,4000.0,6740.02,2800.3,2824.3,0.5121356159973145,31.6,34.6,0.434225018157959,6779.200000000001,-0.5275647397702672,196,0.10124950085829822
2026-03-06,2026-09-18,4150.0,6740.02,2663.7,2675.9,0.5043365454292298,35.5,38.6,0.4175091819000244,6782.75,-0.4912742901941029,196,0.09360418555145814
2026-03-06,2026-09-18,4200.0,6740.02,2609.7,2633.7,0.5060169027709961,36.9,39.9,0.4117299733352661,6783.299999999999,-0.4793791839141839,196,0.09103076138290728
2026-03-06,2026-09-18,4250.0,6740.02,2549.5,2589.5,0.5042240129852295,38.3,41.4,0.4063284160232544,6779.65,-0.4670064952646167,196,0.08865793207375759
2026-03-06,2026-09-18,4400.0,6740.02,2425.0,2438.5,0.4727530752563477,42.9,46.2,0.3902610718154907,6787.2,-0.4334339444640108,196,0.08178500278963512
2026-03-06,2026-09-18,4450.0,6740.02,2375.7,2391.2,0.466527551574707,44.5,47.9,0.3849319930267333,6787.25,-0.422141755991052,196,0.07956667751803967
2026-03-06,2026-09-18,4500.0,6740.02,2325.6,2349.6,0.4675269922637939,46.3,49.8,0.3798851990127563,6789.549999999999,-0.4113072686658632,196,0.07749397761116834
2026-03-06,2026-09-18,4550.0,6740.02,1913.4,1952.8,1.0000000000000004e-05,48.1,51.7,0.3747354092025757,6433.2,-0.34634484867649623,196,0.0754071749983657
2026-03-06,2026-09-18,4600.0,6740.02,2231.6,2255.6,0.4551751260375977,49.9,53.6,0.3694940675735473,6791.85,-0.38966706046447025,196,0.07331251980964616
2026-03-06,2026-09-18,4700.0,6740.02,2121.9,2162.7,0.4438379591369628,54.1,58.0,0.3596903936386108,6786.25,-0.36733599752151086,196,0.06947377298103057
2026-03-06,2026-09-18,4800.0,6740.02,2051.5,2062.8,0.4245071740531921,58.6,62.7,0.3498867197036743,6796.5,-0.34779185587932027,196,0.06573824783150553
2026-03-06,2026-09-18,4825.0,6740.02,2097.2,2108.5,0.4908879647064209,59.8,64.0,0.3475445190048217,6865.95,-0.3527636779576216,196,0.06486106785560933
2026-03-06,2026-09-18,4950.0,6740.02,1898.0,1937.6,0.4211712546539307,66.7,71.0,0.3360108971595764,6798.95,-0.3173806119140323,196,0.060627537835497944
2026-03-06,2026-09-18,4975.0,6740.02,2103.0,2108.0,0.5811866680336,68.0,72.5,0.3337316383361816,7010.25,-0.3429479931381093,196,0.059807819341381296
2026-03-06,2026-09-18,5000.0,6740.02,1866.8,1878.5,0.4024241124153137,69.6,73.9,0.3312883491706848,6800.9,-0.3076170439312593,196,0.05893530459743168
2026-03-06,2026-09-18,5025.0,6740.02,1814.7,1831.5,0.3752484808540344,71.0,75.6,0.3291864719963073,6774.8,-0.29878439208968965,196,0.05818984037176334
2026-03-06,2026-09-18,5050.0,6740.02,2071.5,2078.1,0.5967199599647522,72.7,77.2,0.3269205644798278,7049.85,-0.33361809671481424,196,0.057391514723404424
2026-03-06,2026-09-18,5100.0,6740.02,1850.7,1861.2,0.457059567642212,75.8,80.4,0.3222781243324279,6877.85,-0.29906556337667234,196,0.05577310993685661
2026-03-06,2026-09-18,5150.0,6740.02,1981.4,1988.4,0.5796341017723083,79.3,84.1,0.318062926006317,7053.2,-0.3144846998759866,196,0.05432369556257858
2026-03-06,2026-09-18,5175.0,6740.02,1917.5,1922.5,0.5444667593574525,81.0,85.8,0.3157207253074645,7011.6,-0.3037265812148219,196,0.0535265670470674
2026-03-06,2026-09-18,5200.0,6740.02,1684.6,1695.7,0.3801732057762145,82.9,87.8,0.3136741606903076,6804.8,-0.26896961992985036,196,0.052834876440040306
2026-03-06,2026-09-18,5250.0,6740.02,1849.2,1852.9,0.5311535990333558,86.7,91.6,0.3092281754875183,7011.9,-0.28938062908736234,196,0.051347738753442534
2026-03-06,2026-09-18,5300.0,6740.02,1588.6,1627.8,0.3882154608631134,90.7,95.7,0.3049271473312377,6815.0,-0.25141924459041975,196,0.04992928979505481
2026-03-06,2026-09-18,5400.0,6740.02,1505.8,1517.0,0.3596560617065429,99.3,104.5,0.2963823109054565,6809.5,-0.23191974245664632,196,0.047170205333318095
2026-03-06,2026-09-18,5425.0,6740.02,1469.9,1484.8,0.3489368695831298,101.6,107.1,0.2945093132781982,6798.0,-0.225610551847401,196,0.046575901860517244
2026-03-06,2026-09-18,5450.0,6740.02,1459.5,1499.6,0.3754964336967468,104.0,109.5,0.2923959921264647,6822.8,-0.22465433610942812,196,0.04590986733555465
2026-03-06,2026-09-18,5500.0,6740.02,1417.6,1428.6,0.349335501461029,108.8,114.6,0.2882914189147949,6811.4,-0.21384958682368574,196,0.044629974452332945
2026-03-06,2026-09-18,5525.0,6740.02,1481.2,1490.5,0.4083082241058349,111.4,116.9,0.285941588897705,6896.7,-0.22175978892662448,196,0.04390539200883137
2026-03-06,2026-09-18,5550.0,6740.02,1565.8,1569.6,0.473847882423401,114.0,119.5,0.2838091944503783,7000.95,-0.23224792637433392,196,0.043252989412318456
2026-03-06,2026-09-18,5600.0,6740.02,1520.0,1524.0,0.4651390156555176,119.4,125.4,0.2799869060134887,6999.6,-0.22308640682435166,196,0.04209578859628823
2026-03-06,2026-09-18,5650.0,6740.02,1375.7,1384.6,0.3945716366195679,125.0,131.2,0.2758518155288695,6902.05,-0.20016292376824366,196,0.040861555971486024
2026-03-06,2026-09-18,5675.0,6740.02,1263.2,1277.4,0.3324193955993652,128.0,134.3,0.2738624707984924,6814.15,-0.18293076913062908,196,0.04027432320746192
2026-03-06,2026-09-18,5700.0,6740.02,1241.4,1251.1,0.3265019056415557,131.0,137.3,0.271737705669403,6812.1,-0.17823426782869967,196,0.03965180990072419
2026-03-06,2026-09-18,5725.0,6740.02,1231.0,1269.1,0.3512428310203552,134.1,140.5,0.269714029006958,6837.75,-0.17761618071068142,196,0.03906342153112486
2026-03-06,2026-09-18,5750.0,6740.02,1136.4,1144.6,0.2756601289081573,137.2,143.6,0.2675549319458008,6750.1,-0.16035746478025598,196,0.03844050891854886
2026-03-06,2026-09-18,5775.0,6740.02,1180.6,1190.9,0.3217612380218505,140.5,146.8,0.2654158618450164,6817.1,-0.16589590507452884,196,0.03782831130112558
2026-03-06,2026-09-18,5800.0,6740.02,1357.1,1360.0,0.4412993034934997,143.8,150.1,0.2632958650398255,7011.6,-0.18970800281388103,196,0.03722642098418005
2026-03-06,2026-09-18,5825.0,6740.02,1150.0,1186.3,0.3417271638488769,147.2,153.1,0.2608964444541931,6843.0,-0.1610672325185964,196,0.03655102226534962
2026-03-06,2026-09-18,5850.0,6740.02,1313.3,1316.5,0.433508815908432,150.7,157.3,0.2593152682495118,7010.9,-0.1810244195788158,196,0.0361093261262301
2026-03-06,2026-09-18,5875.0,6740.02,1291.9,1295.5,0.4300365224456787,154.3,160.1,0.2566612191677093,7011.5,-0.17684559815434583,196,0.03537396262803387
2026-03-06,2026-09-18,5900.0,6740.02,1075.9,1085.9,0.3095619581604004,157.9,164.5,0.2550848112869264,6819.7,-0.14486313170638987,196,0.03494076478372664
2026-03-06,2026-09-18,5925.0,6740.02,1248.5,1252.2,0.4222336372184753,161.7,168.3,0.2530172660446167,7010.35,-0.16820694145223306,196,0.03437664776896356
2026-03-06,2026-09-18,5950.0,6740.02,1213.8,1217.1,0.4103013834953308,165.5,171.4,0.2504070855426787,6997.0,-0.1620902662062213,196,0.03367103250420759
2026-03-06,2026-09-18,5975.0,6740.02,971.1,978.0,0.272983191871643,169.4,175.4,0.2483528916072845,6777.15,-0.12597256177892735,196,0.03312086333934554
2026-03-06,2026-09-18,6000.0,6740.02,993.1,1002.9,0.2995580146217346,173.4,179.5,0.2462986976718902,6821.55,-0.12832724953205463,196,0.03257522603034071
2026-03-06,2026-09-18,6025.0,6740.02,1163.2,1166.7,0.4069912130451202,177.5,184.4,0.2447013091659546,7009.0,-0.15127755814146907,196,0.0321540581333597
2026-03-06,2026-09-18,6050.0,6740.02,953.1,962.8,0.2951063074302673,181.7,188.7,0.2426356712532043,6822.75,-0.12020434434539377,196,0.03161349456723461
2026-03-06,2026-09-18,6075.0,6740.02,1121.1,1124.5,0.3995287861442567,186.0,192.3,0.240052193365097,7008.65,-0.14296311124790945,196,0.030943865440332077
2026-03-06,2026-09-18,6100.0,6740.02,912.3,921.9,0.2899393516540526,190.3,197.6,0.2384834148025512,6823.15,-0.11203247087667809,196,0.03054074101543451
2026-03-06,2026-09-18,6125.0,6740.02,892.7,902.1,0.2876600928306578,194.8,202.1,0.2363319470596313,6823.95,-0.10805972665085313,196,0.029992182694233666
2026-03-06,2026-09-18,6150.0,6740.02,873.2,882.3,0.2853197994613647,199.4,206.8,0.2342329308795929,6824.65,-0.10408897588634548,196,0.029461788816589184
2026-03-06,2026-09-18,6175.0,6740.02,1013.2,1016.5,0.3709588966751098,204.1,211.5,0.232058575181961,6982.05,-0.12283368741500356,196,0.028917347215984768
2026-03-06,2026-09-18,6200.0,6740.02,833.7,842.4,0.2802815884304045,208.9,216.3,0.2298718218421936,6825.45,-0.09610898091235663,196,0.03493854410582282
2026-03-06,2026-09-18,6225.0,6740.02,814.2,822.9,0.2779308047485351,213.8,221.2,0.2276679025363921,6826.05,-0.09217273304099247,196,0.034317459144113105
2026-03-06,2026-09-18,6250.0,6740.02,794.8,803.4,0.2755142181968688,218.8,226.3,0.2255059444808959,6826.55,-0.0882379577651042,196,0.0336987368960905
2026-03-06,2026-09-18,6275.0,6740.02,979.8,986.3,0.3852476560688018,223.9,231.5,0.2233230058002471,7030.35,-0.11366300619414696,196,0.026781206367815922
2026-03-06,2026-09-18,6300.0,6740.02,756.3,765.4,0.2710462987041473,229.1,236.8,0.2211171791648864,6827.9,-0.08046752585042385,196,0.03251786180399725
2026-03-06,2026-09-18,6325.0,6740.02,737.2,746.3,0.2686516464424133,234.5,242.2,0.2188865572452545,6828.4,-0.07658035091087678,196,0.03190953836354765
2026-03-06,2026-09-18,6350.0,6740.02,718.2,727.4,0.2662989554309846,240.1,247.8,0.2166845452690124,6828.85,-0.07270147168448376,196,0.03131610968622678
2026-03-06,2026-09-18,6375.0,6740.02,699.4,708.1,0.2636553966617584,245.6,253.4,0.2143976571273803,6829.25,-0.06883076684543603,196,0.030680003807175168
2026-03-06,2026-09-18,6400.0,6740.02,680.7,689.8,0.2614858092880249,251.4,259.2,0.2121355642700195,6829.95,-0.06501936254605976,196,0.030113816627560065
2026-03-06,2026-09-18,6425.0,6740.02,662.2,671.2,0.2590787593841552,257.2,265.1,0.2098391394805908,6830.55,-0.06120856664566705,196,0.02951867341893337
2026-03-06,2026-09-18,6450.0,6740.02,643.7,652.8,0.2567022267532348,263.2,271.1,0.2075055217647552,6831.1,-0.057405583979953934,196,0.02892863796006282
2026-03-06,2026-09-18,6475.0,6740.02,781.2,783.1,0.3330831462860107,269.5,277.4,0.2052405679130553,6983.7,-0.07563025470263264,196,0.03890364011557481
2026-03-06,2026-09-18,6500.0,6740.02,607.3,616.3,0.2518757293033599,275.7,283.7,0.2028802475833892,6832.1,-0.04982991647989946,196,0.027762594321087266
2026-03-06,2026-09-18,6525.0,6740.02,589.3,598.0,0.2493160930347442,282.3,290.2,0.2005275565719604,6832.4,-0.04603504957301143,196,0.027166044234198633
2026-03-06,2026-09-18,6550.0,6740.02,571.5,580.2,0.2469376530742645,288.9,296.9,0.1981796338844299,6832.95,-0.042291448694589576,196,0.02659819331047662
2026-03-06,2026-09-18,6575.0,6740.02,553.9,562.5,0.2445267885112762,295.5,303.7,0.1957802132987976,6833.6,-0.038577043041236846,196,0.026026417907687237
2026-03-06,2026-09-18,6600.0,6740.02,536.3,544.9,0.2420806383514404,302.5,310.6,0.1933254801559448,6834.05,-0.03484782099333537,196,0.025450262777122444
2026-03-06,2026-09-18,6625.0,6740.02,518.8,526.8,0.2392873542118072,309.7,317.8,0.1909174765872955,6834.05,-0.0310670981534294,196,0.024845845549866692
2026-03-06,2026-09-18,6650.0,6740.02,501.8,509.7,0.2369203582286835,316.9,325.1,0.1884465311431884,6834.75,-0.02740303839444607,196,0.02429017133731839
2026-03-06,2026-09-18,6675.0,6740.02,484.9,492.7,0.2345114009952545,324.3,332.6,0.1859622343921661,6835.35,-0.02373847160124227,196,0.023734536506136335
2026-03-06,2026-09-18,6700.0,6740.02,468.1,475.8,0.2320576215171813,332.1,340.4,0.1835084549140929,6835.7,-0.020051352580387014,196,0.023183734329160814
2026-03-06,2026-09-18,6725.0,6740.02,451.5,459.2,0.2296582009315491,340.0,348.2,0.1809306990146637,6836.25,-0.016407410190942672,196,0.02263172326902196
2026-03-06,2026-09-18,6750.0,6740.02,435.1,442.8,0.2272587803459167,347.9,356.3,0.1783748774051666,6836.85,-0.012784594359419362,196,0.022088752193768837
2026-03-06,2026-09-18,6775.0,6740.02,418.9,426.6,0.224857452430725,356.3,364.6,0.1757856775283813,6837.3,-0.009153550097493706,196,0.02154857797695353
2026-03-06,2026-09-18,6800.0,6740.02,403.0,410.6,0.2224504025268554,364.6,373.0,0.1731077868270873,6838.0,-0.0055726790350484915,196,0.021005062402968525
2026-03-06,2026-09-18,6825.0,6740.02,387.1,394.9,0.2200862675380706,373.5,381.9,0.1705367065811157,6838.3,-0.0019468216610497256,196,0.0204841892810307
2026-03-06,2026-09-18,6850.0,6740.02,371.7,379.9,0.2179643634033203,382.4,390.8,0.1678130399703979,6839.2,0.0015778865442471282,196,0.019979139843108645
2026-03-06,2026-09-18,6875.0,6740.02,356.4,364.6,0.2155725721359253,391.6,400.0,0.1650817440414428,6839.7,0.005147772529161157,196,0.01945202113095487
2026-03-06,2026-09-18,6900.0,6740.02,341.4,349.6,0.2132151128005981,401.0,409.4,0.1622855989074706,6840.3,0.008689821281437977,196,0.018928872438822027
2026-03-06,2026-09-18,6925.0,6740.02,326.6,334.7,0.2107851749420165,410.7,419.0,0.1594150679206848,6840.8,0.0122333682137936,196,0.01839825416702616
2026-03-06,2026-09-18,6950.0,6740.02,312.0,320.2,0.208431530265808,420.6,429.1,0.1566170154571533,6841.25,0.015771196100709806,196,0.017889757797227398
2026-03-06,2026-09-18,6975.0,6740.02,297.8,305.9,0.2060502293109893,431.6,439.3,0.1536759132766724,6841.4,0.01933993865415545,196,0.017371895850380646
2026-03-06,2026-09-18,7000.0,6740.02,283.9,291.9,0.2036889553165435,442.1,449.8,0.1506842668628693,6841.95,0.022837370331337984,196,0.0168587360254607
2026-03-06,2026-09-18,7025.0,6740.02,270.2,278.2,0.201343893623352,452.0,460.7,0.1476849911308288,6842.85,0.02627090370013418,196,0.0163540738554647
2026-03-06,2026-09-18,7050.0,6740.02,257.0,264.9,0.1990636811351776,463.1,471.8,0.1445560169887542,6843.5,0.02972832015499339,196,0.015851096849315943
2026-03-06,2026-09-18,7075.0,6740.02,243.9,251.8,0.1967415073966979,474.6,483.2,0.141338352022171,6843.95,0.0332023931952401,196,0.015344113906546369
2026-03-06,2026-09-18,7100.0,6740.02,231.3,239.2,0.1945328197669983,486.3,495.0,0.1380682354927063,6844.6,0.036634763829548285,196,0.01485082092063996
2026-03-06,2026-09-18,7125.0,6740.02,218.9,226.8,0.1922745415687561,498.4,507.1,0.134672235212326,6845.1,0.04007665831721701,196,0.014350179582272322
2026-03-06,2026-09-18,7150.0,6740.02,206.9,214.7,0.1900181707000733,510.9,519.7,0.1312438103294372,6845.5,0.043520854614242745,196,0.013855489759713074
2026-03-06,2026-09-18,7175.0,6740.02,195.3,203.0,0.1878132977294921,523.7,532.5,0.127578876581192,6846.05,0.04693091802945096,196,0.013353805362204457
2026-03-06,2026-09-18,7200.0,6740.02,184.1,191.7,0.1856589689922332,536.8,545.6,0.1236965072631836,6846.7,0.05031424165238622,196,0.012847506092524854
2026-03-06,2026-09-18,7225.0,6740.02,173.2,180.7,0.1834989182662963,550.4,559.3,0.119746427745819,6847.1,0.0537220290297525,196,0.012345011654855804
2026-03-06,2026-09-18,7250.0,6740.02,162.7,170.1,0.1813855971145629,564.3,573.3,0.1154816388511657,6847.6,0.05710324294809716,196,0.011831171599196296
2026-03-06,2026-09-18,7275.0,6740.02,152.6,159.9,0.1793180518722534,578.6,587.6,0.1108086814308166,6848.15,0.060465270252401476,196,0.011300006979392943
2026-03-06,2026-09-18,7300.0,6740.02,143.0,150.1,0.177298189868927,593.3,602.4,0.1057599800872802,6848.7,0.0638154949128063,196,0.010756094387312046
2026-03-06,2026-09-18,7325.0,6740.02,133.7,140.7,0.1753241037750244,608.5,617.6,0.1000723233413696,6849.15,0.06716859791974009,196,0.010181688798233673
2026-03-06,2026-09-18,7350.0,6740.02,124.9,131.7,0.1733977009201049,624.0,633.1,0.0933051180648803,6849.75,0.07048815796698439,196,0.009549011750883156
2026-03-06,2026-09-18,7375.0,6740.02,116.3,123.1,0.171520888633728,639.9,649.1,0.0849109606742859,6850.2,0.07381805329768411,196,0.00882769143462156
2026-03-06,2026-09-18,7400.0,6740.02,108.2,114.9,0.1696946205806732,656.1,665.4,0.0721795358657837,6850.8,0.07711456643404731,196,0.007853841836376904
2026-03-06,2026-09-18,7425.0,6740.02,100.5,107.0,0.1678569085502624,672.9,682.2,1.0000000000000004e-05,6851.2,0.08042886527553667,196,0.0037829743844517423
2026-03-06,2026-09-18,7450.0,6740.02,93.2,99.6,0.1661412656116486,690.0,699.3,1.0000000000000004e-05,6851.75,0.08370993829282054,196,0.0037060435894610347
2026-03-06,2026-09-18,7475.0,6740.02,86.3,92.6,0.1644885645484924,707.5,716.9,1.0000000000000004e-05,6852.25,0.08698705378285697,196,0.003632682490923867
2026-03-06,2026-09-18,7500.0,6740.02,79.8,85.9,0.1628330024909973,725.3,734.7,1.0000000000000004e-05,6852.85,0.09023839640226422,196,0.003559929670010589
2026-03-06,2026-09-18,7525.0,6740.02,73.7,79.6,0.1612499189567565,743.6,753.1,1.0000000000000004e-05,6853.3,0.09350052254114263,196,0.003491050168863135
2026-03-06,2026-09-18,7550.0,6740.02,67.9,73.7,0.1597478969287872,762.2,771.8,1.0000000000000004e-05,6853.8,0.0967443202751139,196,0.0034263197148612073
2026-03-06,2026-09-18,7575.0,6740.02,62.5,68.1,0.1582582725429535,781.2,790.8,1.0000000000000004e-05,6854.3,0.09997715883961873,196,0.0033627218043638355
2026-03-06,2026-09-18,7600.0,6740.02,57.5,62.9,0.1568687829589844,800.5,810.2,1.0000000000000004e-05,6854.85,0.10319181635549299,196,0.013214059597639615
2026-03-06,2026-09-18,7625.0,6740.02,52.8,58.1,0.1555927794837951,625.1,629.7,1.0000000000000004e-05,7053.05,0.07797217511065284,196,0.0032504082854001256
2026-03-06,2026-09-18,7650.0,6740.02,48.4,53.5,0.1542690927696228,840.2,849.9,1.0000000000000004e-05,6855.9,0.10959605241363313,196,0.012779711739333281
2026-03-06,2026-09-18,7675.0,6740.02,44.3,49.3,0.1530865484428406,860.5,870.3,1.0000000000000004e-05,6856.4,0.11278577082249609,196,0.012584537801566759
2026-03-06,2026-09-18,7700.0,6740.02,40.6,45.4,0.1519669459915161,881.2,891.0,1.0000000000000004e-05,6856.9,0.11596488430091215,196,0.012401136230415674
2026-03-06,2026-09-18,7725.0,6740.02,37.1,41.8,0.1509293587112427,712.0,714.9,1.0000000000000004e-05,7051.0,0.09129237204690566,196,0.0030584981106846544
2026-03-06,2026-09-18,7750.0,6740.02,33.9,38.4,0.1498803274536133,732.3,734.8,1.0000000000000004e-05,7052.6,0.09429650020274959,196,0.0030161326108038896
2026-03-06,2026-09-18,7800.0,6740.02,28.2,32.4,0.1480149591445923,960.0,984.0,1.0000000000000004e-05,6858.3,0.12866413607964805,196,0.011764525790665111
2026-03-06,2026-09-18,7900.0,6740.02,19.4,23.1,0.1451272621917725,856.5,859.7,1.0000000000000004e-05,7063.15,0.11197163183718377,196,0.01130996371871446
2026-03-06,2026-09-18,8000.0,6740.02,13.4,16.5,0.1430978635406494,1144.1,1157.8,1.0000000000000004e-05,6864.0,0.1531511794941748,196,0.010995867714465946
2026-03-06,2026-09-18,8100.0,6740.02,9.1,11.9,0.1419038752365112,1017.2,1020.4,1.0000000000000004e-05,7091.7,0.13293897554558523,196,0.010813137321094003
2026-03-06,2026-09-18,8500.0,6740.02,2.15,4.0,0.1444024769592285,1619.1,1629.7,1.0000000000000004e-05,6878.675,0.2116401173076187,196,0.011197278819134963
2026-03-06,2026-09-18,9200.0,6740.02,0.1,1.4,0.1635825830078125,2300.6,2324.6,1.0000000000000004e-05,6888.15,0.2894009401631962,196,0.014369356840678197
2026-03-06,2026-09-18,9400.0,6740.02,0.0,0.8,0.163796203918457,2237.5,2259.9,1.0000000000000004e-05,7151.700000000001,0.273359598593241,196,0.014406910953279351
2026-03-06,2026-09-18,9800.0,6740.02,0.0,0.9,0.1839681213378906,2887.7,2911.7,1.0000000000000004e-05,6900.75,0.35075228432808303,196,0.018173909191901906
2026-03-06,2026-09-30,2800.0,6740.02,3963.9,3979.4,0.6538807195281983,12.1,15.1,0.5679211909484863,6758.05,-0.8811149697222207,208,0.18380047029779772
2026-03-06,2026-09-30,4000.0,6740.02,2938.1,2952.5,0.6737398348999025,32.6,36.4,0.4259281345748902,6910.8,-0.5467910441985993,208,0.10338157087964034
2026-03-06,2026-09-30,4400.0,6740.02,2633.5,2651.6,0.6713785609054567,44.4,48.5,0.3830933273315429,6996.1,-0.463748310012202,208,0.08363337936646069
2026-03-06,2026-09-30,4600.0,6740.02,2238.9,2262.7,0.450013892250061,52.1,56.4,0.3631846213912963,6796.55,-0.3903588269987831,208,0.07516668053903826
2026-03-06,2026-09-30,5000.0,6740.02,1868.6,1892.4,0.4038355362892151,72.9,77.3,0.3257284835052489,6805.4,-0.3082785022504309,208,0.0604619215152298
2026-03-06,2026-09-30,5100.0,6740.02,1813.4,1822.7,0.411571664981842,79.5,84.0,0.3169318795776367,6836.3,-0.2930061098731807,208,0.05724035558592775
2026-03-06,2026-09-30,5250.0,6740.02,1713.0,1752.6,0.4446590645122527,90.7,95.4,0.3040688490295409,6889.75,-0.2718067232934908,208,0.052688317560633274
2026-03-06,2026-09-30,5300.0,6740.02,1666.9,1709.0,0.4388541069984436,95.0,99.6,0.2998631873512268,6890.65,-0.26245859964043017,208,0.051240903218396944
2026-03-06,2026-09-30,5350.0,6740.02,1552.6,1576.5,0.3661638701629638,99.2,104.0,0.2956804136276245,6812.95,-0.24172865194578028,208,0.04982136070308121
2026-03-06,2026-09-30,5375.0,6740.02,1530.5,1554.3,0.3635603653144836,101.4,106.2,0.2935213165664672,6813.6,-0.23716204083100767,208,0.049096413046613
2026-03-06,2026-09-30,5450.0,6740.02,1675.4,1683.8,0.4919541619300843,108.5,113.5,0.2874216766357421,7018.6,-0.2529481592742903,208,0.04707707890855076
2026-03-06,2026-09-30,5500.0,6740.02,1420.5,1444.3,0.3508136818695068,113.6,118.6,0.2833209180831908,6816.3,-0.214568710404505,208,0.045743327303256
2026-03-06,2026-09-30,5550.0,6740.02,1376.9,1400.8,0.3458412737083434,118.9,124.0,0.2792831014060973,6817.4,-0.20568023973820523,208,0.04444877411520481
2026-03-06,2026-09-30,5600.0,6740.02,1539.2,1547.9,0.4666458060073853,124.5,129.7,0.2752891533088684,7016.450000000001,-0.22549079438255806,208,0.043186565833805035
2026-03-06,2026-09-30,5650.0,6740.02,1295.0,1304.6,0.3290682175636291,130.4,135.7,0.2713238151550293,6816.75,-0.1877272735265029,208,0.0419513847545708
2026-03-06,2026-09-30,5800.0,6740.02,1163.6,1187.5,0.3215428487873077,150.0,155.4,0.2594039590740204,6822.85,-0.1624193555749392,208,0.03834631810553814
2026-03-06,2026-09-30,5850.0,6740.02,1121.9,1145.7,0.316741146621704,157.2,162.6,0.2554300379371644,6823.900000000001,-0.15398949467645773,208,0.0371804298366052
2026-03-06,2026-09-30,5900.0,6740.02,1080.5,1104.3,0.3120062009906768,164.7,170.1,0.2514246458625793,6825.0,-0.1456399901593496,208,0.03602352145151142
2026-03-06,2026-09-30,6000.0,6740.02,998.7,1022.5,0.3025687343311309,180.6,186.3,0.2434653596115112,6827.15,-0.12914784055013523,208,0.03377884744328382
2026-03-06,2026-09-30,6025.0,6740.02,1172.6,1179.2,0.4021322909927368,184.9,190.5,0.2414111656761169,7013.2,-0.15187660823711746,208,0.03321124654774007
2026-03-06,2026-09-30,6050.0,6740.02,958.3,982.2,0.2979043598937987,189.2,194.8,0.2393550644111633,6828.25,-0.12101014616175937,208,0.03264793464857151
2026-03-06,2026-09-30,6075.0,6740.02,1072.4,1095.0,0.3713069843196869,193.6,199.2,0.237295148487091,6962.3,-0.13632789030002743,208,0.03208840931251013
2026-03-06,2026-09-30,6100.0,6740.02,1055.3,1072.6,0.3670183538055419,198.1,203.8,0.2352905451202392,6963.0,-0.1323216447811441,208,0.0315485513687115
2026-03-06,2026-09-30,6125.0,6740.02,1087.3,1098.6,0.3894542714118957,202.6,208.4,0.233216324224472,7012.45,-0.13530838426782738,208,0.030994766049405483
2026-03-06,2026-09-30,6150.0,6740.02,1015.6,1032.7,0.3610732075691223,207.3,213.2,0.2311916938972473,6963.9,-0.12428758042094724,208,0.030458949753513227
2026-03-06,2026-09-30,6175.0,6740.02,1047.4,1054.6,0.3808922690200805,212.2,217.9,0.2290364114952087,7010.95,-0.12696433003509552,208,0.029893690357384477
2026-03-06,2026-09-30,6200.0,6740.02,843.7,855.8,0.2795711081695556,217.1,222.9,0.226986032218933,6829.75,-0.09673877764065512,208,0.03655673177228841
2026-03-06,2026-09-30,6225.0,6740.02,824.3,836.3,0.2772250928115844,222.1,228.0,0.2249184869766235,6830.25,-0.09278783378312926,208,0.03592247968649548
2026-03-06,2026-09-30,6250.0,6740.02,805.0,816.5,0.2746540125656128,227.3,233.1,0.2227765558815002,6830.55,-0.08882373367864047,208,0.03525132290995105
2026-03-06,2026-09-30,6275.0,6740.02,967.1,972.7,0.3667179493999481,232.5,238.4,0.2206727713775634,7009.45,-0.11068575360676125,208,0.02775031830605618
2026-03-06,2026-09-30,6300.0,6740.02,929.6,937.0,0.355007899570465,237.9,243.8,0.2185460989189147,6992.45,-0.104281362152513,208,0.027218023696867447
2026-03-06,2026-09-30,6325.0,6740.02,822.4,831.2,0.3061812165164947,243.3,249.3,0.2163965385055541,6905.5,-0.08780816092226235,208,0.03890561786926573
2026-03-06,2026-09-30,6330.0,6740.02,744.2,755.5,0.267299349784851,244.4,250.4,0.2159568990421295,6832.45,-0.07638308467161913,208,0.03327096796048458
2026-03-06,2026-09-30,6340.0,6740.02,913.6,920.8,0.3578965501880645,246.7,252.6,0.2150680834674835,7007.55,-0.10010937079448878,208,0.02635860369722274
2026-03-06,2026-09-30,6345.0,6740.02,728.4,752.3,0.2702423592948914,247.8,253.7,0.2146189073562622,6834.6,-0.07433084498543333,208,0.0334923377828087
2026-03-06,2026-09-30,6350.0,6740.02,732.3,738.9,0.264635764055252,248.9,254.9,0.2142212291431427,6833.7,-0.07341144166867004,208,0.03266796996334352
2026-03-06,2026-09-30,6360.0,6740.02,724.8,731.3,0.2636639796447754,251.2,257.2,0.2133600698471069,6833.85,-0.0718598270220461,208,0.03241835911580535
2026-03-06,2026-09-30,6365.0,6740.02,721.1,727.4,0.2631203907203674,252.3,258.3,0.21289849609375,6833.95,-0.07108860529758597,208,0.0322818821682057
2026-03-06,2026-09-30,6375.0,6740.02,713.6,720.1,0.2622916560268402,254.6,260.7,0.2120726223945617,6834.2,-0.06955532765790393,208,0.03205785306684213
2026-03-06,2026-09-30,6380.0,6740.02,882.2,889.2,0.3525083441829681,255.8,261.8,0.2115996046638488,7006.9,-0.09372728048701738,208,0.04533513548907527
2026-03-06,2026-09-30,6400.0,6740.02,868.4,876.6,0.3514364249706267,260.4,266.6,0.2098925447082519,7009.0,-0.09089704715256151,208,0.04488956447791527
2026-03-06,2026-09-30,6405.0,6740.02,816.1,837.2,0.3323230754566192,261.6,267.8,0.2094576735687255,6966.95,-0.08409860398342112,208,0.041817456878772884
2026-03-06,2026-09-30,6425.0,6740.02,747.8,756.5,0.2959483934307098,266.5,272.6,0.2076809960842132,6907.6,-0.07242562394709447,208,0.036135378693493286
2026-03-06,2026-09-30,6450.0,6740.02,827.6,834.2,0.3429640670680999,272.6,278.8,0.2054875670909881,7005.2,-0.08257259960869118,208,0.04285358394688288
2026-03-06,2026-09-30,6460.0,6740.02,819.5,826.4,0.3416012800979614,275.1,281.3,0.2045958905220031,7004.75,-0.08095917256388092,208,0.042502000433011625
2026-03-06,2026-09-30,6475.0,6740.02,808.2,814.8,0.3395938157367706,278.8,285.1,0.2032569451713561,7004.55,-0.078611330311209,208,0.04198279815935252
2026-03-06,2026-09-30,6480.0,6740.02,770.7,773.6,0.3197776152801512,280.1,286.4,0.2028201667022704,6968.9,-0.07273688272823374,208,0.038908599918118424
2026-03-06,2026-09-30,6485.0,6740.02,799.8,806.5,0.3379554196453094,281.4,287.7,0.2023805272388457,7003.6,-0.07693248480161748,208,0.041594719577397854
2026-03-06,2026-09-30,6490.0,6740.02,629.3,635.8,0.2517364942455291,282.7,289.0,0.2019370731163025,6836.7,-0.0520426283586995,208,0.02932225944544147
2026-03-06,2026-09-30,6500.0,6740.02,622.1,628.6,0.2508123930740356,285.3,291.6,0.2010377672290802,6836.9,-0.05053223562501617,208,0.029087028775423213
2026-03-06,2026-09-30,6510.0,6740.02,601.7,605.4,0.2416772381496429,287.9,294.2,0.2001241563701629,6822.5,-0.04688651737987858,208,0.02780767275173026
2026-03-06,2026-09-30,6515.0,6740.02,611.4,617.8,0.2494019228649139,289.2,295.5,0.1996616289520263,6837.25,-0.04827839343154776,208,0.028729369385378567
2026-03-06,2026-09-30,6520.0,6740.02,595.5,598.8,0.2410525877189636,285.9,287.7,0.194508024482727,6830.35,-0.046501540840698935,208,0.02702761216131123
2026-03-06,2026-09-30,6525.0,6740.02,604.2,610.8,0.2485483928871155,291.9,298.1,0.1987241764736175,6837.5,-0.046781214539342524,208,0.02850066593899367
2026-03-06,2026-09-30,6530.0,6740.02,765.6,772.4,0.3321495084667206,293.2,299.5,0.1983017029762268,7002.65,-0.0698817055554618,208,0.040086798250704395
2026-03-06,2026-09-30,6535.0,6740.02,761.8,768.6,0.331488618774414,294.5,300.8,0.1978239169216156,7002.55,-0.06910202135748258,208,0.03991488094010397
2026-03-06,2026-09-30,6540.0,6740.02,698.2,702.2,0.2990382673168182,295.9,302.2,0.1973928604412078,6941.15,-0.05953030137374767,208,0.03510981084813558
2026-03-06,2026-09-30,6550.0,6740.02,751.0,755.9,0.328833616027832,298.5,304.9,0.1964687592697143,7001.75,-0.06669506816336014,208,0.03931236834424301
2026-03-06,2026-09-30,6555.0,6740.02,715.5,718.4,0.3110916364669799,299.9,306.3,0.1960262588119506,6968.85,-0.06122210111755677,208,0.03663771261652296
2026-03-06,2026-09-30,6560.0,6740.02,579.1,581.8,0.2431783065128326,301.3,307.7,0.1955799436950683,6835.95,-0.041204848051756345,208,0.027425911535687523
2026-03-06,2026-09-30,6575.0,6740.02,568.9,575.4,0.2438840184497833,305.4,311.8,0.1941647051620483,6838.55,-0.03930114279384076,208,0.02733728104496891
2026-03-06,2026-09-30,6580.0,6740.02,693.4,717.4,0.3168622620487212,302.1,303.9,0.1889872590732574,6982.4,-0.059357951879334035,208,0.03645466952604225
2026-03-06,2026-09-30,6585.0,6740.02,723.6,729.8,0.3243571135520934,308.2,314.7,0.1932854262351989,7000.25,-0.0611515275080433,208,0.03817423985716933
2026-03-06,2026-09-30,6590.0,6740.02,686.7,708.3,0.3147508482265472,309.6,316.1,0.1928143158340454,6974.65,-0.056728798722525106,208,0.03670236871213295
2026-03-06,2026-09-30,6595.0,6740.02,715.3,722.5,0.3231373762989042,311.0,317.5,0.1923384371089935,6999.65,-0.059548361635993655,208,0.03785533243518838
2026-03-06,2026-09-30,6600.0,6740.02,551.6,558.6,0.2418832297420501,312.4,318.9,0.1918596973896026,6839.45,-0.035637670012348445,208,0.02680249916578131
2026-03-06,2026-09-30,6605.0,6740.02,548.0,554.7,0.241201359424591,313.8,320.4,0.191425779914856,6839.25,-0.034851138525458854,208,0.02666477963845953
2026-03-06,2026-09-30,6610.0,6740.02,544.6,551.2,0.2407168977165222,315.3,321.8,0.1909384572124481,6839.35,-0.034109044015533906,208,0.026545123185809524
2026-03-06,2026-09-30,6615.0,6740.02,703.3,704.3,0.3188620970916747,316.8,323.2,0.1904463661861419,6998.8,-0.05639890822140868,208,0.03695491989000925
2026-03-06,2026-09-30,6620.0,6740.02,619.5,628.8,0.2821774740123748,318.2,324.6,0.1899495068359375,6922.75,-0.044717719582585025,208,0.031756170066676755
2026-03-06,2026-09-30,6625.0,6740.02,680.9,682.2,0.3101904232501983,319.7,326.1,0.1894993770599365,6983.65,-0.052721330861702054,208,0.035572259232238584
2026-03-06,2026-09-30,6630.0,6740.02,692.0,693.0,0.316814578809738,321.1,327.6,0.1890444789600372,6998.15,-0.05404102421363266,208,0.03645604407956627
2026-03-06,2026-09-30,6635.0,6740.02,688.2,689.2,0.3161107742023468,322.6,329.1,0.1885857662010193,6997.85,-0.05324429123597177,208,0.036288676960401584
2026-03-06,2026-09-30,6640.0,6740.02,673.8,675.6,0.3104965496444702,324.1,330.5,0.1880717408847809,6987.4,-0.05099656362034255,208,0.0354127608128918
2026-03-06,2026-09-30,6645.0,6740.02,665.0,666.2,0.3069880169200897,325.6,332.0,0.1876034914779663,6981.8,-0.04944207101998982,208,0.03485008090227985
2026-03-06,2026-09-30,6650.0,6740.02,517.2,523.7,0.2369709024620055,327.0,333.5,0.1871314274120331,6840.2,-0.02820011630530452,208,0.02562428734969471
2026-03-06,2026-09-30,6655.0,6740.02,673.0,674.1,0.3133232120513916,328.5,335.1,0.186704185590744,6996.75,-0.05007730367996808,208,0.03562034168883246
2026-03-06,2026-09-30,6660.0,6740.02,510.4,517.0,0.2360868552112579,330.0,336.6,0.1862235385417938,6840.4,-0.026726724904463865,208,0.0254082070436619
2026-03-06,2026-09-30,6665.0,6740.02,692.3,694.3,0.3257780740737915,331.6,338.1,0.1857371695041656,7023.45,-0.05238459667503101,208,0.03727585728618101
2026-03-06,2026-09-30,6670.0,6740.02,633.6,636.6,0.2981437297534941,333.1,339.6,0.1852469858074187,6968.75,-0.04381600873285988,208,0.0332894859241248
2026-03-06,2026-09-30,6675.0,6740.02,500.3,506.9,0.2347088096046448,334.6,341.2,0.1848016243553161,6840.7,-0.024520861293135604,208,0.025072406077989825
2026-03-06,2026-09-30,6680.0,6740.02,496.9,503.7,0.2343244826984405,336.1,342.7,0.1843019040107727,6840.9,-0.023801314377522732,208,0.024966845714408246
2026-03-06,2026-09-30,6685.0,6740.02,651.0,652.1,0.3093931594944,337.6,344.2,0.1837974153423309,6995.65,-0.045422316763213136,208,0.03465293436056116
2026-03-06,2026-09-30,6690.0,6740.02,631.4,632.6,0.3008435547447204,339.2,345.8,0.1833387025833129,6979.5,-0.04236340683053881,208,0.03339859680050968
2026-03-06,2026-09-30,6695.0,6740.02,565.4,567.5,0.2696215235233307,340.7,347.3,0.1828246772670745,6917.45,-0.0326862254648717,208,0.029163817423843632
2026-03-06,2026-09-30,6700.0,6740.02,483.6,490.3,0.2324543460655212,342.3,348.9,0.18235642786026,6841.35,-0.02087755418400701,208,0.02451379414952079
2026-03-06,2026-09-30,6705.0,6740.02,480.3,486.8,0.2319040814876556,343.8,350.5,0.1818834101295471,6841.4,-0.020138872319632063,208,0.024392998869535734
2026-03-06,2026-09-30,6710.0,6740.02,477.0,483.5,0.2314482297229766,345.4,352.1,0.1814046704101562,6841.5,-0.01940805485413736,208,0.024282933949900283
2026-03-06,2026-09-30,6715.0,6740.02,473.7,480.2,0.2309885632991791,347.0,353.7,0.1809221160316467,6841.6,-0.01867779243333353,208,0.024172222473514207
2026-03-06,2026-09-30,6720.0,6740.02,470.3,477.0,0.2305746727848053,348.6,355.3,0.1804338396644592,6841.7,-0.017948084230641745,208,0.02406645441068322
2026-03-06,2026-09-30,6725.0,6740.02,587.7,588.7,0.2871041062641143,350.2,356.9,0.1799407949733734,6959.65,-0.03429726023765207,208,0.031076188679837264
2026-03-06,2026-09-30,6730.0,6740.02,463.7,470.4,0.2296372203063965,351.8,358.5,0.1794429819583892,6841.9,-0.016490327182496444,208,0.023841161145259984
2026-03-06,2026-09-30,6735.0,6740.02,460.4,467.1,0.2291622952461242,353.4,360.1,0.1789404006195068,6842.0,-0.015762276693085612,208,0.02372735928598733
2026-03-06,2026-09-30,6740.0,6740.02,457.2,464.0,0.2287827366638183,355.0,361.7,0.178433050956726,6842.25,-0.015056699987340733,208,0.023624340492454397
2026-03-06,2026-09-30,6745.0,6740.02,605.5,608.4,0.301408124294281,356.6,363.4,0.1779695698738098,6991.95,-0.035957997638198035,208,0.0327390537825414
2026-03-06,2026-09-30,6750.0,6740.02,450.6,457.4,0.2278147669124603,358.3,364.9,0.1774021393299102,6842.4,-0.013596042399996379,208,0.023392982294359398
2026-03-06,2026-09-30,6755.0,6740.02,447.1,449.1,0.2248545914363861,360.0,366.6,0.1769291215991974,6839.8,-0.012475520028724764,208,0.02299826823877897
2026-03-06,2026-09-30,6760.0,6740.02,596.8,597.8,0.2995141460418701,361.6,368.2,0.176400791311264,6992.4,-0.03380095490001896,208,0.03226778475337959
2026-03-06,2026-09-30,6765.0,6740.02,612.9,614.2,0.3087446674442291,363.3,369.9,0.1759172832679748,7011.95,-0.035853574777613396,208,0.03346480749683358
2026-03-06,2026-09-30,6770.0,6740.02,589.5,590.4,0.2980722048950195,365.0,371.6,0.1754280532360076,6991.65,-0.03221549296790878,208,0.03194117729152812
2026-03-06,2026-09-30,6775.0,6740.02,434.5,441.2,0.2254725662136077,366.6,373.2,0.1748844643115997,6842.95,-0.009979558441090336,208,0.022835230406383612
2026-03-06,2026-09-30,6780.0,6740.02,431.3,438.0,0.2250119461250304,368.3,374.9,0.1743847439670563,6843.05,-0.009256436728173719,208,0.022725811602571904
2026-03-06,2026-09-30,6785.0,6740.02,537.8,539.4,0.2761722468948363,370.0,376.6,0.1738793016338348,6950.3,-0.024070530825892274,208,0.028855924957037947
2026-03-06,2026-09-30,6790.0,6740.02,424.9,431.6,0.2240792619705199,371.7,378.3,0.1733690909767151,6843.25,-0.007811823416473789,208,0.02250463027272448
2026-03-06,2026-09-30,6795.0,6740.02,421.6,423.5,0.2211906113529205,373.4,380.1,0.1729027488994598,6840.8,-0.006717636256501443,208,0.022126295843672997
2026-03-06,2026-09-30,6800.0,6740.02,418.6,425.2,0.2231294118499755,375.0,381.8,0.1723810942649841,6843.5,-0.006376684487122903,208,0.022285712721260818
2026-03-06,2026-09-30,6820.0,6740.02,405.9,412.7,0.2213288927459716,382.1,388.8,0.1703392979717254,6843.85,-0.003490966926797315,208,0.021854812395188664
2026-03-06,2026-09-30,6825.0,6740.02,402.8,409.6,0.2208806702995299,383.8,390.5,0.1697899870586395,6844.05,-0.0027873206014367106,208,0.02174363082486175
2026-03-06,2026-09-30,6835.0,6740.02,396.6,403.4,0.2199708740997314,387.4,394.1,0.168772426738739,6844.25,-0.0013524135328868347,208,0.02152961754858371
2026-03-06,2026-09-30,6840.0,6740.02,393.5,400.3,0.2195102540111541,389.2,395.9,0.168254586763382,6844.35,-0.000635762772294065,208,0.021421374604183203
2026-03-06,2026-09-30,6845.0,6740.02,390.4,397.2,0.2190448655986785,391.0,397.7,0.1677319784641266,6844.45,8.03538491751983e-05,208,0.021312353450316547
2026-03-06,2026-09-30,6850.0,6740.02,387.3,394.1,0.2185747088623046,392.8,399.5,0.1672026945114135,6844.55,0.0007959371118761682,208,0.021202352486564272
2026-03-06,2026-09-30,6855.0,6740.02,384.2,391.0,0.2181007374668121,394.6,401.3,0.1666667349052429,6844.65,0.0015109877944561362,208,0.021091486042110044
2026-03-06,2026-09-30,6865.0,6740.02,377.9,379.8,0.2146751735782623,398.1,404.9,0.1655776497268677,6842.35,0.0033047993397268545,208,0.020599438084490863
2026-03-06,2026-09-30,6870.0,6740.02,375.0,381.8,0.2167017112350463,400.1,406.8,0.1650731610584259,6844.95,0.0036529521224237197,208,0.02076467606017601
2026-03-06,2026-09-30,6875.0,6740.02,372.0,378.8,0.2162592107772826,401.8,408.6,0.1645133598327636,6845.2,0.004343966831475401,208,0.0206557891164578
2026-03-06,2026-09-30,6880.0,6740.02,369.0,375.7,0.2157633050918579,403.8,410.5,0.1639964735221863,6845.2,0.005070975224092694,208,0.020546053291932518
2026-03-06,2026-09-30,6890.0,6740.02,362.9,369.7,0.2148563698863983,407.5,414.2,0.1628949907016754,6845.45,0.006486887028934407,208,0.02032930603331322
2026-03-06,2026-09-30,6900.0,6740.02,356.9,363.7,0.2139313150501251,411.3,418.0,0.1618163958358764,6845.65,0.007907997546510741,208,0.020114218619933285
2026-03-06,2026-09-30,6905.0,6740.02,353.9,360.7,0.2134611583137512,413.2,419.9,0.1612670849227905,6845.75,0.00861776509460274,208,0.02000522007264528
2026-03-06,2026-09-30,6910.0,6740.02,350.9,357.7,0.2129871869182587,415.1,421.8,0.1607110983562469,6845.85,0.009327008516358351,208,0.019895400651204105
2026-03-06,2026-09-30,6915.0,6740.02,348.0,354.7,0.2125084471988678,417.0,423.7,0.1601484361362457,6846.0,0.010028425008728043,208,0.019784668329441372
2026-03-06,2026-09-30,6920.0,6740.02,345.0,351.8,0.212074529724121,418.8,425.7,0.1596286888313293,6846.15,0.010729319156885787,208,0.019683536163268504
2026-03-06,2026-09-30,6925.0,6740.02,342.1,348.8,0.2115862533569335,420.9,427.6,0.1590526753044128,6846.2,0.011444298252489734,208,0.019570978637917773
2026-03-06,2026-09-30,6930.0,6740.02,339.1,345.9,0.2111427992343902,422.7,429.5,0.1584699861240387,6846.4,0.012136846521396672,208,0.019462761033483926
2026-03-06,2026-09-30,6935.0,6740.02,336.2,343.0,0.2106945767879486,424.8,431.5,0.1579292581939697,6846.45,0.012850784004844336,208,0.019358749724033918
2026-03-06,2026-09-30,6940.0,6740.02,333.3,340.0,0.2101919954490661,426.6,433.5,0.1573818546104431,6846.6,0.013549595832161114,208,0.019248624199653886
2026-03-06,2026-09-30,6945.0,6740.02,330.4,337.1,0.2097342363548278,428.6,435.5,0.1568277753734589,6846.7,0.014255191836683598,208,0.019142796819175367
2026-03-06,2026-09-30,6950.0,6740.02,327.5,334.2,0.2092717089366912,430.6,437.5,0.1562660668182373,6846.8,0.014960269737328469,208,0.01903596988000203
2026-03-06,2026-09-30,6955.0,6740.02,324.6,331.3,0.2088044131946563,432.6,439.5,0.1556967289447784,6846.9,0.015664830279602,208,0.01892815423640966
2026-03-06,2026-09-30,6960.0,6740.02,321.7,328.5,0.2083819396972655,434.7,441.5,0.1551207154178619,6847.0,0.016368874207402344,208,0.01882459554613386
2026-03-06,2026-09-30,6965.0,6740.02,318.8,325.6,0.207905107307434,436.8,443.5,0.1545361189079284,6847.05,0.017079704651271663,208,0.018714820295741823
2026-03-06,2026-09-30,6970.0,6740.02,315.7,317.7,0.2049353951835632,438.7,445.5,0.1539448467445373,6844.6,0.018155204554710955,208,0.01834888070797628
2026-03-06,2026-09-30,6975.0,6740.02,313.2,319.9,0.2069848207950591,440.7,447.6,0.1533955358314514,6847.4,0.01846330952899623,208,0.018502597465745327
2026-03-06,2026-09-30,6980.0,6740.02,310.3,317.1,0.2065423203372954,442.8,449.6,0.1527890050315857,6847.5,0.01916529461918501,208,0.01839503581465904
2026-03-06,2026-09-30,6985.0,6740.02,307.5,314.2,0.206045460987091,445.0,451.7,0.1522244354820251,6847.5,0.019881370553828995,208,0.018286522118442578
2026-03-06,2026-09-30,6990.0,6740.02,304.7,311.4,0.2055934238815307,447.0,453.8,0.1516522366142273,6847.65,0.02057502852551302,208,0.018182115126133203
2026-03-06,2026-09-30,6995.0,6740.02,301.9,308.6,0.2051356647872924,449.0,455.9,0.1510724084281921,6847.8,0.021268175311972115,208,0.01807665192888267
2026-03-06,2026-09-30,7000.0,6740.02,299.1,305.8,0.2046731373691558,451.1,458.0,0.15048399725914,6847.9,0.02196811312623278,208,0.017970144368284476
2026-03-06,2026-09-30,7005.0,6740.02,296.3,303.0,0.2042048879623412,453.3,460.1,0.1498879567718506,6847.95,0.022674842378053804,208,0.017862604438305556
2026-03-06,2026-09-30,7010.0,6740.02,293.6,300.3,0.2037824144649505,455.4,462.2,0.1492823796367645,6848.15,0.02335915824134393,208,0.01775903271060957
2026-03-06,2026-09-30,7015.0,6740.02,290.8,297.5,0.2033036747455596,457.5,464.4,0.1487206710815429,6848.2,0.02406486953398215,208,0.017654518583178007
2026-03-06,2026-09-30,7020.0,6740.02,288.1,294.8,0.2028707109355926,459.7,466.4,0.1480473837471008,6848.4,0.024748169689194174,208,0.017543732814076854
2026-03-06,2026-09-30,7025.0,6740.02,285.4,292.0,0.2023814809036254,461.9,468.6,0.1474675555610657,6848.45,0.02545286592252547,208,0.0174370030476553
2026-03-06,2026-09-30,7030.0,6740.02,282.7,289.3,0.2019380267810821,464.1,470.8,0.1468800980567932,6848.55,0.026149754787682535,208,0.017334390080003842
2026-03-06,2026-09-30,7035.0,6740.02,279.9,286.7,0.2015393949031829,466.2,473.0,0.1462831039047241,6848.7,0.026838837324813233,208,0.01723557675398021
2026-03-06,2026-09-30,7040.0,6740.02,277.2,279.2,0.198666002922058,468.4,475.2,0.145677526769638,6846.4,0.027885203489535642,208,0.016892515766870873
2026-03-06,2026-09-30,7045.0,6740.02,274.5,281.3,0.200624830379486,470.6,477.4,0.145063366651535,6848.9,0.028230089913097223,208,0.017024704486194565
2026-03-06,2026-09-30,7050.0,6740.02,271.9,278.6,0.2001594419670105,472.9,479.6,0.1444387162208557,6849.0,0.028924960608409083,208,0.01691750770568883
2026-03-06,2026-09-30,7055.0,6740.02,269.2,276.0,0.1997398294639587,475.1,481.8,0.1438054828071594,6849.15,0.029612028321386395,208,0.016814289979013488
2026-03-06,2026-09-30,7060.0,6740.02,266.6,273.3,0.1992629970741272,472.2,474.5,0.138125455379486,6856.6,0.029233359453085604,208,0.016217014597672025
2026-03-06,2026-09-30,7065.0,6740.02,264.0,270.7,0.1988319405937194,479.6,486.4,0.1426153091621399,6849.35,0.030999258875695,208,0.01660954429321558
2026-03-06,2026-09-30,7070.0,6740.02,353.3,354.2,0.2417258750534057,481.8,488.6,0.141952512140274,6938.55,0.018767660937037366,208,0.02097225602623629
2026-03-06,2026-09-30,7075.0,6740.02,258.7,265.4,0.1979030710983276,484.1,490.9,0.141332630033493,6849.55,0.03238448684373226,208,0.01639508155606765
2026-03-06,2026-09-30,7080.0,6740.02,256.2,262.8,0.1974548486518859,368.5,369.4,0.0663240341186523,6970.55,0.015579776433770079,208,0.009912667254178116
2026-03-06,2026-09-30,7085.0,6740.02,253.6,260.2,0.197001857881546,488.2,495.5,0.1400623485469818,6850.05,0.03372392162507628,208,0.016185858962397937
2026-03-06,2026-09-30,7090.0,6740.02,251.0,257.7,0.1965936893558502,486.2,488.2,0.1342058931350708,6857.15,0.033393437025334406,208,0.015589794291399228
2026-03-06,2026-09-30,7095.0,6740.02,248.5,255.1,0.1961292546081542,493.5,500.1,0.1387510594749451,6850.0,0.03514165833787205,208,0.015976796952165893
2026-03-06,2026-09-30,7100.0,6740.02,246.0,252.6,0.1957096421051025,495.8,502.5,0.1381330846977233,6850.15,0.03582423420267051,208,0.01587794587516603
2026-03-06,2026-09-30,7105.0,6740.02,243.4,250.0,0.1952337633800506,498.2,504.8,0.1374502607154846,6850.2,0.03652091262086446,208,0.015767918669032138
2026-03-06,2026-09-30,7110.0,6740.02,240.9,247.5,0.1948027068996429,379.5,380.3,0.0518168854904174,6974.3,0.01927027956690277,208,0.00866494140885823
2026-03-06,2026-09-30,7115.0,6740.02,345.5,348.6,0.2469548190402984,502.4,509.6,0.1361589986038208,6956.05,0.022593447036509992,208,0.020910581528855547
2026-03-06,2026-09-30,7120.0,6740.02,235.9,242.6,0.193975879535675,504.8,512.0,0.135496201581955,6850.85,0.038534993256737794,208,0.015464921414441293
2026-03-06,2026-09-30,7125.0,6740.02,233.4,240.1,0.1935276570892334,507.7,514.5,0.1348772731399536,6850.65,0.039266187871451204,208,0.015364902757094609
2026-03-06,2026-09-30,7135.0,6740.02,228.6,235.2,0.1926655441284179,507.8,510.0,0.1282302296257018,6858.0,0.03959639688807113,208,0.014670282399696628
2026-03-06,2026-09-30,7140.0,6740.02,226.2,232.7,0.1921992020511627,509.8,513.0,0.127833505077362,6858.05,0.040289631582019626,208,0.014591475476341445
2026-03-06,2026-09-30,7145.0,6740.02,223.7,230.3,0.1917795895481109,517.6,524.2,0.1321154599380493,6851.1,0.042003588058311975,208,0.014945797699302448
2026-03-06,2026-09-30,7150.0,6740.02,221.4,227.9,0.1913533013916015,520.1,526.7,0.1314345432853698,6851.25,0.04268123932772711,208,0.014843790736719552
2026-03-06,2026-09-30,7155.0,6740.02,219.0,225.5,0.1909212912464142,436.8,438.7,0.0703542214775085,6939.5,0.03058168719465683,208,0.009725409491933512
2026-03-06,2026-09-30,7160.0,6740.02,336.9,337.9,0.2493828495693206,524.6,531.8,0.1300936906051635,6969.2,0.027009540405940995,208,0.02051541675678201
2026-03-06,2026-09-30,7165.0,6740.02,214.3,220.8,0.1900906492233276,378.7,380.5,1.0000000000000004e-05,7002.95,0.02287657242947273,208,0.005148463987470668
2026-03-06,2026-09-30,7170.0,6740.02,211.9,218.5,0.1896929710102081,530.2,536.9,0.1286975253677368,6851.65,0.04541615543093119,208,0.014442110754951496
2026-03-06,2026-09-30,7175.0,6740.02,209.6,216.1,0.1892361655807495,532.2,539.4,0.1279498521804809,6852.05,0.046054884070914015,208,0.01433304776133653
2026-03-06,2026-09-30,7180.0,6740.02,207.3,213.8,0.1888260897254944,535.4,541.9,0.1271859666919708,6851.9,0.046773396983799634,208,0.014227145834690825
2026-03-06,2026-09-30,7185.0,6740.02,205.0,211.5,0.1884102918815612,538.0,544.5,0.1264669034481048,6852.0,0.04745493906911483,208,0.014125144392359408
2026-03-06,2026-09-30,7190.0,6740.02,202.7,209.2,0.1879868647193908,549.4,553.4,0.1294986037826538,6844.55,0.049238456570697475,208,0.014360123783337161
2026-03-06,2026-09-30,7195.0,6740.02,200.2,202.0,0.1849494423961639,538.6,540.6,0.1194031084251403,6856.5,0.048189232881559504,208,0.013196670438231771
2026-03-06,2026-09-30,7200.0,6740.02,198.2,204.6,0.1871228444290161,545.8,552.4,0.124278242778778,6852.3,0.04949666368144875,208,0.013814994876543021
2026-03-06,2026-09-30,7205.0,6740.02,196.0,202.3,0.186681297636032,548.4,555.0,0.1234952839946746,6852.45,0.050168976890379705,208,0.013706560584081482
2026-03-06,2026-09-30,7210.0,6740.02,193.7,200.1,0.1862864804172516,551.1,557.6,0.1226951592445373,6852.55,0.050848105521596194,208,0.013601156136165903
2026-03-06,2026-09-30,7215.0,6740.02,317.7,318.8,0.2489441637706756,553.8,560.3,0.1219408104038238,6976.2,0.03365783630535379,208,0.019596971319336416
2026-03-06,2026-09-30,7220.0,6740.02,189.3,195.7,0.1854777726840972,551.7,553.8,0.1152699252700805,6859.75,0.05118395497969668,208,0.012885910265442028
2026-03-06,2026-09-30,7225.0,6740.02,187.1,193.5,0.1850638821697234,559.2,565.7,0.120377753829956,6852.85,0.05288260985849523,208,0.013291284482499598
2026-03-06,2026-09-30,7230.0,6740.02,184.8,186.5,0.1820417184829711,561.9,568.4,0.1195690460968017,6850.5,0.05391739385964699,208,0.01295997471819328
2026-03-06,2026-09-30,7235.0,6740.02,306.5,308.2,0.2468050936698913,510.8,513.5,0.0739132984352112,7030.2,0.028715205163419407,208,0.014654068289844049
2026-03-06,2026-09-30,7240.0,6740.02,180.7,187.0,0.1838365155982971,567.4,573.9,0.1179554452896118,6853.2,0.05490550992094443,208,0.012975551118196154
2026-03-06,2026-09-30,7245.0,6740.02,178.6,184.8,0.1833968761348724,570.1,577.3,0.117550137758255,6853.0,0.05562506316895912,208,0.01290299580521066
2026-03-06,2026-09-30,7250.0,6740.02,176.5,182.7,0.1830039662456511,572.4,579.4,0.1162607829761505,6853.7,0.05621281643338161,208,0.012759145990665658
2026-03-06,2026-09-30,7255.0,6740.02,174.3,180.6,0.1826053343677521,575.2,582.2,0.1154148823165893,6853.75,0.056894938600030025,208,0.012653245415710284
2026-03-06,2026-09-30,7260.0,6740.02,172.3,174.1,0.179771996307373,573.8,576.2,0.1083711142539977,6858.2,0.05693481219991972,208,0.011828426061718026
2026-03-06,2026-09-30,7265.0,6740.02,170.2,176.4,0.1817870899868011,580.8,587.8,0.1136525098037719,6854.0,0.0582358735698291,208,0.01243506019306719
2026-03-06,2026-09-30,7270.0,6740.02,168.1,174.4,0.1814227900409698,584.2,591.3,0.1132271753120422,6853.5,0.05899682085612913,208,0.012368677556963347
2026-03-06,2026-09-30,7275.0,6740.02,166.1,172.3,0.1809965018844604,581.8,584.2,0.1050437778377533,6861.2,0.05856145950402339,208,0.01165641140938421
2026-03-06,2026-09-30,7280.0,6740.02,164.1,170.3,0.1806188506317138,589.9,597.0,0.1113980462646484,6853.75,0.0603349144724735,208,0.012148605862452033
2026-03-06,2026-09-30,7285.0,6740.02,162.0,168.3,0.1802354773902893,588.2,590.6,0.1034692772865295,6860.75,0.060000674439338396,208,0.011466838813600453
2026-03-06,2026-09-30,7290.0,6740.02,160.1,166.3,0.1798444748306274,595.7,602.1,0.1090110233211517,6854.3,0.06162735346475278,208,0.011886986132193557
2026-03-06,2026-09-30,7295.0,6740.02,158.1,164.3,0.1794458429527282,598.6,605.0,0.1080258876037597,6854.4,0.06229840014351118,208,0.011773369274507898
2026-03-06,2026-09-30,7300.0,6740.02,156.1,162.3,0.1790414890861511,601.5,607.9,0.1070092809486389,6854.5,0.06296897726052744,208,0.011657266405341942
2026-03-06,2026-09-30,7305.0,6740.02,154.2,160.3,0.1786295059013366,603.9,610.8,0.1059592960262298,6854.9,0.06359532018683907,208,0.011538413373954838
2026-03-06,2026-09-30,7310.0,6740.02,152.3,158.3,0.1782098933982849,607.4,613.8,0.1049522260189056,6854.7,0.06430872538121589,208,0.011423016069554611
2026-03-06,2026-09-30,7315.0,6740.02,150.4,152.0,0.1753231501102447,605.0,607.4,0.095893364276886,6860.0,0.0642195927342938,208,0.010479552545665322
2026-03-06,2026-09-30,7320.0,6740.02,148.4,154.5,0.177465081205368,470.6,471.6,1.0000000000000004e-05,7000.35,0.0446501801678652,208,0.0044873014557268555
2026-03-06,2026-09-30,7325.0,6740.02,146.6,152.6,0.1770817079639434,616.3,622.7,0.1016210749435424,6855.1,0.06630025410320586,208,0.01106606176005373
2026-03-06,2026-09-30,7330.0,6740.02,231.0,232.2,0.2218743889999389,459.0,460.8,1.0000000000000004e-05,7101.7,0.031641323891944684,208,0.00701397114591113
2026-03-06,2026-09-30,7335.0,6740.02,142.9,148.8,0.1762930271911621,534.4,536.5,1.0000000000000004e-05,6945.4,0.05457784165482029,208,0.00442822845104635
2026-03-06,2026-09-30,7340.0,6740.02,141.0,147.0,0.1759458932113647,622.4,634.3,0.1003164615249633,6855.65,0.0682657128090793,208,0.010873112902772486
2026-03-06,2026-09-30,7345.0,6740.02,139.1,145.2,0.1755930372428894,618.6,642.5,0.1036676395606994,6856.6,0.06880811757377561,208,0.011110409127828824
2026-03-06,2026-09-30,7350.0,6740.02,137.3,143.4,0.175231598291397,628.6,640.6,0.0980181294059753,6855.75,0.06961259700484462,208,0.010637264415637759
2026-03-06,2026-09-30,7375.0,6740.02,128.6,134.5,0.173377673959732,644.2,656.2,0.0910601911735534,6856.35,0.07292067205839149,208,0.009962257520123233
2026-03-06,2026-09-30,7400.0,6740.02,120.1,126.1,0.1716391430664062,660.2,672.0,0.0818115501403808,6857.0,0.07620997190789669,208,0.009151608772942592
2026-03-06,2026-09-30,7425.0,6740.02,112.2,118.0,0.1698996585083008,676.6,688.3,0.0667512759399414,6857.65,0.07948786723763517,208,0.007978604296744558
2026-03-06,2026-09-30,7450.0,6740.02,104.5,110.3,0.1682202548313141,693.3,705.4,1.0000000000000004e-05,6858.05,0.08279088762199471,208,0.004031982929620991
2026-03-06,2026-09-30,7475.0,6740.02,97.2,102.9,0.1665418048191071,710.4,722.6,1.0000000000000004e-05,6858.55,0.08606807014318918,208,0.003951929292608497
2026-03-06,2026-09-30,7500.0,6740.02,90.3,96.0,0.1649978215408325,721.1,744.9,1.0000000000000004e-05,6860.15,0.08917371315431329,208,0.003878997865265381
2026-03-06,2026-09-30,7550.0,6740.02,77.6,83.1,0.161939418592453,757.2,781.0,1.0000000000000004e-05,6861.25,0.09565792237897144,208,0.003736536815031631
2026-03-06,2026-09-30,7600.0,6740.02,66.3,71.8,0.1592395936012268,611.8,618.8,1.0000000000000004e-05,7053.75,0.0745888569910726,208,0.003612993203375635
2026-03-06,2026-09-30,7650.0,6740.02,56.5,61.7,0.1566666060256958,743.6,760.9,1.0000000000000004e-05,6956.85,0.09497886214706233,208,0.0034971864699671704
2026-03-06,2026-09-30,7700.0,6740.02,47.9,52.8,0.1542786294174194,696.2,702.4,1.0000000000000004e-05,7051.05,0.08804378695513841,208,0.0033913945772884946
2026-03-06,2026-09-30,7750.0,6740.02,40.4,45.1,0.1521614936065674,736.9,744.1,1.0000000000000004e-05,7052.25,0.09434612852209665,208,0.003298960274672839
2026-03-06,2026-09-30,7800.0,6740.02,33.9,38.4,0.150223646774292,957.2,973.6,1.0000000000000004e-05,6870.75,0.12685046311425535,208,0.012860180718999421
2026-03-06,2026-09-30,7900.0,6740.02,23.8,27.8,0.1470994409561157,929.3,947.0,1.0000000000000004e-05,6987.65,0.12271845431698124,208,0.012330835808649777
2026-03-06,2026-09-30,8000.0,6740.02,16.3,20.2,0.1449250852584838,910.1,918.5,1.0000000000000004e-05,7103.95,0.11879057430302421,208,0.01196899263050189
2026-03-06,2026-09-30,8100.0,6740.02,11.3,14.8,0.1435823252487182,1024.2,1032.4,1.0000000000000004e-05,7084.75,0.1339194749734106,208,0.011748229856866766
2026-03-06,2026-09-30,8200.0,6740.02,7.8,10.9,0.1427736175155639,1322.0,1345.8,1.0000000000000004e-05,6875.45,0.1761770583141732,208,0.011616261968668358
2026-03-06,2026-09-30,8300.0,6740.02,5.4,8.3,0.1430444583129883,1417.2,1441.0,1.0000000000000004e-05,6877.75,0.18796395122859028,208,0.011660375745873147
2026-03-06,2026-09-30,8600.0,6740.02,1.9,4.1,0.1466302378845214,1484.5,1494.9,1.0000000000000004e-05,7113.3,0.18979593210055773,208,0.012252297933454349
2026-03-06,2026-10-16,600.0,6740.02,6094.4,6118.4,1.0000000000000004e-05,0.0,1.15,1.0288134497070316,6705.825,-2.413802175436117,224,0.6495736811034809
2026-03-06,2026-10-16,800.0,6740.02,6133.9,6152.0,2.3702433322143546,0.2,1.55,0.938477177734375,6942.075,-2.1607442724983823,224,0.5405085713444773
2026-03-06,2026-10-16,1000.0,6740.02,5903.2,5927.2,1.9860611658859253,0.45,2.15,0.8710950390625,6913.9,-1.9335338779872577,224,0.4656785507555147
2026-03-06,2026-10-16,1200.0,6740.02,5709.9,5733.9,1.8018389119529723,0.9,2.9,0.8183611914062499,6920.0,-1.7520942128356236,224,0.4110032023845696
2026-03-06,2026-10-16,1400.0,6740.02,5527.9,5547.5,1.6772820396232606,1.85,3.8,0.7781394256591796,6934.875,-1.6000907924698002,224,0.3715951132367242
2026-03-06,2026-10-16,1600.0,6740.02,5150.2,5187.8,0.984001319656372,2.55,4.8,0.7347133462524414,6765.325,-1.44180667261257,224,0.3312767919456631
2026-03-06,2026-10-16,2000.0,6740.02,4564.0,4611.2,1.0000000000000004e-05,5.0,7.5,0.6657443093872072,6581.35,-1.1910927109066267,224,0.2720007362954649
2026-03-06,2026-10-16,3000.0,6740.02,3620.7,3635.7,1.0000000000000004e-05,15.8,18.7,0.5272111488342286,6610.95,-0.7901150765024088,224,0.17057851337518903
2026-03-06,2026-10-16,3200.0,6740.02,3576.6,3600.6,0.5921023151016238,18.7,21.9,0.5024921577453614,6768.299999999999,-0.7490991377569971,224,0.1549579029189369
2026-03-06,2026-10-16,3400.0,6740.02,3391.5,3406.2,0.5733723388290406,22.0,25.4,0.4845403719329834,6775.15,-0.6894860751199599,224,0.1440837790010457
2026-03-06,2026-10-16,4000.0,6740.02,2696.6,2718.4,1.0000000000000004e-05,35.0,39.0,0.4163800428009032,6670.5,-0.5114004585168332,224,0.10639836758796044
2026-03-06,2026-10-16,4500.0,6740.02,2419.3,2431.6,0.5178671413230898,51.5,56.1,0.3656450765228271,6871.65,-0.42332685529315356,224,0.08204924965678365
2026-03-06,2026-10-16,4975.0,6740.02,2120.6,2125.7,0.5564276230239869,76.4,81.7,0.3229762069511412,7019.099999999999,-0.3442096340799785,224,0.06401713199305861
2026-03-06,2026-10-16,5000.0,6740.02,1884.7,1899.2,0.3952144066810609,77.8,83.4,0.3208571638107299,6811.35,-0.30915242596625,224,0.06317985639282489
2026-03-06,2026-10-16,5200.0,6740.02,1704.7,1718.6,0.3744702903938293,92.6,98.6,0.3042843772697449,6816.05,-0.2706214995934782,224,0.056821731572870585
2026-03-06,2026-10-16,5275.0,6740.02,1877.6,1886.0,0.5281829332447052,98.9,105.1,0.2982247912597655,7054.8,-0.2907295568519423,224,0.05458114479811637
2026-03-06,2026-10-16,5400.0,6740.02,1606.8,1623.4,0.4124967198181152,110.5,117.0,0.288257086982727,6901.35,-0.2453180910695077,224,0.050993537522881945
2026-03-06,2026-10-16,5500.0,6740.02,1440.8,1453.8,0.3447674471664428,120.8,127.6,0.2804084258460998,6823.1,-0.21556582179699998,224,0.048254439188902015
2026-03-06,2026-10-16,5525.0,6740.02,1622.0,1626.4,0.4684167615032196,123.8,130.4,0.2784515057182312,7022.1,-0.23977907119801492,224,0.047583271211594606
2026-03-06,2026-10-16,5550.0,6740.02,1600.2,1603.6,0.4642130071544647,126.4,133.4,0.2766052107048034,7022.0,-0.23525014998789728,224,0.04695435380807371
2026-03-06,2026-10-16,5575.0,6740.02,1578.1,1582.5,0.461039210767746,129.2,136.3,0.2746292172813416,7022.55,-0.2308340825962525,224,0.046285891409704016
2026-03-06,2026-10-16,5600.0,6740.02,1354.8,1367.5,0.335225077381134,132.2,139.3,0.2726818338012695,6825.4,-0.19788434967114274,224,0.04563179637449311
2026-03-06,2026-10-16,5800.0,6740.02,1381.9,1385.0,0.4271764817714691,158.3,165.4,0.2568223885154724,7021.6,-0.19113319474339716,224,0.04047817422023415
2026-03-06,2026-10-16,5850.0,6740.02,1090.7,1105.8,0.280433221130371,165.6,173.1,0.2531336131477356,6778.9,-0.14737318565799465,224,0.039323737664577946
2026-03-06,2026-10-16,5900.0,6740.02,1103.7,1115.6,0.3073980927753448,173.2,180.7,0.2491482480335235,6832.7,-0.14676755934242183,224,0.038095250102989066
2026-03-06,2026-10-16,5950.0,6740.02,1254.1,1257.1,0.4059755600547791,181.2,188.7,0.2451905391979217,7020.65,-0.16546458678634435,224,0.03689458004034394
2026-03-06,2026-10-16,5975.0,6740.02,1133.8,1148.8,0.3541801185417175,185.3,192.9,0.243247924041748,6927.2,-0.14787159333388006,224,0.03631227334613392
2026-03-06,2026-10-16,6000.0,6740.02,1022.6,1034.3,0.2983382773685454,189.5,197.2,0.2413072162151336,6835.1,-0.13031163141873997,224,0.035735163457094196
2026-03-06,2026-10-16,6025.0,6740.02,1217.7,1224.7,0.4121591224861144,193.8,201.6,0.2393646010589599,7048.5,-0.15689734885212434,224,0.03516211600489251
2026-03-06,2026-10-16,6050.0,6740.02,1084.6,1088.0,0.3458546250152587,198.2,206.1,0.2374191249084472,6934.15,-0.13640020752143472,224,0.03459286672710575
2026-03-06,2026-10-16,6075.0,6740.02,1181.5,1189.0,0.408282475156784,202.7,210.7,0.2354688804340362,7053.55,-0.14934904696006232,224,0.0340268848718912
2026-03-06,2026-10-16,6100.0,6740.02,1124.4,1128.8,0.3837465877056121,207.3,215.2,0.2333965668678283,7015.35,-0.1398118342167839,224,0.03343059305028564
2026-03-06,2026-10-16,6125.0,6740.02,1133.9,1140.8,0.3976290859031677,211.9,219.9,0.2313757511997223,7046.45,-0.14014518747218313,224,0.032854195524615944
2026-03-06,2026-10-16,6150.0,6740.02,1082.8,1087.1,0.3767056806373596,216.7,224.8,0.2294045261001587,7014.2,-0.13148458389280399,224,0.03229677204748877
2026-03-06,2026-10-16,6175.0,6740.02,883.7,894.4,0.2819342894935608,221.6,229.8,0.2274218570232391,6838.35,-0.1020375919500719,224,0.03174092338527477
2026-03-06,2026-10-16,6200.0,6740.02,864.8,875.0,0.2797008065795897,226.6,234.8,0.2253705240821838,6839.2,-0.09812147367884103,224,0.03913817738948343
2026-03-06,2026-10-16,6225.0,6740.02,845.0,855.7,0.2774644626712799,231.6,240.0,0.2233611523914337,6839.55,-0.09414849764578123,224,0.038482938672232715
2026-03-06,2026-10-16,6250.0,6740.02,826.4,836.6,0.2752767556667327,236.8,245.3,0.2213355683994293,6840.45,-0.09027205519580062,224,0.03783817211837289
2026-03-06,2026-10-16,6275.0,6740.02,971.9,976.7,0.3554246510791777,242.1,250.6,0.2192384595489502,7002.95,-0.10975800383281488,224,0.029497732823476314
2026-03-06,2026-10-16,6300.0,6740.02,788.4,798.6,0.2708269558048248,247.5,256.2,0.2172300415229797,6841.65,-0.08247929721633483,224,0.0365456970626724
2026-03-06,2026-10-16,6325.0,6740.02,863.4,866.7,0.3131944673061371,253.1,261.8,0.2151462839794159,6932.6,-0.09172488860085,224,0.042827564850035686
2026-03-06,2026-10-16,6350.0,6740.02,750.8,761.0,0.2663418703460694,258.7,267.4,0.2129871869182587,6842.85,-0.07474949861507504,224,0.03525028856910392
2026-03-06,2026-10-16,6375.0,6740.02,890.8,898.2,0.3428744225788116,264.5,273.4,0.2109596955966949,7000.55,-0.09360462635282187,224,0.04706028741231094
2026-03-06,2026-10-16,6400.0,6740.02,713.8,723.9,0.2618596458816529,270.3,279.3,0.2088015522003173,6844.05,-0.06708167130683396,224,0.0339869313678836
2026-03-06,2026-10-16,6425.0,6740.02,695.5,705.5,0.2595965993595123,276.4,285.5,0.2067168409919738,6844.55,-0.06325608438097426,224,0.033361919398730365
2026-03-06,2026-10-16,6450.0,6740.02,804.1,807.8,0.317369611711502,282.5,291.5,0.2044480724811553,6968.95,-0.07738443699245631,224,0.041776566986374025
2026-03-06,2026-10-16,6475.0,6740.02,815.5,817.7,0.3286676783561706,288.8,298.0,0.2023481026363372,6998.2,-0.07770436554567577,224,0.0432623412085826
2026-03-06,2026-10-16,6500.0,6740.02,641.2,651.2,0.2528522820377349,295.2,304.5,0.2001623029613495,6846.35,-0.05191348664395324,224,0.031486147935413676
2026-03-06,2026-10-16,6525.0,6740.02,623.5,633.3,0.2505634865665435,301.8,311.1,0.1979374030303955,6846.95,-0.0481623444352713,224,0.030861837496651393
2026-03-06,2026-10-16,6550.0,6740.02,605.8,615.6,0.248300440044403,308.5,317.9,0.1957210860824584,6847.5,-0.04441857250793567,224,0.030248456101878127
2026-03-06,2026-10-16,6575.0,6740.02,588.3,598.1,0.2460612351417541,315.5,324.7,0.1934132173156738,6848.1,-0.04069666347273125,224,0.029632099957025586
2026-03-06,2026-10-16,6600.0,6740.02,570.9,580.7,0.2437943739604949,322.3,331.7,0.1911072558784484,6848.8,-0.03700380541375907,224,0.029018651911364053
2026-03-06,2026-10-16,6625.0,6740.02,553.7,563.1,0.2413539457893371,329.5,338.9,0.1888022481060028,6849.2,-0.03328148526039309,224,0.028388831956727163
2026-03-06,2026-10-16,6650.0,6740.02,536.7,546.2,0.2391729144382476,336.8,346.3,0.1864924720096588,6849.9,-0.029617198959665407,224,0.027799170378935204
2026-03-06,2026-10-16,6675.0,6740.02,520.0,529.2,0.236862184677124,344.3,353.8,0.1841264296913147,6850.55,-0.025959736735395842,224,0.027191668909479584
2026-03-06,2026-10-16,6700.0,6740.02,503.2,512.5,0.2346115357971191,352.0,361.5,0.1817498970603943,6851.1,-0.022301696926598474,224,0.026597214233383702
2026-03-06,2026-10-16,6725.0,6740.02,486.7,495.9,0.232324647655487,359.8,369.4,0.1793590594577789,6851.7,-0.018664871178346455,224,0.02600294406394848
2026-03-06,2026-10-16,6750.0,6740.02,470.1,479.5,0.2300463424968719,368.1,377.4,0.1769005116558075,6852.05,-0.015005372690332369,224,0.02540800426812789
2026-03-06,2026-10-16,6775.0,6740.02,454.2,463.3,0.2277737593269348,376.1,385.7,0.1744667591381073,6852.85,-0.011425257374235952,224,0.02482371600800397
2026-03-06,2026-10-16,6800.0,6740.02,438.2,447.4,0.2255526740550994,384.4,394.2,0.1720053503417969,6853.5,-0.007836858507237776,224,0.02424913269778723
2026-03-06,2026-10-16,6825.0,6740.02,422.4,431.9,0.2234269552612304,393.1,402.8,0.1694638337039947,6854.2,-0.004269261996516578,224,0.023683116808241523
2026-03-06,2026-10-16,6850.0,6740.02,406.7,416.3,0.2211581867504119,401.9,411.7,0.1669309000492096,6854.7,-0.0006858961063373861,224,0.023107769316180804
2026-03-06,2026-10-16,6875.0,6740.02,391.5,400.6,0.2187425538635253,410.9,420.7,0.1643073682403564,6855.25,0.002876861473237797,224,0.0225115769811842
2026-03-06,2026-10-16,6900.0,6740.02,376.3,385.4,0.2164623413753509,420.2,430.1,0.1617286586761474,6855.7,0.006440988557995553,224,0.021944088277033792
2026-03-06,2026-10-16,6925.0,6740.02,361.3,370.8,0.2143642788600921,429.6,439.7,0.1590936828899383,6856.4,0.00995552942263742,224,0.021398267273674748
2026-03-06,2026-10-16,6950.0,6740.02,346.6,356.1,0.2121117226505279,439.9,449.6,0.1564444021320343,6856.6,0.013529967524635736,224,0.020840226187466893
2026-03-06,2026-10-16,6975.0,6740.02,332.3,341.7,0.2098915910434722,450.0,459.5,0.1536272763729095,6857.25,0.0170258409769207,224,0.02027444972654953
2026-03-06,2026-10-16,7000.0,6740.02,318.1,327.4,0.2076066102313995,459.5,469.7,0.1507777260112762,6858.15,0.02047242298781244,224,0.019705760597232284
2026-03-06,2026-10-16,7025.0,6740.02,304.3,313.5,0.2053979226016998,470.0,480.2,0.1478871680641174,6858.8,0.02394271589725021,224,0.01914898601659798
2026-03-06,2026-10-16,7050.0,6740.02,290.6,299.8,0.2031663470172882,480.8,491.0,0.1449451122188568,6859.3,0.027422221109228272,224,0.018592243646260335
2026-03-06,2026-10-16,7075.0,6740.02,277.4,286.5,0.2010062962913513,492.8,502.1,0.1419401144981384,6859.5,0.03093289074521884,224,0.018044617747150778
2026-03-06,2026-10-16,7100.0,6740.02,264.2,273.4,0.1988176356220245,504.4,513.6,0.1389112751579284,6859.8,0.03441649725342762,224,0.01749974181339822
2026-03-06,2026-10-16,7125.0,6740.02,251.7,260.7,0.1966966851520538,514.8,525.1,0.1356344829750061,6861.25,0.03772008527275232,224,0.016944833691197217
2026-03-06,2026-10-16,7150.0,6740.02,239.3,248.2,0.1945423564147949,526.8,537.2,0.1324053740310669,6861.75,0.04114984546029909,224,0.016400300911910123
2026-03-06,2026-10-16,7175.0,6740.02,227.3,236.3,0.1925511043548584,540.1,549.4,0.1289359415626526,6862.05,0.04459653073058116,224,0.015857039887109584
2026-03-06,2026-10-16,7200.0,6740.02,215.5,224.5,0.1904721151351928,551.7,562.2,0.1254760457420349,6863.05,0.04792907667836719,224,0.015315346466452991
2026-03-06,2026-10-16,7225.0,6740.02,204.1,213.0,0.1884036162281036,564.6,575.1,0.1217128845214843,6863.7,0.05130057906168886,224,0.01475519360570266
2026-03-06,2026-10-16,7250.0,6740.02,193.0,201.9,0.1863932908725739,578.0,588.5,0.1178352835273742,6864.2,0.054681969576274254,224,0.01420022308756106
2026-03-06,2026-10-16,7275.0,6740.02,183.0,191.1,0.1843896411705017,591.6,602.2,0.1136715830993652,6865.15,0.05798592411274537,224,0.013630322277101663
2026-03-06,2026-10-16,7300.0,6740.02,172.0,180.7,0.182444165019989,605.6,616.2,0.1091416753959655,6865.45,0.0613727611919611,224,0.01304451761791889
2026-03-06,2026-10-16,7325.0,6740.02,162.7,170.6,0.1805015498638152,620.0,630.7,0.1042779850196838,6866.3,0.0646677672596848,224,0.012442645137955817
2026-03-06,2026-10-16,7350.0,6740.02,152.5,160.9,0.178617108259201,634.8,645.5,0.0987658025932312,6866.55,0.06803851653291837,224,0.011804689416565005
2026-03-06,2026-10-16,7375.0,6740.02,143.3,151.6,0.1767908402061462,649.9,660.7,0.0923857852172851,6867.15,0.07134672922608695,224,0.011116545528118875
2026-03-06,2026-10-16,7400.0,6740.02,134.5,142.7,0.1750246530342102,665.4,676.3,0.0845275874328613,6867.75,0.07464345853630998,224,0.01033581498565119
2026-03-06,2026-10-16,7425.0,6740.02,126.0,134.1,0.1732622805213928,681.3,692.2,0.0732323817825317,6868.3,0.07793606176884209,224,0.009322023667074643
2026-03-06,2026-10-16,7450.0,6740.02,118.0,125.9,0.1715638035488128,697.5,708.4,1.0000000000000004e-05,6869.0,0.08119549715972364,224,0.004516449105741288
2026-03-06,2026-10-16,7475.0,6740.02,110.9,118.0,0.1698710485649109,714.1,725.1,1.0000000000000004e-05,6869.85,0.08442184734199411,224,0.004427769745328117
2026-03-06,2026-10-16,7500.0,6740.02,102.9,110.5,0.168246003780365,731.0,742.1,1.0000000000000004e-05,6870.15,0.08771708048523112,224,0.004343464759604766
2026-03-06,2026-10-16,7525.0,6740.02,96.0,103.4,0.1666943911838532,748.4,759.5,1.0000000000000004e-05,6870.75,0.0909575400536487,224,0.004263725551339268
2026-03-06,2026-10-16,7550.0,6740.02,89.4,96.6,0.1651561298942566,766.2,777.4,1.0000000000000004e-05,6871.2,0.09420879979105544,224,0.0041854017150624685
2026-03-06,2026-10-16,7575.0,6740.02,83.1,90.2,0.1637027447700501,784.2,795.5,1.0000000000000004e-05,6871.8,0.09742727074584427,224,0.0041120666213918895
2026-03-06,2026-10-16,7600.0,6740.02,77.2,84.1,0.1622693866062164,802.6,813.9,1.0000000000000004e-05,6872.4,0.10063485708661055,224,0.016159515774851863
2026-03-06,2026-10-16,7625.0,6740.02,71.6,78.4,0.1609352095794678,821.4,832.7,1.0000000000000004e-05,6872.95,0.1038389052240598,224,0.015894881470834902
2026-03-06,2026-10-16,7650.0,6740.02,66.4,73.0,0.1596344108200073,840.4,851.8,1.0000000000000004e-05,6873.6,0.10701766138614521,224,0.015638971250407103
2026-03-06,2026-10-16,7675.0,6740.02,61.5,67.9,0.1583746196460723,648.9,652.1,1.0000000000000004e-05,7089.2,0.07939579427441337,224,0.0038487630505866736
2026-03-06,2026-10-16,7700.0,6740.02,56.9,63.1,0.1571625117111206,879.5,891.0,1.0000000000000004e-05,6874.75,0.11336504960453982,224,0.015158389971413644
2026-03-06,2026-10-16,7725.0,6740.02,52.6,58.6,0.1560066699981689,899.5,911.0,1.0000000000000004e-05,6875.35,0.11651927143608876,224,0.014936247021363114
2026-03-06,2026-10-16,7750.0,6740.02,48.6,54.5,0.1550034146499634,914.2,925.1,1.0000000000000004e-05,6881.9,0.1187980667552301,224,0.01474475922165825
2026-03-06,2026-10-16,7800.0,6740.02,41.3,46.9,0.1529854599761963,961.1,972.9,1.0000000000000004e-05,6877.1,0.12592668223919842,224,0.01436334086565686
2026-03-06,2026-10-16,7900.0,6740.02,29.7,34.6,0.1496056719970703,987.0,996.1,1.0000000000000004e-05,6940.6,0.12947453335989723,224,0.013735715038322403
2026-03-06,2026-10-16,8000.0,6740.02,21.1,25.5,0.1470574797058105,889.7,893.8,1.0000000000000004e-05,7131.55,0.11491293957534914,224,0.013271786639953894
2026-03-06,2026-10-16,8400.0,6740.02,5.4,8.1,0.1437234676361084,1503.0,1527.0,1.0000000000000004e-05,6891.75,0.19790666178230087,224,0.012676825954668056
2026-03-06,2026-10-16,8500.0,6740.02,3.9,6.4,0.144616097869873,1505.9,1515.1,1.0000000000000004e-05,6994.65,0.19492059237046988,224,0.012834780084757112
2026-03-06,2026-10-16,11000.0,6740.02,0.0,0.8,0.2159502233886718,3759.9,3799.0,1.0000000000000004e-05,7220.950000000001,0.42090874960201763,224,0.028619528142143195
2026-03-06,2026-10-16,11200.0,6740.02,0.0,0.8,0.2229691961669921,4073.5,4112.6,1.0000000000000004e-05,7107.35,0.4547843184478456,224,0.03051018845593269
2026-03-06,2026-10-16,11400.0,6740.02,0.05,0.75,0.22852333984375,4155.7,4190.9,1.0000000000000004e-05,7227.1,0.45577550619519774,224,0.03204913253465376
2026-03-06,2026-11-20,600.0,6740.02,6105.7,6144.7,1.186405435180664,0.0,1.3,0.9672854833984376,6724.55,-2.4165906325168773,259,0.6639207464544586
2026-03-06,2026-11-20,1000.0,6740.02,5705.7,5908.6,1.434725726776123,0.65,2.45,0.8243425769042967,6805.599999999999,-1.9177458026795375,259,0.48219462241418914
2026-03-06,2026-11-20,3400.0,6740.02,3392.7,3416.7,0.5447852833938599,25.8,28.8,0.4611565115356446,6777.4,-0.6898181159566545,259,0.15090498626333368
2026-03-06,2026-11-20,3500.0,6740.02,3518.2,3531.5,0.807636277294159,27.9,31.0,0.4501474053192138,6995.4,-0.6924898216897957,259,0.14378593371930337
2026-03-06,2026-11-20,3800.0,6740.02,3012.9,3036.9,0.5011532123947144,34.4,38.4,0.4181309713363647,6788.5,-0.5802289373258587,259,0.12405994213805255
2026-03-06,2026-11-20,4400.0,6740.02,2449.8,2473.8,0.4503419529342651,54.5,59.1,0.3598429800033568,6805.0,-0.4360530951792139,259,0.09188253505957075
2026-03-06,2026-11-20,4500.0,6740.02,2576.8,2582.1,0.6079846483421325,59.0,63.8,0.3510692640304564,7018.049999999999,-0.4444080048962749,259,0.08745658545217412
2026-03-06,2026-11-20,4600.0,6740.02,2484.3,2489.6,0.5911162257194521,63.9,68.8,0.3423222506713866,7020.6,-0.422792380975781,259,0.08315285352307787
2026-03-06,2026-11-20,4750.0,6740.02,2345.6,2350.2,0.5658097771263122,72.4,77.3,0.3296938216590881,7023.049999999999,-0.3910529785696064,259,0.0771309209709732
2026-03-06,2026-11-20,4800.0,6740.02,2342.4,2351.0,0.5885756627464294,75.4,80.4,0.3255778044700622,7068.799999999999,-0.38707481632981566,259,0.07521708178563952
2026-03-06,2026-11-20,4850.0,6740.02,2288.5,2296.7,0.5745634661388397,78.6,83.7,0.3215666904067992,7061.45,-0.37567170790393434,259,0.0733751515676937
2026-03-06,2026-11-20,4900.0,6740.02,2128.1,2134.6,0.4891160555458069,81.9,87.1,0.3175403177070618,6946.85,-0.3490531143069271,259,0.07154917814438617
2026-03-06,2026-11-20,5000.0,6740.02,1906.3,1922.3,0.3861832012176512,89.0,95.1,0.3103191679954528,6822.25,-0.31075141703572556,259,0.06833199556322198
2026-03-06,2026-11-20,5100.0,6740.02,1817.1,1832.7,0.376415766544342,97.0,102.5,0.3019536205482483,6825.15,-0.29137377912120804,259,0.0646974825786538
2026-03-06,2026-11-20,5250.0,6740.02,1891.2,1895.2,0.4893973866558076,110.2,116.1,0.2906755808639525,7030.05,-0.2919657415692818,259,0.05995480539025867
2026-03-06,2026-11-20,5300.0,6740.02,1886.5,1894.3,0.5060493273735046,114.8,121.0,0.2869257709503173,7072.5,-0.288507203635509,259,0.058417909838842166
2026-03-06,2026-11-20,5400.0,6740.02,1756.6,1760.9,0.4671970242500305,125.0,131.7,0.2796683819770812,7030.4,-0.2638446496379253,259,0.055500083847448645
2026-03-06,2026-11-20,5500.0,6740.02,1468.8,1483.0,0.3394364610481262,136.6,143.9,0.2728573081207275,6835.65,-0.21740347217228845,259,0.052829692175551814
2026-03-06,2026-11-20,5550.0,6740.02,1426.4,1440.4,0.3350152711296081,142.4,150.1,0.2692505479240418,6837.15,-0.20857305037977353,259,0.0514422660475774
2026-03-06,2026-11-20,5600.0,6740.02,1568.1,1578.6,0.4354190064620972,148.7,156.5,0.26560373380661,7020.75,-0.2261034521967231,259,0.05005820258551027
2026-03-06,2026-11-20,5700.0,6740.02,1495.7,1499.3,0.4258613780403137,162.3,170.2,0.2583673254585267,7031.25,-0.20989832456418914,259,0.04736767613679286
2026-03-06,2026-11-20,5800.0,6740.02,1218.4,1231.6,0.3133537293243408,177.0,184.7,0.2508915472507476,6844.15,-0.1655363552449971,259,0.04466619516932984
2026-03-06,2026-11-20,5900.0,6740.02,1326.0,1331.1,0.4004595629692077,193.0,200.5,0.243431981344223,7031.8,-0.17549036765604353,259,0.0420496289072989
2026-03-06,2026-11-20,5950.0,6740.02,1272.6,1277.4,0.3879474810600281,201.5,209.6,0.2400893862915039,7019.45,-0.165293647832502,259,0.0409027796524554
2026-03-06,2026-11-20,6000.0,6740.02,1056.8,1068.3,0.2954343681144714,210.3,218.6,0.2364635527992248,6848.1,-0.13221177230850445,259,0.03967667960775295
2026-03-06,2026-11-20,6025.0,6740.02,1037.1,1048.5,0.2933372592639922,214.8,223.2,0.2346239334392547,6848.8,-0.12815597506942022,259,0.03906173437509459
2026-03-06,2026-11-20,6050.0,6740.02,1230.5,1236.7,0.3963883680248261,219.5,227.8,0.2327280478572845,7059.95,-0.15437969728434747,259,0.0384330059265775
2026-03-06,2026-11-20,6075.0,6740.02,997.7,1007.4,0.2882389673519134,224.2,232.6,0.2308846138381958,6849.15,-0.11994256775677879,259,0.03782656320813182
2026-03-06,2026-11-20,6100.0,6740.02,978.8,990.1,0.2872872099018096,229.0,237.5,0.2290373651599884,6851.2,-0.11613504823396106,259,0.03722370326469133
2026-03-06,2026-11-20,6125.0,6740.02,954.0,970.8,0.2852606722450256,233.9,242.5,0.2271834408283233,6849.2,-0.11175310070188836,259,0.03662353366774914
2026-03-06,2026-11-20,6150.0,6740.02,940.8,947.5,0.2811799406528472,238.9,247.6,0.2253228408432006,6850.9,-0.10792794868652356,259,0.036026107109214875
2026-03-06,2026-11-20,6175.0,6740.02,921.1,932.3,0.2811122304534911,244.0,252.8,0.2234546115398406,6853.3,-0.10422140557975589,259,0.035431174042112476
2026-03-06,2026-11-20,6200.0,6740.02,902.1,913.2,0.2790399168872832,249.2,258.1,0.2215758919239044,6854.0,-0.10028313140137118,259,0.034837895488781655
2026-03-06,2026-11-20,6225.0,6740.02,883.1,894.3,0.2770143328952789,254.6,263.5,0.2196857283306121,6854.65,-0.09635381173784803,259,0.04376584675537478
2026-03-06,2026-11-20,6250.0,6740.02,864.3,875.4,0.2749382046699524,260.0,269.1,0.2178327576637267,6855.3,-0.09244061198451471,259,0.04307617419293725
2026-03-06,2026-11-20,6275.0,6740.02,1006.4,1011.1,0.346932266216278,265.5,274.7,0.215915891456604,7013.65,-0.11128476525548159,259,0.03308080848089452
2026-03-06,2026-11-20,6300.0,6740.02,987.8,991.4,0.3439520637798309,271.1,280.4,0.2139818592834472,7013.85,-0.10733713229199104,259,0.032490830549374954
2026-03-06,2026-11-20,6325.0,6740.02,808.3,819.4,0.268734615278244,276.8,286.2,0.2120325684738159,6857.35,-0.0808110351160646,259,0.041003085621902545
2026-03-06,2026-11-20,6350.0,6740.02,790.4,796.6,0.2645995247936248,282.7,292.1,0.2100632507038116,6856.1,-0.07668395404880124,259,0.03996844545528685
2026-03-06,2026-11-20,6375.0,6740.02,771.4,782.6,0.2645833124923705,288.6,298.2,0.2081225428771972,6858.6,-0.07311924823316084,259,0.03963956428525666
2026-03-06,2026-11-20,6400.0,6740.02,754.0,761.0,0.2609241007328033,294.7,304.3,0.2061112638568877,6858.0,-0.06911786367510238,259,0.03869425084270768
2026-03-06,2026-11-20,6425.0,6740.02,735.7,741.8,0.2583444375038147,300.9,310.6,0.2041247801208495,6858.0,-0.06521922325944515,259,0.03794133171770245
2026-03-06,2026-11-20,6450.0,6740.02,717.9,728.3,0.2583539741516114,307.2,317.0,0.2021115937709808,6861.0,-0.061773072901072666,259,0.037613281961472136
2026-03-06,2026-11-20,6475.0,6740.02,852.8,854.9,0.3227401749181746,313.6,323.5,0.2000707511425018,7010.3,-0.07943188855088053,259,0.048488217453274855
2026-03-06,2026-11-20,6500.0,6740.02,682.3,692.7,0.2541845517349243,320.2,330.2,0.1980480281448364,6862.3,-0.054240485611369585,259,0.03628027762528656
2026-03-06,2026-11-20,6525.0,6740.02,664.8,675.1,0.2520998405265808,326.9,336.9,0.1959471046352386,6863.05,-0.05051099613488528,259,0.035611801953992564
2026-03-06,2026-11-20,6550.0,6740.02,647.4,657.4,0.2499073651981353,333.7,343.8,0.1938590556001663,6863.65,-0.04677432056244121,259,0.034934600536360993
2026-03-06,2026-11-20,6575.0,6740.02,630.0,640.1,0.2478321906375885,340.7,350.8,0.1917357209682464,6864.3,-0.043059489460447,259,0.03427668956753452
2026-03-06,2026-11-20,6600.0,6740.02,612.9,623.2,0.2458733631801605,347.8,357.9,0.1895737629127502,6865.2,-0.03939552304796647,259,0.033637039522086985
2026-03-06,2026-11-20,6625.0,6740.02,595.9,606.0,0.2437118819570541,355.1,365.3,0.1874623490905761,6865.75,-0.03569491119823868,259,0.03298014064216057
2026-03-06,2026-11-20,6650.0,6740.02,579.0,589.1,0.2416176341009139,362.5,372.7,0.185263198108673,6866.45,-0.032030378563785704,259,0.03232661399394446
2026-03-06,2026-11-20,6675.0,6740.02,562.3,572.5,0.2395887122821807,370.0,380.3,0.1830630934619903,6867.25,-0.02839453068925258,259,0.03168927956492561
2026-03-06,2026-11-20,6700.0,6740.02,545.7,555.9,0.2374877887725829,377.8,388.1,0.1808601278209686,6867.85,-0.02474357598046726,259,0.031047177837948473
2026-03-06,2026-11-20,6725.0,6740.02,529.3,539.4,0.2353601626491546,385.8,396.0,0.1786047106170654,6868.45,-0.021106536658910546,259,0.030400021452920725
2026-03-06,2026-11-20,6750.0,6740.02,513.2,523.0,0.2332029729175568,393.7,403.9,0.1762520196056366,6869.3,-0.017519703873149547,259,0.02974125222168603
2026-03-06,2026-11-20,6775.0,6740.02,497.1,506.9,0.2311030030727386,402.0,412.1,0.1739288922023773,6869.95,-0.01391746142163001,259,0.029102168885787316
2026-03-06,2026-11-20,6800.0,6740.02,481.0,490.9,0.228970608625412,410.4,420.6,0.1716334210777282,6870.45,-0.010306994090428722,259,0.028469348939128874
2026-03-06,2026-11-20,6825.0,6740.02,465.5,475.3,0.2269364416503906,418.9,429.2,0.1692721470832825,6871.35,-0.0067682524085697264,259,0.027848042916889852
2026-03-06,2026-11-20,6850.0,6740.02,450.0,459.6,0.2247773445892333,428.1,438.0,0.1668860778045654,6871.75,-0.0031701522350104576,259,0.027212781670052602
2026-03-06,2026-11-20,6875.0,6740.02,434.6,444.2,0.2226678380966186,436.6,446.9,0.164424669008255,6872.65,0.0003418766149690781,259,0.026581313524448487
2026-03-06,2026-11-20,6900.0,6740.02,419.4,429.0,0.2205611925983429,446.2,455.9,0.1618850597000122,6873.15,0.003898895171124647,259,0.025947034381738208
2026-03-06,2026-11-20,6925.0,6740.02,404.5,414.0,0.2184564544296264,455.5,465.2,0.1593483113861084,6873.9,0.007406421322132827,259,0.02532105358762212
2026-03-06,2026-11-20,6950.0,6740.02,389.7,399.3,0.2163965385055541,465.1,474.8,0.1568106094074249,6874.55,0.01091547271176251,259,0.024708524651106234
2026-03-06,2026-11-20,6975.0,6740.02,375.2,384.6,0.2142441170978546,474.9,484.6,0.1542204558658599,6875.15,0.014418866210989225,259,0.02408454154527199
2026-03-06,2026-11-20,7000.0,6740.02,360.8,370.3,0.212176571855545,484.3,495.0,0.1517533250808715,6875.9,0.01788760497961664,259,0.023495374794517153
2026-03-06,2026-11-20,7025.0,6740.02,346.9,356.2,0.2101023509597778,494.5,505.2,0.1490391951179504,6876.7,0.02133632950676377,259,0.022881168754004894
2026-03-06,2026-11-20,7050.0,6740.02,332.9,342.3,0.2080185934162139,505.0,515.7,0.1462964552116394,6877.25,0.0248087540863069,259,0.02227030192068283
2026-03-06,2026-11-20,7075.0,6740.02,319.4,328.6,0.2059243455600738,515.7,526.4,0.143469792804718,6877.95,0.02824680110075346,259,0.021655994764542396
2026-03-06,2026-11-20,7100.0,6740.02,306.0,315.4,0.2039521667957305,526.8,537.0,0.1404047142028808,6878.8,0.03165056591936239,259,0.02103606186725531
2026-03-06,2026-11-20,7125.0,6740.02,293.0,302.3,0.2019199071502685,538.0,548.8,0.1377087038707733,6879.25,0.03510009177956837,259,0.020462347052628265
2026-03-06,2026-11-20,7150.0,6740.02,280.2,289.5,0.1999162574481964,549.5,559.7,0.1343603868293762,6880.25,0.03845736821154211,259,0.01982252506955752
2026-03-06,2026-11-20,7175.0,6740.02,267.7,276.9,0.197893534450531,561.3,571.5,0.1312123393917084,6880.9,0.04185330430234324,259,0.019214017215851493
2026-03-06,2026-11-20,7200.0,6740.02,255.5,264.7,0.1959413826465607,573.3,583.5,0.1279050299358368,6881.7,0.045215311575954785,259,0.01860480357952363
2026-03-06,2026-11-20,7225.0,6740.02,243.6,252.8,0.1940130724620819,585.7,596.5,0.1248370903396606,6882.1,0.0486233960690843,259,0.0180351680935224
2026-03-06,2026-11-20,7250.0,6740.02,232.0,241.4,0.1922020630455017,598.4,608.6,0.1209737943172454,6883.2,0.051917808775309666,259,0.017398966758518465
2026-03-06,2026-11-20,7275.0,6740.02,220.7,229.7,0.1901268884849548,611.1,621.6,0.1172363820457458,6883.85,0.05526572460283718,259,0.016759105916763092
2026-03-06,2026-11-20,7300.0,6740.02,209.7,219.0,0.1884055235576629,624.4,635.6,0.1136801660823822,6884.35,0.05862362856407933,259,0.01618852249746105
2026-03-06,2026-11-20,7325.0,6740.02,199.1,208.0,0.1864133178329468,638.0,649.3,0.1094869020462036,6884.9,0.061962547156241755,259,0.015532361296063802
2026-03-06,2026-11-20,7350.0,6740.02,188.8,197.9,0.1847320068264007,651.9,663.3,0.1049131257629394,6885.75,0.06524625451496331,259,0.014882619475115322
2026-03-06,2026-11-20,7375.0,6740.02,178.9,187.8,0.1829209974098205,661.4,668.1,0.0923819705581664,6893.6,0.06750245728246346,259,0.013445244219550307
2026-03-06,2026-11-20,7400.0,6740.02,169.2,177.7,0.1809726602649688,680.8,692.2,0.094005108013153,6886.95,0.07185168372909363,259,0.01341349878029388
2026-03-06,2026-11-20,7425.0,6740.02,159.9,168.3,0.1792417586898803,695.8,707.3,0.0872283660888672,6887.55,0.07513725070795008,259,0.012596327942805975
2026-03-06,2026-11-20,7450.0,6740.02,151.0,159.5,0.1776853777694702,711.0,722.6,0.0782848977851868,6888.45,0.07836793638956299,259,0.011623207212047605
2026-03-06,2026-11-20,7475.0,6740.02,142.4,150.5,0.175882951335907,726.7,738.3,0.0635202596664428,6888.95,0.08164544063948295,259,0.010167328381166454
2026-03-06,2026-11-20,7500.0,6740.02,134.1,142.2,0.1743103581142425,742.7,754.4,1.0000000000000004e-05,6889.6,0.0848899923543578,259,0.005390674725032287
2026-03-06,2026-11-20,7525.0,6740.02,126.3,134.1,0.1727024792957306,759.0,770.7,1.0000000000000004e-05,6890.35,0.08810892864121454,259,0.005291689404561539
2026-03-06,2026-11-20,7550.0,6740.02,118.7,126.6,0.1712843797683715,775.7,787.5,1.0000000000000004e-05,6891.05,0.09132409507123386,259,0.005205148641040993
2026-03-06,2026-11-20,7575.0,6740.02,111.5,119.3,0.1698357629680633,792.6,804.4,1.0000000000000004e-05,6891.9,0.09450654241133494,259,0.005117482224886794
2026-03-06,2026-11-20,7600.0,6740.02,104.6,112.2,0.1683547215652466,809.9,821.8,1.0000000000000004e-05,6892.55,0.09770712914090371,259,0.0050286232754420835
2026-03-06,2026-11-20,7625.0,6740.02,98.1,105.6,0.1670224518680572,827.7,839.7,1.0000000000000004e-05,6893.15,0.10090415761971065,259,0.019795050279058982
2026-03-06,2026-11-20,7650.0,6740.02,91.8,99.2,0.1656634795570374,845.7,857.8,1.0000000000000004e-05,6893.75,0.10409044381876889,259,0.019474237290045864
2026-03-06,2026-11-20,7700.0,6740.02,80.3,87.4,0.1631210092544556,712.8,716.4,1.0000000000000004e-05,7069.25,0.0854659366150292,259,0.00472084731556008
2026-03-06,2026-11-20,7725.0,6740.02,75.1,82.0,0.1619518162345886,894.9,905.7,1.0000000000000004e-05,6903.25,0.11246950758034811,259,0.01861137866426199
2026-03-06,2026-11-20,7800.0,6740.02,60.9,67.3,0.1585777502441406,960.0,972.5,1.0000000000000004e-05,6897.85,0.1229139648507911,259,0.01784396669582382
2026-03-06,2026-11-20,8000.0,6740.02,34.0,39.2,0.1517895643424987,927.2,930.3,1.0000000000000004e-05,7107.85,0.11824173459265694,259,0.01634898248605742
2026-03-06,2026-11-20,8200.0,6740.02,18.5,22.7,0.1476354005622863,1301.5,1312.4,1.0000000000000004e-05,6913.65,0.1706364359786335,259,0.015466352817231127
2026-03-06,2026-11-20,8300.0,6740.02,13.7,17.4,0.1464662075424194,1392.6,1404.2,1.0000000000000004e-05,6917.15,0.18225167971734216,259,0.01522235243159315
2026-03-06,2026-11-20,8400.0,6740.02,10.1,13.4,0.1457223490142822,1264.6,1268.4,1.0000000000000004e-05,7145.25,0.16178390557640657,259,0.015068125418028025
2026-03-06,2026-11-20,8600.0,6740.02,5.5,8.3,0.1458520474243164,1675.0,1699.0,1.0000000000000004e-05,6919.9,0.21736088460135064,259,0.015094959759197385
2026-03-06,2026-11-20,9000.0,6740.02,1.7,3.8,0.1503838624572754,1896.7,1903.2,1.0000000000000004e-05,7102.8,0.2367355048336767,259,0.016047573360767942
2026-03-06,2026-11-20,9200.0,6740.02,0.95,2.8,0.1540611938476562,2007.0,2017.8,1.0000000000000004e-05,7189.475,0.24658533306865674,259,0.016841990480792223
2026-03-06,2026-12-18,600.0,6740.02,6078.9,6117.8,1.0000000000000004e-05,0.2,1.4,0.9362799340820313,6697.55,-2.412567411646942,287,0.689287597246179
2026-03-06,2026-12-18,1000.0,6740.02,5701.7,5719.9,1.0000000000000004e-05,0.7,2.65,0.7891866784667969,6709.124999999999,-1.9034685400959594,287,0.48972077004310605
2026-03-06,2026-12-18,1200.0,6740.02,5498.7,5537.7,1.0000000000000004e-05,1.5,3.5,0.7442042181396484,6715.7,-1.7221265119775315,287,0.43548508644162914
2026-03-06,2026-12-18,1400.0,6740.02,5144.5,5181.3,1.0000000000000004e-05,2.2,4.5,0.7006865869140625,6559.549999999999,-1.5444497664208887,287,0.38604385182007345
2026-03-06,2026-12-18,1800.0,6740.02,4858.4,4897.5,1.0000000000000004e-05,5.1,7.4,0.6370885900878906,6671.7,-1.3100880351146373,287,0.3191454716575085
2026-03-06,2026-12-18,2000.0,6740.02,4738.4,4756.0,0.597080445251465,6.4,8.0,0.599033550720215,6740.0,-1.2149127443642704,287,0.2821573231040834
2026-03-06,2026-12-18,2200.0,6740.02,3542.9,3582.2,1.0000000000000004e-05,8.9,11.5,0.5811504287719728,5752.35,-0.9611511066038431,287,0.2655621385954803
2026-03-06,2026-12-18,2500.0,6740.02,4261.3,4279.4,0.6168937847137451,12.6,15.4,0.5433090103149415,6756.35,-0.9941920715317744,287,0.23210411878865242
2026-03-06,2026-12-18,2600.0,6740.02,4071.5,4098.1,1.0000000000000004e-05,14.0,16.9,0.5313538686370849,6669.35,-0.9420109588770492,287,0.2220019177434964
2026-03-06,2026-12-18,2700.0,6740.02,4010.2,4049.4,0.4737906625366211,15.5,18.4,0.5194368735504151,6712.85,-0.9107718269923795,287,0.21215564117342245
2026-03-06,2026-12-18,2800.0,6740.02,3831.4,3854.0,1.0000000000000004e-05,16.5,20.0,0.5064594032287597,6624.45,-0.8611479323769461,287,0.20168718762494417
2026-03-06,2026-12-18,2900.0,6740.02,4042.6,4053.8,0.8471733117294311,18.1,21.7,0.5022556488800051,6928.299999999999,-0.8709037358705933,287,0.19835296293355645
2026-03-06,2026-12-18,3000.0,6740.02,3965.5,3978.5,0.8475986462211608,19.8,23.5,0.4906285678863525,6950.35,-0.8401797293528136,287,0.18927562848417315
2026-03-06,2026-12-18,3200.0,6740.02,3581.8,3621.1,0.5503852029800416,23.4,27.1,0.4670844918060303,6776.2,-0.7502656630470924,287,0.1715457363106718
2026-03-06,2026-12-18,3300.0,6740.02,2895.3,2928.5,1.0000000000000004e-05,25.4,29.1,0.4558236180877686,6184.65,-0.6281479472502114,287,0.16337390142877006
2026-03-06,2026-12-18,3400.0,6740.02,2633.8,2848.6,1.0000000000000004e-05,27.5,31.4,0.4452875296020507,6111.75,-0.5864377162641862,287,0.15590860935200246
2026-03-06,2026-12-18,3500.0,6740.02,3525.6,3532.1,0.7711242675399779,29.8,33.9,0.4350909457778931,6997.0,-0.6927185172683917,287,0.1488500976030075
2026-03-06,2026-12-18,3600.0,6740.02,3378.9,3387.3,0.7006293670272827,32.2,36.4,0.4246959996795654,6948.8,-0.657635137336356,287,0.1418225771103504
2026-03-06,2026-12-18,3700.0,6740.02,3356.0,3363.7,0.7484022504997255,34.7,39.1,0.4145871530151367,7022.95,-0.640850538036745,287,0.13515145105964754
2026-03-06,2026-12-18,3800.0,6740.02,3014.4,3053.9,0.5149260391426087,37.5,41.9,0.4045011943054199,6794.450000000001,-0.5811050357257759,287,0.12865558643239638
2026-03-06,2026-12-18,3850.0,6740.02,2030.0,2068.7,1.0000000000000004e-05,39.0,43.4,0.3995917280197144,5858.15,-0.41976070578689734,287,0.1255515303896199
2026-03-06,2026-12-18,3900.0,6740.02,2992.6,3005.7,0.5475852431869508,40.7,45.0,0.3948157748031616,6856.299999999999,-0.5641913844954376,287,0.122568261264635
2026-03-06,2026-12-18,3950.0,6740.02,1941.9,1984.6,1.0000000000000004e-05,42.0,46.7,0.3901695199966431,5868.9,-0.3959516438402084,287,0.119700430120482
2026-03-06,2026-12-18,4000.0,6740.02,2837.4,2854.1,0.4776930588150025,43.9,48.4,0.3854546013259887,6799.6,-0.5305694258025871,287,0.11682492235377853
2026-03-06,2026-12-18,4050.0,6740.02,2779.9,2819.5,0.4861749533653259,45.6,50.1,0.380678648109436,6801.85,-0.5184777528858517,287,0.11394783262269803
2026-03-06,2026-12-18,4100.0,6740.02,2733.2,2772.8,0.4805330725288391,47.3,51.9,0.3760133200073242,6803.4,-0.5064355135134498,287,0.11117201870734525
2026-03-06,2026-12-18,4150.0,6740.02,2686.6,2726.2,0.4749617628860473,49.2,53.8,0.3714471730422973,6804.9,-0.4945346066756995,287,0.10848836076065703
2026-03-06,2026-12-18,4175.0,6740.02,2640.5,2680.0,0.4473054842758178,49.9,54.8,0.3692155974578857,6782.9,-0.48529038081324744,287,0.10718872650842372
2026-03-06,2026-12-18,4200.0,6740.02,2650.8,2667.5,0.4565999012184144,51.2,55.8,0.3669668559074401,6805.65,-0.4826686242540223,287,0.10588701711514485
2026-03-06,2026-12-18,4225.0,6740.02,2616.8,2656.4,0.466638176689148,52.0,56.8,0.3646990410614014,6807.200000000001,-0.47696161474407345,287,0.10458232078949958
2026-03-06,2026-12-18,4250.0,6740.02,2593.6,2633.2,0.4639126027488708,52.9,57.9,0.3625628319549561,6808.0,-0.47117940833474753,287,0.10336073600564862
2026-03-06,2026-12-18,4275.0,6740.02,2519.4,2543.6,0.3868412299156188,53.9,58.9,0.36025877784729,6750.1,-0.45677321720079156,287,0.10205121390027018
2026-03-06,2026-12-18,4300.0,6740.02,2558.0,2574.7,0.4462793409729004,55.4,60.0,0.3580825148200989,6808.65,-0.4595788399247149,287,0.10082198928632158
2026-03-06,2026-12-18,4325.0,6740.02,2157.5,2197.1,1.0000000000000004e-05,56.1,61.1,0.3558871784973144,6443.700000000001,-0.39869076891234767,287,0.0995895376876429
2026-03-06,2026-12-18,4350.0,6740.02,2500.9,2540.5,0.4529988630104065,57.2,62.3,0.3538100966072082,6810.95,-0.44835576606572003,287,0.09843045134346569
2026-03-06,2026-12-18,4375.0,6740.02,1840.3,1883.1,1.0000000000000004e-05,59.0,63.4,0.3515727990341186,6175.5,-0.3446833310863543,287,0.09718954870393566
2026-03-06,2026-12-18,4400.0,6740.02,2464.1,2483.9,0.4376887286376953,59.4,64.6,0.3494518485641479,6812.0,-0.4370812218762264,287,0.09602044551075711
2026-03-06,2026-12-18,4425.0,6740.02,2411.4,2450.8,0.4254112482643128,60.6,65.8,0.3473099174690246,6792.900000000001,-0.4286076706045556,287,0.09484695700729254
2026-03-06,2026-12-18,4450.0,6740.02,2388.8,2428.3,0.4235039187049866,61.8,67.0,0.3451450984191894,6794.15,-0.42315785162090724,287,0.09366825995156516
2026-03-06,2026-12-18,4475.0,6740.02,2395.2,2414.6,0.4298763067626954,63.0,68.3,0.3430889971542357,6814.25,-0.42050965600828216,287,0.09255558139973111
2026-03-06,2026-12-18,4500.0,6740.02,2373.4,2390.8,0.4265995145797729,64.5,69.6,0.3410100079345703,6815.05,-0.4150560051024613,287,0.09143727649811165
2026-03-06,2026-12-18,4525.0,6740.02,2349.4,2368.5,0.4246940923500061,65.7,70.9,0.3389081307601928,6815.65,-0.4096038612914225,287,0.09031356973800166
2026-03-06,2026-12-18,4550.0,6740.02,2532.3,2539.6,0.5714821752357484,67.0,72.3,0.336903527393341,7016.299999999999,-0.43310878059993485,287,0.08924834028222388
2026-03-06,2026-12-18,4575.0,6740.02,1657.3,1686.1,1.0000000000000004e-05,68.4,73.7,0.3348760360717773,6175.65,-0.30000744140467356,287,0.08817737640160818
2026-03-06,2026-12-18,4600.0,6740.02,2283.9,2295.7,0.4135915269851684,69.9,75.1,0.3328199348068237,6817.3,-0.39340719554528053,287,0.08709790214899418
2026-03-06,2026-12-18,4650.0,6740.02,2210.3,2250.4,0.4090444533157348,72.6,78.0,0.3287554155158996,6805.05,-0.38079776401574594,287,0.08498354895152363
2026-03-06,2026-12-18,4675.0,6740.02,1594.0,1634.2,1.0000000000000004e-05,74.0,79.6,0.3268538079452515,6212.3,-0.2843020350049322,287,0.08400325802056262
2026-03-06,2026-12-18,4700.0,6740.02,2192.9,2206.2,0.405344233970642,75.6,81.1,0.3248129653167724,6821.200000000001,-0.3724729007406093,287,0.08295751704019196
2026-03-06,2026-12-18,4725.0,6740.02,2167.4,2185.6,0.4046938345909118,77.0,82.7,0.3228560451889037,6821.65,-0.3672338171318659,287,0.08196092996605638
2026-03-06,2026-12-18,4750.0,6740.02,2270.4,2277.8,0.4891522948074341,79.0,84.3,0.3208705151176452,6942.450000000001,-0.3795101201097686,287,0.08095592795732788
2026-03-06,2026-12-18,4775.0,6740.02,2318.8,2331.9,0.5339173195648192,80.4,85.9,0.3188601897621154,7017.200000000001,-0.3849703041401991,287,0.07994469182614507
2026-03-06,2026-12-18,4800.0,6740.02,2102.4,2114.7,0.3950761252880097,82.0,87.6,0.3169261575889587,6823.75,-0.3517932561999851,287,0.07897783108903322
2026-03-06,2026-12-18,4850.0,6740.02,2054.8,2072.5,0.3926490484237671,85.4,91.2,0.3131744403457642,6825.35,-0.3416649168580342,287,0.07711904667026934
2026-03-06,2026-12-18,4875.0,6740.02,1416.9,1443.7,1.0000000000000004e-05,87.2,93.0,0.3112537594795227,6215.200000000001,-0.24287780020426353,287,0.07617601397471013
2026-03-06,2026-12-18,4900.0,6740.02,2012.3,2025.8,0.3865818330955504,89.0,94.8,0.309302561340332,6827.15,-0.33167210466160935,287,0.0752239379935205
2026-03-06,2026-12-18,4925.0,6740.02,2195.1,2206.5,0.5193491363906861,90.8,96.8,0.3075153935432433,7032.0,-0.3561468857588237,287,0.07435715302837813
2026-03-06,2026-12-18,4950.0,6740.02,1965.4,1982.7,0.3831991841220855,92.7,98.8,0.3056938938140869,6828.3,-0.3216881641175126,287,0.0734788854171716
2026-03-06,2026-12-18,4975.0,6740.02,1663.1,1679.0,1.0000000000000004e-05,94.7,100.7,0.3037465103340149,6548.35,-0.2747877389054082,287,0.07254569180549686
2026-03-06,2026-12-18,5000.0,6740.02,1922.9,1936.5,0.3773999485969542,96.4,102.9,0.3020451723670959,6830.05,-0.31189408176601924,287,0.07173528527432084
2026-03-06,2026-12-18,5025.0,6740.02,1895.2,1919.2,0.3786921643733977,98.7,104.9,0.3001263988304137,6830.4,-0.306957783076421,287,0.0708267683942463
2026-03-06,2026-12-18,5050.0,6740.02,1843.5,1859.4,0.3487337389850616,101.0,107.0,0.2982667525100707,6797.45,-0.2971592985647094,287,0.06995177252707775
2026-03-06,2026-12-18,5075.0,6740.02,1062.9,1100.9,1.0000000000000004e-05,102.9,108.9,0.2961982536029815,6051.0,-0.17589702271233343,287,0.06898489687821895
2026-03-06,2026-12-18,5100.0,6740.02,2031.4,2036.8,0.490242333650589,105.1,111.4,0.2946199383926391,7025.85,-0.32035566461133164,287,0.06825167294319032
2026-03-06,2026-12-18,5125.0,6740.02,2006.8,2017.7,0.4887126553440095,107.3,113.7,0.2928318169307707,7026.75,-0.3155937694927985,287,0.06742571439178693
2026-03-06,2026-12-18,5150.0,6740.02,1774.6,1813.5,0.3704906472682952,109.5,116.0,0.2910074562072753,6831.3,-0.2825182775449469,287,0.06658819850981314
2026-03-06,2026-12-18,5175.0,6740.02,1752.7,1792.8,0.3690363084793091,111.8,118.4,0.2892317323875427,6832.65,-0.2778732533244866,287,0.06577803718003025
2026-03-06,2026-12-18,5200.0,6740.02,1746.3,1760.8,0.359984122390747,114.1,120.4,0.2870974306106567,6836.3,-0.2735880240160791,287,0.06481083903657567
2026-03-06,2026-12-18,5225.0,6740.02,1693.9,1715.8,0.3421372397041321,116.7,123.3,0.2856535821342467,6809.85,-0.2649152956362429,287,0.06416059479183121
2026-03-06,2026-12-18,5250.0,6740.02,1920.1,1925.9,0.4826988452434539,119.1,125.8,0.2838492483711242,7050.55,-0.2948775513620939,287,0.06335261258861526
2026-03-06,2026-12-18,5275.0,6740.02,1754.7,1772.4,0.40181185962677,121.7,128.4,0.2820868758583068,6913.5,-0.27049734248440543,287,0.06256836325353544
2026-03-06,2026-12-18,5300.0,6740.02,1867.0,1873.4,0.4710460153007507,124.1,130.6,0.2799811840248107,7042.85,-0.28430609723595773,287,0.06163774246048581
2026-03-06,2026-12-18,5325.0,6740.02,1611.1,1632.4,0.3363065332412719,126.7,133.7,0.2785249379062653,6816.55,-0.246940767164325,287,0.06099822596504857
2026-03-06,2026-12-18,5350.0,6740.02,1802.5,1808.5,0.4524657643985748,129.4,136.9,0.2770953944015502,7022.35,-0.27200135894566,287,0.060373679810367224
2026-03-06,2026-12-18,5375.0,6740.02,1808.3,1815.1,0.4651733475875854,132.2,139.3,0.275035478477478,7050.95,-0.2714037855052958,287,0.05947938531211842
2026-03-06,2026-12-18,5400.0,6740.02,1573.3,1587.2,0.342318436012268,135.0,141.7,0.2729450452804565,6841.9,-0.23666651726890417,287,0.05857866397886076
2026-03-06,2026-12-18,5425.0,6740.02,1750.1,1759.3,0.4517915233993531,138.2,145.2,0.2716041926002502,7038.0,-0.2603061394728701,287,0.058004537930727955
2026-03-06,2026-12-18,5450.0,6740.02,1530.3,1545.5,0.3386735292243956,141.2,148.6,0.2701412708282471,6843.0,-0.2276106232952079,287,0.05738136953629864
2026-03-06,2026-12-18,5475.0,6740.02,1587.1,1604.3,0.383248774690628,143.9,151.2,0.2680813549041747,6923.15,-0.23467859266600985,287,0.05650960243058373
2026-03-06,2026-12-18,5500.0,6740.02,1488.5,1502.3,0.3339977108097076,147.0,153.9,0.2660576782417297,6844.95,-0.21876306187340896,287,0.055659669861495877
2026-03-06,2026-12-18,5525.0,6740.02,1676.6,1683.2,0.444508385477066,150.1,157.6,0.2646691423225402,7051.05,-0.2438932945006832,287,0.05508021823466842
2026-03-06,2026-12-18,5550.0,6740.02,1627.2,1632.7,0.4257774555397034,153.3,161.3,0.2632300621700287,7022.65,-0.23534271192435915,287,0.05448287352279635
2026-03-06,2026-12-18,5575.0,6740.02,1620.7,1626.2,0.4306392385864258,156.6,164.2,0.2612216441440582,7038.05,-0.23303882581896732,287,0.05365464793149662
2026-03-06,2026-12-18,5600.0,6740.02,1405.0,1418.6,0.3258820235347748,160.0,168.2,0.2598826987934112,6847.7,-0.20114623172750595,287,0.053106021690208643
2026-03-06,2026-12-18,5625.0,6740.02,1383.7,1398.2,0.3240691067886351,163.4,170.9,0.2576692428398132,6848.8,-0.19685250635565504,287,0.05220525180416282
2026-03-06,2026-12-18,5650.0,6740.02,1363.0,1377.5,0.3220501984500884,167.0,175.2,0.2564237566375732,6849.15,-0.19246901182504128,287,0.05170178638863557
2026-03-06,2026-12-18,5675.0,6740.02,1536.8,1541.6,0.4185181592369079,170.5,178.1,0.2542598912525177,7039.9,-0.21552340215614454,287,0.05083288353431778
2026-03-06,2026-12-18,5700.0,6740.02,1322.3,1336.1,0.3179112933063507,174.2,181.7,0.2524889357566833,6851.25,-0.1839649425376847,287,0.05012723339459921
2026-03-06,2026-12-18,5725.0,6740.02,1342.4,1355.2,0.3372535223674774,177.9,186.4,0.2513330940437316,6891.65,-0.185467984418732,287,0.04966933982021324
2026-03-06,2026-12-18,5750.0,6740.02,1281.1,1295.1,0.3138534496688842,181.7,190.2,0.2495859801673889,6852.15,-0.17536261683156468,287,0.048981198217494144
2026-03-06,2026-12-18,5775.0,6740.02,1441.0,1447.8,0.4014933355903626,185.6,194.0,0.2477940440464019,7029.6,-0.19659154879163912,287,0.04828038885484311
2026-03-06,2026-12-18,5800.0,6740.02,1240.3,1254.2,0.3097097762012482,189.6,197.9,0.2460145055675506,6853.5,-0.16690155313692515,287,0.04758942549191374
2026-03-06,2026-12-18,5825.0,6740.02,1263.3,1230.9,0.3060868037033081,193.6,201.9,0.244247364730835,6874.35,-0.16563809417662212,287,0.046908204044037845
2026-03-06,2026-12-18,5850.0,6740.02,1377.2,1381.8,0.3908561586380005,197.7,205.9,0.2424334943199157,7027.7,-0.18341782177272734,287,0.046214076058255456
2026-03-06,2026-12-18,5875.0,6740.02,1366.1,1375.0,0.3947843038654328,201.9,210.2,0.2407407393360137,7039.5,-0.18083108489022232,287,0.04557096363377121
2026-03-06,2026-12-18,5900.0,6740.02,1160.3,1173.9,0.301770516910553,206.2,214.5,0.2389983937835693,6856.75,-0.15028121763300695,287,0.04491371685022789
2026-03-06,2026-12-18,5925.0,6740.02,1361.8,1367.6,0.4053032263851165,210.6,218.9,0.2372627238845825,7074.95,-0.17737968934532483,287,0.04426373490863775
2026-03-06,2026-12-18,5950.0,6740.02,1121.0,1134.4,0.2979014988994597,215.0,223.4,0.2355299149799347,6858.5,-0.14209753937878625,287,0.04361955020296072
2026-03-06,2026-12-18,5975.0,6740.02,1100.0,1111.5,0.2943328852939605,219.6,228.0,0.2338009207344054,6856.95,-0.13767863863948804,287,0.04298148998330244
2026-03-06,2026-12-18,6000.0,6740.02,1081.7,1093.7,0.2932771783828734,224.2,232.6,0.2320204285907745,6859.3,-0.133845926486894,287,0.0423293385050663
2026-03-06,2026-12-18,6025.0,6740.02,1062.3,1074.2,0.2913297949028014,228.9,237.4,0.2302933416748047,6860.1,-0.12980453951430326,287,0.041701511408404855
2026-03-06,2026-12-18,6050.0,6740.02,1042.9,1054.8,0.2893900407409667,233.7,242.1,0.2284623052978515,6860.95,-0.12578764407203918,287,0.04104101961193561
2026-03-06,2026-12-18,6075.0,6740.02,1023.6,1035.4,0.2874073716640472,238.6,247.2,0.2267829016208648,6861.6,-0.12175866146746257,287,0.0404398603895757
2026-03-06,2026-12-18,6100.0,6740.02,1004.4,1016.1,0.2854304245758056,243.6,252.3,0.2250481853866576,6862.3,-0.11775389133369545,287,0.039823558380965664
2026-03-06,2026-12-18,6125.0,6740.02,985.2,997.0,0.2835059290504455,248.6,257.4,0.2232591102600097,6863.1,-0.11378047827691967,287,0.03919290109628538
2026-03-06,2026-12-18,6150.0,6740.02,966.1,977.8,0.2814889280414581,253.8,262.7,0.2215139037132263,6863.7,-0.10979457311838044,287,0.03858255763694302
2026-03-06,2026-12-18,6175.0,6740.02,947.1,958.9,0.2795701545047759,259.0,268.0,0.2197124309444427,6864.5,-0.10585432084148162,287,0.03795756031069928
2026-03-06,2026-12-18,6200.0,6740.02,928.3,940.0,0.2776051282262802,264.4,273.5,0.217951012096405,6865.2,-0.10191588002930038,287,0.03735139379286073
2026-03-06,2026-12-18,6225.0,6740.02,909.6,921.2,0.2756410556125641,269.9,279.3,0.2162754230785369,6865.8,-0.09797912321881574,287,0.04756765953168058
2026-03-06,2026-12-18,6250.0,6740.02,890.9,902.6,0.2737222820758819,275.4,284.9,0.2144434330368042,6866.6,-0.0940876145941215,287,0.04684503744732521
2026-03-06,2026-12-18,6275.0,6740.02,872.4,884.0,0.2717558253002167,281.1,290.7,0.2126476822566986,6867.3,-0.09019753086608442,287,0.04612576683856027
2026-03-06,2026-12-18,6300.0,6740.02,854.7,865.5,0.2697865075302124,286.8,296.5,0.2107908969306945,6868.45,-0.08638882874932634,287,0.045399987781983335
2026-03-06,2026-12-18,6325.0,6740.02,835.7,847.2,0.2678591510105133,292.7,302.6,0.2090123121166228,6868.8,-0.08247938387457518,287,0.04470248945412291
2026-03-06,2026-12-18,6350.0,6740.02,817.5,828.9,0.2658822039222717,298.7,308.5,0.2070792336082458,6869.6,-0.0786510674715377,287,0.04397243399945064
2026-03-06,2026-12-18,6375.0,6740.02,799.3,810.8,0.2639443570899963,304.7,314.7,0.2052195872879028,6870.35,-0.07483096003470668,287,0.04326914350966681
2026-03-06,2026-12-18,6400.0,6740.02,781.4,792.8,0.2619998346042633,310.9,321.0,0.2033408676719665,6871.15,-0.07103349632844552,287,0.04256681175270293
2026-03-06,2026-12-18,6425.0,6740.02,763.3,774.7,0.2599589919757843,317.3,327.3,0.2013972988510131,6871.7,-0.06721489753447418,287,0.0418409883380323
2026-03-06,2026-12-18,6450.0,6740.02,746.4,756.9,0.2579982571887971,323.7,333.8,0.199475664319992,6872.9,-0.06350601153875747,287,0.04113975726232926
2026-03-06,2026-12-18,6475.0,6740.02,728.7,739.2,0.2560270320892334,330.2,340.3,0.1974863195896148,6873.7,-0.05975392717800264,287,0.04043050778310412
2026-03-06,2026-12-18,6500.0,6740.02,711.3,721.7,0.2540882315921784,336.9,347.2,0.1956037853145599,6874.45,-0.0560094634508728,287,0.03975203780136275
2026-03-06,2026-12-18,6525.0,6740.02,693.9,704.2,0.2520931648731231,343.7,354.0,0.1936058576011657,6875.2,-0.05227978082983645,287,0.03904922366309042
2026-03-06,2026-12-18,6550.0,6740.02,676.6,687.2,0.2502583138370514,350.6,361.0,0.1916231885242462,6876.1,-0.04858658110683963,287,0.03838315632263371
2026-03-06,2026-12-18,6575.0,6740.02,659.4,670.0,0.2482785057544708,357.7,368.1,0.1896085716772079,6876.8,-0.04487884940222605,287,0.03769235724036682
2026-03-06,2026-12-18,6600.0,6740.02,642.4,653.0,0.2463254002857208,364.9,375.4,0.1876044451427459,6877.55,-0.04119283484139174,287,0.03701417588101058
2026-03-06,2026-12-18,6625.0,6740.02,625.4,636.0,0.2443131676006317,372.2,382.7,0.1855216412639617,6878.25,-0.037513887252740276,287,0.03631885983263484
2026-03-06,2026-12-18,6650.0,6740.02,608.8,619.2,0.2423247765350341,379.7,390.2,0.1834445593738556,6879.05,-0.03386370634802719,287,0.03563508518074329
2026-03-06,2026-12-18,6675.0,6740.02,592.0,602.6,0.2403592734241485,387.3,397.9,0.1813703384780883,6879.7,-0.03020584205706579,287,0.034962077681058655
2026-03-06,2026-12-18,6700.0,6740.02,575.6,586.1,0.2383727896881103,395.0,405.6,0.1792121950817108,6880.55,-0.026591064213616823,287,0.03427826164246285
2026-03-06,2026-12-18,6725.0,6740.02,559.4,569.6,0.2363224104118347,402.9,413.6,0.1770931519412994,6881.25,-0.02296839600095024,287,0.0335971689076593
2026-03-06,2026-12-18,6750.0,6740.02,543.3,553.4,0.2343321120166778,411.0,421.7,0.1749273792266845,6882.0,-0.019366802490850203,287,0.03292505893601825
2026-03-06,2026-12-18,6775.0,6740.02,527.3,537.5,0.2324009408378601,419.2,430.0,0.1727525466966629,6882.8,-0.015786179131100968,287,0.032267714389327413
2026-03-06,2026-12-18,6800.0,6740.02,511.4,521.6,0.2304011057949065,427.6,438.4,0.1705243089389801,6883.5,-0.012204631338799874,287,0.03159775411474499
2026-03-06,2026-12-18,6825.0,6740.02,495.8,505.9,0.2284146220588684,436.2,447.0,0.1682812893772126,6884.25,-0.008643852714149578,287,0.030934598934986
2026-03-06,2026-12-18,6850.0,6740.02,480.3,490.3,0.2263985747146606,444.9,455.6,0.165936227684021,6885.05,-0.005103742044239745,287,0.030258173553912325
2026-03-06,2026-12-18,6875.0,6740.02,465.0,474.9,0.2243939713478088,453.7,464.5,0.1636102392864227,6885.85,-0.0015769377979443814,287,0.029593880660177617
2026-03-06,2026-12-18,6900.0,6740.02,449.9,459.7,0.2223969972991943,462.9,473.6,0.1612575482749939,6886.55,0.001951177672023478,287,0.02893408395034553
2026-03-06,2026-12-18,6925.0,6740.02,434.9,444.7,0.2204086062335967,472.1,482.9,0.1588733863258362,6887.3,0.00545891612850606,287,0.02827831244898494
2026-03-06,2026-12-18,6950.0,6740.02,420.2,429.9,0.2184249834918975,481.6,492.4,0.1564539387798309,6888.05,0.008953633476456056,287,0.027625559744080014
2026-03-06,2026-12-18,6975.0,6740.02,405.6,415.3,0.216445175409317,491.3,502.1,0.1539925299835205,6888.75,0.012442681492121367,287,0.026974873189394493
2026-03-06,2026-12-18,7000.0,6740.02,391.3,400.9,0.2144682283210754,501.3,511.5,0.1512698170375824,6889.7,0.0158826063419949,287,0.02629476658570922
2026-03-06,2026-12-18,7025.0,6740.02,377.1,386.7,0.2124912812328338,510.9,521.9,0.1488370181846618,6890.5,0.019331563886747075,287,0.02566451107431685
2026-03-06,2026-12-18,7050.0,6740.02,363.2,372.7,0.2105124268150329,521.5,532.2,0.1462144400405883,6891.1,0.022796892872495738,287,0.02501500994041936
2026-03-06,2026-12-18,7075.0,6740.02,349.5,360.0,0.2089989608097076,532.0,542.8,0.1435670666122436,6892.35,0.026155342635935996,287,0.0244348662052271
2026-03-06,2026-12-18,7100.0,6740.02,336.1,346.1,0.2068865933227539,542.8,553.5,0.1407985777568817,6892.95,0.02959563390573744,287,0.023763005986404014
2026-03-06,2026-12-18,7125.0,6740.02,322.9,333.2,0.2051089621734619,553.8,564.5,0.1379871739864349,6893.9,0.03297276353223024,287,0.0231398583095432
2026-03-06,2026-12-18,7150.0,6740.02,310.0,320.2,0.2031959106254577,565.2,576.4,0.1353979741096496,6894.3,0.03641737345708339,287,0.022536541088947395
2026-03-06,2026-12-18,7175.0,6740.02,297.3,307.1,0.2011426703548431,576.7,587.9,0.1324273083209992,6894.9,0.03982075376882724,287,0.021872728153000776
2026-03-06,2026-12-18,7200.0,6740.02,284.8,294.9,0.199382205171585,588.5,599.8,0.1294242179298401,6895.7,0.04318299708720005,287,0.02125248050101385
2026-03-06,2026-12-18,7225.0,6740.02,272.7,282.4,0.1973899994468688,600.5,611.1,0.1258842142677307,6896.75,0.04649694785020664,287,0.020543345446268128
2026-03-06,2026-12-18,7250.0,6740.02,260.8,270.6,0.1956028316497803,612.8,623.4,0.1225597388458252,6897.6,0.04982794385585016,287,0.019898815001968842
2026-03-06,2026-12-18,7275.0,6740.02,249.2,258.7,0.1936668921470642,625.2,636.0,0.1190893527126312,6898.35,0.05316156048536636,287,0.01922830583324502
2026-03-06,2026-12-18,7300.0,6740.02,237.9,247.5,0.1919359905719757,638.1,649.7,0.1158764560699462,6898.8,0.05652686471923687,287,0.018625219289250605
2026-03-06,2026-12-18,7325.0,6740.02,226.9,236.2,0.1900515489673615,651.2,662.7,0.1119101642513275,6899.6,0.0598297159947943,287,0.01792391197516451
2026-03-06,2026-12-18,7350.0,6740.02,216.1,225.5,0.1883282767105102,664.9,675.7,0.1074708547019958,6900.5,0.06310644047878769,287,0.017199777536603282
2026-03-06,2026-12-18,7375.0,6740.02,205.7,214.9,0.1865382479190826,678.4,690.2,0.1034082427406311,6901.0,0.06642957358741881,287,0.01652588606641681
2026-03-06,2026-12-18,7400.0,6740.02,195.6,204.8,0.1848655198955535,692.5,704.4,0.0985083131027221,6901.75,0.06970499757542845,287,0.01578514334827029
2026-03-06,2026-12-18,7425.0,6740.02,185.9,194.8,0.1831212670135497,706.9,718.9,0.0929389107894897,6902.45,0.0729762636450907,287,0.014980853868220081
2026-03-06,2026-12-18,7450.0,6740.02,176.4,185.4,0.1815458127975463,721.6,733.6,0.0862365547180176,6903.3,0.0762144742489673,287,0.014095905995269198
2026-03-06,2026-12-18,7475.0,6740.02,167.3,175.9,0.1797996525859833,736.6,748.7,0.0777203282356262,6903.95,0.0794704077002953,287,0.013036196664327348
2026-03-06,2026-12-18,7500.0,6740.02,158.4,167.2,0.1783243331718445,751.9,764.1,0.0640657559204101,6904.8,0.08268619861895386,287,0.011549382307036558
2026-03-06,2026-12-18,7525.0,6740.02,150.0,158.4,0.1766744931030273,767.6,779.9,1.0000000000000004e-05,6905.45,0.08591985573062098,287,0.006136573081905584
2026-03-06,2026-12-18,7550.0,6740.02,141.8,150.3,0.175254486246109,783.6,795.9,1.0000000000000004e-05,6906.3,0.08911352475010993,287,0.006038330630085821
2026-03-06,2026-12-18,7575.0,6740.02,134.0,142.1,0.1736542367458343,799.9,812.3,1.0000000000000004e-05,6906.95,0.09232520034766406,287,0.005928568263517319
2026-03-06,2026-12-18,7600.0,6740.02,126.5,134.5,0.172239951877594,816.6,828.0,1.0000000000000004e-05,6908.2,0.0954391354871726,287,0.0058323994380590416
2026-03-06,2026-12-18,7625.0,6740.02,119.2,127.3,0.1709134041690826,833.5,846.0,1.0000000000000004e-05,6908.5,0.09867978497888817,287,0.005742911299053802
2026-03-06,2026-12-18,7650.0,6740.02,112.4,120.1,0.1694542970561981,851.0,863.2,1.0000000000000004e-05,6909.15,0.10185902775547864,287,0.0225784541725001
2026-03-06,2026-12-18,7675.0,6740.02,105.8,113.5,0.1682002278709412,868.6,881.3,1.0000000000000004e-05,6909.7,0.10504207197624238,287,0.02224550104171257
2026-03-06,2026-12-18,7700.0,6740.02,99.5,107.2,0.1669890736007691,886.4,899.1,1.0000000000000004e-05,6910.6,0.10816386416945117,287,0.02192628945612702
2026-03-06,2026-12-18,7725.0,6740.02,93.6,101.0,0.1657035334777832,904.6,917.4,1.0000000000000004e-05,6911.3,0.11130406955867439,287,0.021589996463056295
2026-03-06,2026-12-18,7750.0,6740.02,87.9,95.2,0.1645257574748992,922.8,935.7,1.0000000000000004e-05,6912.3,0.11439041002759667,287,0.021284175447840666
2026-03-06,2026-12-18,7775.0,6740.02,82.5,89.5,0.1632735956192016,830.6,837.4,1.0000000000000004e-05,7027.0,0.10115358585523718,287,0.020961431881050076
2026-03-06,2026-12-18,7800.0,6740.02,77.4,84.4,0.1622693866062164,961.6,972.6,1.0000000000000004e-05,6913.8,0.12060431942965921,287,0.02070437958652895
2026-03-06,2026-12-18,7825.0,6740.02,72.6,79.4,0.1612003283882141,792.8,800.8,1.0000000000000004e-05,7104.2,0.09663757797948752,287,0.00510875135889266
2026-03-06,2026-12-18,7850.0,6740.02,68.0,74.7,0.1601989803695678,902.7,907.8,1.0000000000000004e-05,7016.1,0.11230602369032029,287,0.020179412932564145
2026-03-06,2026-12-18,7900.0,6740.02,59.6,66.0,0.158293558139801,859.0,863.0,1.0000000000000004e-05,7101.8,0.10651448642999581,287,0.019702235910784405
2026-03-06,2026-12-18,7950.0,6740.02,52.2,58.3,0.156603664150238,957.2,977.1,1.0000000000000004e-05,7038.1,0.12183368128580445,287,0.01928381120124798
2026-03-06,2026-12-18,8000.0,6740.02,45.6,51.4,0.1550301172637939,1122.1,1135.8,1.0000000000000004e-05,6919.55,0.14509080306646246,287,0.018898232310364305
2026-03-06,2026-12-18,8050.0,6740.02,39.7,45.3,0.1536263227081299,1150.9,1190.4,1.0000000000000004e-05,6921.85,0.1509890164896795,287,0.018557535608964518
2026-03-06,2026-12-18,8100.0,6740.02,34.6,39.9,0.152363670539856,1194.1,1233.6,1.0000000000000004e-05,6923.4,0.15695708323185323,287,0.018253741054269655
2026-03-06,2026-12-18,8150.0,6740.02,30.1,35.1,0.151200199508667,1046.7,1054.8,1.0000000000000004e-05,7131.85,0.1334472594416446,287,0.017976029027751295
2026-03-06,2026-12-18,8200.0,6740.02,26.2,30.9,0.1501969441604614,1282.4,1321.7,1.0000000000000004e-05,6926.5,0.1687795191544107,287,0.017738268559138078
2026-03-06,2026-12-18,8400.0,6740.02,15.0,18.8,0.1475953466415405,1464.4,1503.9,1.0000000000000004e-05,6932.75,0.19197514596500515,287,0.017129092828816098
2026-03-06,2026-12-18,8500.0,6740.02,11.3,14.8,0.1469773718643188,1557.7,1597.1,1.0000000000000004e-05,6935.65,0.2033913866522623,287,0.016985955698961167
2026-03-06,2026-12-18,8600.0,6740.02,8.5,11.7,0.1466416818618774,1651.8,1691.2,1.0000000000000004e-05,6938.6,0.21466217819743025,287,0.016908453919488708
2026-03-06,2026-12-18,8700.0,6740.02,6.4,9.4,0.1468209708404541,1746.7,1786.0,1.0000000000000004e-05,6941.55,0.22579793313966498,287,0.01694982486668248
2026-03-06,2026-12-18,8800.0,6740.02,4.9,7.6,0.1472100660705566,1675.7,1683.0,1.0000000000000004e-05,7126.9,0.21087536421201575,287,0.017039782519361155
2026-03-06,2026-12-18,8900.0,6740.02,3.7,6.3,0.148171360168457,1672.7,1678.2,1.0000000000000004e-05,7229.55,0.20787448316835166,287,0.017263051552293053
2026-03-06,2026-12-18,9000.0,6740.02,2.9,5.3,0.1494149390411377,2033.8,2073.0,1.0000000000000004e-05,6950.7,0.258382203406919,287,0.017554039699965475
2026-03-06,2026-12-18,9200.0,6740.02,1.7,3.8,0.1520470538330078,2226.4,2265.5,1.0000000000000004e-05,6956.8,0.27948388555029613,287,0.0181779561322148
2026-03-06,2026-12-18,9400.0,6740.02,1.0,2.9,0.1556633506774902,2362.0,2398.9,1.0000000000000004e-05,7021.5,0.29173281884986035,287,0.019052930409778422
2026-03-06,2026-12-18,9600.0,6740.02,0.55,2.3,0.1597068893432617,2713.8,2753.1,1.0000000000000004e-05,6867.975,0.3348937955150758,287,0.020055631163183943
2026-03-06,2026-12-18,10000.0,6740.02,0.5,1.6,0.1687705194091797,3000.4,3039.4,1.0000000000000004e-05,6981.15,0.35937143334362603,287,0.02239660580715593
2026-03-06,2026-12-18,10200.0,6740.02,0.0,1.1,0.1695639685058594,3163.5,3248.5,1.0000000000000004e-05,6994.55,0.3772564459076265,287,0.02260768934859149
2026-03-06,2026-12-18,10400.0,6740.02,0.0,1.25,0.1788107022094726,3388.1,3427.1,1.0000000000000004e-05,6993.025,0.3968925824284125,287,0.02514062381773431
2026-03-06,2026-12-18,10600.0,6740.02,0.0,1.15,0.1841817422485351,3582.0,3621.0,1.0000000000000004e-05,6999.075,0.4150760036514876,287,0.02667363388767553
2026-03-06,2026-12-18,10800.0,6740.02,0.0,1.05,0.189186575012207,3775.9,3815.0,1.0000000000000004e-05,7005.075000000001,0.4329112477604036,287,0.028142952787155583
2026-03-06,2026-12-18,11000.0,6740.02,0.0,1.0,0.194771235961914,3969.8,4008.9,1.0000000000000004e-05,7011.15,0.4503935338516171,287,0.029828998522695244
2026-03-06,2026-12-18,11400.0,6740.02,0.0,0.85,0.2041705560302734,4208.7,4247.7,1.0000000000000004e-05,7172.225,0.46339742814742335,287,0.032777456924841256
2026-03-06,2026-12-18,12000.0,6740.02,0.05,0.5,0.2118609088134765,4950.6,4967.2,1.0000000000000004e-05,7041.375,0.5331031861890525,287,0.03529317212081951
2026-03-06,2026-12-31,2800.0,6740.02,3966.0,4005.4,0.5845988806152342,16.9,20.7,0.505788023223877,6766.9,-0.8824236623625776,300,0.2102642666603154
2026-03-06,2026-12-31,3000.0,6740.02,3787.5,3805.4,0.5682187343597411,20.4,24.3,0.4827017062377929,6774.1,-0.8144942279450509,300,0.19150761962044643
2026-03-06,2026-12-31,3200.0,6740.02,3824.2,3842.2,0.8395287348556517,24.1,28.3,0.4604851315307617,7007.0,-0.783758839582716,300,0.17428484084457774
2026-03-06,2026-12-31,4000.0,6740.02,2832.8,2872.4,0.487847681388855,45.1,49.9,0.3795914702606201,6805.1,-0.5313779699527165,300,0.11842987750242677
2026-03-06,2026-12-31,4200.0,6740.02,2879.9,2893.9,0.6356542782592774,52.5,57.6,0.3616358697891235,7031.85,-0.5153653038080225,300,0.10749082382312537
2026-03-06,2026-12-31,4500.0,6740.02,2581.6,2594.1,0.5708193782138825,66.5,71.8,0.3362512206840514,7018.7,-0.44450061892736686,300,0.09293004116014901
2026-03-06,2026-12-31,4800.0,6740.02,2228.6,2241.1,0.4778971430778503,84.8,89.8,0.3122150535774231,6947.549999999999,-0.36977316152817263,300,0.08011910110713957
2026-03-06,2026-12-31,5000.0,6740.02,1932.2,1945.2,0.3753419400024413,99.8,105.0,0.297303551082611,6836.3,-0.3128087371693606,300,0.07264882313944987
2026-03-06,2026-12-31,5100.0,6740.02,1834.0,1867.1,0.3733411512947082,108.4,113.7,0.2900957526779174,6839.5,-0.29347408981708195,300,0.0691689416891239
2026-03-06,2026-12-31,5300.0,6740.02,1781.9,1793.0,0.4151288346099854,128.1,133.5,0.2760044018936157,6956.65,-0.2719912160766324,300,0.06261240810793359
2026-03-06,2026-12-31,5400.0,6740.02,1784.2,1795.0,0.4526479143714905,139.3,144.9,0.2692085866737366,7047.5,-0.26627399043590183,300,0.059567065593592386
2026-03-06,2026-12-31,5450.0,6740.02,1741.6,1753.1,0.4470174775123596,145.3,150.9,0.2657887447738647,7049.25,-0.2573056195112307,300,0.058063279601479396
2026-03-06,2026-12-31,5500.0,6740.02,1488.1,1526.7,0.340724862165451,151.6,157.3,0.2624795279884339,6852.95,-0.21993112426393308,300,0.05662644050386113
2026-03-06,2026-12-31,5600.0,6740.02,1404.7,1443.1,0.3323144924736022,165.0,170.7,0.2557552376270294,6856.05,-0.20236487640992928,300,0.053762253348212274
2026-03-06,2026-12-31,5700.0,6740.02,1322.5,1360.6,0.3240252382087706,179.5,185.4,0.2491539700222015,6859.1,-0.18511006295515167,300,0.051022767762595136
2026-03-06,2026-12-31,5780.0,6740.02,1425.1,1464.5,0.4024079001140594,192.0,197.9,0.2437981886196136,7029.85,-0.19576168578404746,300,0.048852786389757284
2026-03-06,2026-12-31,5800.0,6740.02,1241.5,1279.3,0.3158590067005157,195.2,201.1,0.2424296796607971,6862.25,-0.16817745874719595,300,0.04830587636748221
2026-03-06,2026-12-31,5900.0,6740.02,1345.4,1354.5,0.3833012262535095,212.1,218.2,0.2357502115440368,7034.8,-0.17591690996839834,300,0.04568068129566419
2026-03-06,2026-12-31,5950.0,6740.02,1118.6,1159.6,0.3037255297088622,221.1,227.2,0.2323647015762329,6864.95,-0.14303753631467792,300,0.044378099620776795
2026-03-06,2026-12-31,6000.0,6740.02,1091.4,1105.8,0.2927002111911773,230.3,236.5,0.2289391376876831,6865.2,-0.13470570285229133,300,0.043079283916586227
2026-03-06,2026-12-31,6050.0,6740.02,1052.7,1067.0,0.2888550347995757,239.9,246.2,0.2255154811286926,6866.8,-0.12663993237188706,300,0.04180046484551154
2026-03-06,2026-12-31,6055.0,6740.02,1216.7,1226.3,0.3647801025676728,185.2,186.0,0.1939463159275055,7090.9,-0.15792789483406167,300,0.0309165809275494
2026-03-06,2026-12-31,6100.0,6740.02,1014.3,1028.8,0.2851300201702117,249.9,256.2,0.222035558347702,6868.5,-0.11865697060385723,300,0.040520374660911594
2026-03-06,2026-12-31,6150.0,6740.02,976.4,990.7,0.2812819827842712,199.8,201.0,0.1864667230606079,6933.15,-0.1198621735634398,300,0.028577949705995705
2026-03-06,2026-12-31,6180.0,6740.02,953.8,968.0,0.2789655310344695,205.4,206.2,0.1841769739246368,6935.1,-0.11527720180390448,300,0.027880403608796994
2026-03-06,2026-12-31,6200.0,6740.02,938.8,953.0,0.2774472967052459,271.0,277.4,0.2150194465637206,6871.7,-0.1028622362647118,300,0.03800002389087838
2026-03-06,2026-12-31,6225.0,6740.02,920.2,934.3,0.2755313841629028,276.5,282.9,0.2132227421188354,6872.55,-0.09896177405288994,300,0.04908505396385451
2026-03-06,2026-12-31,6240.0,6740.02,909.0,923.1,0.2743698204612732,279.8,286.3,0.2121641742134094,6873.0,-0.09662050975813193,300,0.04864013588508988
2026-03-06,2026-12-31,6250.0,6740.02,1073.6,1081.6,0.3476532367897033,282.1,288.5,0.2114165010261535,7042.3,-0.11935335761078632,300,0.036737208416006764
2026-03-06,2026-12-31,6300.0,6740.02,864.9,878.8,0.2697822160387039,293.5,300.1,0.207814509153366,6875.05,-0.0873492828559746,300,0.04686958190017592
2026-03-06,2026-12-31,6390.0,6740.02,803.6,810.8,0.261723271818161,315.3,322.0,0.2011884462642669,6878.55,-0.07367360552972792,300,0.0440316285078134
2026-03-06,2026-12-31,6400.0,6740.02,796.5,803.6,0.2609469886875153,317.8,324.5,0.2004321900939941,6878.9,-0.07216076507593125,300,0.043740564372554795
2026-03-06,2026-12-31,6450.0,6740.02,915.3,924.6,0.324304661989212,330.6,337.3,0.1966299286174774,7036.0,-0.08695969606763063,300,0.05576154404600528
2026-03-06,2026-12-31,6470.0,6740.02,892.4,901.8,0.3188249041652678,335.8,342.6,0.1951136016178131,7027.9,-0.0827118329117218,300,0.05427386049175602
2026-03-06,2026-12-31,6500.0,6740.02,725.8,732.8,0.2532432845973968,343.8,350.8,0.1928667673969268,6882.0,-0.05710713047369725,300,0.04089332434733797
2026-03-06,2026-12-31,6525.0,6740.02,709.4,711.6,0.2497032809352874,350.8,357.6,0.1909031716156005,6881.3,-0.0531666343754054,300,0.039890557403317366
2026-03-06,2026-12-31,6540.0,6740.02,698.1,705.9,0.2505282009696959,350.1,352.1,0.1856236833953857,6890.9,-0.0522645351187641,300,0.039088041007235244
2026-03-06,2026-12-31,6560.0,6740.02,766.7,769.0,0.2813849785804748,271.6,272.8,0.1480626423835755,7055.65,-0.07283811134361114,300,0.03789560119555122
2026-03-06,2026-12-31,6575.0,6740.02,674.1,681.3,0.2475870987892151,364.8,371.8,0.1870188949680328,6884.4,-0.045983404349860306,300,0.03881144585131335
2026-03-06,2026-12-31,6580.0,6740.02,807.0,809.7,0.3026173712348938,366.2,373.2,0.1866059581184387,7018.65,-0.06453614651469096,300,0.049179342325388876
2026-03-06,2026-12-31,6595.0,6740.02,805.5,807.0,0.304498951845169,370.6,377.6,0.1854339041042327,7027.15,-0.06346943204890215,300,0.049322096576452854
2026-03-06,2026-12-31,6600.0,6740.02,657.1,665.0,0.2459525173568725,372.0,379.1,0.1850505308628082,6885.5,-0.04234810215266366,300,0.038170608405751316
2026-03-06,2026-12-31,6605.0,6740.02,804.8,806.9,0.3064511036491394,281.8,283.0,0.1437206066417694,7128.45,-0.07626688151465337,300,0.04164134974237848
2026-03-06,2026-12-31,6610.0,6740.02,785.0,787.8,0.2994359455299377,370.3,372.2,0.180131527929306,7025.15,-0.06091291344142438,300,0.047257183890427885
2026-03-06,2026-12-31,6625.0,6740.02,640.3,647.6,0.2438000959491729,379.4,386.5,0.1830487884902953,6886.0,-0.03863999304404609,300,0.037438350030250374
2026-03-06,2026-12-31,6630.0,6740.02,770.6,773.3,0.2973226243782042,287.3,288.6,0.1411552483844757,7114.0,-0.07045986932849231,300,0.03950606402105854
2026-03-06,2026-12-31,6640.0,6740.02,763.5,766.1,0.2962764541149139,384.0,391.0,0.1818357268905639,7017.3,-0.055266565181294164,300,0.04697080636146879
2026-03-06,2026-12-31,6645.0,6740.02,627.0,634.2,0.2422532516765594,385.5,392.5,0.1814246973705291,6886.6,-0.035712802269207054,300,0.036884179008646704
2026-03-06,2026-12-31,6650.0,6740.02,623.6,630.8,0.2418403148269653,387.0,394.0,0.1810108068561554,6886.7,-0.03497516061496115,300,0.036740357077124655
2026-03-06,2026-12-31,6665.0,6740.02,745.3,748.1,0.2936305111837387,391.5,398.6,0.179792023267746,7016.65,-0.05141594252987552,300,0.04605388276571243
2026-03-06,2026-12-31,6675.0,6740.02,738.2,741.0,0.2926010300540923,394.6,401.7,0.178976639881134,7016.45,-0.04988818783734823,300,0.04569565043456245
2026-03-06,2026-12-31,6695.0,6740.02,593.8,601.1,0.2383861409950256,400.8,407.9,0.1773067728519439,6888.1,-0.02843430587923157,300,0.03550697231970904
2026-03-06,2026-12-31,6700.0,6740.02,590.6,597.9,0.2380313776969909,402.3,409.5,0.1769024189853668,6888.35,-0.02772405244570232,300,0.03537740869093893
2026-03-06,2026-12-31,6720.0,6740.02,577.5,584.8,0.2364635527992248,408.6,415.8,0.1752068030071258,6888.95,-0.024830524102209116,300,0.034823112708848074
2026-03-06,2026-12-31,6725.0,6740.02,574.3,581.5,0.236055384273529,410.2,417.4,0.1747843295097351,6889.1,-0.024108526912706416,300,0.034682726798941306
2026-03-06,2026-12-31,6730.0,6740.02,571.0,578.3,0.2356858391714096,321.7,323.0,0.1348472326993942,6982.3,-0.03680323173417692,300,0.028211251510276893
2026-03-06,2026-12-31,6740.0,6740.02,564.6,571.8,0.2348976352310181,415.0,422.3,0.1735388433074951,6889.55,-0.021945845921982815,300,0.03427815554813863
2026-03-06,2026-12-31,6750.0,6740.02,558.2,565.4,0.2341404253959655,418.2,425.5,0.1726624253749847,6889.95,-0.020521323220747994,300,0.034004498505898345
2026-03-06,2026-12-31,6765.0,6740.02,688.2,689.5,0.2881235739135741,423.1,430.4,0.1713635339450836,7027.1,-0.03801184131001683,300,0.04338254841540694
2026-03-06,2026-12-31,6770.0,6740.02,545.3,552.7,0.2326364960384369,424.8,432.1,0.1709505970954895,6890.55,-0.017649820750014002,300,0.03346901542690943
2026-03-06,2026-12-31,6775.0,6740.02,542.1,549.5,0.2322435861492157,426.4,433.8,0.1705338455867767,6890.7,-0.01693330961591686,300,0.03333486154435109
2026-03-06,2026-12-31,6785.0,6740.02,535.7,543.1,0.231450137052536,429.8,437.1,0.1696478910064697,6890.95,-0.015494663220962745,300,0.03305745783140197
2026-03-06,2026-12-31,6795.0,6740.02,529.4,536.8,0.2306872052288055,433.1,440.5,0.1687886390399933,6891.3,-0.014072698870053076,300,0.03279060619608279
2026-03-06,2026-12-31,6800.0,6740.02,526.3,533.7,0.2303219516181946,434.9,442.1,0.1683127603149414,6891.5,-0.013366155970295475,300,0.03265266442972897
2026-03-06,2026-12-31,6805.0,6740.02,523.9,526.0,0.2280636734199524,436.6,443.8,0.1678731208515167,6889.75,-0.012377163793593755,300,0.032212180491363214
2026-03-06,2026-12-31,6820.0,6740.02,513.7,521.1,0.2287531730556488,441.7,448.9,0.1665322681713104,6892.1,-0.010516356281369996,300,0.0321062835710942
2026-03-06,2026-12-31,6825.0,6740.02,642.5,644.0,0.2801609498357771,443.4,450.6,0.1660773700714111,7021.25,-0.02834892379348199,300,0.040916843456217135
2026-03-06,2026-12-31,6830.0,6740.02,645.3,646.7,0.2821555397224425,445.1,452.4,0.1656596648979187,7027.25,-0.028470775054425138,300,0.041206532360789576
2026-03-06,2026-12-31,6835.0,6740.02,504.4,511.7,0.2275677677345275,446.9,454.1,0.1651971374797821,6892.55,-0.008384647975468737,300,0.031698137829042246
2026-03-06,2026-12-31,6840.0,6740.02,502.4,504.5,0.2254987919950485,448.6,455.9,0.1647713261556625,6891.2,-0.0074575036832499495,300,0.0312967325591856
2026-03-06,2026-12-31,6845.0,6740.02,619.6,622.2,0.2747169544410705,450.4,457.6,0.1643006925868987,7011.9,-0.024090246950482466,300,0.039603389260679696
2026-03-06,2026-12-31,6850.0,6740.02,495.1,502.5,0.2264405359649658,452.1,459.4,0.1638667751121521,6893.05,-0.006265005338746577,300,0.03130269803018837
2026-03-06,2026-12-31,6855.0,6740.02,492.1,499.4,0.2260457187461853,453.9,461.1,0.1633875585603714,6893.25,-0.005564358909913777,300,0.0311626597548751
2026-03-06,2026-12-31,6860.0,6740.02,489.0,496.3,0.2256480405330658,455.6,462.9,0.1629455349349975,6893.4,-0.004856990367443129,300,0.031028417855147955
2026-03-06,2026-12-31,6865.0,6740.02,557.8,560.2,0.2527397495937347,457.4,464.7,0.1624992198181152,6962.95,-0.014167195901825145,300,0.03542946610648258
2026-03-06,2026-12-31,6870.0,6740.02,483.5,485.9,0.2231208288669586,459.2,466.5,0.1620486132097244,6891.85,-0.0031754478300975364,300,0.030484006666369166
2026-03-06,2026-12-31,6875.0,6740.02,479.7,487.2,0.2245189014339446,461.0,468.3,0.1615941919422149,6893.8,-0.0027308133872475746,300,0.03063355908421374
2026-03-06,2026-12-31,6880.0,6740.02,476.7,484.2,0.2241507868289947,462.7,470.1,0.1611345255184173,6894.05,-0.0020400688066137132,300,0.030502350392597844
2026-03-06,2026-12-31,6885.0,6740.02,473.7,481.1,0.2237388036441802,464.6,471.9,0.1606710444355011,6894.15,-0.001328093727831187,300,0.030363889993282933
2026-03-06,2026-12-31,6890.0,6740.02,470.6,478.1,0.2233649670505523,466.4,473.7,0.1602037486934662,6894.3,-0.0006238982232657658,300,0.030231156102229248
2026-03-06,2026-12-31,6895.0,6740.02,467.6,475.1,0.2229882694625854,468.2,475.5,0.1597316846275329,6894.5,7.251894560638261e-05,300,0.030097512998371694
2026-03-06,2026-12-31,6900.0,6740.02,464.6,472.1,0.2226087108802795,470.0,477.3,0.1592548522377014,6894.7,0.0007684110942296255,300,0.029962968665169894
2026-03-06,2026-12-31,6905.0,6740.02,461.6,469.1,0.2222262913036346,471.9,479.2,0.1588152127742767,6894.8,0.001478282563156082,300,0.029834101608895252
2026-03-06,2026-12-31,6910.0,6740.02,590.4,591.9,0.2734504876136779,473.7,481.0,0.1583297974014282,7023.8,-0.016334744343750405,300,0.0383084002454232
2026-03-06,2026-12-31,6915.0,6740.02,455.6,463.1,0.2214519155025482,475.5,482.9,0.1578806212902068,6895.15,0.002874699213239494,300,0.02956709043896442
2026-03-06,2026-12-31,6920.0,6740.02,452.6,460.1,0.2210609129428863,477.4,484.7,0.1573856692695618,6895.3,0.003575749541133722,300,0.029429140189373267
2026-03-06,2026-12-31,6925.0,6740.02,449.6,457.1,0.2206660957241057,479.3,486.6,0.1569279101753235,6895.4,0.00428352945789233,300,0.0292966917721599
2026-03-06,2026-12-31,6930.0,6740.02,571.0,572.5,0.2688481013870238,476.1,478.4,0.1522883310222625,7024.5,-0.013544225107757261,300,0.036442992062141376
2026-03-06,2026-12-31,6935.0,6740.02,443.7,451.2,0.2199093627214431,483.0,490.3,0.1559570794296264,6895.8,0.005668523146163952,300,0.029029229246980117
2026-03-06,2026-12-31,6940.0,6740.02,440.7,448.2,0.2195059625196457,479.0,482.4,0.1514247875642776,6903.75,0.005237032285452922,300,0.02827184000503191
2026-03-06,2026-12-31,6945.0,6740.02,437.8,445.2,0.2190992244911194,486.8,494.1,0.1550077061414718,6896.05,0.00707319229115408,300,0.028758081276850353
2026-03-06,2026-12-31,6950.0,6740.02,434.9,442.3,0.2187311098861694,488.7,496.0,0.1545256285953521,6896.25,0.007763873972197273,300,0.02862751907298554
2026-03-06,2026-12-31,6955.0,6740.02,431.9,439.4,0.2183601342868805,490.6,497.9,0.154039259557724,6896.4,0.008461289055847235,300,0.028496159288184015
2026-03-06,2026-12-31,6960.0,6740.02,429.0,436.4,0.2179443364429474,487.5,489.9,0.149431151342392,6904.0,0.008078520565201476,300,0.027732482676475895
2026-03-06,2026-12-31,6965.0,6740.02,426.1,433.5,0.2175666851902008,494.4,501.8,0.1530932240962982,6896.7,0.009854570901328125,300,0.0282305688395087
2026-03-06,2026-12-31,6970.0,6740.02,423.2,430.6,0.2171861729431152,496.3,503.7,0.1525915964221954,6896.9,0.010543189485952098,300,0.028096355900709212
2026-03-06,2026-12-31,6975.0,6740.02,420.3,427.7,0.2168023228693008,498.3,505.6,0.1520852004241943,6897.05,0.011238543755772192,300,0.027961233871563466
2026-03-06,2026-12-31,6980.0,6740.02,417.4,424.8,0.2164156118011474,495.2,497.4,0.1473550231170654,6904.8,0.010832094850970224,300,0.02719090578673966
2026-03-06,2026-12-31,6985.0,6740.02,414.5,421.9,0.2160255629062652,502.2,509.5,0.151098157377243,6897.35,0.012627712845876715,300,0.027694484793452784
2026-03-06,2026-12-31,6990.0,6740.02,411.6,419.0,0.2156326530170441,504.1,511.5,0.1506175103282928,6897.5,0.013321529136414873,300,0.027562845647360126
2026-03-06,2026-12-31,6995.0,6740.02,408.7,416.2,0.2152769360542297,433.0,434.6,0.116749059343338,6973.65,0.0030568475300181636,300,0.02265231403145459
2026-03-06,2026-12-31,7000.0,6740.02,405.9,413.3,0.2148778273439407,508.1,515.4,0.1495989963436126,6897.85,0.014700380210558372,300,0.027296579795623523
2026-03-06,2026-12-31,7005.0,6740.02,403.0,410.4,0.214474903974533,510.1,517.4,0.1491030906581878,6897.95,0.015399913778411142,300,0.027162114694756996
2026-03-06,2026-12-31,7010.0,6740.02,400.2,407.6,0.2141106040287017,400.9,403.6,0.098887871685028,7011.65,-0.00023535033432092346,300,0.020130420369681826
2026-03-06,2026-12-31,7015.0,6740.02,397.3,404.7,0.2137014818382263,439.0,449.5,0.1174709835815429,6971.75,0.006184444256133717,300,0.02253600038059073
2026-03-06,2026-12-31,7020.0,6740.02,394.5,401.9,0.2133305062389373,516.1,523.4,0.1475810416698456,6898.45,0.017466469350488546,300,0.026765166865872672
2026-03-06,2026-12-31,7025.0,6740.02,391.7,399.1,0.2129566696453094,518.0,525.4,0.1470627248620987,6898.7,0.018142227164298915,300,0.0266330063879755
2026-03-06,2026-12-31,7030.0,6740.02,388.8,396.3,0.2125790183925628,398.8,400.2,0.091089754781723,7023.05,0.0009891092064171127,300,0.01894823091804983
2026-03-06,2026-12-31,7035.0,6740.02,508.7,510.3,0.2603280602455139,401.0,402.3,0.0904212357711792,7142.85,-0.015214165805980399,300,0.025279123696480648
2026-03-06,2026-12-31,7040.0,6740.02,383.2,390.7,0.211814179239273,519.1,521.2,0.1411333140945435,6906.8,0.019101736613812943,300,0.025596972544648853
2026-03-06,2026-12-31,7050.0,6740.02,377.7,385.1,0.2110359887790679,528.3,535.7,0.1445111947441101,6899.4,0.021593165523640302,300,0.02597543829683515
2026-03-06,2026-12-31,7055.0,6740.02,374.9,382.3,0.2106421252250671,529.6,537.7,0.1439571155071258,6899.95,0.022222420104630426,300,0.025837114012571438
2026-03-06,2026-12-31,7070.0,6740.02,366.6,374.0,0.2094815151882171,536.6,544.0,0.1423873832798004,6900.0,0.024339068305267622,300,0.02544076473474575
2026-03-06,2026-12-31,7075.0,6740.02,363.9,371.3,0.2091153079128265,533.8,535.9,0.1374483533859253,6907.75,0.023923473824465136,300,0.024679391369752595
2026-03-06,2026-12-31,7080.0,6740.02,361.2,368.5,0.2087042783927916,540.8,548.2,0.1413097420787811,6900.35,0.02570177275118445,300,0.025173249560275585
2026-03-06,2026-12-31,7090.0,6740.02,355.7,363.1,0.2079556515407561,539.0,542.0,0.1356826430463791,6908.9,0.02587490501678216,300,0.024264509076730417
2026-03-06,2026-12-31,7100.0,6740.02,350.3,357.6,0.2071512352991104,549.2,556.7,0.1391182204151153,6901.0,0.02842845540880491,300,0.024637507389169745
2026-03-06,2026-12-31,7105.0,6740.02,347.6,354.9,0.2067645242309569,551.4,558.8,0.1385422068881989,6901.15,0.02911069716652954,300,0.02450069970332814
2026-03-06,2026-12-31,7110.0,6740.02,344.9,352.2,0.2063744753360747,553.6,561.0,0.1380033862876892,6901.25,0.02979968919903228,300,0.024369064022580062
2026-03-06,2026-12-31,7115.0,6740.02,342.2,349.5,0.2059806117820739,555.7,563.1,0.1374130677890778,6901.45,0.03047369708841812,300,0.02422997654166058
2026-03-06,2026-12-31,7120.0,6740.02,339.5,346.9,0.2056258484840393,558.0,565.2,0.1368160736370087,6901.6,0.031154456643652347,300,0.024095850005333815
2026-03-06,2026-12-31,7125.0,6740.02,336.9,344.2,0.205224355611801,560.2,567.4,0.1362553187465667,6901.75,0.031834723520018544,300,0.023960623561622638
2026-03-06,2026-12-31,7130.0,6740.02,334.2,341.5,0.2048200017452239,562.3,569.6,0.1356878882026672,6901.9,0.03251449840939543,300,0.023824443106184614
2026-03-06,2026-12-31,7135.0,6740.02,331.6,338.9,0.2044542713022231,564.5,571.8,0.1351118746757507,6902.1,0.03318653780390382,300,0.02369284263582218
2026-03-06,2026-12-31,7140.0,6740.02,328.9,336.3,0.2040847262001037,566.7,574.0,0.1345291854953766,6902.25,0.033865330946554056,300,0.02356014682062627
2026-03-06,2026-12-31,7150.0,6740.02,323.7,331.1,0.2033346688508987,571.1,578.4,0.1333399655151367,6902.65,0.03520696086307332,300,0.023291056731267867
2026-03-06,2026-12-31,7160.0,6740.02,318.5,325.9,0.2025703065299987,575.6,582.9,0.1321631431770325,6902.95,0.03656112450503037,300,0.023023249798514302
2026-03-06,2026-12-31,7175.0,6740.02,310.8,318.2,0.201437352771759,502.1,504.2,0.088601643371582,6986.35,0.026644516315616956,300,0.017285469715856913
2026-03-06,2026-12-31,7185.0,6740.02,405.0,407.8,0.240488018169403,468.0,469.1,0.061796033744812,7122.85,0.008687593299254549,300,0.018775818090755306
2026-03-06,2026-12-31,7200.0,6740.02,298.2,305.5,0.1995319305419922,594.0,601.4,0.1273471360397338,6904.15,0.041958345941558756,300,0.02195546387041242
2026-03-06,2026-12-31,7225.0,6740.02,286.5,288.5,0.1956838931560516,469.5,470.9,1.0000000000000004e-05,7042.3,0.025612412639399482,300,0.00786906160655592
2026-03-06,2026-12-31,7250.0,6740.02,273.8,281.1,0.1958588906431198,479.4,480.9,1.0000000000000004e-05,7047.3,0.0283569041208911,300,0.007883141572965702
2026-03-06,2026-12-31,7260.0,6740.02,371.6,373.0,0.236412054901123,617.9,620.0,0.1142857432174682,7013.35,0.034564353212273455,300,0.025271701151759206
2026-03-06,2026-12-31,7275.0,6740.02,363.8,365.0,0.235078831539154,630.5,637.6,0.1173107678985595,7005.35,0.03776967020555417,300,0.025516115710658663
2026-03-06,2026-12-31,7300.0,6740.02,250.6,257.7,0.1922201826763153,643.1,650.4,0.1137211736679077,6907.4,0.055281047461438346,300,0.01923290003871428
2026-03-06,2026-12-31,7325.0,6740.02,239.4,246.5,0.1904654394817352,656.2,663.4,0.1098616923046112,6908.15,0.05859128089960837,300,0.01853350399048222
2026-03-06,2026-12-31,7350.0,6740.02,228.6,235.5,0.1886944839859008,669.5,676.7,0.1057227871608734,6908.95,0.061882640681602374,300,0.01781127319510544
2026-03-06,2026-12-31,7360.0,6740.02,224.2,231.3,0.1880450382709503,674.9,682.1,0.1039689976310729,6909.25,0.06319883920213643,300,0.01752168434872358
2026-03-06,2026-12-31,7390.0,6740.02,211.8,218.7,0.1859951358270645,553.1,557.0,1.0000000000000004e-05,7050.2,0.04707174974399363,300,0.007109159702885902
2026-03-06,2026-12-31,7395.0,6740.02,210.5,212.5,0.183760222415924,694.2,701.4,0.0972771318721771,6908.7,0.06802260922281998,300,0.01622917695313472
2026-03-06,2026-12-31,7400.0,6740.02,207.7,214.6,0.1853223253250122,697.0,704.2,0.0962281006145477,6910.55,0.0684307708078835,300,0.01628848815344129
2026-03-06,2026-12-31,7405.0,6740.02,205.6,212.6,0.1850018939590453,699.9,707.0,0.0951418764305114,6910.65,0.06909174779397796,300,0.016126136730426708
2026-03-06,2026-12-31,7450.0,6740.02,188.0,194.8,0.1820092938804626,725.8,732.9,0.0837226943588256,6912.05,0.07494776711958108,300,0.014509621145261347
2026-03-06,2026-12-31,7455.0,6740.02,187.0,188.9,0.1797996525859833,728.7,735.8,0.0821262595176696,6910.7,0.07581401310766829,300,0.014096955499588459
2026-03-06,2026-12-31,7465.0,6740.02,182.4,189.1,0.1810384631347656,734.6,741.7,0.0787045102882385,6912.6,0.07687959770122778,300,0.013862961419717141
2026-03-06,2026-12-31,7470.0,6740.02,180.6,187.2,0.1807056341266631,737.6,744.7,0.0768486786270141,6912.75,0.07752746658497961,300,0.013630320003702526
2026-03-06,2026-12-31,7500.0,6740.02,169.7,176.3,0.1788488488006591,755.7,762.8,0.0594843503189086,6913.75,0.08139083821551406,300,0.011671790507376881
2026-03-06,2026-12-31,7510.0,6740.02,166.2,172.7,0.1782079860687256,752.9,762.3,1.0000000000000004e-05,6921.85,0.08155239083525087,300,0.006526366553094343
2026-03-06,2026-12-31,7570.0,6740.02,146.2,152.6,0.1747023143386841,796.2,810.8,1.0000000000000004e-05,6915.9,0.09036995895783455,300,0.006272135503064212
2026-03-06,2026-12-31,7590.0,6740.02,139.8,146.3,0.1735808045578002,808.9,823.2,1.0000000000000004e-05,6917.0,0.09284944178909083,300,0.006191870019251587
2026-03-06,2026-12-31,7600.0,6740.02,136.8,143.2,0.1730171886730194,815.5,829.8,1.0000000000000004e-05,6917.35,0.09411549898288728,300,0.006151727675360683
2026-03-06,2026-12-31,7650.0,6740.02,122.2,128.5,0.1703202246761322,677.7,679.1,1.0000000000000004e-05,7096.95,0.0750405335507954,300,0.005961449062648289
2026-03-06,2026-12-31,7690.0,6740.02,111.4,117.6,0.1682698453998566,719.4,720.6,1.0000000000000004e-05,7084.5,0.08201148449540807,300,0.005818788979684858
2026-03-06,2026-12-31,7700.0,6740.02,108.8,115.0,0.1677768007087708,884.1,898.6,1.0000000000000004e-05,6920.55,0.10672508261962332,300,0.023136209470742953
2026-03-06,2026-12-31,7730.0,6740.02,101.3,107.4,0.1662890836524964,739.0,747.3,1.0000000000000004e-05,7091.2,0.08625428390861231,300,0.005682613402121917
2026-03-06,2026-12-31,7750.0,6740.02,96.6,102.6,0.1653497238445282,907.9,947.1,1.0000000000000004e-05,6922.1,0.11297365156474799,300,0.022471669459283618
2026-03-06,2026-12-31,7800.0,6740.02,85.5,91.4,0.1631286385726928,944.8,984.4,1.0000000000000004e-05,6923.85,0.11915176039440908,300,0.02187201593636732
2026-03-06,2026-12-31,7900.0,6740.02,66.5,72.3,0.159278693857193,1030.0,1040.2,1.0000000000000004e-05,6934.3,0.13038264807538405,300,0.020851810123441162
2026-03-06,2026-12-31,7970.0,6740.02,55.5,61.2,0.1569794080734253,890.9,929.7,1.0000000000000004e-05,7118.05,0.11305068129372514,300,0.020254137993766835
2026-03-06,2026-12-31,8000.0,6740.02,51.4,56.9,0.1560467239189148,1103.9,1143.5,1.0000000000000004e-05,6930.45,0.14351679552127905,300,0.02001417538013097
2026-03-06,2026-12-31,8050.0,6740.02,45.0,50.4,0.1546391147041321,1035.8,1054.0,1.0000000000000004e-05,7052.8,0.13224739033412308,300,0.019654730791625528
2026-03-06,2026-12-31,8200.0,6740.02,29.8,35.0,0.1512784000205994,1275.8,1315.2,1.0000000000000004e-05,6936.9,0.16727916542431298,300,0.018809715873528067
2026-03-06,2026-12-31,8290.0,6740.02,23.1,28.6,0.1503361792182922,1356.2,1395.6,1.0000000000000004e-05,6939.95,0.1777553992653948,300,0.018576137081058472
2026-03-06,2026-12-31,8300.0,6740.02,22.5,27.9,0.1501683342170715,1365.2,1404.6,1.0000000000000004e-05,6940.3,0.17891051355242163,300,0.018534681042353493
2026-03-06,2026-12-31,8400.0,6740.02,16.9,22.3,0.149411124382019,1242.3,1252.1,1.0000000000000004e-05,7172.4,0.15799137921319623,300,0.018348233497889714
2026-03-06,2026-12-31,8500.0,6740.02,12.7,17.9,0.1489800679016113,1331.0,1341.2,1.0000000000000004e-05,7179.2,0.16887820725668903,300,0.01824251558791949
2026-03-06,2026-12-31,8600.0,6740.02,9.6,14.5,0.1489457359695434,1642.6,1681.9,1.0000000000000004e-05,6949.8,0.21304932107524369,300,0.01823410870973337
2026-03-06,2026-12-31,8800.0,6740.02,5.4,9.8,0.149849810180664,1832.0,1871.2,1.0000000000000004e-05,6956.0,0.2351471249921242,300,0.018456136118778933
2026-03-06,2027-01-15,1000.0,6740.02,5867.6,5889.6,1.5617163637924192,0.05,2.75,0.7399928344726561,6877.200000000001,-1.9282115923635552,315,0.47257714917075583
2026-03-06,2027-01-15,1200.0,6740.02,5698.8,5737.8,1.510111397209167,0.15,2.85,0.6738313867187502,6916.8,-1.7516316781372756,315,0.3918502805043942
2026-03-06,2027-01-15,1600.0,6740.02,5117.2,5156.3,0.754183366394043,2.6,7.5,0.6433751483154297,6731.7,-1.436824082809994,315,0.3572286251041613
2026-03-06,2027-01-15,2000.0,6740.02,4733.9,4773.0,0.6225776268005372,6.1,10.5,0.5827068096923829,6745.15,-1.2156765475478275,315,0.2930339074232619
2026-03-06,2027-01-15,3000.0,6740.02,3781.6,3821.0,0.5646253254699709,20.6,25.7,0.4757513973236084,6778.15,-0.8150919146938291,315,0.19533399588339795
2026-03-06,2027-01-15,3200.0,6740.02,3592.3,3631.7,0.5447547661209107,24.7,29.9,0.4539849523925781,6784.7,-0.7515192673230863,315,0.17786914014972818
2026-03-06,2027-01-15,3400.0,6740.02,3403.5,3442.9,0.5244607796096802,29.4,34.5,0.4328326675796509,6791.25,-0.69185958726148,315,0.16168054029889511
2026-03-06,2027-01-15,4000.0,6740.02,2841.0,2880.6,0.484731104888916,46.6,52.5,0.3747201505661011,6811.25,-0.5322812957952805,315,0.12118023353613332
2026-03-06,2027-01-15,4400.0,6740.02,2485.3,2498.9,0.4313592554950714,63.3,69.9,0.3402928520202636,6825.5,-0.4390610575366799,315,0.09993631758319667
2026-03-06,2027-01-15,4500.0,6740.02,2393.8,2407.5,0.4216347357368469,68.3,75.4,0.3323984149742126,6828.8,-0.41707156590896854,315,0.09535326706129091
2026-03-06,2027-01-15,5000.0,6740.02,1931.2,1970.6,0.3836016306591033,101.8,110.6,0.2949479990768432,6844.7,-0.3140367177344588,315,0.0750772917266344
2026-03-06,2027-01-15,5050.0,6740.02,1887.2,1926.6,0.3790440666770935,106.1,115.0,0.2913898757839201,6846.35,-0.3043274202582763,315,0.07327681865329053
2026-03-06,2027-01-15,5075.0,6740.02,2097.1,2105.1,0.4977848683929443,108.3,117.3,0.2896456229019165,7063.3,-0.3305858394659384,315,0.0724021777064804
2026-03-06,2027-01-15,5100.0,6740.02,2095.3,2103.8,0.5037977248287202,110.5,119.6,0.2878698990821837,7084.5,-0.3286687592918643,315,0.0715171501951775
2026-03-06,2027-01-15,5150.0,6740.02,1813.0,1824.3,0.3605925605201721,115.2,124.5,0.2844576865005492,6848.8,-0.2850767397704942,315,0.06983176781893723
2026-03-06,2027-01-15,5200.0,6740.02,1756.6,1795.8,0.365650798511505,120.0,129.5,0.2809863467025756,6851.45,-0.2758016831180662,315,0.06813780278212851
2026-03-06,2027-01-15,5275.0,6740.02,1702.9,1717.1,0.3506267635726928,127.8,137.5,0.2758975914382934,6852.35,-0.2616129797718549,315,0.06569215480234852
2026-03-06,2027-01-15,5300.0,6740.02,1872.9,1878.7,0.4524924670124054,130.6,139.5,0.2736564792060852,7040.75,-0.28400787802843064,315,0.06462925647291294
2026-03-06,2027-01-15,5325.0,6740.02,1865.1,1873.9,0.4585053234481812,133.1,143.1,0.2725178034591674,7056.4,-0.281522294844625,315,0.06409253495533139
2026-03-06,2027-01-15,5375.0,6740.02,1617.4,1630.9,0.3419274334526061,138.7,149.0,0.2692028646850586,6855.3,-0.2432635017190983,315,0.06254276011428006
2026-03-06,2027-01-15,5400.0,6740.02,1585.5,1624.4,0.3483665780448913,141.5,151.9,0.2674557508087158,6858.25,-0.23905335358268842,315,0.061733595265221854
2026-03-06,2027-01-15,5425.0,6740.02,1575.0,1588.5,0.3378381188774109,144.6,155.0,0.2658059107398987,6856.95,-0.23424483703053905,315,0.060974318871353704
2026-03-06,2027-01-15,5500.0,6740.02,1501.4,1540.1,0.3399361813926697,153.8,164.4,0.2606961748504638,6861.65,-0.22119984535926193,315,0.05865256468006585
2026-03-06,2027-01-15,5550.0,6740.02,1670.9,1677.4,0.4291820388031006,162.0,171.2,0.2574346413040161,7057.55,-0.24030003802377553,315,0.05719415693465245
2026-03-06,2027-01-15,5600.0,6740.02,1418.5,1456.8,0.3316230855083465,168.9,178.1,0.2540739266204834,6864.15,-0.20354561735263424,315,0.055710606737891764
2026-03-06,2027-01-15,5625.0,6740.02,1397.9,1436.2,0.3295946405220031,171.3,181.6,0.2523649593353271,6865.6,-0.19930248716463939,315,0.054963679179729344
2026-03-06,2027-01-15,5750.0,6740.02,1296.1,1334.1,0.3194676742267608,191.2,200.3,0.2439097673988342,6869.35,-0.17786963268386716,315,0.05134238906645019
2026-03-06,2027-01-15,5775.0,6740.02,1478.4,1486.2,0.4016974198532104,194.3,204.3,0.2422389467048644,7058.0,-0.20062346884522111,315,0.050641391232095545
2026-03-06,2027-01-15,5800.0,6740.02,1256.0,1293.7,0.3154241355609893,199.1,208.4,0.2405805236530304,6871.1,-0.1694662923129401,315,0.0499503598185408
2026-03-06,2027-01-15,5825.0,6740.02,1433.3,1438.3,0.3928750669765471,202.6,212.3,0.2387704679012298,7053.35,-0.19134368181639327,315,0.049201564240159576
2026-03-06,2027-01-15,5850.0,6740.02,1413.1,1417.0,0.3897136682319642,207.5,216.5,0.2370796202468872,7053.05,-0.18701848613905725,315,0.04850719204374958
2026-03-06,2027-01-15,5875.0,6740.02,1290.5,1299.3,0.3409756760025025,211.4,220.8,0.2353964019107818,6953.8,-0.16858221271620372,315,0.04782085424726254
2026-03-06,2027-01-15,5900.0,6740.02,1176.6,1214.0,0.3074877372646331,216.2,225.3,0.2337723107910156,6874.55,-0.15287383595326445,315,0.04716326133468473
2026-03-06,2027-01-15,5950.0,6740.02,1277.7,1283.2,0.3544442836856841,225.1,234.4,0.2304354377269744,7000.7,-0.16261892449810816,315,0.04582645110283019
2026-03-06,2027-01-15,5975.0,6740.02,1257.3,1264.3,0.3524425413131713,228.9,239.0,0.2287217021179199,7001.85,-0.15859030203470723,315,0.04514736811290773
2026-03-06,2027-01-15,6000.0,6740.02,1106.3,1121.2,0.2928804538345336,234.4,243.9,0.2271109623050689,6874.6,-0.13607399081377056,315,0.04451371944582833
2026-03-06,2027-01-15,6025.0,6740.02,1090.0,1100.3,0.2902707501649856,238.4,248.7,0.225401041355133,6876.6,-0.13220686437185275,315,0.043845954177679974
2026-03-06,2027-01-15,6050.0,6740.02,1250.1,1253.7,0.3670774810218811,244.0,253.6,0.2236920740699767,7053.1,-0.15340896444659685,315,0.04318360372751864
2026-03-06,2027-01-15,6075.0,6740.02,1048.7,1063.4,0.2872166387081145,248.6,258.6,0.2219811994552611,6877.45,-0.12406595447994719,315,0.0425255634716517
2026-03-06,2027-01-15,6100.0,6740.02,1029.5,1044.3,0.285327428779602,253.9,263.8,0.2203170544147491,6878.05,-0.12004641035948908,315,0.041890343580239256
2026-03-06,2027-01-15,6125.0,6740.02,1010.7,1025.2,0.2833981649303435,259.2,269.0,0.2186014114761352,6878.85,-0.11607273038035842,315,0.041240470647391655
2026-03-06,2027-01-15,6150.0,6740.02,991.8,1006.5,0.2816081361389159,264.2,274.3,0.216881000213623,6879.9,-0.1121520351374724,315,0.04059389315042023
2026-03-06,2027-01-15,6175.0,6740.02,1139.3,1145.3,0.3494642462062835,268.9,279.7,0.2151558206272125,7043.0,-0.13152533324923235,315,0.03995065356760907
2026-03-06,2027-01-15,6200.0,6740.02,954.4,969.0,0.2778592798900604,275.1,285.2,0.2134230117225647,6881.55,-0.10429462521774263,315,0.039309740572082044
2026-03-06,2027-01-15,6225.0,6740.02,935.9,950.3,0.2759443210124969,279.9,290.8,0.2116825734996795,6882.75,-0.10044483903432383,315,0.03867122261886541
2026-03-06,2027-01-15,6250.0,6740.02,1013.3,1017.9,0.3116304570674896,286.0,296.5,0.2099325986289977,6974.35,-0.109657669652507,315,0.03803447734149045
2026-03-06,2027-01-15,6275.0,6740.02,1060.2,1069.7,0.339853212556839,291.2,302.3,0.2081721334457397,7043.2,-0.1154891273321579,315,0.03739924849357677
2026-03-06,2027-01-15,6300.0,6740.02,880.7,894.9,0.2702471276187897,297.5,308.2,0.2064002242851257,6884.95,-0.08878823659263664,315,0.04901760266730117
2026-03-06,2027-01-15,6325.0,6740.02,1023.3,1029.0,0.333625781545639,302.9,314.2,0.2046149638175964,7042.6,-0.10746738555701209,315,0.03613203911423021
2026-03-06,2027-01-15,6350.0,6740.02,844.5,858.5,0.2664582174491882,309.4,320.3,0.2028163520431518,6886.65,-0.08112994198032639,315,0.04751292177756823
2026-03-06,2027-01-15,6375.0,6740.02,995.6,998.1,0.3314442733621597,315.4,326.5,0.2010020047998428,7050.9,-0.10077117720636539,315,0.0348673119700552
2026-03-06,2027-01-15,6400.0,6740.02,808.7,822.6,0.262699824552536,321.7,332.8,0.1991704915904998,6888.4,-0.07354084708298116,315,0.046025424324815996
2026-03-06,2027-01-15,6425.0,6740.02,790.9,804.8,0.2608125219535827,328.0,339.3,0.197364250497818,6889.2,-0.06975833719817089,315,0.04529224367561953
2026-03-06,2027-01-15,6450.0,6740.02,773.3,787.1,0.2589194973659516,334.6,345.6,0.1954106681966781,6890.1,-0.06600546790066077,315,0.0445349371864058
2026-03-06,2027-01-15,6475.0,6740.02,755.7,769.5,0.2570197971248627,341.1,352.3,0.1935629426860809,6890.9,-0.06225309300226998,315,0.043803297058831514
2026-03-06,2027-01-15,6500.0,6740.02,738.4,752.1,0.255153475151062,347.9,359.1,0.1916928060531616,6891.75,-0.05852286716537555,315,0.043079831296715
2026-03-06,2027-01-15,6525.0,6740.02,721.1,734.7,0.2532366089439392,354.7,365.9,0.1897568665504456,6892.6,-0.05480741912556777,315,0.0423401466363953
2026-03-06,2027-01-15,6550.0,6740.02,704.7,717.5,0.2513502600097655,361.7,372.9,0.1878361856842041,6893.8,-0.05115740729272202,315,0.04161554194219874
2026-03-06,2027-01-15,6575.0,6740.02,686.8,700.4,0.2494534207630157,368.7,380.1,0.1859293329572677,6894.2,-0.04740590034401376,315,0.040897818359365026
2026-03-06,2027-01-15,6600.0,6740.02,670.8,683.4,0.2475441838741302,375.9,387.3,0.1839519090366363,6895.5,-0.043799375899875426,315,0.040170888104202676
2026-03-06,2027-01-15,6625.0,6740.02,653.1,666.6,0.2456626032638549,383.0,394.7,0.1819835449314117,6896.0,-0.04009116148910604,315,0.039457251260868555
2026-03-06,2027-01-15,6650.0,6740.02,637.4,650.0,0.2438077252674102,390.5,402.2,0.1799818025588989,6897.35,-0.03652042519528556,315,0.038748789470549654
2026-03-06,2027-01-15,6675.0,6740.02,619.9,633.3,0.2418555734634399,398.1,409.8,0.1779442977571487,6897.65,-0.03281156959631416,315,0.03802264283643779
2026-03-06,2027-01-15,6700.0,6740.02,604.6,616.8,0.2399272632789611,405.8,417.6,0.1759096539497375,6899.0,-0.029268947167051276,315,0.03730815592125636
2026-03-06,2027-01-15,6725.0,6740.02,587.3,600.5,0.2380218410491943,413.6,425.5,0.1738354330539703,6899.35,-0.025595278779388452,315,0.03659747978286447
2026-03-06,2027-01-15,6750.0,6740.02,572.3,584.4,0.2361383531093597,421.6,433.6,0.1717583511638641,6900.75,-0.02208759646400481,315,0.03589699467632993
2026-03-06,2027-01-15,6775.0,6740.02,555.1,568.3,0.2341938306236267,429.7,441.8,0.1696359701967239,6900.95,-0.01841971651968837,315,0.03518474659564402
2026-03-06,2027-01-15,6800.0,6740.02,540.5,552.4,0.2322683814334869,438.0,450.2,0.1675059599113464,6902.35,-0.014939321147193249,315,0.03448160962963974
2026-03-06,2027-01-15,6825.0,6740.02,523.6,536.8,0.2304001521301269,446.4,459.8,0.1657645680236816,6902.1,-0.011233372053872486,315,0.0338617417334122
2026-03-06,2027-01-15,6850.0,6740.02,508.2,521.2,0.2284680272865295,455.0,468.5,0.1635687548685074,6902.95,-0.007700204193390033,315,0.033159756265191714
2026-03-06,2027-01-15,6875.0,6740.02,494.2,505.8,0.226550207414627,463.6,477.3,0.1613152449941635,6904.55,-0.004288971018406872,315,0.03245786088305949
2026-03-06,2027-01-15,6900.0,6740.02,478.9,491.7,0.2250863319778442,472.5,486.3,0.1590402776622772,6905.9,-0.000854707097570469,315,0.03183511948875923
2026-03-06,2027-01-15,6925.0,6740.02,463.6,475.5,0.2227126603412628,481.6,495.5,0.1567400382137299,6906.0,0.0027474531056016337,315,0.03106511670466427
2026-03-06,2027-01-15,6950.0,6740.02,449.1,461.8,0.2212716728591919,490.9,504.9,0.1544092814922333,6907.55,0.006126643278596909,315,0.030450614062092637
2026-03-06,2027-01-15,6975.0,6740.02,433.0,447.1,0.2193586213111877,500.4,514.2,0.1519230774116516,6907.75,0.009688358002593276,315,0.029741631122638983
2026-03-06,2027-01-15,7000.0,6740.02,420.0,432.6,0.2174531990814208,511.2,524.2,0.1495999500083923,6908.6,0.01314313672328951,315,0.029068030473202604
2026-03-06,2027-01-15,7025.0,6740.02,404.4,418.3,0.2155544525051116,521.1,533.9,0.1470274392652511,6908.85,0.01667201676081905,315,0.028364159517485703
2026-03-06,2027-01-15,7050.0,6740.02,391.6,404.1,0.2136194666671753,531.1,544.1,0.144525499715805,6910.25,0.020021800248986914,315,0.027674220779330017
2026-03-06,2027-01-15,7075.0,6740.02,376.6,390.2,0.2117283494091033,541.4,554.4,0.1419239021968841,6910.5,0.023525449467357067,315,0.02698426249711312
2026-03-06,2027-01-15,7100.0,6740.02,364.1,376.5,0.2098391394805908,551.8,565.0,0.139297509393692,6911.9,0.02685022024276461,315,0.026299565664353926
2026-03-06,2027-01-15,7125.0,6740.02,350.8,363.1,0.207989983472824,562.6,575.8,0.1365957770729065,6912.75,0.030242193594967954,315,0.025618420621114413
2026-03-06,2027-01-15,7150.0,6740.02,337.7,349.8,0.2060998198795318,573.6,586.8,0.1338082149219513,6913.55,0.03362910265873055,315,0.024927605286726693
2026-03-06,2027-01-15,7175.0,6740.02,324.7,336.7,0.2042058416271209,584.8,597.8,0.1308337344741821,6914.4,0.036996568189393585,315,0.024218649335311197
2026-03-06,2027-01-15,7200.0,6740.02,312.6,324.0,0.2023905407190322,595.9,609.4,0.1279250568962097,6915.65,0.04029406676900689,315,0.023540509670406183
2026-03-06,2027-01-15,7225.0,6740.02,299.6,311.5,0.2005695178222656,607.6,621.2,0.1248895419025421,6916.15,0.04368797757517297,315,0.022853379356466523
2026-03-06,2027-01-15,7250.0,6740.02,287.4,299.2,0.1987418192720413,619.5,633.2,0.1217090698623657,6916.95,0.047026547841560046,315,0.022155454307750056
2026-03-06,2027-01-15,7275.0,6740.02,275.5,287.1,0.1969055377388,631.8,645.5,0.1184046214008331,6917.65,0.05036769647926807,315,0.021450312591676807
2026-03-06,2027-01-15,7300.0,6740.02,263.8,275.4,0.1951431652259826,644.2,658.0,0.1149008570003509,6918.5,0.05367536502704354,315,0.020739793254287122
2026-03-06,2027-01-15,7325.0,6740.02,252.4,263.9,0.193370302400589,657.0,670.8,0.1112082669734954,6919.25,0.05698577265014249,315,0.02001503633590318
2026-03-06,2027-01-15,7350.0,6740.02,241.3,252.8,0.191671825428009,669.6,683.9,0.1072791680812835,6920.3,0.060241191933707805,315,0.019282249591685487
2026-03-06,2027-01-15,7375.0,6740.02,230.5,241.8,0.1899170822334289,683.3,697.3,0.1030477574539184,6920.85,0.06355730776964086,315,0.018517770648839336
2026-03-06,2027-01-15,7400.0,6740.02,220.0,231.2,0.1882348175621032,696.9,710.9,0.0983519120788574,6921.7,0.06681859601130266,315,0.01772025026437317
2026-03-06,2027-01-15,7425.0,6740.02,209.8,220.9,0.1865830701637268,710.9,724.9,0.0931601610183715,6922.45,0.07008293147599248,315,0.01688405941681047
2026-03-06,2027-01-15,7450.0,6740.02,199.8,210.8,0.184915110464096,724.5,739.0,0.0869842279052734,6923.55,0.07328538852402226,315,0.015950488914243676
2026-03-06,2027-01-15,7475.0,6740.02,190.2,201.1,0.183321536617279,569.7,573.1,1.0000000000000004e-05,7099.25,0.05157497461194041,315,0.007251570191994936
2026-03-06,2027-01-15,7500.0,6740.02,180.9,191.7,0.1817565727138519,753.8,767.8,0.068082591972351,6925.5,0.07969276890924852,315,0.013467244237326287
2026-03-06,2027-01-15,7525.0,6740.02,171.9,182.6,0.1802230797481537,768.9,782.9,1.0000000000000004e-05,6926.35,0.08289783171263441,315,0.0070085262713588115
2026-03-06,2027-01-15,7550.0,6740.02,163.3,173.8,0.178719150390625,784.4,799.0,1.0000000000000004e-05,6926.85,0.08614239885076755,315,0.00689205095739501
2026-03-06,2027-01-15,7575.0,6740.02,154.8,165.2,0.1771980550670623,800.0,814.8,1.0000000000000004e-05,6927.6,0.08933991852268172,315,0.006775238942400726
2026-03-06,2027-01-15,7600.0,6740.02,146.8,157.1,0.1758076118183136,816.1,830.3,1.0000000000000004e-05,6928.75,0.09246882554040808,315,0.006669333751391091
2026-03-06,2027-01-15,7625.0,6740.02,139.0,149.2,0.1744019099330902,832.3,846.7,1.0000000000000004e-05,6929.6,0.09563023101525008,315,0.006563114392363108
2026-03-06,2027-01-15,7650.0,6740.02,132.6,141.5,0.1729799957466125,849.1,863.4,1.0000000000000004e-05,6930.8,0.0987304011838899,315,0.0064565374438014375
2026-03-06,2027-01-15,7675.0,6740.02,124.4,134.3,0.1716982702827454,692.9,698.5,1.0000000000000004e-05,7108.65,0.07665594110407242,315,0.006361215737191842
2026-03-06,2027-01-15,7700.0,6740.02,117.5,127.3,0.1704041471767425,882.8,897.7,1.0000000000000004e-05,6932.15,0.10505031846370577,315,0.025059823597631144
2026-03-06,2027-01-15,7750.0,6740.02,105.7,114.2,0.1679484603691101,913.2,924.3,1.0000000000000004e-05,6941.2,0.1102181731310439,315,0.02434275584167584
2026-03-06,2027-01-15,7800.0,6740.02,93.0,102.3,0.1656901821708679,942.6,981.8,1.0000000000000004e-05,6935.45,0.11747779378588506,315,0.023692519143457116
2026-03-06,2027-01-15,7850.0,6740.02,83.0,92.8,0.1644027347183227,979.8,1019.4,1.0000000000000004e-05,6938.3,0.12345674405474873,315,0.023325757924936723
2026-03-06,2027-01-15,7875.0,6740.02,77.9,87.5,0.1632602443122864,999.0,1038.6,1.0000000000000004e-05,6938.9,0.12654992419658667,315,0.02300268718483793
2026-03-06,2027-01-15,7900.0,6740.02,73.1,83.2,0.1626355938816071,1018.4,1058.1,1.0000000000000004e-05,6939.9,0.12957539427997855,315,0.022827002644178782
2026-03-06,2027-01-15,8000.0,6740.02,57.1,66.2,0.1591900030326843,1102.8,1129.5,1.0000000000000004e-05,6945.5,0.14134757382452898,315,0.021870024590813702
2026-03-06,2027-01-15,8050.0,6740.02,50.3,58.8,0.1575573289299011,949.3,954.8,1.0000000000000004e-05,7152.5,0.11821014548834383,315,0.021423721228357236
2026-03-06,2027-01-15,8100.0,6740.02,43.1,51.3,0.1553419656467438,1181.8,1221.4,1.0000000000000004e-05,6945.6,0.15375569611520098,315,0.020825492552501785
2026-03-06,2027-01-15,8150.0,6740.02,37.8,45.5,0.1540268619155884,1224.6,1264.2,1.0000000000000004e-05,6947.25,0.15967202943266176,315,0.020474373617376924
2026-03-06,2027-01-15,8200.0,6740.02,33.0,41.3,0.1537388551521301,1268.0,1307.5,1.0000000000000004e-05,6949.4,0.1654788293554882,315,0.020397877284379744
2026-03-06,2027-01-15,8300.0,6740.02,25.2,32.6,0.151797193660736,1356.5,1395.9,1.0000000000000004e-05,6952.7,0.17712544145961254,315,0.019885896495977044
2026-03-06,2027-01-15,8400.0,6740.02,19.2,25.9,0.1504563409805298,1454.2,1466.6,1.0000000000000004e-05,6962.15,0.18774337115922957,315,0.019536136494502948
2026-03-06,2027-01-15,8500.0,6740.02,14.9,20.9,0.1498688834762573,1538.7,1577.9,1.0000000000000004e-05,6959.6,0.1999441620658467,315,0.019383876448883
2026-03-06,2027-01-15,8600.0,6740.02,8.7,17.9,0.1511315356445313,1631.4,1670.8,1.0000000000000004e-05,6962.2,0.21126668690564773,315,0.019711872427058585
2026-03-06,2027-01-15,9000.0,6740.02,1.4,10.6,0.1582229869461059,2010.1,2049.4,1.0000000000000004e-05,6976.25,0.2547130542157131,315,0.02160512817374382
2026-03-06,2027-01-15,9200.0,6740.02,0.05,8.7,0.1629264616394043,2204.8,2233.4,1.0000000000000004e-05,6985.275,0.2753991220423106,315,0.022908726162290217
2026-03-06,2027-01-15,10200.0,6740.02,0.0,1.1,0.1618583570861816,2949.1,2963.7,1.0000000000000004e-05,7244.150000000001,0.3421934736916133,315,0.02260934313416693
2026-03-06,2027-01-15,10400.0,6740.02,0.0,1.1,0.168526381225586,3306.1,3433.3,1.0000000000000004e-05,7030.85,0.39149819724975654,315,0.024510573885568047
2026-03-06,2027-01-15,10600.0,6740.02,0.4,1.0,0.1734396621704101,3552.4,3591.2,1.0000000000000004e-05,7028.9,0.4108237798002449,315,0.02596058813792489
2026-03-06,2027-01-15,10800.0,6740.02,0.35,0.95,0.1788717367553711,3745.7,3784.5,1.0000000000000004e-05,7035.55,0.4285702660938179,315,0.027612208044145412
2026-03-06,2027-01-15,11000.0,6740.02,0.0,5.2,0.2220536779785155,3719.9,3765.0,1.0000000000000004e-05,7260.15,0.41549478301807985,315,0.04255333783477444
2026-03-06,2027-01-15,11200.0,6740.02,0.0,5.1,0.2284165293884277,3890.2,3928.8,1.0000000000000004e-05,7293.05,0.4289919384332455,315,0.04502697241869631
2026-03-06,2027-01-15,11400.0,6740.02,0.15,1.85,0.2100603897094726,4105.2,4150.3,1.0000000000000004e-05,7273.25,0.44941012110782275,315,0.03808079645847146
2026-03-06,2027-02-19,1000.0,6740.02,5703.1,5727.8,1.0000000000000004e-05,0.3,4.6,0.7435938726806641,6713.000000000001,-1.9040459449566147,350,0.5302086208791225
2026-03-06,2027-02-19,2000.0,6740.02,4747.6,4787.6,0.663638617553711,6.8,12.3,0.5635114450073243,6758.05,-1.2175872063434334,350,0.3044953480246163
2026-03-06,2027-02-19,3200.0,6740.02,3608.5,3626.4,0.5257577637100221,27.3,32.8,0.4382685568237304,6787.4,-0.7519171423808325,350,0.18418565689075173
2026-03-06,2027-02-19,3400.0,6740.02,3420.8,3438.7,0.5070125288009644,32.4,37.8,0.4180966394042968,6794.65,-0.6923601061922805,350,0.16762104098194056
2026-03-06,2027-02-19,3500.0,6740.02,3329.8,3348.6,0.5016262301254273,35.1,40.5,0.4082662628555297,6801.4,-0.664365504848771,350,0.15983142324686894
2026-03-06,2027-02-19,5000.0,6740.02,1962.1,1982.2,0.3712297374725342,111.1,120.7,0.2878317524909972,6856.25,-0.31572273260730305,350,0.07944244167044803
2026-03-06,2027-02-19,5200.0,6740.02,1789.0,1809.6,0.354920162410736,131.7,140.8,0.2745386191272736,6863.05,-0.27749332375626073,350,0.07227399640358512
2026-03-06,2027-02-19,5500.0,6740.02,1536.1,1551.0,0.3281641433525084,167.7,177.6,0.2551954364013672,6870.9,-0.2225470097823222,350,0.06244835278364244
2026-03-06,2027-02-19,5875.0,6740.02,1233.7,1249.2,0.3006432851409911,229.0,232.9,0.2293282329177856,6885.5,-0.15871169115482084,350,0.050430146423610794
2026-03-06,2027-02-19,5900.0,6740.02,1214.1,1229.6,0.2988084341049193,233.3,237.4,0.2277194004344939,6886.5,-0.1546106224635756,350,0.049725051690372286
2026-03-06,2027-02-19,5925.0,6740.02,1194.6,1210.2,0.2970308029556274,235.0,245.7,0.2279015504074096,6887.05,-0.15046214957018872,350,0.049804632431055804
2026-03-06,2027-02-19,5950.0,6740.02,1175.2,1190.8,0.2952197935390471,239.9,250.3,0.2262374053668975,6887.9,-0.1463750294601812,350,0.04907993768630428
2026-03-06,2027-02-19,6000.0,6740.02,1136.7,1151.5,0.2912754360103606,252.6,256.5,0.2213803906440734,6889.55,-0.13824630161814352,350,0.0469951974701449
2026-03-06,2027-02-19,6025.0,6740.02,1119.7,1131.5,0.2891010803127288,254.0,265.1,0.2214547764968872,6891.05,-0.13430598881298064,350,0.04702678441547997
2026-03-06,2027-02-19,6150.0,6740.02,1023.1,1037.8,0.2804570627498626,283.4,287.6,0.2116401354169845,6894.95,-0.11433717776892834,350,0.042950798415785855
2026-03-06,2027-02-19,6200.0,6740.02,985.9,1001.8,0.2773595595455169,291.1,302.4,0.2099392742824554,6897.1,-0.10655174135055935,350,0.04226321811009702
2026-03-06,2027-02-19,6225.0,6740.02,967.4,982.3,0.2751241693019866,296.7,308.1,0.2082655925941466,6897.45,-0.10257833572899654,350,0.0415920410150873
2026-03-06,2027-02-19,6250.0,6740.02,949.1,964.0,0.2733522601413726,302.5,313.8,0.2065413666725158,6898.4,-0.0987080369076674,350,0.05520839902041482
2026-03-06,2027-02-19,6275.0,6740.02,930.8,945.7,0.2715412507247924,308.2,319.7,0.2048514726829528,6899.3,-0.09484647216367807,350,0.054405828370237636
2026-03-06,2027-02-19,6300.0,6740.02,912.6,927.6,0.2697722025585174,314.2,325.7,0.2031529957103729,6900.15,-0.0909935170998699,350,0.053616702126838514
2026-03-06,2027-02-19,6375.0,6740.02,858.8,873.7,0.2643830428886413,335.7,340.1,0.1962694433307648,6903.35,-0.07962270998459113,350,0.05087003395276852
2026-03-06,2027-02-19,6400.0,6740.02,841.1,856.0,0.2626101800632477,338.7,350.7,0.1962389260578155,6903.85,-0.0757812366441343,350,0.05047251764783189
2026-03-06,2027-02-19,6450.0,6740.02,806.1,820.8,0.2590158175086976,351.6,363.8,0.1926941540718078,6905.75,-0.06827426709942441,350,0.04891415373208311
2026-03-06,2027-02-19,6475.0,6740.02,788.7,804.6,0.2577069125986099,358.3,370.5,0.1908960191297531,6907.25,-0.0646229770305313,350,0.048243566181060814
2026-03-06,2027-02-19,6500.0,6740.02,771.4,787.4,0.2559555072307586,368.1,373.8,0.1876921823024749,6908.45,-0.06094312312570654,350,0.04718366119853543
2026-03-06,2027-02-19,6525.0,6740.02,754.3,768.8,0.2536085382080079,371.5,384.3,0.1872792454528808,6908.65,-0.05713329645341556,350,0.04659843371472171
2026-03-06,2027-02-19,6550.0,6740.02,737.2,751.7,0.2518061117744445,378.9,391.3,0.185419122300148,6909.35,-0.05341051713769265,350,0.04582744305414642
2026-03-06,2027-02-19,6575.0,6740.02,720.3,736.2,0.2505806525325775,385.6,398.5,0.1835742577838897,6911.2,-0.04986870599870911,350,0.04518607544737321
2026-03-06,2027-02-19,6600.0,6740.02,704.0,718.0,0.2482556177997589,393.1,405.8,0.1817036443185806,6911.55,-0.04612427618333971,350,0.0443169441633366
2026-03-06,2027-02-19,6625.0,6740.02,686.8,702.6,0.2469686471796036,400.4,413.2,0.1798063282394409,6912.9,-0.04253885948643259,350,0.04366295059957131
2026-03-06,2027-02-19,6650.0,6740.02,670.9,684.6,0.2446269233131409,407.9,420.6,0.1778413019609451,6913.5,-0.03885916717877284,350,0.04278615786176888
2026-03-06,2027-02-19,6675.0,6740.02,653.5,669.4,0.2433151574087142,418.1,424.8,0.1745802452468872,6915.0,-0.035323760830408356,350,0.04186493057961681
2026-03-06,2027-02-19,6700.0,6740.02,638.3,653.0,0.2414893661880493,425.8,432.6,0.1726328617668152,6916.45,-0.03179510581982486,350,0.041112347185072104
2026-03-06,2027-02-19,6725.0,6740.02,621.1,635.5,0.239191510901451,431.8,443.9,0.1719481304550171,6915.45,-0.02792611343338164,350,0.04052228194736563
2026-03-06,2027-02-19,6750.0,6740.02,606.1,619.4,0.2373781173229217,439.8,451.9,0.1699263611221314,6916.9,-0.0244251874949079,350,0.039769813942800575
2026-03-06,2027-02-19,6775.0,6740.02,589.1,603.4,0.2355485114431381,447.9,460.1,0.1679026844596862,6917.25,-0.020778925036036334,350,0.039020892887942936
2026-03-06,2027-02-19,6800.0,6740.02,577.4,584.7,0.2326364960384369,455.3,468.5,0.1658756699705124,6919.15,-0.01737031753306157,350,0.03807135702739762
2026-03-06,2027-02-19,6825.0,6740.02,561.8,569.1,0.2308502819061279,466.4,473.7,0.162550717716217,6920.4,-0.01388123035620671,350,0.03710104197010348
2026-03-06,2027-02-19,6850.0,6740.02,546.4,553.6,0.2290459481430053,472.4,485.5,0.1616475971698761,6921.05,-0.010318839949035753,350,0.0365921275494534
2026-03-06,2027-02-19,6875.0,6740.02,531.1,538.2,0.2272206337547301,481.0,495.4,0.159935292057991,6921.45,-0.006733641699266545,350,0.03593246493984028
2026-03-06,2027-02-19,6900.0,6740.02,515.9,522.9,0.2253743387413024,492.4,500.0,0.1561134804534912,6923.2,-0.003356678885269574,350,0.034888037443767
2026-03-06,2027-02-19,6925.0,6740.02,496.9,512.0,0.2251387835407257,498.8,513.5,0.1555870574951172,6923.3,0.00024551750157632285,350,0.03474880692558731
2026-03-06,2027-02-19,6950.0,6740.02,486.1,492.9,0.2217270477914809,508.0,522.7,0.1533240109729767,6924.15,0.0037263587192313172,350,0.03372065331378029
2026-03-06,2027-02-19,6975.0,6740.02,467.4,482.3,0.2214824327754974,517.3,532.1,0.151033308172226,6925.15,0.00717261521879616,350,0.03326629591701437
2026-03-06,2027-02-19,7000.0,6740.02,457.0,463.6,0.2180940618133544,526.8,541.7,0.1487125649309158,6926.05,0.01062048392701474,350,0.0322544421220744
2026-03-06,2027-02-19,7025.0,6740.02,440.0,453.4,0.2178761494112014,536.5,551.4,0.1463164821720123,6927.75,0.013940130061117283,350,0.03179636679097756
2026-03-06,2027-02-19,7050.0,6740.02,425.9,439.2,0.2160694314861297,546.4,561.4,0.1439180152511596,6928.65,0.01736262779416714,350,0.03106632646092565
2026-03-06,2027-02-19,7075.0,6740.02,412.0,425.2,0.2142712965440749,557.8,571.5,0.1414337185001373,6928.95,0.020859156958584767,350,0.030331589181274744
2026-03-06,2027-02-19,7100.0,6740.02,398.2,411.4,0.2124807909202575,568.0,581.8,0.1388941091918945,6929.9,0.02424940096400154,350,0.02959761106170457
2026-03-06,2027-02-19,7125.0,6740.02,384.7,397.9,0.2107351075410843,578.5,592.3,0.1362934653377533,6930.9,0.027620051255427606,350,0.028869925094529413
2026-03-06,2027-02-19,7150.0,6740.02,371.5,384.4,0.2089178993034362,589.2,603.0,0.133622250289917,6931.85,0.030985623863366157,350,0.028127954746029367
2026-03-06,2027-02-19,7200.0,6740.02,348.8,353.2,0.2034200218486785,611.4,625.0,0.128026145362854,6932.8,0.0378172540185016,350,0.026335477134058434
2026-03-06,2027-02-19,7225.0,6740.02,332.7,345.6,0.2036770345067978,622.4,636.4,0.1251198519468307,6934.75,0.04100222990815892,350,0.025916155746274035
2026-03-06,2027-02-19,7250.0,6740.02,320.3,333.1,0.2019456560993194,634.1,647.9,0.1220485745239257,6935.7,0.04431948291891898,350,0.02516458323082327
2026-03-06,2027-02-19,7275.0,6740.02,311.1,315.7,0.1981910778617858,646.0,659.7,0.1188795464611053,6935.55,0.047783454576775436,350,0.024100563892450536
2026-03-06,2027-02-19,7300.0,6740.02,296.2,308.7,0.1984790846252441,658.0,671.8,0.115591310300827,6937.55,0.05092566190055707,350,0.023646626396682465
2026-03-06,2027-02-19,7325.0,6740.02,284.5,297.0,0.1968216152381897,666.8,672.1,0.1061843609142303,6946.3,0.05308401118855682,350,0.022009875037279667
2026-03-06,2027-02-19,7350.0,6740.02,273.1,285.5,0.1951612848567963,683.1,696.7,0.1084435927772522,6939.4,0.057484997774921866,350,0.022096967536380095
2026-03-06,2027-02-19,7400.0,6740.02,253.9,258.0,0.1897206272888184,709.0,722.6,0.1002382610130309,6940.15,0.06415661209213348,350,0.02015524309372295
2026-03-06,2027-02-19,7450.0,6740.02,233.0,237.1,0.186605004453659,736.1,749.7,0.0903544792366027,6942.15,0.07060250757943745,350,0.01838855785074775
2026-03-06,2027-02-19,7500.0,6740.02,213.2,216.8,0.1833692198562622,764.4,777.9,0.0766655749893188,6943.85,0.07704664480001736,350,0.016209817181941227
2026-03-06,2027-02-19,7550.0,6740.02,194.5,198.1,0.1804367006587982,789.7,797.2,1.0000000000000004e-05,6952.85,0.08239591579830674,350,0.007805722001730186
2026-03-06,2027-02-19,7600.0,6740.02,176.8,180.1,0.1774183516311645,823.5,837.7,1.0000000000000004e-05,6947.85,0.08971598809293091,350,0.007546771908830997
2026-03-06,2027-02-19,7625.0,6740.02,165.5,176.6,0.1782890475749969,836.2,843.6,1.0000000000000004e-05,6956.15,0.09180616211663227,350,0.007621022348049899
2026-03-06,2027-02-19,7650.0,6740.02,157.5,168.5,0.1769720365142822,855.2,869.3,1.0000000000000004e-05,6950.75,0.09585608041494015,350,0.007508852354150651
2026-03-06,2027-02-19,7700.0,6740.02,142.2,153.0,0.1743666243362427,887.5,902.1,1.0000000000000004e-05,6952.8,0.10207587271852483,350,0.029154251750262282
2026-03-06,2027-02-19,7750.0,6740.02,128.1,138.6,0.17188328125,921.4,936.0,1.0000000000000004e-05,6954.65,0.10828234276438713,350,0.02832973104285838
2026-03-06,2027-02-19,7800.0,6740.02,115.1,125.3,0.1695382195568085,956.4,970.9,1.0000000000000004e-05,6956.55,0.11444007189912074,350,0.02756198016896551
2026-03-06,2027-02-19,8000.0,6740.02,73.4,83.0,0.1619899628257751,1102.3,1120.8,1.0000000000000004e-05,6966.65,0.1383070637245397,350,0.025162361149872876
2026-03-06,2027-02-19,8050.0,6740.02,65.2,75.4,0.1609180436134338,1142.3,1160.6,1.0000000000000004e-05,6968.85,0.144221873097252,350,0.024830454427756825
2026-03-06,2027-02-19,8100.0,6740.02,58.2,67.7,0.1594093459320068,1181.2,1203.1,1.0000000000000004e-05,6970.8,0.15013406587404293,350,0.024367037944286508
2026-03-06,2027-02-19,9800.0,6740.02,0.0,7.0,0.174637465133667,2758.2,2782.2,1.0000000000000004e-05,7033.3,0.33172637321033865,350,0.02924489172577936
2026-03-06,2027-02-19,10000.0,6740.02,0.0,6.4,0.1802755313110352,2950.2,2974.3,1.0000000000000004e-05,7040.95,0.3508419887462887,350,0.03116368086662085
2026-03-06,2027-02-19,10400.0,6740.02,0.0,5.8,0.1927189493560791,3334.8,3359.2,1.0000000000000004e-05,7055.9,0.3879416598788663,350,0.03561426768306533
2026-03-06,2027-03-19,400.0,6740.02,6262.4,6301.6,1.0000000000000004e-05,0.0,3.7,1.0422411169433596,6680.15,-2.815431174260418,378,1.1249554913158775
2026-03-06,2027-03-19,1000.0,6740.02,5687.7,5726.9,1.0000000000000004e-05,0.05,5.0,0.7178372943115234,6704.775,-1.9028199591236117,378,0.5336431891986211
2026-03-06,2027-03-19,3200.0,6740.02,3604.3,3643.7,0.515910221195221,29.6,35.4,0.4279575332260132,6791.5,-0.7525210204747275,378,0.18967071723991782
2026-03-06,2027-03-19,3400.0,6740.02,3417.5,3457.0,0.522986413860321,35.0,40.7,0.4083540000152588,6799.4,-0.6930589413728651,378,0.17269213689358526
2026-03-06,2027-03-19,4250.0,6740.02,2865.2,2880.4,0.5799421354961396,66.5,74.1,0.3358277935218811,7052.5,-0.5064631809576889,378,0.11679713975033157
2026-03-06,2027-03-19,4300.0,6740.02,2816.1,2827.9,0.5692591826343536,69.1,76.8,0.3320016904258728,7049.05,-0.49427783327177505,378,0.11415094872452278
2026-03-06,2027-03-19,5000.0,6740.02,1966.8,2006.1,0.3714738756561279,119.4,129.2,0.2832808641624449,6862.15,-0.3165828912794178,378,0.08310619765543821
2026-03-06,2027-03-19,5200.0,6740.02,1795.6,1834.7,0.3553750605106353,139.9,150.4,0.2705341807174682,6870.0,-0.27850548064687625,378,0.07579546528763376
2026-03-06,2027-03-19,5500.0,6740.02,1545.8,1584.3,0.3322820678710937,177.4,188.6,0.251765104188919,6882.05,-0.22416848044031706,378,0.06564323941310476
2026-03-06,2027-03-19,5600.0,6740.02,1464.5,1502.8,0.3248120116519927,192.0,203.2,0.2455176462173461,6886.05,-0.20673102825836434,378,0.062425834850279555
2026-03-06,2027-03-19,5700.0,6740.02,1384.4,1422.4,0.3174497195529938,207.6,218.8,0.2392396709728241,6890.2,-0.18963393733996822,378,0.05927414910464651
2026-03-06,2027-03-19,5800.0,6740.02,1305.5,1343.1,0.3101589523124695,224.8,235.5,0.2329349931144714,6894.15,-0.17281530835607567,378,0.05619121305346927
2026-03-06,2027-03-19,5900.0,6740.02,1234.3,1252.6,0.2975572259140014,243.1,253.8,0.2267905309391021,6895.0,-0.15584416033359133,378,0.05326583885242699
2026-03-06,2027-03-19,5925.0,6740.02,1215.1,1233.3,0.2958167876911163,247.5,258.6,0.2252598989677428,6896.15,-0.15178259784377052,378,0.05254927218454248
2026-03-06,2027-03-19,5950.0,6740.02,1382.2,1390.2,0.3685585224246979,252.3,263.4,0.2236873057460784,7078.35,-0.17364961014006378,378,0.05181811524447439
2026-03-06,2027-03-19,6000.0,6740.02,1157.9,1175.9,0.2906183609771728,262.1,273.3,0.2205554706096649,6899.2,-0.13964599362437655,378,0.05037726713093585
2026-03-06,2027-03-19,6100.0,6740.02,1082.7,1100.8,0.2838301750755309,282.7,294.4,0.2143556958770751,6903.2,-0.12369630103269508,378,0.04758488144155959
2026-03-06,2027-03-19,6125.0,6740.02,1064.1,1082.1,0.2820802002048492,288.1,299.9,0.2127926393032073,6904.1,-0.11973668160233353,378,0.04689344486338139
2026-03-06,2027-03-19,6200.0,6740.02,1008.9,1026.7,0.2769056151103973,304.5,316.7,0.207958989367485,6907.2,-0.10801505376803006,378,0.04478724327618051
2026-03-06,2027-03-19,6225.0,6740.02,1154.1,1161.7,0.3361701591777801,310.2,322.5,0.2063391897392272,7066.55,-0.12679894108884132,378,0.044092261758923355
2026-03-06,2027-03-19,6250.0,6740.02,972.6,990.3,0.2734914951992034,316.1,328.3,0.2046721837043762,6909.25,-0.10027962979033835,378,0.04338270041566075
2026-03-06,2027-03-19,6275.0,6740.02,954.6,972.3,0.2718092305278778,322.0,334.3,0.2030395096015929,6910.3,-0.09643956715939922,378,0.05837804193764537
2026-03-06,2027-03-19,6300.0,6740.02,936.6,954.3,0.2700888192653656,327.9,340.4,0.2013992061805725,6911.3,-0.09260811982764783,378,0.05755463162774508
2026-03-06,2027-03-19,6325.0,6740.02,918.8,936.3,0.2683316919088363,334.0,346.6,0.1997493661117553,6912.25,-0.08878516521557026,378,0.05672585853408336
2026-03-06,2027-03-19,6350.0,6740.02,901.0,918.4,0.2665755182170868,340.2,352.9,0.1980890357303619,6913.15,-0.08497058207279848,378,0.055900801252588075
2026-03-06,2027-03-19,6375.0,6740.02,883.4,900.8,0.2648970682048797,346.5,359.2,0.1963781611156463,6914.25,-0.08120040832018646,378,0.055088279764258945
2026-03-06,2027-03-19,6400.0,6740.02,865.8,883.1,0.26314137134552,352.9,365.7,0.194694942779541,6915.15,-0.07741666648979745,378,0.05426994946640612
2026-03-06,2027-03-19,6500.0,6740.02,796.6,813.7,0.2562520969772339,379.4,392.6,0.1877765816354751,6919.15,-0.06249075281353119,378,0.05104591417037486
2026-03-06,2027-03-19,6550.0,6740.02,762.7,779.7,0.2528227184295654,393.3,406.6,0.1841941398906708,6921.25,-0.05513133950787932,378,0.049446473715343685
2026-03-06,2027-03-19,6600.0,6740.02,729.2,746.0,0.249333735833168,407.7,421.1,0.1805663990688323,6923.2,-0.04780844145610344,378,0.04784913672859626
2026-03-06,2027-03-19,6650.0,6740.02,696.2,713.0,0.2459277220726013,422.4,436.1,0.1768795310306549,6925.35,-0.04057173764470559,378,0.046283245136027745
2026-03-06,2027-03-19,6675.0,6740.02,797.5,801.2,0.2829804597568511,430.0,443.8,0.1750151163864135,7037.45,-0.05287668435851922,378,0.05430771250400735
2026-03-06,2027-03-19,6700.0,6740.02,663.6,680.1,0.2423743671035766,437.7,451.6,0.1731211381340026,6927.2,-0.033348164754533956,378,0.044696303165653824
2026-03-06,2027-03-19,6725.0,6740.02,647.5,664.0,0.2406568168354034,445.5,459.5,0.1711966426086426,6928.25,-0.029775330571513398,378,0.04391616221724572
2026-03-06,2027-03-19,6750.0,6740.02,633.1,647.9,0.2388906296634674,453.5,467.6,0.1692759617424011,6929.95,-0.026310093284130077,378,0.0431334159427922
2026-03-06,2027-03-19,6775.0,6740.02,617.2,632.0,0.2371492377758025,461.6,475.7,0.1672837560176849,6930.95,-0.02275752217782363,378,0.04234792161999481
2026-03-06,2027-03-19,6800.0,6740.02,601.5,616.3,0.2354307338428497,469.9,484.1,0.1653277895545959,6931.9,-0.019211333716119806,378,0.04158191435658559
2026-03-06,2027-03-19,6825.0,6740.02,585.9,600.7,0.2336988786029815,479.6,492.5,0.1632964835739135,6932.25,-0.015592094759836162,378,0.04080466441712768
2026-03-06,2027-03-19,6850.0,6740.02,570.5,585.2,0.2319508110618591,488.2,501.1,0.1612585019397735,6933.2,-0.01207281481088431,378,0.04003008707410932
2026-03-06,2027-03-19,6875.0,6740.02,555.2,569.8,0.230187484884262,496.7,509.7,0.1591404124641418,6934.3,-0.008588467844956848,378,0.0392437041130888
2026-03-06,2027-03-19,6900.0,6740.02,540.1,554.6,0.2284441856670379,505.5,518.6,0.1570466414403915,6935.3,-0.005102900059956442,378,0.03847397342626072
2026-03-06,2027-03-19,6925.0,6740.02,525.1,539.6,0.2267190060806274,514.5,527.6,0.1549023261833191,6936.3,-0.0016304390646277754,378,0.037705458896101204
2026-03-06,2027-03-19,6950.0,6740.02,510.2,524.7,0.2249742763662338,523.7,536.8,0.1527403681278228,6937.2,0.001843424682407094,378,0.03693742281333742
2026-03-06,2027-03-19,6975.0,6740.02,495.6,510.0,0.2232467126178741,533.0,546.2,0.1505569526147842,6938.2,0.005289952824129142,378,0.03617645896810793
2026-03-06,2027-03-19,7000.0,6740.02,481.2,495.4,0.2214972145795821,542.5,557.1,0.1488312961959838,6938.5,0.008824536226385233,378,0.03550693960797801
2026-03-06,2027-03-19,7025.0,6740.02,466.8,481.0,0.219762498345375,552.2,566.8,0.1465587130260467,6939.4,0.01225989976998599,378,0.034742660892079835
2026-03-06,2027-03-19,7050.0,6740.02,452.7,466.8,0.2180411334180831,562.0,576.4,0.1441411728096008,6940.55,0.015646594725175426,378,0.033962011419852486
2026-03-06,2027-03-19,7075.0,6740.02,438.7,452.8,0.2163316893005371,571.8,586.8,0.1419095972251892,6941.45,0.019056757116618313,378,0.03322692994689564
2026-03-06,2027-03-19,7100.0,6740.02,424.9,439.0,0.2146341659927368,582.3,597.1,0.1395216206169128,6942.25,0.0224688545796539,378,0.03247339000649293
2026-03-06,2027-03-19,7125.0,6740.02,411.3,425.3,0.2129099400711059,592.7,607.1,0.1368904594898224,6943.4,0.025818158059792057,378,0.031679589577718055
2026-03-06,2027-03-19,7150.0,6740.02,397.9,411.8,0.211194297132492,603.2,617.8,0.1343928114318848,6944.35,0.029183977392260748,378,0.030921034213030853
2026-03-06,2027-03-19,7175.0,6740.02,384.8,398.5,0.2094867603445052,613.9,628.6,0.1317902602481842,6945.4,0.032523191705560145,378,0.030154562882594157
2026-03-06,2027-03-19,7200.0,6740.02,371.7,385.5,0.2078240458011627,624.9,639.7,0.1291524234676361,6946.3,0.03587188230743547,378,0.029399374820443313
2026-03-06,2027-03-19,7225.0,6740.02,358.9,372.6,0.2061293834877013,636.1,651.0,0.1264287568569183,6947.2,0.039208533296660256,378,0.028633478435739938
2026-03-06,2027-03-19,7250.0,6740.02,346.4,360.0,0.2044776360893249,647.5,662.4,0.1235658551883697,6948.25,0.042511639557614014,378,0.027861326822007575
2026-03-06,2027-03-19,7275.0,6740.02,334.1,347.6,0.2028306570148467,659.0,674.1,0.1206304749965667,6949.3,0.04580287797785774,378,0.027088387179832668
2026-03-06,2027-03-19,7300.0,6740.02,321.9,335.4,0.2011865389347076,670.8,686.1,0.1176064039802551,6950.2,0.04910391201327666,378,0.026312150336301812
2026-03-06,2027-03-19,7325.0,6740.02,310.0,323.5,0.1995824747753143,682.9,698.3,0.114430700263977,6951.15,0.05238604138878871,378,0.025529051787082865
2026-03-06,2027-03-19,7350.0,6740.02,298.4,311.6,0.1979040247631072,695.2,710.7,0.1110747539043426,6952.05,0.05566373311260425,378,0.024717027932918724
2026-03-06,2027-03-19,7375.0,6740.02,287.0,300.2,0.1963409681892395,707.8,723.3,0.1075004183101654,6953.05,0.05891548999434398,378,0.023901920767571867
2026-03-06,2027-03-19,7400.0,6740.02,275.9,289.0,0.1947779116153716,720.7,736.2,0.1037096008110046,6954.0,0.06216296662445449,378,0.023067008587777906
2026-03-06,2027-03-19,7425.0,6740.02,265.0,278.0,0.1932148550415039,733.8,749.3,0.0995859543037414,6954.95,0.06539904841180828,378,0.02219644840706932
2026-03-06,2027-03-19,7450.0,6740.02,254.4,267.3,0.191688991394043,747.1,762.3,0.0948500550079345,6956.15,0.06858787201462506,378,0.021257224858011535
2026-03-06,2027-03-19,7475.0,6740.02,244.1,256.8,0.1901621740818024,760.7,776.0,0.0898089829826354,6957.1,0.07180139842676427,378,0.020293900576619197
2026-03-06,2027-03-19,7500.0,6740.02,233.9,246.6,0.1886725496959686,774.2,789.7,0.0837608409500122,6958.3,0.07496782890409111,378,0.019215850674035063
2026-03-06,2027-03-19,7600.0,6740.02,197.5,208.3,0.1828895264720916,832.3,847.9,1.0000000000000004e-05,6962.8,0.08756655499586816,378,0.008660921578249589
2026-03-06,2027-03-19,7700.0,6740.02,164.1,174.6,0.1776548604965209,894.8,910.5,1.0000000000000004e-05,6966.7,0.10007867387943391,378,0.03268534875380405
2026-03-06,2027-03-19,7750.0,6740.02,147.8,159.2,0.1751381391429901,927.3,943.5,1.0000000000000004e-05,6968.1,0.10635025259771164,378,0.03176584389526963
2026-03-06,2027-03-19,7800.0,6740.02,135.0,145.0,0.1728073824214935,961.2,977.2,1.0000000000000004e-05,6970.8,0.11239373789119587,378,0.03092598344252388
2026-03-06,2027-03-19,7900.0,6740.02,109.0,120.7,0.1690585261726379,1020.6,1059.7,1.0000000000000004e-05,6974.7,0.12457344344322356,378,0.0295987310484635
2026-03-06,2027-03-19,8000.0,6740.02,88.4,99.7,0.1655986303520203,1095.4,1134.6,1.0000000000000004e-05,6979.05,0.1365287373202918,378,0.02839961262889806
2026-03-06,2027-03-19,8050.0,6740.02,78.9,90.6,0.1641166352844238,1139.6,1151.1,1.0000000000000004e-05,6989.4,0.14127737577882285,378,0.02789357274338756
2026-03-06,2027-03-19,8100.0,6740.02,70.2,81.9,0.1625154321193694,1173.3,1213.0,1.0000000000000004e-05,6982.9,0.14839975840965916,378,0.027351940892836563
2026-03-06,2027-03-19,8200.0,6740.02,55.9,66.8,0.1596820940589904,1256.8,1287.0,1.0000000000000004e-05,6989.45,0.1597322849542725,378,0.026406532327776133
2026-03-06,2027-03-19,8400.0,6740.02,36.1,43.4,0.154574265499115,1425.1,1464.7,1.0000000000000004e-05,6994.85,0.18305754185023865,378,0.024744194366124263
2026-03-06,2027-03-19,8500.0,6740.02,28.6,35.2,0.1528977228164673,1513.4,1552.9,1.0000000000000004e-05,6998.75,0.19433460181530485,378,0.024210344539316045
2026-03-06,2027-03-19,8800.0,6740.02,14.1,19.9,0.1511048330307007,1786.8,1826.1,1.0000000000000004e-05,7010.55,0.22733556417164083,378,0.023645888968929274
2026-03-06,2027-03-19,9000.0,6740.02,8.6,14.3,0.1518067303085327,1973.5,2012.7,1.0000000000000004e-05,7018.35,0.24869642966041497,378,0.02386607428140752
2026-03-06,2027-03-19,10000.0,6740.02,0.05,4.7,0.1665885343933106,2925.6,2964.5,1.0000000000000004e-05,7057.325,0.34851900847194794,378,0.028740157920864776
2026-03-06,2027-06-17,600.0,6740.02,5987.3,6028.2,1.0000000000000004e-05,0.0,1.45,0.726565234375,6607.025,-2.3989591006721773,468,0.6768652455548564
2026-03-06,2027-06-17,1000.0,6740.02,5892.3,5927.6,1.360999441356659,0.05,5.6,0.6530796411132813,6907.125000000001,-1.9325534875252397,468,0.5468714856272693
2026-03-06,2027-06-17,1200.0,6740.02,5687.1,5738.6,1.2272186771583558,1.1,6.9,0.6143837390136719,6908.85,-1.7504816416650357,468,0.48398557058013275
2026-03-06,2027-06-17,2200.0,6740.02,4772.8,4798.5,0.8967715095901488,12.9,18.7,0.4985706881713867,6969.849999999999,-1.153136343373143,468,0.3187179127576082
2026-03-06,2027-06-17,3200.0,6740.02,3623.3,3662.8,0.5113879428100586,35.4,42.0,0.3978865753936768,6804.35,-0.7544113037341442,468,0.20298855939490895
2026-03-06,2027-06-17,3400.0,6740.02,3439.3,3478.8,0.4929555099487305,41.5,48.5,0.3806405015182494,6814.05,-0.6952112254236088,468,0.1857731659544059
2026-03-06,2027-06-17,3500.0,6740.02,3347.6,3387.2,0.4839071385192872,45.1,52.1,0.3723741352081299,6818.799999999999,-0.6669205347992646,468,0.1777919134128691
2026-03-06,2027-06-17,3800.0,6740.02,3086.8,3125.3,0.4666114740753174,56.7,64.4,0.3486812874221802,6845.5,-0.5885904353593336,468,0.15588713318587963
2026-03-06,2027-06-17,4000.0,6740.02,3126.4,3142.1,0.5755772117996216,65.9,74.1,0.3337735995864868,7064.25,-0.5687524922690086,468,0.14284233913827604
2026-03-06,2027-06-17,4100.0,6740.02,2803.3,2842.9,0.4310254728221894,71.0,79.8,0.3269072131729126,6847.700000000001,-0.5129258557583475,468,0.13702568925878547
2026-03-06,2027-06-17,4225.0,6740.02,2670.3,2707.9,0.4042036508941651,78.0,87.4,0.3184062453269957,6831.400000000001,-0.4805103698065013,468,0.12999185574135333
2026-03-06,2027-06-17,4325.0,6740.02,2582.9,2620.4,0.3976290859031677,69.0,70.1,0.2884363759613035,6857.1,-0.4608724714492037,468,0.10667264140701128
2026-03-06,2027-06-17,4500.0,6740.02,2432.6,2472.1,0.3884214524555206,96.0,106.4,0.3001874333763122,6851.15,-0.42033912461872924,468,0.11554150063973449
2026-03-06,2027-06-17,4600.0,6740.02,2361.0,2400.5,0.3904174728393554,103.6,114.4,0.2938837091827392,6871.75,-0.4013625010140951,468,0.11073987111442812
2026-03-06,2027-06-17,4800.0,6740.02,2189.1,2219.5,0.3707290634632111,120.8,132.5,0.2817921934413909,6877.65,-0.35966110591572514,468,0.10181479795383783
2026-03-06,2027-06-17,4850.0,6740.02,2145.4,2184.7,0.3714071191215514,125.4,137.1,0.2785964627647399,6883.8,-0.3501921201016234,468,0.09951858323953906
2026-03-06,2027-06-17,4900.0,6740.02,2102.8,2142.1,0.367728834066391,130.3,142.2,0.2756458239364623,6886.2,-0.3402842038159596,468,0.09742172679093158
2026-03-06,2027-06-17,5000.0,6740.02,2018.2,2057.4,0.3604361594963073,140.5,153.0,0.2698332371044158,6891.05,-0.32078555575559903,468,0.09335635259190139
2026-03-06,2027-06-17,5050.0,6740.02,1965.0,2004.0,0.3511455572128295,145.7,158.0,0.2665345106315613,6882.65,-0.3096155089159646,468,0.09108773158180697
2026-03-06,2027-06-17,5075.0,6740.02,1944.7,1984.1,0.3499344029426574,148.7,161.6,0.2655131356525421,6884.25,-0.304909668857322,468,0.09039096272737854
2026-03-06,2027-06-17,5100.0,6740.02,1923.8,1963.0,0.348101459236145,151.6,164.7,0.2641598853302002,6885.25,-0.30014090261174076,468,0.08947191306374518
2026-03-06,2027-06-17,5125.0,6740.02,1876.9,1916.6,0.3337440359783172,154.5,167.5,0.2626025507450104,6860.75,-0.29168624018335776,468,0.08842007298587325
2026-03-06,2027-06-17,5150.0,6740.02,1973.8,1996.6,0.3804736101818085,158.5,169.9,0.2607924949932098,6971.0,-0.3027619718286169,468,0.08720535755659892
2026-03-06,2027-06-17,5175.0,6740.02,1836.7,1874.6,0.3303127501010894,160.4,173.9,0.2598731621456146,6863.5,-0.2823781765581445,468,0.08659161717497674
2026-03-06,2027-06-17,5200.0,6740.02,2102.2,2111.9,0.4468734741306305,163.4,176.9,0.2583539741516114,7136.9,-0.31661988281396547,468,0.08558216753218612
2026-03-06,2027-06-17,5250.0,6740.02,1892.5,1915.0,0.3729940173149109,169.7,183.4,0.255515867767334,6977.2,-0.2844196135583103,468,0.08371219688399523
2026-03-06,2027-06-17,5300.0,6740.02,1982.0,1992.3,0.4210148536300659,176.1,190.0,0.2526214951610566,7104.1,-0.29296526160929537,468,0.08182642760149814
2026-03-06,2027-06-17,5400.0,6740.02,1688.2,1726.8,0.3324203492641449,189.8,203.8,0.2468203523063659,6910.7,-0.2466719815388047,468,0.07811149039538316
2026-03-06,2027-06-17,5500.0,6740.02,1608.1,1646.4,0.3256636343002319,204.5,218.4,0.2409782018661498,6915.8,-0.22906055671450132,468,0.07445750982611739
2026-03-06,2027-06-17,5525.0,6740.02,1673.4,1695.1,0.3530156938457489,208.4,222.5,0.2396630981349944,6993.8,-0.23574079488911934,468,0.07364704516270337
2026-03-06,2027-06-17,5550.0,6740.02,1568.4,1606.6,0.3223305758953093,212.5,226.5,0.2382697938919067,6918.0,-0.22032878275663378,468,0.07279322605710827
2026-03-06,2027-06-17,5575.0,6740.02,1634.0,1645.8,0.3453005457782745,216.6,230.4,0.2367982891368865,6991.4,-0.22638850496798152,468,0.07189689073275957
2026-03-06,2027-06-17,5600.0,6740.02,1529.0,1567.0,0.3189946564960479,220.7,234.4,0.23534490401268,6920.45,-0.2117141986759213,468,0.07101704317626624
2026-03-06,2027-06-17,5650.0,6740.02,1429.6,1449.4,0.2830481699562072,229.3,242.7,0.2324848633384704,6853.5,-0.1931039255309493,468,0.0693014549779326
2026-03-06,2027-06-17,5675.0,6740.02,1664.1,1672.9,0.3802847845554352,233.7,246.9,0.2310314782142639,7103.2,-0.2244748233685136,468,0.06843768371864706
2026-03-06,2027-06-17,5700.0,6740.02,1687.0,1695.7,0.3948777630138397,238.1,251.2,0.2295928748941421,7146.7,-0.22618453686221424,468,0.06758803199619058
2026-03-06,2027-06-17,5750.0,6740.02,1421.8,1435.4,0.3033350039815902,247.2,260.0,0.2267094694328308,6925.0,-0.1859381972641431,468,0.06590104628022281
2026-03-06,2027-06-17,5775.0,6740.02,1404.7,1417.8,0.302418532128334,251.8,264.4,0.225219845046997,6928.15,-0.18205456588809926,468,0.06503786845534489
2026-03-06,2027-06-17,5800.0,6740.02,1380.4,1400.5,0.3015864596080779,256.5,269.2,0.2238704093837737,6927.6,-0.17765551532037752,468,0.06426083663699766
2026-03-06,2027-06-17,5850.0,6740.02,1525.9,1531.9,0.363822623128891,265.8,278.7,0.2210275346755981,7106.65,-0.19458930416725903,468,0.06263913443198256
2026-03-06,2027-06-17,5875.0,6740.02,1323.4,1343.3,0.2968257650279998,270.6,283.6,0.2196189717960357,6931.25,-0.16533411208631743,468,0.06184330580176995
2026-03-06,2027-06-17,5900.0,6740.02,1304.6,1324.4,0.2952526949739456,275.4,288.5,0.2181751233196258,6932.55,-0.16127535997545026,468,0.06103282168720514
2026-03-06,2027-06-17,5925.0,6740.02,1471.5,1482.3,0.3606478730773925,280.5,293.6,0.2167799117469787,7114.85,-0.18300346207772708,468,0.06025471809350424
2026-03-06,2027-06-17,5950.0,6740.02,1267.1,1286.8,0.2921056012010573,285.5,298.7,0.2153494145774841,6934.849999999999,-0.15316820455933142,468,0.059462118706709255
2026-03-06,2027-06-17,5975.0,6740.02,1238.7,1279.8,0.2949518137359619,290.6,303.8,0.2138836318111419,6937.05,-0.14929251428629745,468,0.05865541184588187
2026-03-06,2027-06-17,6000.0,6740.02,1229.9,1249.5,0.2889666135787962,295.6,309.1,0.2124626712894439,6937.35,-0.14516038798912576,468,0.057878632798895525
2026-03-06,2027-06-17,6025.0,6740.02,1293.8,1314.0,0.3182908518886566,300.9,314.4,0.2110059483385085,7021.25,-0.15302378548778678,468,0.0570876788756745
2026-03-06,2027-06-17,6050.0,6740.02,1193.3,1212.4,0.2857956781864166,306.2,319.8,0.2095520863819122,6939.85,-0.13722188840952781,468,0.056303704088991234
2026-03-06,2027-06-17,6075.0,6740.02,1310.7,1323.0,0.3316145025253296,311.6,325.3,0.2081010854196548,7073.4,-0.15215928031738749,468,0.0555266764392559
2026-03-06,2027-06-17,6100.0,6740.02,1156.8,1175.7,0.282663843050003,317.1,330.9,0.2066510381221771,6942.25,-0.12933715828835018,468,0.05475555322921534
2026-03-06,2027-06-17,6125.0,6740.02,1138.6,1157.7,0.2811837553119659,322.6,336.5,0.2051642747306823,6943.6,-0.12544161558146638,468,0.05397050319139425
2026-03-06,2027-06-17,6150.0,6740.02,1332.2,1340.1,0.3520720425462722,328.3,342.2,0.2036775113391876,7150.9,-0.15078614109188082,468,0.053191121634663156
2026-03-06,2027-06-17,6175.0,6740.02,1102.6,1121.5,0.2780647946500778,334.0,348.1,0.20222698720932,6946.0,-0.11765707180784139,468,0.052436200105465666
2026-03-06,2027-06-17,6200.0,6740.02,1084.7,1103.5,0.2764984002494811,339.8,353.9,0.2007016003942489,6947.25,-0.1137966057690637,468,0.05164813688652158
2026-03-06,2027-06-17,6225.0,6740.02,1143.5,1148.5,0.2973889040803908,345.7,360.0,0.1992477384376526,7018.15,-0.1199262081925549,468,0.050902579385038345
2026-03-06,2027-06-17,6250.0,6740.02,1049.1,1067.8,0.2733846847438811,351.7,366.0,0.1977171064662933,6949.599999999999,-0.10610264021526346,468,0.05012351057709827
2026-03-06,2027-06-17,6275.0,6740.02,1164.0,1168.8,0.3137752491569519,357.7,372.2,0.1962193759298324,7076.45,-0.12019888450915345,468,0.04936700370810158
2026-03-06,2027-06-17,6300.0,6740.02,1013.9,1032.5,0.2702933803606033,363.9,378.4,0.1946811146402359,6952.05,-0.09848694671465412,468,0.06930287637575451
2026-03-06,2027-06-17,6325.0,6740.02,996.4,1015.0,0.2687546422386169,370.2,384.8,0.1931733706235885,6953.2,-0.09469195065166423,468,0.06839771567347568
2026-03-06,2027-06-17,6350.0,6740.02,979.0,997.5,0.2671849100112916,376.4,391.2,0.1916241421890259,6954.45,-0.09092692954512785,468,0.06747718445636049
2026-03-06,2027-06-17,6375.0,6740.02,967.2,975.4,0.2639863183403015,382.8,397.7,0.1900672844362259,6956.05,-0.08722769346081594,468,0.06608566268695427
2026-03-06,2027-06-17,6400.0,6740.02,944.5,962.9,0.2640912214660644,389.4,404.3,0.1885027973651886,6956.85,-0.08342879532575606,468,0.06566147251554377
2026-03-06,2027-06-17,6425.0,6740.02,1092.8,1101.8,0.3163358390903472,396.0,411.0,0.1869302041435241,7118.8,-0.10254254111241007,468,0.044803500743817344
2026-03-06,2027-06-17,6450.0,6740.02,1037.0,1042.4,0.3000453373241424,402.7,417.8,0.1853471206092834,7079.45,-0.09311609026459966,468,0.0755229673194037
2026-03-06,2027-06-17,6475.0,6740.02,1019.1,1024.0,0.2978685974645614,409.5,424.6,0.1837192148303985,7079.5,-0.08925467615728708,468,0.0743436658938968
2026-03-06,2027-06-17,6500.0,6740.02,876.6,894.8,0.2578952613925934,416.3,431.6,0.1821141970062255,6961.75,-0.06862870262141613,468,0.06206075026632703
2026-03-06,2027-06-17,6525.0,6740.02,859.9,878.0,0.2563398341369629,423.3,438.7,0.180496781539917,6962.95,-0.06496228191300242,468,0.06116895553187812
2026-03-06,2027-06-17,6550.0,6740.02,843.3,861.4,0.2548187388134003,430.4,445.9,0.1788650611019134,6964.2,-0.06131769097333437,468,0.0602891826908256
2026-03-06,2027-06-17,6575.0,6740.02,828.7,844.8,0.2532628347253799,437.6,453.1,0.1771851805925369,6966.4,-0.05782401399426299,468,0.05939288434318528
2026-03-06,2027-06-17,6600.0,6740.02,810.3,828.4,0.2517393552398681,444.9,460.5,0.1755229428815841,6966.65,-0.05406482892291648,468,0.05851701192694492
2026-03-06,2027-06-17,6625.0,6740.02,799.5,806.2,0.2482360676717758,452.3,468.0,0.1738435392045975,6967.7,-0.05043481279010294,468,0.05710599934599156
2026-03-06,2027-06-17,6650.0,6740.02,777.8,795.7,0.2486189640808105,459.9,475.6,0.1721460158967972,6969.0,-0.04685488778861901,468,0.056750823835452394
2026-03-06,2027-06-17,6675.0,6740.02,761.7,779.5,0.2470549538421631,467.5,483.3,0.170428465628624,6970.2,-0.0432747144790338,468,0.055869072458530074
2026-03-06,2027-06-17,6700.0,6740.02,745.7,763.5,0.245520984044075,475.1,491.1,0.168690411567688,6971.5,-0.03972288325601825,468,0.05499675723231069
2026-03-06,2027-06-17,6725.0,6740.02,729.9,747.6,0.2439827227544784,483.0,499.0,0.1669299463844299,6972.75,-0.036177769534037174,468,0.05412427105229274
2026-03-06,2027-06-17,6750.0,6740.02,714.1,731.8,0.2424396931409835,490.9,507.0,0.1651451627492905,6974.0,-0.03264644336902094,468,0.05325116034487168
2026-03-06,2027-06-17,6775.0,6740.02,700.4,716.1,0.2408914183712005,499.0,515.2,0.1633680084323883,6976.15,-0.02925782190332086,468,0.05238576725114862
2026-03-06,2027-06-17,6800.0,6740.02,683.0,700.5,0.2393374216127395,507.2,523.4,0.1615307732343673,6976.45,-0.02561757922487207,468,0.051510551309253215
2026-03-06,2027-06-17,6825.0,6740.02,794.8,798.4,0.2752185821151733,515.5,531.9,0.1597302541303634,7097.9,-0.03920662457841078,468,0.060641417390979634
2026-03-06,2027-06-17,6850.0,6740.02,652.3,669.7,0.2362418257379531,524.0,540.4,0.1578658394861221,6978.8,-0.01862832994947575,468,0.04978777988832738
2026-03-06,2027-06-17,6875.0,6740.02,637.2,654.5,0.2346992729568481,532.8,549.1,0.1560009480094909,6979.9,-0.015142946471454241,468,0.04893057405914547
2026-03-06,2027-06-17,6900.0,6740.02,622.1,639.4,0.2331481371927261,541.3,557.9,0.1541012477684021,6981.15,-0.011692248047205882,468,0.04807003857499816
2026-03-06,2027-06-17,6925.0,6740.02,607.3,624.5,0.2316208430480957,550.1,566.8,0.1521643546009064,6982.45,-0.008261805979113735,468,0.047213852378998854
2026-03-06,2027-06-17,6950.0,6740.02,592.5,609.7,0.2300840122556686,560.7,575.8,0.150186930680275,6982.85,-0.004715483317545756,468,0.04635315297217213
2026-03-06,2027-06-17,6975.0,6740.02,577.9,595.0,0.2285366911506653,569.8,585.0,0.1481994932794571,6984.05,-0.001296650025321384,468,0.04549541879753196
2026-03-06,2027-06-17,7000.0,6740.02,563.5,580.5,0.2270108275032043,577.8,594.3,0.1461667568016051,6985.95,0.002009159867771664,468,0.044639990693222074
2026-03-06,2027-06-17,7025.0,6740.02,549.2,566.1,0.2254735198783874,587.1,603.8,0.144117808022499,6987.2,0.0053953114706500795,468,0.0437861279730582
2026-03-06,2027-06-17,7050.0,6740.02,535.0,551.9,0.2239562392139434,598.0,613.4,0.1420164076805114,6987.75,0.00886900080767031,468,0.042932902625115614
2026-03-06,2027-06-17,7075.0,6740.02,521.0,537.8,0.2224256072425842,606.3,624.9,0.1404652719163895,6988.8,0.012258575840961778,468,0.04221289164570526
2026-03-06,2027-06-17,7100.0,6740.02,507.1,523.9,0.220914525399208,617.6,634.9,0.138318095664978,6989.25,0.015721529695532255,468,0.04136609560626704
2026-03-06,2027-06-17,7125.0,6740.02,495.2,510.2,0.2194215631866455,627.7,645.0,0.136107500705719,6991.35,0.01893605550957108,468,0.04051755366258953
2026-03-06,2027-06-17,7150.0,6740.02,479.9,496.5,0.2178799640703201,638.2,655.3,0.1338606664848327,6991.45,0.022424382773877552,468,0.03965866336561746
2026-03-06,2027-06-17,7175.0,6740.02,594.2,598.6,0.2545240563964844,646.8,665.7,0.1315384927463531,7115.15,0.008376448105435395,468,0.04777584149733671
2026-03-06,2027-06-17,7200.0,6740.02,453.2,469.8,0.2148802115058899,657.3,676.4,0.1292048750305175,6994.65,0.028935454896208742,468,0.03795112869282668
2026-03-06,2027-06-17,7225.0,6740.02,440.2,456.7,0.2133877261257171,669.6,686.9,0.1266748023700714,6995.2,0.03232303443846822,468,0.0370689732180083
2026-03-06,2027-06-17,7250.0,6740.02,427.3,443.7,0.2118771211147307,680.5,697.9,0.1241885982894897,6996.3,0.0356200309829641,468,0.036202738706205786
2026-03-06,2027-06-17,7275.0,6740.02,414.7,431.0,0.2104141993427276,691.5,709.0,0.1215946300888061,6997.6,0.038876579934048056,468,0.03533395602739227
2026-03-06,2027-06-17,7300.0,6740.02,403.9,418.5,0.2089651057100295,702.8,720.3,0.1189176930522918,6999.65,0.042014200349073806,468,0.03446118952803536
2026-03-06,2027-06-17,7325.0,6740.02,533.7,538.6,0.2518242314052581,710.8,717.6,0.1106160411453247,7146.95,0.02460746263211437,468,0.04210812407256238
2026-03-06,2027-06-17,7350.0,6740.02,377.8,393.8,0.2060044534015655,725.8,743.4,0.1132204996585845,7001.2,0.048618750290201865,468,0.032665300730909126
2026-03-06,2027-06-17,7375.0,6740.02,365.9,381.8,0.2045596512603759,737.7,755.3,0.1102040579605102,7002.35,0.051850095224287775,468,0.03175866997033258
2026-03-06,2027-06-17,7400.0,6740.02,355.9,370.1,0.2031606250286102,749.8,767.4,0.1070321689033508,7004.4,0.05494147719451556,468,0.03084298526207116
2026-03-06,2027-06-17,7425.0,6740.02,342.7,358.5,0.2017382340097427,762.0,779.7,0.1036733615493774,7004.75,0.05826419433037181,468,0.029899507934603303
2026-03-06,2027-06-17,7450.0,6740.02,331.4,347.1,0.2003263333034515,774.2,792.2,0.1000856746482849,7006.05,0.06143997090170219,468,0.02892861046308634
2026-03-06,2027-06-17,7475.0,6740.02,320.3,335.7,0.1988548285484313,786.8,804.9,0.0962109346485138,7007.15,0.06463306295321902,468,0.027908123669826014
2026-03-06,2027-06-17,7500.0,6740.02,309.3,324.8,0.197497286734581,799.6,817.8,0.0919661727142334,7008.35,0.06780072523290624,468,0.026858422026468015
2026-03-06,2027-06-17,7525.0,6740.02,298.7,314.0,0.1961139959716797,683.6,686.2,1.0000000000000004e-05,7146.45,0.05161508072420158,468,0.012329755479781462
2026-03-06,2027-06-17,7550.0,6740.02,288.3,303.5,0.1947750506210326,826.0,844.2,0.0817486082649231,7010.8,0.07409574604404934,468,0.02451080566868531
2026-03-06,2027-06-17,7575.0,6740.02,278.1,293.2,0.1934451650857925,708.5,711.2,1.0000000000000004e-05,7150.8,0.05762911283663642,468,0.0119964750824916
2026-03-06,2027-06-17,7600.0,6740.02,269.6,283.1,0.1921238625335693,853.3,871.5,0.0662439262771606,7013.95,0.08024722419965055,468,0.021397830061667605
2026-03-06,2027-06-17,7650.0,6740.02,248.7,263.6,0.1895422919750214,881.4,899.8,1.0000000000000004e-05,7015.55,0.08657653393616756,468,0.011517310556107125
2026-03-06,2027-06-17,7700.0,6740.02,230.3,244.9,0.1869931460189819,910.5,928.7,1.0000000000000004e-05,7018.0,0.09274205169861476,468,0.01120961825933318
2026-03-06,2027-06-17,7750.0,6740.02,214.6,227.2,0.1845517641830444,940.5,958.8,1.0000000000000004e-05,7021.25,0.09875157850075014,468,0.010918839017555753
2026-03-06,2027-06-17,7775.0,6740.02,206.1,218.7,0.1833634978675842,798.7,803.1,1.0000000000000004e-05,7186.5,0.0787091920561484,468,0.010778693828116635
2026-03-06,2027-06-17,7800.0,6740.02,196.3,210.4,0.182183814535141,971.4,989.6,1.0000000000000004e-05,7022.85,0.10495461514060518,468,0.04255715338732312
2026-03-06,2027-06-17,7850.0,6740.02,182.0,195.9,0.1804591117811203,850.5,853.8,1.0000000000000004e-05,7186.8,0.088267521718037,468,0.010439958180621317
2026-03-06,2027-06-17,7875.0,6740.02,173.1,188.3,0.1793571521282195,867.6,871.3,1.0000000000000004e-05,7186.25,0.09152370675633313,468,0.010312852892391172
2026-03-06,2027-06-17,7900.0,6740.02,165.9,180.9,0.178266159620285,1035.1,1054.3,1.0000000000000004e-05,7028.7,0.11686099251440898,468,0.04074654650843284
2026-03-06,2027-06-17,7950.0,6740.02,153.4,166.8,0.1761642824459076,1068.8,1088.0,1.0000000000000004e-05,7031.7,0.12274343130945954,468,0.03979135305131766
2026-03-06,2027-06-17,8000.0,6740.02,140.5,153.5,0.1741177178287506,1103.3,1122.5,1.0000000000000004e-05,7034.1,0.12867179106717325,468,0.0388721821418237
2026-03-06,2027-06-17,8050.0,6740.02,128.4,141.2,0.1722256469058991,1138.7,1158.0,1.0000000000000004e-05,7036.45,0.1345683098066761,468,0.03803195390577737
2026-03-06,2027-06-17,8100.0,6740.02,117.2,129.7,0.1704117764949799,1174.9,1194.3,1.0000000000000004e-05,7038.85,0.14041925712460498,468,0.037235071862755875
2026-03-06,2027-06-17,8150.0,6740.02,106.4,119.3,0.1688372759437561,1201.9,1241.1,1.0000000000000004e-05,7041.35,0.1462180141030441,468,0.036550191918122095
2026-03-06,2027-06-17,8200.0,6740.02,96.4,109.9,0.1674821182918549,1239.7,1279.0,1.0000000000000004e-05,7043.8,0.15198635699788157,468,0.0359658127546372
2026-03-06,2027-06-17,8300.0,6740.02,78.5,92.6,0.1647441467094421,1133.2,1142.2,1.0000000000000004e-05,7247.85,0.13555064164026434,468,0.03479949768085036
2026-03-06,2027-06-17,8500.0,6740.02,54.0,63.1,0.1587475025749206,1480.7,1520.4,1.0000000000000004e-05,7058.0,0.18590443824319244,468,0.03231221961788063
2026-03-06,2027-06-17,8600.0,6740.02,44.2,52.5,0.1567448065376282,1565.6,1605.3,1.0000000000000004e-05,7062.9,0.19690647122258498,468,0.03150208572112508
2026-03-06,2027-06-17,9000.0,6740.02,19.8,26.7,0.1531494903182984,1875.3,1910.8,1.0000000000000004e-05,7130.2,0.2328852928125389,468,0.03007350867963052
2026-03-06,2027-06-17,9600.0,6740.02,5.8,11.6,0.1552246648788452,2324.9,2337.3,1.0000000000000004e-05,7277.599999999999,0.2769619609480757,468,0.030894021924928513
2026-03-06,2027-06-17,9800.0,6740.02,3.6,9.5,0.157761413192749,2493.4,2533.8,1.0000000000000004e-05,7292.95,0.2954742575871408,468,0.03191203976581999
2026-03-06,2027-06-17,10000.0,6740.02,2.35,7.9,0.1604736358261108,2677.9,2720.5,1.0000000000000004e-05,7305.925,0.31389943020882244,468,0.03301873065254131
2026-03-06,2027-06-17,10200.0,6740.02,0.05,9.3,0.1710516855621338,2863.3,2905.6,1.0000000000000004e-05,7320.225,0.33174665508448076,468,0.03751523790286805
2026-03-06,2027-12-17,600.0,6740.02,6038.7,6078.3,1.0000000000000004e-05,0.05,5.8,0.7089262506103515,6655.575,-2.4062804730828002,651,0.8963760415115002
2026-03-06,2027-12-17,800.0,6740.02,5075.1,5115.1,1.0000000000000004e-05,0.0,6.7,0.6315344464111328,5891.75,-1.9966966186002773,651,0.7113481583821484
2026-03-06,2027-12-17,1000.0,6740.02,5667.2,5706.8,1.0000000000000004e-05,0.95,6.6,0.5722088677978516,6683.225,-1.8996006554767844,651,0.5839790833961945
2026-03-06,2027-12-17,1200.0,6740.02,5482.1,5521.7,1.0000000000000004e-05,2.65,8.4,0.541569525756836,6696.375,-1.7192447784093068,651,0.5231142626020363
2026-03-06,2027-12-17,1400.0,6740.02,5297.4,5337.0,1.0000000000000004e-05,4.6,10.9,0.5154772573852539,6709.45,-1.5670447437897672,651,0.47392229774193567
2026-03-06,2027-12-17,1600.0,6740.02,5113.1,5152.7,0.5043384527587891,6.9,13.9,0.5129138064575195,6722.5,-1.4354564799151472,651,0.4692204189820189
2026-03-06,2027-12-17,2000.0,6740.02,4746.0,4785.6,0.5339936127471924,14.7,21.1,0.4656425506591797,6747.900000000001,-1.2160841648082805,651,0.38671715952009794
2026-03-06,2027-12-17,2200.0,6740.02,4375.8,4413.7,1.0000000000000004e-05,18.7,25.6,0.445394340057373,6572.6,-1.094452132052496,651,0.35381603539451495
2026-03-06,2027-12-17,2300.0,6740.02,2346.7,2411.3,1.0000000000000004e-05,20.9,28.0,0.435628812713623,4654.55,-0.7049361128740107,651,0.3384708851110927
2026-03-06,2027-12-17,2400.0,6740.02,4475.9,4515.1,0.6147041703796388,23.2,30.6,0.426336303100586,6868.6,-1.0514915635428643,651,0.32418487894602754
2026-03-06,2027-12-17,2500.0,6740.02,4253.6,4293.1,0.4563729290008544,25.7,33.3,0.4171963798522949,6743.85,-0.99234024658516,651,0.31043393261526325
2026-03-06,2027-12-17,2600.0,6740.02,4199.4,4239.0,0.5073405894851685,28.3,36.2,0.4084264785385131,6786.95,-0.9594902056418531,651,0.2975198209034581
2026-03-06,2027-12-17,2900.0,6740.02,4146.6,4170.2,0.6499077520561218,34.8,45.7,0.3831085859680175,7018.15,-0.883788913550898,651,0.2617772460444148
2026-03-06,2027-12-17,3000.0,6740.02,3838.2,3877.8,0.4802431584358215,38.1,49.3,0.3752122415924073,6814.3,-0.8204110566047337,651,0.2510973459801648
2026-03-06,2027-12-17,3100.0,6740.02,3755.5,3787.9,0.4730563406562805,41.6,53.1,0.3674990008544921,6824.35,-0.7890949869492495,651,0.2408798374644152
2026-03-06,2027-12-17,3400.0,6740.02,3480.4,3520.1,0.451703786239624,53.4,66.0,0.3455723402404785,6840.55,-0.6990927061364095,651,0.21299336373389577
2026-03-06,2027-12-17,3500.0,6740.02,3391.7,3431.3,0.4445274587726593,57.8,70.8,0.3385648114395141,6847.2,-0.6710768410898948,651,0.2044427716050493
2026-03-06,2027-12-17,3600.0,6740.02,3303.2,3342.8,0.4373797412490844,62.6,76.0,0.331828123435974,6853.7,-0.6438548069711375,651,0.19638780049446314
2026-03-06,2027-12-17,3700.0,6740.02,3273.2,3313.0,0.4681411523818969,67.7,81.5,0.3252135045242309,6918.5,-0.6258661634771232,651,0.18863629894446768
2026-03-06,2027-12-17,3800.0,6740.02,2763.5,2797.8,1.0000000000000004e-05,73.2,87.3,0.3186980667495727,6500.4,-0.5368626467373763,651,0.1811536054662869
2026-03-06,2027-12-17,3900.0,6740.02,3040.0,3079.6,0.4163876721191406,79.0,93.6,0.3124401184654235,6873.5,-0.5666968847937368,651,0.17410919667116112
2026-03-06,2027-12-17,4000.0,6740.02,2953.1,2992.7,0.4095479883193969,85.2,100.8,0.306723851776123,6879.9,-0.5423097558360083,651,0.16779662556903033
2026-03-06,2027-12-17,4100.0,6740.02,2997.0,3019.0,0.4636198276615142,91.9,108.0,0.3007443736076355,7008.05,-0.5360725146015726,651,0.161318117931722
2026-03-06,2027-12-17,4150.0,6740.02,2803.0,2844.6,0.3889888829994201,95.4,111.8,0.297818530063629,6870.200000000001,-0.5040848836494165,651,0.1581945639147088
2026-03-06,2027-12-17,4200.0,6740.02,2780.7,2820.3,0.3961232492160798,99.2,116.2,0.2952760597610473,6892.8,-0.49539286325055504,651,0.1555050860429431
2026-03-06,2027-12-17,4250.0,6740.02,2745.3,2772.1,0.3899215671539306,103.1,120.2,0.2923635675239562,6897.049999999999,-0.4841748010153316,651,0.1524525276865288
2026-03-06,2027-12-17,4300.0,6740.02,2586.6,2605.1,0.3159114582633971,107.2,124.3,0.2894587046051025,6780.1,-0.4553768284065551,651,0.1494381052828856
2026-03-06,2027-12-17,4400.0,6740.02,2817.2,2839.3,0.4731183288669586,115.5,133.1,0.2838664143371581,7103.95,-0.4790464264525962,651,0.1437196490789081
2026-03-06,2027-12-17,4450.0,6740.02,2562.0,2619.2,0.3854917942523955,120.0,137.5,0.2809701344013214,6911.85,-0.4403332336992384,651,0.14080187641917338
2026-03-06,2027-12-17,4500.0,6740.02,2526.3,2565.7,0.3766780243587493,124.5,142.3,0.2782636337566375,6912.6,-0.42926843651365176,651,0.13810233716798
2026-03-06,2027-12-17,4550.0,6740.02,2697.1,2714.3,0.4598852763843536,132.8,146.8,0.2753034582805633,7115.9,-0.4472044839033141,651,0.13517969366012558
2026-03-06,2027-12-17,4600.0,6740.02,2442.8,2482.1,0.3704191224098205,134.2,152.2,0.2728201151943206,6919.25,-0.40825107875793926,651,0.132751947207595
2026-03-06,2027-12-17,4650.0,6740.02,2401.2,2440.5,0.3673044532394409,139.2,157.4,0.2701384098339081,6922.549999999999,-0.3979169792617547,651,0.1301549837380896
2026-03-06,2027-12-17,4700.0,6740.02,2491.9,2515.2,0.4152003594684601,144.4,162.8,0.267497712059021,7049.950000000001,-0.40545801588443314,651,0.12762279972022988
2026-03-06,2027-12-17,4750.0,6740.02,1740.2,1763.2,1.0000000000000004e-05,149.8,168.2,0.2647835820960998,6342.7,-0.28915992725464135,651,0.1250461227981232
2026-03-06,2027-12-17,4800.0,6740.02,2277.7,2316.9,0.3581778812980651,155.3,174.0,0.2622125018501282,6932.65,-0.36762621757588115,651,0.12262948733795549
2026-03-06,2027-12-17,4850.0,6740.02,2232.0,2284.8,0.3589288923120499,161.2,179.9,0.2596166263198853,6937.85,-0.3580132233010304,651,0.120213468555559
2026-03-06,2027-12-17,4900.0,6740.02,2191.5,2243.8,0.3557488971042632,167.2,185.9,0.2569940481758118,6941.1,-0.34822505828302824,651,0.11779700673797874
2026-03-06,2027-12-17,4950.0,6740.02,2155.9,2194.9,0.349239181318283,173.2,192.2,0.2544449022197724,6942.7,-0.33830317126953285,651,0.11547171939979405
2026-03-06,2027-12-17,5000.0,6740.02,2115.7,2154.6,0.3462971254730224,179.6,198.6,0.2518652389907836,6946.049999999999,-0.3287352402494347,651,0.11314219231873104
2026-03-06,2027-12-17,5050.0,6740.02,2075.7,2114.6,0.3434180115032196,186.1,205.4,0.2493971545410156,6949.4,-0.31926708162745077,651,0.11093564490751794
2026-03-06,2027-12-17,5100.0,6740.02,2035.9,2074.7,0.3405169632434845,192.9,212.2,0.2468441939258575,6952.75,-0.3098967250376045,651,0.1086760780952439
2026-03-06,2027-12-17,5150.0,6740.02,1996.3,2035.0,0.337634034614563,199.8,219.4,0.2443913681125641,6956.05,-0.3006150698296609,651,0.1065270374409944
2026-03-06,2027-12-17,5200.0,6740.02,1956.9,1995.5,0.3347673182868956,207.0,226.6,0.2418527124691009,6959.4,-0.2914346381463668,651,0.10432539774837998
2026-03-06,2027-12-17,5250.0,6740.02,1917.7,1956.3,0.3319520998573303,214.3,234.2,0.2394046549797057,6962.75,-0.28234643464797093,651,0.10222410226217726
2026-03-06,2027-12-17,5300.0,6740.02,1878.8,1917.3,0.3291483254051208,221.9,242.0,0.2369537364959716,6966.1,-0.273348706723407,651,0.10014176624342719
2026-03-06,2027-12-17,5350.0,6740.02,2082.6,2099.5,0.4060556678962707,229.9,249.8,0.2344141271877288,7201.200000000001,-0.29715111789341536,651,0.09800668205313763
2026-03-06,2027-12-17,5400.0,6740.02,1801.6,1839.9,0.3235674791145323,238.1,258.0,0.2319512878942489,6972.7,-0.25560357065406747,651,0.09595811334582542
2026-03-06,2027-12-17,5450.0,6740.02,1763.3,1801.5,0.320786115784645,246.6,266.5,0.2295180122089385,6975.85,-0.24683857540677023,651,0.09395538403109843
2026-03-06,2027-12-17,5500.0,6740.02,1725.3,1763.4,0.3180448063755035,255.5,275.2,0.2270713852167129,6979.0,-0.23815754779658938,651,0.09196296028421416
2026-03-06,2027-12-17,5550.0,6740.02,1881.3,1895.0,0.3737507503175735,266.6,284.2,0.2246466925144195,7162.75,-0.2550960576873455,651,0.0900094652984711
2026-03-06,2027-12-17,5600.0,6740.02,1650.0,1687.8,0.3125660022163391,272.7,293.2,0.2221266333341598,6985.95,-0.22113439144643815,651,0.08800136176678286
2026-03-06,2027-12-17,5650.0,6740.02,1804.0,1817.2,0.3660780403327941,282.1,302.7,0.2196986028051376,7168.2,-0.23799903191074648,651,0.0860880189712843
2026-03-06,2027-12-17,5700.0,6740.02,1575.6,1610.4,0.3062079191303253,291.3,312.4,0.2172453001594543,6991.15,-0.2041788886170809,651,0.08417612002008981
2026-03-06,2027-12-17,5750.0,6740.02,1538.8,1573.4,0.3035042794799804,301.3,322.3,0.2147648180675506,6994.3,-0.1958956768210725,651,0.08226486720222427
2026-03-06,2027-12-17,5800.0,6740.02,1502.3,1536.7,0.3008263887786865,311.3,332.5,0.2122900579643249,6997.6,-0.18770931557113452,651,0.08037989515214568
2026-03-06,2027-12-17,5850.0,6740.02,1466.0,1500.3,0.298172339696884,321.6,342.8,0.2097485413265228,7000.95,-0.1796041928889119,651,0.07846681461145541
2026-03-06,2027-12-17,5900.0,6740.02,1430.0,1464.1,0.2955068466377258,332.0,353.5,0.2072418334531783,7004.3,-0.17157189526168665,651,0.07660250568220742
2026-03-06,2027-12-17,5950.0,6740.02,1386.8,1427.1,0.292511385564804,342.9,364.5,0.2047303572559356,7003.25,-0.16298310746479738,651,0.07475712873308249
2026-03-06,2027-12-17,6000.0,6740.02,1358.8,1392.6,0.2902321267414093,353.8,375.7,0.202178827137947,7010.95,-0.1557137433210813,651,0.07290536183838953
2026-03-06,2027-12-17,6050.0,6740.02,1323.6,1357.2,0.2875871374750136,365.1,387.2,0.1996163298749923,7014.25,-0.1478855220397545,651,0.07106900857109014
2026-03-06,2027-12-17,6100.0,6740.02,1288.6,1322.1,0.2849545458507536,376.6,398.9,0.1970080567026138,7017.6,-0.14013250806216648,651,0.06922390558393678
2026-03-06,2027-12-17,6150.0,6740.02,1254.0,1287.3,0.2823333982038498,388.5,411.0,0.1944140885019302,7020.9,-0.13243933312992326,651,0.0674129901726895
2026-03-06,2027-12-17,6200.0,6740.02,1219.7,1252.8,0.2797203567075728,400.6,423.3,0.1917671919059753,7024.3,-0.12482627407584375,651,0.06558986571333851
2026-03-06,2027-12-17,6250.0,6740.02,1185.6,1218.5,0.2770839504241943,413.1,435.9,0.189095976858139,7027.55,-0.1172566749306565,651,0.06377532819183816
2026-03-06,2027-12-17,6300.0,6740.02,1151.9,1184.6,0.2744818760728836,425.8,448.8,0.1863961518669128,7030.95,-0.10977219843029178,651,0.061967219329990095
2026-03-06,2027-12-17,6350.0,6740.02,1127.4,1139.0,0.2683340760707854,442.0,462.1,0.1836934658813476,7031.15,-0.10189546417673433,651,0.060183236724064886
2026-03-06,2027-12-17,6400.0,6740.02,1085.3,1117.6,0.2692529320859909,452.1,475.7,0.1809526333045959,7037.55,-0.09496210787068081,651,0.09037532073406594
2026-03-06,2027-12-17,6450.0,6740.02,1052.5,1084.6,0.26665133456707,466.1,489.6,0.178169839477539,7040.7,-0.08762746623743611,651,0.08822649715606455
2026-03-06,2027-12-17,6500.0,6740.02,1020.0,1051.9,0.2640454455566406,480.0,503.8,0.1753398392438888,7044.05,-0.08038111194681247,651,0.08608334791301833
2026-03-06,2027-12-17,6550.0,6740.02,987.8,1019.6,0.2614619676685333,494.4,518.4,0.1724869510555267,7047.3,-0.07317951509853163,651,0.08396636527686253
2026-03-06,2027-12-17,6600.0,6740.02,956.0,987.6,0.2588694299650192,509.0,533.3,0.1695763661479949,7050.65,-0.06605016212332972,651,0.08185023009226118
2026-03-06,2027-12-17,6650.0,6740.02,924.5,950.8,0.254813970489502,524.0,548.6,0.1666300188112259,7051.35,-0.05860223318636901,651,0.07919684144700723
2026-03-06,2027-12-17,6700.0,6740.02,893.4,919.6,0.252260533041954,539.4,564.3,0.1636417102241516,7054.65,-0.05157944747170199,651,0.07712774934651373
2026-03-06,2027-12-17,6750.0,6740.02,864.6,888.3,0.2495773971843719,555.0,580.3,0.1605761547899246,7058.8,-0.044732560502502544,651,0.07501033182488552
2026-03-06,2027-12-17,6800.0,6740.02,834.1,857.9,0.2470444635295868,571.1,596.7,0.1574533794689178,7062.1,-0.03781984551841183,651,0.07295592243067008
2026-03-06,2027-12-17,6850.0,6740.02,802.4,828.5,0.24468605052948,587.6,613.6,0.1542915038919449,7064.85,-0.030883132214461748,651,0.07097821294164232
2026-03-06,2027-12-17,6900.0,6740.02,772.8,798.9,0.2421621766901016,604.5,630.8,0.1510261556863785,7068.2,-0.024084439001717615,651,0.06893334871970225
2026-03-06,2027-12-17,6950.0,6740.02,743.7,769.7,0.2396392565155028,621.9,648.4,0.1476735471534729,7071.55,-0.0173380325123701,651,0.06688855913269558
2026-03-06,2027-12-17,7000.0,6740.02,714.9,741.0,0.2371430389547347,639.7,666.3,0.1441921938753127,7074.95,-0.010650227311206436,651,0.06483984960835806
2026-03-06,2027-12-17,7050.0,6740.02,686.7,712.7,0.2346420530700683,662.0,684.7,0.1406240571022033,7076.35,-0.0037306212235403923,651,0.06279236259721349
2026-03-06,2027-12-17,7100.0,6740.02,658.9,684.8,0.2321339146995544,680.8,703.5,0.1369233609247208,7079.7,0.002863250120753111,651,0.0607317332342323
2026-03-06,2027-12-17,7150.0,6740.02,632.6,657.5,0.2296715522384643,696.2,722.8,0.1330977346611022,7085.55,0.009054857783006133,651,0.0586798716725826
2026-03-06,2027-12-17,7200.0,6740.02,605.7,630.6,0.2271967921352385,716.0,742.6,0.1291238135242462,7088.85,0.015557898915949232,651,0.056612196907821814
2026-03-06,2027-12-17,7250.0,6740.02,582.5,603.8,0.2246223740625381,736.3,762.8,0.1249410398006439,7093.6,0.021808499782923155,651,0.05448539163212682
2026-03-06,2027-12-17,7300.0,6740.02,553.3,578.4,0.2223097369718551,757.1,784.5,0.1208431422424316,7095.05,0.028476990350821373,651,0.052505334199999115
2026-03-06,2027-12-17,7350.0,6740.02,527.9,553.0,0.2198640636444091,778.5,805.9,0.1162464780044555,7098.25,0.034852038431624835,651,0.05037237180210825
2026-03-06,2027-12-17,7400.0,6740.02,503.1,527.8,0.2173378056430817,800.5,827.9,0.1113546545171737,7101.25,0.04120917532092437,651,0.048173435220134855
2026-03-06,2027-12-17,7450.0,6740.02,478.9,503.9,0.2150399503564834,824.3,835.0,0.1007313057041168,7111.75,0.04646568665372365,651,0.044460395538569876
2026-03-06,2027-12-17,7500.0,6740.02,455.2,479.9,0.2125704354095458,846.4,873.5,0.1002220487117767,7107.6,0.05373838645348188,651,0.04362553350543483
2026-03-06,2027-12-17,7550.0,6740.02,432.3,457.1,0.2102978522396087,870.1,897.2,0.0936698948431015,7111.05,0.059897651024407354,651,0.04119866487295653
2026-03-06,2027-12-17,7600.0,6740.02,410.0,434.7,0.2079918908023834,894.2,921.5,0.0860048141765594,7114.5,0.06601329228867628,651,0.03854011966612847
2026-03-06,2027-12-17,7650.0,6740.02,388.4,412.8,0.2056783000469207,919.2,946.5,0.0764195294761657,7117.75,0.0721139835925876,651,0.03548359569142824
2026-03-06,2027-12-17,7700.0,6740.02,367.2,391.5,0.2033837825870513,944.8,972.1,0.0618418096542358,7120.9,0.07818620692974673,651,0.03136598919288473
2026-03-06,2027-12-17,7750.0,6740.02,346.7,371.0,0.2011665119743347,971.1,998.4,1.0000000000000004e-05,7124.1,0.08420944097852626,651,0.01804607179422871
2026-03-06,2027-12-17,7800.0,6740.02,326.8,351.0,0.1989358900547027,998.1,1025.4,1.0000000000000004e-05,7127.15,0.09021229867356485,651,0.017648104881813193
2026-03-06,2027-12-17,7850.0,6740.02,307.8,331.8,0.1967815613174438,1025.8,1053.0,1.0000000000000004e-05,7130.4,0.09614619795994665,651,0.017267961652293124
2026-03-06,2027-12-17,7900.0,6740.02,289.5,313.2,0.1946424912166595,1053.1,1083.2,1.0000000000000004e-05,7133.2,0.10210281787675468,651,0.06757148027658853
2026-03-06,2027-12-17,7950.0,6740.02,271.9,295.4,0.1925806679630279,1081.7,1093.2,1.0000000000000004e-05,7146.2,0.10659118177125211,651,0.0661475101402164
2026-03-06,2027-12-17,8000.0,6740.02,255.0,278.3,0.1905665279483795,1111.7,1142.1,1.0000000000000004e-05,7139.75,0.11376377994694974,651,0.06477111404073871
2026-03-06,2027-12-17,8050.0,6740.02,238.8,261.9,0.1886015016698837,1001.0,1012.9,1.0000000000000004e-05,7293.4,0.09870226181875331,651,0.015862238605460086
2026-03-06,2027-12-17,8100.0,6740.02,223.6,246.0,0.1866202630901337,1018.0,1024.6,1.0000000000000004e-05,7313.5,0.10214210633338715,651,0.062116320027084365
2026-03-06,2027-12-17,8150.0,6740.02,209.0,231.0,0.1847577557754516,1205.1,1235.5,1.0000000000000004e-05,7149.7,0.1309475294690764,651,0.06088264064599205
2026-03-06,2027-12-17,8200.0,6740.02,194.7,217.2,0.1831269890022277,1237.3,1268.2,1.0000000000000004e-05,7153.2,0.13657434523846337,651,0.05981262098565847
2026-03-06,2027-12-17,8300.0,6740.02,169.0,190.8,0.1797481546878814,1304.6,1335.5,1.0000000000000004e-05,7159.85,0.1477664837701168,651,0.05762580499456919
2026-03-06,2027-12-17,8400.0,6740.02,145.8,166.9,0.1765457483577728,1374.5,1405.7,1.0000000000000004e-05,7166.25,0.15884920060881255,651,0.05559076499273187
2026-03-06,2027-12-17,8500.0,6740.02,124.9,146.1,0.1738096841049194,1446.9,1478.5,1.0000000000000004e-05,7172.8,0.16977006907723274,651,0.05388105176414347
2026-03-06,2027-12-17,8600.0,6740.02,106.9,127.5,0.1712562466573715,1516.1,1536.5,1.0000000000000004e-05,7190.9,0.17894586550752684,651,0.052309547984876636
2026-03-06,2027-12-17,8800.0,6740.02,77.6,96.9,0.1669757222938538,1489.5,1501.2,1.0000000000000004e-05,7391.9,0.174366915374812,651,0.049727289273824034
2026-03-06,2027-12-17,9000.0,6740.02,59.5,71.1,0.162191186094284,1839.1,1878.6,1.0000000000000004e-05,7206.45,0.22224811900007738,651,0.04691833844159617
2026-03-06,2027-12-17,9200.0,6740.02,43.7,53.8,0.1596286888313293,1816.7,1836.2,1.0000000000000004e-05,7422.3,0.21471450186160262,651,0.045447501950696134
2026-03-06,2027-12-17,9400.0,6740.02,28.5,41.5,0.1582744848442077,1973.8,1988.3,1.0000000000000004e-05,7453.95,0.2319655960492774,651,0.04467966841591031
2026-03-06,2027-12-17,9600.0,6740.02,20.4,32.6,0.1577976524543762,2298.5,2337.8,1.0000000000000004e-05,7308.35,0.27274556838454345,651,0.04441086171833693
2026-03-06,2027-12-17,10000.0,6740.02,10.7,22.4,0.1602314049720764,2446.4,2465.2,1.0000000000000004e-05,7560.75,0.27961470137402206,651,0.04579134559918065
2026-03-06,2027-12-17,10400.0,6740.02,4.7,18.2,0.1668403018951416,2913.5,3296.2,1.0000000000000004e-05,7306.6,0.3530277568648379,651,0.049646662479552746
2026-03-06,2027-12-17,10600.0,6740.02,2.95,16.0,0.1691901319122314,3279.1,3318.4,1.0000000000000004e-05,7310.725,0.3715115530677003,651,0.051054988436842044
2026-03-06,2027-12-17,10800.0,6740.02,1.5,14.3,0.1718336906814575,3464.6,3503.9,1.0000000000000004e-05,7323.65,0.3884372965537349,651,0.052662898717370524
2026-03-06,2027-12-17,11000.0,6740.02,0.25,13.1,0.1749578964996338,3650.4,3689.7,1.0000000000000004e-05,7336.625,0.4050163451809475,651,0.05459529553828041
2026-03-06,2027-12-17,11200.0,6740.02,4.8,9.2,0.171433151473999,3836.4,3875.8,1.0000000000000004e-05,7350.9,0.4210910235929762,651,0.052417673564997026
2026-03-06,2027-12-17,11400.0,6740.02,0.05,11.2,0.1812330107498169,4022.6,4062.0,1.0000000000000004e-05,7363.325,0.4371017583709903,651,0.05858180308143439
2026-03-06,2027-12-17,12000.0,6740.02,0.0,3.1,0.1672599143981933,4581.9,4621.3,1.0000000000000004e-05,7399.95,0.48343340635746007,651,0.049896704673653716
2026-03-06,2028-12-15,1800.0,6740.02,3837.5,0.0,1.0000000000000004e-05,14.3,29.6,0.4276256578826904,3696.8,-0.7196809156718006,1015,0.5085113940515009
2026-03-06,2028-12-15,2600.0,6740.02,3283.1,0.0,1.0000000000000004e-05,39.5,59.1,0.361147593421936,4192.25,-0.4777261376176455,1015,0.3626958849259529
2026-03-06,2028-12-15,2700.0,6740.02,2149.3,2299.1,1.0000000000000004e-05,43.6,63.7,0.3540008295631408,4870.549999999999,-0.5899550940523551,1015,0.34848311271606225
2026-03-06,2028-12-15,2800.0,6740.02,3146.6,0.0,1.0000000000000004e-05,48.0,58.0,0.334506014137268,4320.3,-0.43370542710815146,1015,0.3111580482093484
2026-03-06,2028-12-15,3000.0,6740.02,4117.6,4169.7,0.5510289267063142,57.4,78.8,0.3335561640167237,7075.549999999999,-0.8580328903556107,1015,0.3093934527996021
2026-03-06,2028-12-15,3200.0,6740.02,3250.7,3330.7,1.0000000000000004e-05,68.0,90.3,0.3208914957427978,6411.549999999999,-0.694950241568038,1015,0.2863449926593172
2026-03-06,2028-12-15,3300.0,6740.02,3863.8,3913.7,0.521069547653198,73.8,96.5,0.3147899484825134,7103.6,-0.7666792293258686,1015,0.27555918449481587
2026-03-06,2028-12-15,3400.0,6740.02,2701.2,0.0,1.0000000000000004e-05,79.8,103.2,0.3089706859970092,4659.1,-0.31504686481563987,1015,0.2654652824042313
2026-03-06,2028-12-15,3800.0,6740.02,3438.1,3497.5,0.487669346075058,108.6,133.1,0.2865404903793334,7146.950000000001,-0.6316846255386768,1015,0.2283206422362501
2026-03-06,2028-12-15,4000.0,6740.02,2305.9,0.0,1.0000000000000004e-05,125.8,150.7,0.2761131196784973,5014.7,-0.2260792379663036,1015,0.21200556625060563
2026-03-06,2028-12-15,4200.0,6740.02,2177.0,0.0,1.0000000000000004e-05,145.0,170.4,0.2661692570209503,5130.8,-0.20017706715423603,1015,0.19701031365433141
2026-03-06,2028-12-15,4300.0,6740.02,3041.1,3083.5,0.4447777957773208,155.3,181.3,0.2614543383502961,7194.0,-0.5146323225739153,1015,0.1900924564597917
2026-03-06,2028-12-15,4400.0,6740.02,2049.9,0.0,1.0000000000000004e-05,166.3,192.6,0.2567317903614043,5245.5,-0.17576602526518764,1015,0.18328734346549214
2026-03-06,2028-12-15,4500.0,6740.02,1987.0,0.0,1.0000000000000004e-05,177.9,204.6,0.2521303577995301,5302.25,-0.16405386199704464,1015,0.17677606324378314
2026-03-06,2028-12-15,4600.0,6740.02,1924.6,0.0,1.0000000000000004e-05,190.2,217.2,0.2475832841300964,5358.6,-0.15264644344070905,1015,0.17045738306672248
2026-03-06,2028-12-15,4700.0,6740.02,1862.6,0.0,1.0000000000000004e-05,203.2,230.5,0.2431172719669341,5414.45,-0.1415087968646303,1015,0.1643632823221202
2026-03-06,2028-12-15,4800.0,6740.02,1801.2,0.0,1.0000000000000004e-05,216.9,244.5,0.2387122943496704,5469.9,-0.13064441681728617,1015,0.15846113113914775
2026-03-06,2028-12-15,4900.0,6740.02,2219.3,2457.1,0.35411622300148,231.3,259.3,0.2343902855682373,6992.9,-0.3556601434886026,1015,0.15277503577614035
2026-03-06,2028-12-15,5000.0,6740.02,1679.8,0.0,1.0000000000000004e-05,246.6,274.8,0.2300949794006347,5579.2,-0.1096074845051492,1015,0.1472270001056416
2026-03-06,2028-12-15,5100.0,6740.02,1639.5,0.0,1.0000000000000004e-05,262.6,291.2,0.2258816884040832,5642.85,-0.10114871729789683,1015,0.14188458962636583
2026-03-06,2028-12-15,5200.0,6740.02,1727.9,2450.5,0.4024889616203309,279.4,308.6,0.2217628102207183,6995.2,-0.29656557397264605,1015,0.1367573291971101
2026-03-06,2028-12-15,5300.0,6740.02,1520.7,0.0,1.0000000000000004e-05,297.3,326.5,0.2175581022071838,5748.45,-0.08122343269455776,1015,0.03290816252363433
2026-03-06,2028-12-15,5400.0,6740.02,1462.1,0.0,1.0000000000000004e-05,315.8,345.6,0.213478801112175,5800.35,-0.0715193069890554,1015,0.031685705632409945
2026-03-06,2028-12-15,5500.0,6740.02,1404.1,0.0,1.0000000000000004e-05,335.2,365.4,0.2093508631134032,5851.75,-0.06199266956945145,1015,0.030472226416878762
2026-03-06,2028-12-15,5600.0,6740.02,1346.6,0.0,1.0000000000000004e-05,355.5,386.1,0.2052234019470214,5902.5,-0.05260939223642739,1015,0.029282575694430733
2026-03-06,2028-12-15,5700.0,6740.02,1289.7,0.0,1.0000000000000004e-05,376.5,407.5,0.2010258464193344,5952.85,-0.04340392163381686,1015,0.028097015560768008
2026-03-06,2028-12-15,5800.0,6740.02,1233.3,0.0,1.0000000000000004e-05,398.4,429.9,0.1968301982212066,6002.5,-0.03431813156089761,1015,0.02693647574678107
2026-03-06,2028-12-15,5900.0,6740.02,1177.6,0.0,1.0000000000000004e-05,421.1,453.0,0.1925420445394516,6051.75,-0.02539513550291487,1015,0.025775639865868356
2026-03-06,2028-12-15,6000.0,6740.02,1122.4,0.0,1.0000000000000004e-05,444.6,476.9,0.1881761671781539,6100.45,-0.01660306972210489,1015,0.024620030150659014
2026-03-06,2028-12-15,6100.0,6740.02,1067.9,0.0,1.0000000000000004e-05,468.9,501.7,0.183745917444229,6148.65,-0.007943774347710623,1015,0.023474473118977303
2026-03-06,2028-12-15,6200.0,6740.02,1013.9,0.0,1.0000000000000004e-05,494.1,527.3,0.1792102877521514,6196.25,0.0006050216983993241,1015,0.022329938503488633
2026-03-06,2028-12-15,6300.0,6740.02,960.7,0.0,1.0000000000000004e-05,520.1,553.7,0.1745544962978363,6243.45,0.009016719185152938,1015,0.02118483206728292
2026-03-06,2028-12-15,6400.0,6740.02,908.1,0.0,1.0000000000000004e-05,547.0,581.0,0.1697852187347412,6290.05,0.017328970559274872,1015,0.020043063390244035
2026-03-06,2028-12-15,6500.0,6740.02,856.3,0.0,1.0000000000000004e-05,574.5,609.2,0.1648819512701034,6336.3,0.025507175025522275,1015,0.018902188991484308
2026-03-06,2028-12-15,6600.0,6740.02,805.2,0.0,1.0000000000000004e-05,602.9,638.4,0.1598437402391433,6381.95,0.03359595574164679,1015,0.01776473735785627
2026-03-06,2028-12-15,6700.0,6740.02,755.0,0.0,1.0000000000000004e-05,632.3,668.5,0.1546200414085388,6427.1,0.04158410076986243,1015,0.01662267565177844
2026-03-06,2028-12-15,6800.0,6740.02,705.7,0.0,0.000986552734375,662.7,699.6,0.1492008412981033,6471.7,0.049483787023096006,1015,0.015681230908329385
2026-03-06,2028-12-15,6900.0,6740.02,1041.8,1082.9,0.2577336152124405,694.2,731.8,0.1435675434446335,7249.35,-0.04939039807169075,1015,0.1119577118072621
2026-03-06,2028-12-15,7000.0,6740.02,984.9,1026.0,0.253653360452652,726.9,765.1,0.1376691267824173,7259.45,-0.03639391933588373,1015,0.10645910161032782
2026-03-06,2028-12-15,7100.0,6740.02,929.0,970.3,0.2495897948265075,760.8,799.6,0.1314636300611496,7269.45,-0.02358585126628394,1015,0.10094502623828258
2026-03-06,2028-12-15,7200.0,6740.02,874.5,915.8,0.2455343353509902,796.1,835.4,0.1248881114053726,7279.4,-0.010967415207651744,1015,0.09539108280608562
2026-03-06,2028-12-15,7300.0,6740.02,821.3,862.8,0.2415437250804901,832.8,872.5,0.1178243163824081,7289.4,0.0014531100477310195,1015,0.08978258223510445
2026-03-06,2028-12-15,7400.0,6740.02,769.8,811.1,0.2375650356197357,870.9,911.0,0.110122519621849,7299.5,0.01367414755222658,1015,0.08404105178830003
2026-03-06,2028-12-15,7500.0,6740.02,719.7,761.0,0.2336559636878967,910.7,951.0,0.1015295231246948,7309.5,0.02572814857273118,1015,0.07810585632078143
2026-03-06,2028-12-15,7600.0,6740.02,671.2,712.4,0.229785753595829,952.0,992.6,0.091570878663063,7319.5,0.03760622766295604,1015,0.07179392902275918
2026-03-06,2028-12-15,7700.0,6740.02,624.4,665.5,0.2259904061889648,995.1,1035.7,0.0790707175636291,7329.55,0.049306206387225736,1015,0.06469741339970775
2026-03-06,2028-12-15,7800.0,6740.02,579.3,620.2,0.2222405962753295,1040.0,1080.6,0.0596254927062988,7339.45,0.06085982575676445,1015,0.05523302705449739
2026-03-06,2028-12-15,7900.0,6740.02,536.2,576.6,0.218550867242813,1086.6,1127.2,1.0000000000000004e-05,7349.5,0.07223047577307047,1015,0.03320916813717774
2026-03-06,2028-12-15,8000.0,6740.02,494.9,534.8,0.2149383850574493,1135.1,1175.7,1.0000000000000004e-05,7359.45,0.08345633999221617,1015,0.032120445453690125
2026-03-06,2028-12-15,8200.0,6740.02,418.2,456.8,0.2079752016687392,1235.8,1261.1,1.0000000000000004e-05,7389.05,0.104134979671055,1015,0.12028079390901379
2026-03-06,2028-12-15,8400.0,6740.02,349.6,386.4,0.2013782255554199,1204.8,1219.2,1.0000000000000004e-05,7556.0,0.10588975621000477,1015,0.11277119883223921
2026-03-06,2028-12-15,8600.0,6740.02,289.2,323.7,0.1951822654819489,1448.1,1534.2,1.0000000000000004e-05,7415.3,0.14821676995798422,1015,0.10593851646587936
2026-03-06,2028-12-15,8800.0,6740.02,236.3,269.0,0.1895179735231399,1584.9,1617.3,1.0000000000000004e-05,7451.55,0.16632965704158525,1015,0.0998789540346365
2026-03-06,2028-12-15,9200.0,6740.02,152.1,183.1,0.1801744428443908,1441.0,1914.3,1.0000000000000004e-05,7689.95,0.1792892025091649,1015,0.0902733487728793
2026-03-06,2028-12-15,9400.0,6740.02,120.6,150.1,0.1763278359556198,1383.6,0.0,1.0000000000000004e-05,8843.55,0.06102130952915599,1015,0.021617436900927225
2026-03-06,2028-12-15,9550.0,6740.02,100.6,129.7,0.1740185366916656,1497.8,0.0,1.0000000000000004e-05,8916.25,0.06866569988252808,1015,0.02105494558684112
2026-03-06,2028-12-15,9600.0,6740.02,94.9,123.4,0.1732594195270538,2029.8,2071.6,1.0000000000000004e-05,7658.450000000001,0.2259534850662392,1015,0.08347701055253261
2026-03-06,2028-12-15,9800.0,6740.02,74.3,101.8,0.1708332963275909,2066.9,2106.9,1.0000000000000004e-05,7801.15,0.2281112269511481,1015,0.08115554893469243
2026-03-06,2028-12-15,10000.0,6740.02,57.9,84.7,0.1691310046958923,2337.4,2384.3,1.0000000000000004e-05,7710.45,0.2600085413632673,1015,0.07954623616625636
2026-03-06,2028-12-15,10400.0,6740.02,35.0,60.0,0.167263729057312,2044.9,0.0,1.0000000000000004e-05,9425.05,0.0984347677875365,1015,0.019452197218650758
2026-03-06,2028-12-15,11200.0,6740.02,12.1,34.3,0.1687380948066712,3261.3,3319.0,1.0000000000000004e-05,7933.049999999999,0.3448762012152143,1015,0.07917707618786285
2026-03-06,2028-12-15,11400.0,6740.02,15.0,24.8,0.1638629604530335,3434.8,3494.3,1.0000000000000004e-05,7955.35,0.3597686970927026,1015,0.07466804343988742
2026-03-06,2029-12-21,3800.0,6740.02,3552.3,3720.0,0.4942663221883774,126.0,140.0,0.2489155538272857,7303.15,-0.6533046951990132,1386,0.2352742706051564
2026-03-06,2029-12-21,4200.0,6740.02,3154.3,3261.4,0.4175940580654144,156.8,198.7,0.2398633677387237,7230.1,-0.5431683420443444,1386,0.21847322510571396
2026-03-06,2029-12-21,4400.0,6740.02,3085.7,3174.6,0.4248805338144302,156.9,279.9,0.2523640056705474,7311.75,-0.5078781022711382,1386,0.24183836060905353
2026-03-06,2029-12-21,5950.0,6740.02,2032.1,2160.8,0.3596851484823227,440.2,586.1,0.18968772585392,7533.299999999999,-0.23594197326404154,1386,0.1366308674211776
2026-03-06,2029-12-21,6200.0,6740.02,1687.1,1987.1,0.3450711893987655,502.5,652.1,0.1794491807794571,7459.8,-0.18497931215376395,1386,0.1222794075524157
2026-03-06,2029-12-21,7100.0,6740.02,1123.5,1295.6,0.2761665249061583,756.1,923.3,0.1363025251531601,7469.85,-0.05078013457455877,1386,0.16150765350546262
2026-03-06,2029-12-21,7200.0,6740.02,1069.2,1242.7,0.2727633721399306,787.9,957.1,0.1305347605657577,7483.45,-0.03861288957706343,1386,0.15440551096413593
2026-03-06,2029-12-21,7300.0,6740.02,1015.9,1190.7,0.2693754780101776,806.8,838.3,0.0940542217493057,7580.75,-0.037737791196270694,1386,0.12538662279509155
2026-03-06,2029-12-21,7400.0,6740.02,963.8,1139.7,0.266017147488594,809.8,827.9,0.0765668706846237,7632.9,-0.030987851511612607,1386,0.11141523286142649
2026-03-06,2029-12-21,7500.0,6740.02,912.8,1089.7,0.2626855195808411,856.6,880.7,0.0707619131708145,7632.6,-0.01752552686581849,1386,0.10555167527836741
2026-03-06,2029-12-21,7600.0,6740.02,988.2,1081.0,0.2670690397405624,874.2,949.8,0.0675089626073837,7722.6,-0.016002847608964633,1386,0.10626864476851174
2026-03-06,2029-12-21,7700.0,6740.02,962.5,997.4,0.2569811737012863,964.3,1140.9,0.0948338427066803,7627.35,0.009479857127705145,1386,0.11750033890233634
2026-03-06,2029-12-21,7800.0,6740.02,783.2,934.1,0.2505897123479843,1010.6,1160.3,0.0791651303768158,7573.2,0.029508034299488957,1386,0.1032268652276947
2026-03-06,2029-12-21,8000.0,6740.02,927.6,952.3,0.2649900505208968,1086.7,1265.1,0.0470695422172546,7764.05,0.029937436414416548,1386,0.09244543050409773
2026-03-06,2029-12-21,8200.0,6740.02,595.1,773.5,0.2408854579663276,1181.9,1332.5,1.0000000000000004e-05,7627.1,0.07242645985899347,1386,0.055089343584223356
2026-03-06,2029-12-21,8400.0,6740.02,518.5,695.0,0.2352459612917899,1186.1,1206.3,1.0000000000000004e-05,7810.55,0.07275632194201237,1386,0.052540191171320055
2026-03-06,2029-12-21,8600.0,6740.02,462.5,608.7,0.227215388598442,1374.1,1549.3,1.0000000000000004e-05,7673.900000000001,0.11393724253341861,1386,0.19604052132299793
2026-03-06,2029-12-21,9000.0,6740.02,490.8,515.3,0.2248550682687759,1482.2,1502.2,1.0000000000000004e-05,8010.85,0.11642770453269115,1386,0.19198872655466312
2026-03-06,2029-12-21,9200.0,6740.02,288.4,420.7,0.2122070891284942,1592.1,1612.6,1.0000000000000004e-05,7952.2,0.14575486411156793,1386,0.17099765004239648
2026-03-06,2029-12-21,9400.0,6740.02,241.4,369.1,0.2078207079744339,1663.0,1714.2,1.0000000000000004e-05,8016.65,0.15918906039653796,1386,0.16400157006824925
2026-03-06,2029-12-21,9800.0,6740.02,151.2,295.6,0.2035826216936111,1899.8,1950.9,1.0000000000000004e-05,8098.05,0.19075909372157762,1386,0.15738080828471931
2026-03-06,2029-12-21,10000.0,6740.02,118.6,261.1,0.2009047309923171,2003.0,2129.8,1.0000000000000004e-05,8123.45,0.20783015220777795,1386,0.15326771878367693
2026-03-06,2030-12-20,1800.0,6740.02,4936.8,5236.8,0.5771278707313537,16.8,47.0,0.3551814665603637,6854.900000000001,-1.3371770601137047,1750,0.60484734199712
2026-03-06,2030-12-20,3200.0,6740.02,3977.1,4277.1,0.5163155287265777,88.4,197.6,0.3044789248847961,7184.1,-0.8087194409191641,1750,0.4444876095157597
2026-03-06,2030-12-20,3300.0,6740.02,3910.9,4210.9,0.5117841905260085,79.0,149.6,0.2702423592948914,7246.599999999999,-0.7866099248781875,1750,0.35014830774033157
2026-03-06,2030-12-20,4000.0,6740.02,3276.9,3573.6,0.4284639292240143,112.8,285.4,0.261743298778534,7226.15,-0.5914120297626493,1750,0.3284704665673166
2026-03-06,2030-12-20,4700.0,6740.02,2901.7,3201.7,0.4230223179912567,231.8,249.1,0.1909003106212616,7511.25,-0.4688393879499878,1750,0.17472636997743773
2026-03-06,2030-12-20,5300.0,6740.02,2534.5,2834.5,0.4009096927452087,334.8,366.2,0.1752993084907531,7634.0,-0.36490513376496186,1750,0.14733488554887228
2026-03-06,2030-12-20,5675.0,6740.02,2268.2,2568.2,0.3783145131206512,395.3,422.7,0.1583889246177673,7684.2,-0.30309570931047763,1750,0.12028038362397903
2026-03-06,2030-12-20,7300.0,6740.02,1209.3,1529.8,0.2980354888010025,838.5,1046.9,0.1203639256906509,7726.85,-0.05682692815882624,1750,0.20982987848094325
2026-03-06,2030-12-20,7400.0,6740.02,1185.4,1434.4,0.287155842578411,833.3,868.1,0.0760275732517242,7859.2,-0.06020481988045282,1750,0.15810194430450586
2026-03-06,2030-12-20,7500.0,6740.02,1134.2,1385.0,0.2841358246374129,891.9,1137.4,0.1121061423635482,7744.95,-0.03213799752780736,1750,0.18819415665916697
2026-03-06,2030-12-20,7600.0,6740.02,1083.7,1336.2,0.2811086542105674,924.1,1171.9,0.1052552530026436,7761.95,-0.021085343994928837,1750,0.17892799342113203
2026-03-06,2030-12-20,7700.0,6740.02,1216.6,1393.8,0.2961386495542526,965.3,1182.7,0.0929536925935745,7931.2,-0.029584019424534178,1750,0.181464033394961
2026-03-06,2030-12-20,7800.0,6740.02,985.7,1241.2,0.2751601701474189,991.5,1243.3,0.0892777917003631,7796.05,0.0005065385253904242,1750,0.1591960952483489
2026-03-06,2030-12-20,7900.0,6740.02,1086.0,1175.0,0.2688357037448882,1020.0,1106.1,1.0000000000000004e-05,7967.45,-0.008501732322492475,1750,0.08663460393058035
2026-03-06,2030-12-20,8000.0,6740.02,892.0,1149.7,0.269343053407669,1063.3,1318.2,0.0661514207935333,7830.1,0.021466260366595952,1750,0.1349136636193131
2026-03-06,2030-12-20,8200.0,6740.02,967.9,1029.8,0.2582123549318313,1121.7,1206.4,1.0000000000000004e-05,8034.799999999999,0.02035204649195148,1750,0.07992320070304532
2026-03-06,2030-12-20,8400.0,6740.02,719.5,979.0,0.2583396691799164,1222.0,1480.2,1.0000000000000004e-05,7898.15,0.061603151015247506,1750,0.0800020309858914
2026-03-06,2030-12-20,8600.0,6740.02,641.5,900.4,0.2532292180418968,1309.6,1567.8,1.0000000000000004e-05,7932.25,0.08082547519642282,1750,0.07686827241118141
2026-03-06,2030-12-20,9000.0,6740.02,502.7,756.8,0.2437753006649017,1501.7,1757.1,1.0000000000000004e-05,8000.35,0.11773928661338666,1750,0.28492108253413867
2026-03-06,2030-12-20,9200.0,6740.02,680.5,725.1,0.2453855636453628,1605.7,1858.4,1.0000000000000004e-05,8170.75,0.1186427801307719,1750,0.28869761912251146
2026-03-06,2030-12-20,9400.0,6740.02,613.3,657.2,0.2400741276550292,1715.0,1963.9,1.0000000000000004e-05,8195.8,0.13708786134443124,1750,0.27633500505839914
2026-03-06,2030-12-20,9500.0,6740.02,522.8,629.2,0.2382893440198898,1771.5,2018.3,1.0000000000000004e-05,8181.1,0.149465182705073,1750,0.272241561858908
2026-03-06,2030-12-20,10000.0,6740.02,246.5,470.8,0.2236451060795783,1941.6,1982.7,1.0000000000000004e-05,8396.5,0.1747701406411201,1750,0.23980817418727451
2026-03-06,2030-12-20,10200.0,6740.02,351.9,383.8,0.2115137748336791,2060.4,2098.8,1.0000000000000004e-05,8488.25,0.18370486606638467,1750,0.21449762918544257
2026-03-06,2030-12-20,11200.0,6740.02,121.6,230.2,0.2004445877361297,2541.9,0.0,1.0000000000000004e-05,10104.95,0.10288837550322806,1750,0.19263440360886916
2026-03-06,2031-12-19,5600.0,6740.02,2446.5,2746.5,0.3721052017402649,384.2,626.9,0.1888656668138504,7690.95,-0.317277715207493,2114,0.20659421253040905
2026-03-06,2031-12-19,8000.0,6740.02,1111.6,1416.6,0.2863404591917992,1037.4,1337.1,0.0654724114704132,8076.85,-0.009560403356173142,2114,0.17921550251165896
2026-03-06,2031-12-19,8400.0,6740.02,931.8,1242.4,0.2757914962315558,1174.7,1481.9,1.0000000000000004e-05,8158.799999999999,0.02913460651099083,2114,0.1101400737630248
2026-03-06,2031-12-19,10000.0,6740.02,393.1,688.3,0.2410418589901924,1904.0,2203.7,1.0000000000000004e-05,8486.85,0.16406718625247868,2114,0.3365092872285935
