quote_date,expiry,strike,underlying_price,c_bid,c_ask,c_iv,p_bid,p_ask,p_iv,combined_futures,log_moneyness,dte,total_variance
2026-03-07,2026-03-09,24350.0,24643.016,377.1,425.5,0.2848696696853637,107.4,126.1,0.2768455342292785,24634.55,-0.011618079606761018,2,0.0004322246168614632
2026-03-07,2026-03-09,24500.0,24643.016,273.0,318.3,0.2700993095779419,151.8,169.8,0.2637707901000976,24634.85,-0.005488989528798184,2,0.00039043463469895864
2026-03-07,2026-03-09,24700.0,24643.016,159.8,177.8,0.2297707333755493,215.0,259.5,0.2576444475555419,24631.55,0.002775102097091011,2,0.0003254432309617648
2026-03-07,2026-03-09,24750.0,24643.016,134.1,151.2,0.2240811693000793,239.2,282.6,0.2519987520599365,24631.75,0.004789227843161032,2,0.00031048231715364216
2026-03-07,2026-03-09,24800.0,24643.016,113.0,126.8,0.2184640837478637,259.8,306.9,0.2455500708198547,24636.55,0.006612540542571707,2,0.00029494402142355407
2026-03-07,2026-03-09,24900.0,24643.016,69.8,84.9,0.2073824990081787,319.1,363.6,0.2351303294372558,24636.0,0.010659015645865197,2,0.0002682432922449021
2026-03-07,2026-03-09,24950.0,24643.016,51.5,66.9,0.201074960155487,350.6,395.4,0.2304382987213134,24636.2,0.012656916204676578,2,0.00025507355148832406
2026-03-07,2026-03-09,25000.0,24643.016,36.1,51.7,0.1953052882385254,383.7,432.7,0.2306938808822631,24635.7,0.014679214419057708,2,0.00024859629053644133
2026-03-07,2026-03-09,25100.0,24643.016,13.7,28.3,0.1838231642913818,445.2,521.7,0.2472762040710449,24637.55,0.01859614423427201,2,0.0002545844731540867
2026-03-07,2026-03-09,25700.0,24643.016,0.0,2.5,0.2124102197265625,985.2,1165.8,0.4995586848831177,24625.75,0.042698348454030276,2,0.0006943831796316547
2026-03-07,2026-03-09,25750.0,24643.016,0.0,2.4,0.2195817788696288,1035.2,1217.2,0.516320297050476,24625.0,0.0446724400515926,2,0.0007418518703335887
2026-03-07,2026-03-09,25900.0,24643.016,0.0,2.35,0.2436751658630371,1185.1,1365.7,0.5559927518844606,24625.775,0.050449310061356716,2,0.0008759846283213955
2026-03-07,2026-03-09,26000.0,24643.016,0.0,0.25,0.2036212451171875,1218.1,1570.2,0.7531705743980408,24605.975,0.05510723839637576,2,0.0012540418984811797
2026-03-07,2026-03-09,26100.0,24643.016,0.0,2.25,0.2743908010864258,1285.8,1676.3,0.7927800873565675,24620.075,0.058373147273162264,2,0.001560073568685216
2026-03-07,2026-03-09,26500.0,24643.016,0.0,2.15,0.3347844842529296,1600.6,2170.0,0.5061237132263183,24615.775,0.07375723541069952,2,0.0009686665706682162
2026-03-07,2026-03-10,24450.0,24643.016,368.3,413.7,0.3000596422958373,195.9,213.4,0.2927469407653807,24636.35,-0.007592778654760987,3,0.0007220951607959933
2026-03-07,2026-03-10,24750.0,24643.016,200.0,216.6,0.2585618730735779,299.6,348.6,0.2831301851272583,24634.2,0.004689767668252574,3,0.0006029389436668318
2026-03-07,2026-03-10,24850.0,24643.016,147.6,166.8,0.2488116043663025,350.2,393.9,0.2692543625831604,24635.15,0.008683467667338978,3,0.0005514911221464699
2026-03-07,2026-03-10,24950.0,24643.016,105.4,122.2,0.2373523683738708,401.9,456.7,0.267053304271698,24634.5,0.012725922733939314,3,0.000522791265610333
2026-03-07,2026-03-10,25000.0,24643.016,85.7,103.2,0.2322502618026733,426.2,499.5,0.2762180228042601,24631.6,0.014845653416505048,3,0.0005312465680502413
2026-03-07,2026-03-10,25100.0,24643.016,53.0,69.2,0.2201043871688842,492.8,566.8,0.2707554309463501,24631.3,0.018849854236982627,3,0.0004950890980276456
2026-03-07,2026-03-10,25150.0,24643.016,39.6,55.4,0.2144434330368042,519.2,596.5,0.2604901832580566,24639.65,0.02050096252676929,3,0.000463483438123796
2026-03-07,2026-03-10,25200.0,24643.016,29.0,43.2,0.2083590517425536,559.3,635.7,0.2602765623474121,24638.6,0.0225296756480908,3,0.0004512726139592039
2026-03-07,2026-03-10,25250.0,24643.016,20.2,33.6,0.2036365037536621,598.8,675.6,0.2595708504104614,24639.7,0.024467192454844994,3,0.0004408788759282077
2026-03-07,2026-03-10,25300.0,24643.016,13.2,25.4,0.1985515631484985,642.4,718.9,0.2624890646362304,24638.65,0.02648804753016442,3,0.00043676395986603475
2026-03-07,2026-03-10,25350.0,24643.016,8.0,19.0,0.1942181103897095,693.8,763.9,0.2670838215446472,24634.65,0.02862474157064765,3,0.0004372591898761024
2026-03-07,2026-03-10,25400.0,24643.016,4.2,13.9,0.1900105413818359,739.1,809.4,0.2717167250442505,24634.8,0.030589096592066017,3,0.00043806589430405373
2026-03-07,2026-03-10,25450.0,24643.016,1.7,10.3,0.1873097627258301,785.7,858.0,0.2810511959075926,24634.15,0.03258205135069386,3,0.0004507438100794904
2026-03-07,2026-03-10,25700.0,24643.016,0.05,3.3,0.1914143359375,983.0,1165.9,0.4327830770111084,24627.225,0.04263845359486928,3,0.0008005939938323333
2026-03-07,2026-03-10,25750.0,24643.016,0.0,3.0,0.1962055477905273,1032.8,1215.8,0.4450853526687622,24627.2,0.044583103940658945,3,0.0008450425048189445
2026-03-07,2026-03-11,24950.0,24643.016,155.6,172.6,0.2604577586555481,444.2,518.1,0.2962621491432189,24632.95,0.012788844602252441,4,0.0008491426184642949
2026-03-07,2026-03-11,25000.0,24643.016,134.1,150.4,0.2546995307159424,472.4,546.5,0.2920908193969725,24632.8,0.014796936696104964,4,0.0008191224300728881
2026-03-07,2026-03-11,25100.0,24643.016,96.1,112.1,0.2445620741081237,534.1,601.9,0.2784610423660278,24636.1,0.018654999220676313,4,0.0007494607681269419
2026-03-07,2026-03-11,25200.0,24643.016,62.9,78.6,0.2326260057258606,601.1,670.0,0.272105820274353,24635.2,0.022667680023860277,4,0.000697956756650712
2026-03-07,2026-03-12,24800.0,24643.016,255.2,303.2,0.2977517735290526,406.0,482.1,0.3153468887138365,24635.15,0.006669368295637778,5,0.0012872944165891102
2026-03-07,2026-03-12,25500.0,24643.016,19.7,35.0,0.2138445315551758,806.5,1000.0,0.3484371492385864,24624.1,0.034952813997480785,5,0.001082742084096775
2026-03-07,2026-03-12,25550.0,24643.016,13.6,28.1,0.2100222431182861,849.6,1038.3,0.3470924818992614,24626.9,0.03679797520763078,5,0.0010629343042170463
2026-03-07,2026-03-12,26000.0,24643.016,0.0,4.4,0.2006000350952148,1206.5,1558.2,0.51987555934906,24619.85,0.05454350989137083,5,0.0017776886376364084
2026-03-07,2026-03-13,23600.0,24643.016,1083.4,1278.0,0.4671207310676575,137.4,156.1,0.3897708881187439,24633.95,-0.04287886077064024,6,0.00301752019328175
2026-03-07,2026-03-13,23700.0,24643.016,1000.2,1194.5,0.4573647403717041,153.6,170.9,0.3816284982299803,24635.1,-0.038697207111875014,6,0.0028927794017233267
2026-03-07,2026-03-13,23800.0,24643.016,914.9,1111.9,0.4471719712066651,172.0,189.6,0.3756795373344421,24632.6,-0.03438518820607868,6,0.00278253947304812
2026-03-07,2026-03-13,23850.0,24643.016,878.6,1071.3,0.442201470375061,181.3,199.3,0.3723665058898925,24634.65,-0.03236977113219435,6,0.002726798580642666
2026-03-07,2026-03-13,24150.0,24643.016,711.1,784.8,0.3710704754543304,235.6,280.4,0.361960115814209,24639.95,-0.02008472934389923,6,0.002208221292063717
2026-03-07,2026-03-13,24200.0,24643.016,670.0,748.2,0.367275843296051,249.2,295.0,0.3592536151695251,24637.0,-0.01789674484339683,6,0.0021692262493902053
2026-03-07,2026-03-13,24300.0,24643.016,597.5,676.6,0.3594557921028136,277.4,323.6,0.3517978639221191,24636.55,-0.013754762281862074,6,0.0020789661501732877
2026-03-07,2026-03-13,24350.0,24643.016,566.5,641.7,0.3554713806533813,292.3,336.4,0.3461483537673949,24639.75,-0.011829142981352098,6,0.0020230284317617007
2026-03-07,2026-03-13,24400.0,24643.016,533.5,607.5,0.3514888765335082,303.6,350.2,0.3407487037849426,24643.6,-0.009934099590131898,6,0.0019692857572814124
2026-03-07,2026-03-13,24450.0,24643.016,501.5,573.7,0.3472622342300415,320.8,366.2,0.336464841594696,24644.1,-0.007907305006037814,6,0.0019211618392432038
2026-03-07,2026-03-13,24500.0,24643.016,468.9,541.1,0.3433665136051178,337.3,382.9,0.332125666847229,24644.9,-0.005896864980249523,6,0.001875163092543558
2026-03-07,2026-03-13,24550.0,24643.016,432.8,507.9,0.3384465570068359,356.2,402.5,0.3293352437019348,24641.0,-0.003699868016848794,6,0.001832599452155541
2026-03-07,2026-03-13,24600.0,24643.016,401.1,475.2,0.3333024891853332,374.4,420.2,0.3245173292350768,24640.85,-0.0016591918852493128,6,0.0017783297815342242
2026-03-07,2026-03-13,24700.0,24643.016,355.6,401.9,0.3153268617534636,401.3,468.9,0.3227215784549712,24643.65,0.002283982822356117,6,0.001673037583777054
2026-03-07,2026-03-13,24750.0,24643.016,326.4,373.1,0.3110916364669799,419.8,493.4,0.3209372716522216,24643.15,0.0043265176112419245,6,0.0016416186604041778
2026-03-07,2026-03-13,24800.0,24643.016,296.0,344.9,0.3065827093887329,442.7,515.1,0.316401641960144,24641.55,0.006409610639951232,6,0.0015949705562695103
2026-03-07,2026-03-13,24850.0,24643.016,269.5,315.7,0.3005708066177368,463.6,538.2,0.3121807216453552,24641.7,0.008417622750767743,6,0.0015430045289948826
2026-03-07,2026-03-13,24900.0,24643.016,241.3,289.6,0.2960790455055237,487.0,562.2,0.3078854154777526,24640.85,0.010462168647095586,6,0.0014990674114965187
2026-03-07,2026-03-13,24950.0,24643.016,217.9,265.3,0.2921365953063964,511.9,585.0,0.3018878176784516,24643.15,0.012374850794070403,6,0.0014501301502273692
2026-03-07,2026-03-13,25000.0,24643.016,207.7,227.7,0.2769656959915161,538.1,610.6,0.2971852966499329,24643.35,0.014368737652096921,6,0.0013547234069225802
2026-03-07,2026-03-13,25050.0,24643.016,186.3,202.3,0.2701336415100098,564.6,639.3,0.2940553688430786,24642.35,0.016407320036682726,6,0.0013081201619309479
2026-03-07,2026-03-13,25100.0,24643.016,164.3,179.4,0.2642266418647766,592.3,666.3,0.2887034020996093,24642.55,0.018393222567426544,6,0.001256431370623799
2026-03-07,2026-03-13,25150.0,24643.016,143.7,158.2,0.258603834323883,621.3,698.7,0.2868399411201476,24640.95,0.020448203428856403,6,0.0012226393650848141
2026-03-07,2026-03-13,25200.0,24643.016,121.3,138.2,0.2528227184295654,651.6,728.2,0.2816596340370177,24639.85,0.022478943532926267,6,0.0011739919935542993
2026-03-07,2026-03-13,25250.0,24643.016,104.4,120.2,0.2475737474822998,684.2,760.6,0.2779632293510437,24639.9,0.024459075505843784,6,0.0011350237562430005
2026-03-07,2026-03-13,25300.0,24643.016,86.7,104.1,0.2428244968795775,718.0,794.4,0.2745281288146973,24639.2,0.026465725127704873,6,0.0010999468738880562
2026-03-07,2026-03-13,25350.0,24643.016,71.6,88.3,0.2369823464393615,751.9,823.3,0.2652985610771179,24642.35,0.028312222543001073,6,0.0010367922331051154
2026-03-07,2026-03-13,25400.0,24643.016,62.0,74.8,0.2320652508354186,788.5,864.6,0.2669998990440368,24641.85,0.03030295700879072,6,0.0010235590020172736
2026-03-07,2026-03-13,25450.0,24643.016,45.8,64.1,0.2289124350738525,819.7,899.7,0.2614610140037536,24645.25,0.03213155884519592,6,0.0009882169296997296
2026-03-07,2026-03-13,25500.0,24643.016,35.6,52.9,0.2236672787857055,817.8,1002.5,0.3250094202613829,24634.1,0.03454679022327141,6,0.0012371758359337364
2026-03-07,2026-03-13,25700.0,24643.016,9.6,23.5,0.2082789439010619,989.0,1175.4,0.3375367608070374,24634.35,0.042349181477618354,6,0.001224307329476708
2026-03-07,2026-03-13,25800.0,24643.016,3.4,15.2,0.2028049080657958,1081.6,1266.2,0.3462360909271239,24635.4,0.046190059002373066,6,0.0012388192544183969
2026-03-07,2026-03-13,25850.0,24643.016,1.35,12.2,0.2006839575958251,1129.1,1313.4,0.3522270130729675,24635.525,0.04812109404290773,6,0.0012563446910379716
2026-03-07,2026-03-13,25900.0,24643.016,0.05,9.9,0.1993259389495849,1177.2,1361.5,0.3590800481796264,24635.625,0.0500494026234329,6,0.0012814407388838996
2026-03-07,2026-03-13,26000.0,24643.016,0.0,6.9,0.1992114991760253,1259.2,1459.2,0.3741574883460998,24644.25,0.0535529304635437,6,0.001351035599392384
2026-03-07,2026-03-13,26100.0,24643.016,0.0,5.3,0.2024921060180664,1278.2,1663.1,0.5059387022590637,24632.0,0.057888903706448475,6,0.0020624967539021413
2026-03-07,2026-03-13,26150.0,24643.016,0.5,4.8,0.2051165914916992,1327.8,1716.8,0.5194254295730591,24630.35,0.05986976816682418,6,0.0021573745491312527
2026-03-07,2026-03-13,26200.0,24643.016,0.0,4.4,0.2080462496948241,1376.8,1763.1,0.5253934637641907,24632.25,0.06170285079720117,6,0.0022106869038856507
2026-03-07,2026-03-13,26300.0,24643.016,0.0,3.9,0.2153246192932129,1475.6,1866.4,0.5479285625076296,24630.95,0.06556515694654967,6,0.0023940633679278484
2026-03-07,2026-03-13,26450.0,24643.016,0.0,3.5,0.227974028930664,1600.0,1998.8,0.5574137124061586,24652.35,0.07038392767407321,6,0.0025349338530499545
2026-03-07,2026-03-13,26500.0,24643.016,0.0,19.8,0.3080818704223632,1626.2,2126.2,0.6464097096443175,24633.7,0.07302930883720792,6,0.0037440582592528295
2026-03-07,2026-03-16,24400.0,24643.016,570.6,643.4,0.3166791584110259,343.7,389.2,0.3096840272521973,24640.55,-0.009810327545614877,9,0.0024184777830052284
2026-03-07,2026-03-16,24500.0,24643.016,509.8,578.8,0.3106786996173858,375.4,421.9,0.3021033459186554,24645.65,-0.005927296777016172,9,0.002314737341083571
2026-03-07,2026-03-16,24600.0,24643.016,439.7,517.4,0.3048346418476105,409.3,480.0,0.3083336379241943,24633.9,-0.0013771001426799794,9,0.0023176562012772795
2026-03-07,2026-03-16,24950.0,24643.016,253.6,301.8,0.2676846303558349,546.4,622.3,0.2763028989696502,24643.35,0.012366734981423943,9,0.0018241793757224724
2026-03-07,2026-03-16,25000.0,24643.016,230.1,275.5,0.2627570444393158,572.2,650.5,0.2743860327625275,24641.45,0.014445840531724714,9,0.0017785644989539648
2026-03-07,2026-03-16,25050.0,24643.016,205.6,252.6,0.2593410171985627,597.2,672.5,0.2678353093910217,24644.25,0.016330219972935572,9,0.0017131739135947898
2026-03-07,2026-03-16,25100.0,24643.016,197.9,213.1,0.2440680757522583,624.5,700.0,0.2641608389949798,24643.25,0.018364816819724402,9,0.0015922394986756154
2026-03-07,2026-03-16,25300.0,24643.016,115.9,133.5,0.2266179176139831,744.1,821.3,0.2500303879547119,24642.0,0.026352091530998052,9,0.0014005085375435426
2026-03-07,2026-03-16,26400.0,24643.016,0.0,4.3,0.1916966207122803,1575.1,1965.5,0.4734673701763153,24631.85,0.06932368918810652,9,0.002727389186968214
2026-03-07,2026-03-17,23000.0,24643.016,1560.2,1953.1,0.5482108472824099,110.7,128.9,0.3894771593666076,24636.85,-0.06874907365473283,10,0.006022320532968546
2026-03-07,2026-03-17,24600.0,24643.016,475.8,547.9,0.3085491661643981,425.6,501.5,0.3066055973434448,24648.3,-0.0019614896549099885,10,0.002591886185386234
2026-03-07,2026-03-17,24900.0,24643.016,308.8,355.7,0.2757926883125304,548.2,622.8,0.2818732549476623,24646.75,0.010222757516174923,10,0.0021300774265224686
2026-03-07,2026-03-18,25200.0,24643.016,203.0,223.0,0.2482079345607757,729.5,805.5,0.2641560706710815,24645.5,0.022249666474946337,11,0.0019778668578284498
2026-03-07,2026-03-18,25900.0,24643.016,17.7,33.5,0.1968197079086303,1190.9,1375.9,0.2869925274848938,24642.2,0.04978254831161952,11,0.0017635733358090868
2026-03-07,2026-03-19,24200.0,24643.016,805.0,899.2,0.3557117041778563,374.8,420.2,0.3354043663597106,24654.6,-0.018610862492162372,12,0.003925819914700991
2026-03-07,2026-03-19,24300.0,24643.016,738.0,805.6,0.3360156654834747,400.0,448.2,0.3280544719028473,24647.7,-0.01420723950086144,12,0.003624568334533879
2026-03-07,2026-03-19,24700.0,24643.016,474.1,548.5,0.3104069051551819,521.9,599.4,0.3071749352169036,24650.65,0.0019999743245358264,12,0.003134854763485249
2026-03-07,2026-03-19,24800.0,24643.016,413.9,484.0,0.3003457417297363,562.1,639.1,0.2993739573192596,24648.35,0.006133692042301782,12,0.0029561401432390533
2026-03-07,2026-03-19,24900.0,24643.016,372.6,417.2,0.2873663640785217,604.7,680.8,0.2910284368324279,24652.15,0.010003685690166674,12,0.0027496483209930164
2026-03-07,2026-03-19,26000.0,24643.016,15.7,31.3,0.1967682100105285,1201.9,1572.6,0.3635641799736022,24636.25,0.05387760249691499,12,0.002580594963824613
2026-03-07,2026-03-20,12400.0,24643.016,11873.4,12624.6,1.3312716542053218,0.15,6.4,1.253665841064453,24645.725,-0.6869069848454482,13,0.05597757406486013
2026-03-07,2026-03-20,12600.0,24643.016,11673.8,12425.0,1.3114353276062007,0.0,6.6,1.2271767156982425,24646.1,-0.6709218590038097,13,0.05363702737034254
2026-03-07,2026-03-20,13000.0,24643.016,11941.0,12297.3,2.649257222080231,0.0,6.9,1.1787150439453122,25115.699999999997,-0.658543791141827,13,0.049484380856709566
2026-03-07,2026-03-20,13200.0,24643.016,11074.8,11826.4,1.2502478894042968,35.3,36.8,1.5286278451538085,24614.55,-0.6231209019150804,13,0.08322504152529996
2026-03-07,2026-03-20,15000.0,24643.016,9959.3,10319.5,2.1893775429248805,0.0,9.7,0.9647220324707032,25134.55,-0.5161931925600012,13,0.03314781314834866
2026-03-07,2026-03-20,15100.0,24643.016,9178.5,9931.7,1.0575761232757568,62.4,66.5,1.3542894224166866,24590.65,-0.4876715455674202,13,0.06532410387864765
2026-03-07,2026-03-20,17500.0,24643.016,3496.4,4152.6,1.0000000000000004e-05,5.2,16.8,0.7573571627807618,21313.5,-0.19713979383463423,13,0.020429228318354052
2026-03-07,2026-03-20,18000.0,24643.016,4961.0,5019.5,1.0000000000000004e-05,7.2,19.1,0.7182950534057617,22977.1,-0.24412630986819597,13,0.018376222434831283
2026-03-07,2026-03-20,18500.0,24643.016,6399.4,6747.3,1.3855182854366297,9.6,22.0,0.6797441083526613,25057.55,-0.30340444724116994,13,0.01645664845732057
2026-03-07,2026-03-20,19000.0,24643.016,3612.1,3686.0,1.0000000000000004e-05,10.9,28.0,0.643405665588379,22629.6,-0.17481980467099967,13,0.014744167278481985
2026-03-07,2026-03-20,19100.0,24643.016,5192.6,5953.0,0.6759447078704834,13.2,26.0,0.6328466891479493,24653.2,-0.25521837445477885,13,0.014264203056306234
2026-03-07,2026-03-20,19300.0,24643.016,2553.8,2568.1,1.0000000000000004e-05,14.6,27.6,0.6173057678985597,21839.85,-0.12363118681041052,13,0.013572228339865195
2026-03-07,2026-03-20,19500.0,24643.016,6151.2,6504.7,1.8161897313117976,17.8,30.4,0.6074258007812501,25803.85,-0.2801092400311583,13,0.01314125847921002
2026-03-07,2026-03-20,19900.0,24643.016,2187.0,2200.6,1.0000000000000004e-05,20.1,33.4,0.5718045139312745,22067.05,-0.10336581399472998,13,0.011645165008159876
2026-03-07,2026-03-20,20000.0,24643.016,5060.3,5404.2,1.2475928733825683,21.2,34.6,0.5643888166046144,25204.35,-0.23128432511405217,13,0.011345072800023675
2026-03-07,2026-03-20,20100.0,24643.016,4964.7,5164.7,1.171213479280472,22.3,35.9,0.5569426020050051,25135.6,-0.22356535289067955,13,0.011047687137165403
2026-03-07,2026-03-20,20200.0,24643.016,2014.0,2031.3,1.0000000000000004e-05,25.5,38.9,0.5552183760833741,22190.45,-0.09397941173685662,13,0.0027449459896618823
2026-03-07,2026-03-20,20500.0,24643.016,3801.3,4300.3,0.7393710450363158,27.5,42.0,0.527733757133484,24516.05,-0.17890311896146135,13,0.009919282025854521
2026-03-07,2026-03-20,20600.0,24643.016,3703.6,4472.5,0.5419891382598879,32.2,46.2,0.5278520115661622,24648.85,-0.17943917046085558,13,0.00992372794380211
2026-03-07,2026-03-20,20800.0,24643.016,4347.3,4547.3,1.1049448897266392,35.5,50.6,0.5134936346435546,25204.25,-0.19205964438380985,13,0.009391189771651582
2026-03-07,2026-03-20,20900.0,24643.016,4260.2,4460.2,1.0955007001924515,34.6,49.2,0.5152064165878294,25218.3,-0.18782076247408225,13,0.009453943758938455
2026-03-07,2026-03-20,21000.0,24643.016,3308.5,4081.4,0.5085612804031372,36.8,51.5,0.5078364951705933,24650.8,-0.16028691659969943,13,0.009185404865076647
2026-03-07,2026-03-20,21100.0,24643.016,4087.4,4287.4,1.0769909279346468,39.2,53.9,0.5004055392074587,25240.85,-0.17919067332758915,13,0.00891855930877698
2026-03-07,2026-03-20,21200.0,24643.016,2115.0,2129.4,1.0000000000000004e-05,42.0,56.8,0.4936535925674439,23272.8,-0.09328411499834227,13,0.00216996483160667
2026-03-07,2026-03-20,21300.0,24643.016,4395.0,4678.6,1.4112330311298371,44.6,59.7,0.4865773999023438,25784.65,-0.19107228091221093,13,0.008432461258203917
2026-03-07,2026-03-20,21400.0,24643.016,1385.8,1399.0,1.0000000000000004e-05,52.1,67.4,0.4873288877487183,22732.65,-0.060411295050704306,13,0.0021147188285329127
2026-03-07,2026-03-20,21500.0,24643.016,3746.9,3946.9,1.0408029832649237,51.1,66.0,0.4723391847419739,25288.35,-0.16229088024070568,13,0.00794618074179524
2026-03-07,2026-03-20,21600.0,24643.016,1707.9,1718.0,1.0000000000000004e-05,59.3,77.0,0.4768576484680175,23244.8,-0.07338813641455369,13,0.002024819043849601
2026-03-07,2026-03-20,21700.0,24643.016,4014.6,4291.3,1.3310675689220424,58.7,74.0,0.459428470954895,25786.6,-0.17254271661176487,13,0.007517722627428455
2026-03-07,2026-03-20,21800.0,24643.016,1600.4,1611.4,1.0000000000000004e-05,68.8,84.9,0.462117805633545,23329.05,-0.06778939530633751,13,0.0019015804202847822
2026-03-07,2026-03-20,21900.0,24643.016,3412.5,3612.5,1.0047428303146362,68.4,84.0,0.4477174674606322,25336.3,-0.14575151320263807,13,0.00713934821562112
2026-03-07,2026-03-20,22000.0,24643.016,3329.9,3529.9,0.9957180451393128,73.9,90.0,0.4424532378768921,25347.95,-0.14165540555879683,13,0.006972447343015599
2026-03-07,2026-03-20,22100.0,24643.016,3248.0,3448.0,0.9868670823192596,79.9,96.0,0.4366416047096252,25360.05,-0.1375974926522072,13,0.006790483787737413
2026-03-07,2026-03-20,22200.0,24643.016,3166.7,3366.7,0.9781105323123932,85.4,102.0,0.4303149925613404,25373.0,-0.13359332764344672,13,0.006595131251232504
2026-03-07,2026-03-20,22300.0,24643.016,3085.8,3285.8,0.9693101137256622,92.4,108.0,0.4235058260345459,25385.6,-0.12959540565947356,13,0.006388064112075725
2026-03-07,2026-03-20,22400.0,24643.016,3506.5,3561.8,1.2204419013500214,105.7,125.5,0.4284381802749634,25818.55,-0.14203226696354068,13,0.006537727578425168
2026-03-07,2026-03-20,22500.0,24643.016,2567.7,2664.4,0.6886112834739686,106.6,124.0,0.4126569355010986,25000.75,-0.10539051520783534,13,0.006064971790200143
2026-03-07,2026-03-20,22600.0,24643.016,3323.4,3377.9,1.1836903379774093,115.8,134.0,0.4082891508102416,25825.75,-0.1334221499320933,13,0.005937261366305552
2026-03-07,2026-03-20,22700.0,24643.016,2874.3,2884.6,0.9414764534664152,125.7,143.7,0.4029142961120606,25444.75,-0.11414451039218343,13,0.005781970109997819
2026-03-07,2026-03-20,22800.0,24643.016,3144.5,3198.2,1.1488728164482116,145.5,164.2,0.4063951725578308,25816.5,-0.12425328643561304,13,0.0058823054016931995
2026-03-07,2026-03-20,22900.0,24643.016,2719.2,2729.2,0.9242132136249545,150.9,165.5,0.3922790264892578,25466.0,-0.10620731859104986,13,0.005480758493434733
2026-03-07,2026-03-20,23000.0,24643.016,2099.5,2191.9,0.61356835562706,159.3,177.6,0.3869118011093139,24977.25,-0.08247119463768918,13,0.008912662378289119
2026-03-07,2026-03-20,23100.0,24643.016,2685.8,2765.7,0.9953470695400238,172.7,190.0,0.3810582066917419,25644.4,-0.10449260666622251,13,0.005171697642555183
2026-03-07,2026-03-20,23200.0,24643.016,2788.5,2840.3,1.078286964850426,197.1,216.2,0.3847736846733093,25807.75,-0.10652255574488545,13,0.005273041779238296
2026-03-07,2026-03-20,23300.0,24643.016,1396.4,1729.4,0.4826788182830811,202.0,222.0,0.3724447064018249,24650.9,-0.05636005040671485,13,0.006511007638427385
2026-03-07,2026-03-20,23400.0,24643.016,1310.8,1649.0,0.4761862684631348,217.8,264.5,0.384950112657547,24638.75,-0.05158438449534647,13,0.006602894705181585
2026-03-07,2026-03-20,23500.0,24643.016,1901.9,1919.8,0.6692223248386384,227.3,269.6,0.3707939126682282,25162.4,-0.06835039563999108,13,0.009630985661378912
2026-03-07,2026-03-20,23700.0,24643.016,1152.4,1333.3,0.4088394153881073,273.2,320.3,0.3665520117282867,24646.1,-0.0391436248201565,13,0.005353434416570394
2026-03-07,2026-03-20,23800.0,24643.016,1058.0,1245.5,0.396309213848114,286.0,329.3,0.3530357208061218,24644.1,-0.03485194024948991,13,0.004999816304243488
2026-03-07,2026-03-20,23900.0,24643.016,1002.1,1171.7,0.3912271342372894,318.4,361.5,0.352539815120697,24646.95,-0.030774701644246366,13,0.004925657927701856
2026-03-07,2026-03-20,24000.0,24643.016,922.9,1093.5,0.3827652666473388,343.0,389.1,0.3482025477027893,24642.15,-0.026404561004253552,13,0.004757589926716058
2026-03-07,2026-03-20,24100.0,24643.016,850.8,1028.9,0.3809590255546569,356.9,399.7,0.3333501724243164,24661.55,-0.023033510089935694,13,0.004543211776798447
2026-03-07,2026-03-20,24200.0,24643.016,812.0,892.0,0.3388518645381927,392.7,441.7,0.3349361169528961,24634.8,-0.017807444269784298,13,0.004042378884947853
2026-03-07,2026-03-20,24300.0,24643.016,757.0,824.1,0.3337039820575714,407.1,482.5,0.334511736125946,24645.75,-0.014128121484126266,13,0.003975793971477863
2026-03-07,2026-03-20,24400.0,24643.016,688.3,756.0,0.3272982157325745,442.3,517.5,0.3297338755798339,24642.25,-0.009879317132272896,13,0.0038438254775250962
2026-03-07,2026-03-20,24500.0,24643.016,621.2,686.5,0.3189832125186919,457.1,535.5,0.3148528903579711,24657.55,-0.006410024073868446,13,0.0035772100472797157
2026-03-07,2026-03-20,24525.0,24643.016,604.4,671.3,0.3178521660900115,480.0,552.8,0.3176490354919433,24646.45,-0.004939868438759273,13,0.0035960295231215124
2026-03-07,2026-03-20,24550.0,24643.016,588.3,654.9,0.3160154077243804,492.8,565.2,0.3177939925384521,24642.6,-0.0037647983385201197,13,0.003576908648082129
2026-03-07,2026-03-20,24575.0,24643.016,572.1,641.4,0.3156081928634643,499.3,574.3,0.3161336621570587,24644.95,-0.0028423453129637517,13,0.0035536102931520742
2026-03-07,2026-03-20,24600.0,24643.016,556.0,625.4,0.3138162567424774,491.9,570.0,0.3074219343948363,24659.75,-0.00242591687139112,13,0.0034364243641495204
2026-03-07,2026-03-20,24625.0,24643.016,539.3,608.4,0.3114216044807433,500.9,576.7,0.3043568557929993,24660.05,-0.0014223382510104132,13,0.003376287984782408
2026-03-07,2026-03-20,24650.0,24643.016,524.4,591.8,0.3091528359699249,510.1,588.0,0.303598692293167,24659.05,-0.0003670725800483969,13,0.0033431764794889115
2026-03-07,2026-03-20,24675.0,24643.016,508.7,575.1,0.3067476933956146,519.4,597.7,0.3019231032752991,24658.35,0.0006749997975885133,13,0.00329879575572607
2026-03-07,2026-03-20,24700.0,24643.016,493.2,560.7,0.3054507092952728,543.8,620.2,0.3068068206119537,24644.95,0.0022312322877375682,13,0.0033377881356611494
2026-03-07,2026-03-20,24725.0,24643.016,477.9,546.8,0.3043253848552704,539.6,616.0,0.2977327002334594,24659.55,0.0026506281142601677,13,0.0032275076655268542
2026-03-07,2026-03-20,24750.0,24643.016,462.6,528.9,0.3010323803710937,549.4,626.0,0.2959426714420318,24658.05,0.003722069830918058,13,0.0031732395632429384
2026-03-07,2026-03-20,24775.0,24643.016,454.7,526.7,0.3058140555763245,559.3,636.0,0.2940601371669769,24668.05,0.0043261961713956555,13,0.003204135351063395
2026-03-07,2026-03-20,24800.0,24643.016,440.3,511.7,0.3038514134597778,569.3,646.0,0.2920822364139556,24668.35,0.0053226077200973325,13,0.003162178010735467
2026-03-07,2026-03-20,24825.0,24643.016,423.0,500.8,0.3039353359603882,581.5,656.0,0.2900080155181884,24668.15,0.006338272068085688,13,0.0031410912068170213
2026-03-07,2026-03-20,24850.0,24643.016,408.2,458.2,0.2873577810955047,603.4,680.1,0.2952083495616912,24641.45,0.008427768206161819,13,0.0030219060655175757
2026-03-07,2026-03-20,24875.0,24643.016,398.4,443.6,0.2852911895179748,613.8,690.1,0.2929510250282287,24644.05,0.009327791002976623,13,0.002977214221152649
2026-03-07,2026-03-20,24900.0,24643.016,382.4,427.9,0.2825427276229857,624.7,700.1,0.2905935656929016,24642.75,0.010385063890099525,13,0.002924868314593406
2026-03-07,2026-03-20,24925.0,24643.016,371.7,413.7,0.2804751823806762,635.6,712.0,0.2891325512504576,24643.9,0.011341910486637987,13,0.0028889648032610665
2026-03-07,2026-03-20,24950.0,24643.016,357.6,400.0,0.2785649918270111,633.5,710.0,0.2802129245662688,24657.05,0.011810958543397062,13,0.002780154710982602
2026-03-07,2026-03-20,24975.0,24643.016,344.1,386.0,0.2763858678054809,644.8,721.0,0.2780414298629761,24657.15,0.012808405253506903,13,0.0027370309378077547
2026-03-07,2026-03-20,25000.0,24643.016,331.8,374.0,0.2751623158931732,669.1,744.9,0.2826447697544098,24645.9,0.014265266814042983,13,0.0027705025221797597
2026-03-07,2026-03-20,25025.0,24643.016,317.5,358.0,0.2716823931121825,668.0,744.0,0.2738910807418823,24656.75,0.014824628526782247,13,0.002650311917706503
2026-03-07,2026-03-20,25050.0,24643.016,304.7,348.0,0.2713114175128936,685.4,756.0,0.2719122263240813,24655.65,0.015867744381577675,13,0.002627530858839566
2026-03-07,2026-03-20,25075.0,24643.016,291.6,335.4,0.269427929573059,704.4,780.1,0.2763849141407012,24646.25,0.01724657474965877,13,0.002652638071724466
2026-03-07,2026-03-20,25100.0,24643.016,279.0,322.0,0.2669855940723419,704.2,780.0,0.2675949858665466,24658.4,0.01775023290714281,13,0.0025445843519324514
2026-03-07,2026-03-20,25125.0,24643.016,273.8,320.0,0.2706934427356721,717.2,792.6,0.2655779848575592,24667.0,0.01839704842097297,13,0.0025607065566352525
2026-03-07,2026-03-20,25150.0,24643.016,254.8,294.9,0.261536353521347,730.3,805.8,0.2637679291057586,24656.8,0.019805172031027937,13,0.002457040864043092
2026-03-07,2026-03-20,25175.0,24643.016,242.1,286.0,0.2612082928371429,745.6,818.0,0.2612712347126007,24657.25,0.020780463712984122,13,0.002430687080282084
2026-03-07,2026-03-20,25200.0,24643.016,230.2,274.0,0.2590215394973755,768.0,844.2,0.2665373716259003,24646.0,0.02222937900144616,13,0.0024594234231466324
2026-03-07,2026-03-20,25225.0,24643.016,218.6,260.4,0.2557800329113007,781.3,855.3,0.2632052668857575,24646.2,0.02321283584958264,13,0.002398283998815583
2026-03-07,2026-03-20,25250.0,24643.016,214.9,264.0,0.2622907023620606,786.8,855.8,0.2535942332363129,24668.15,0.02331321785821824,13,0.0023697153891132825
2026-03-07,2026-03-20,25275.0,24643.016,206.5,226.5,0.2448405442237854,800.0,869.6,0.2514294141864776,24656.7,0.024767096076363567,13,0.0021929385829224757
2026-03-07,2026-03-20,25300.0,24643.016,207.3,227.3,0.2495802581787109,803.9,883.9,0.2494095521831512,24673.4,0.02507865547478479,13,0.002217041644509981
2026-03-07,2026-03-20,25325.0,24643.016,188.5,204.0,0.2398071015167236,817.4,897.4,0.2467593177604675,24663.85,0.026453441307958,13,0.0021080201676622985
2026-03-07,2026-03-20,25350.0,24643.016,178.6,194.0,0.2377958224964141,801.2,941.2,0.2622029652023315,24665.1,0.02738944103171429,13,0.0022260166028101364
2026-03-07,2026-03-20,25375.0,24643.016,168.6,184.0,0.2356205131340026,820.0,964.8,0.2655531895732879,24658.9,0.02862654727110538,13,0.0022364904408968232
2026-03-07,2026-03-20,25400.0,24643.016,159.3,174.0,0.2332687757873535,832.1,1006.0,0.2794194754695892,24647.6,0.03006964135904872,13,0.0023404384648628256
2026-03-07,2026-03-20,25425.0,24643.016,149.2,166.1,0.2320938607788085,839.5,1022.0,0.2781825722503661,24651.9,0.030878965308861108,13,0.002318470202304596
2026-03-07,2026-03-20,25450.0,24643.016,147.8,167.6,0.2369241728878021,861.5,1038.0,0.2768274145984649,24657.95,0.03161637929170267,13,0.002350156861219571
2026-03-07,2026-03-20,25500.0,24643.016,130.6,148.0,0.2314653956890106,897.5,1091.0,0.2867674625968932,24645.05,0.03410238320000834,13,0.002391334822118704
2026-03-07,2026-03-20,25525.0,24643.016,113.9,130.0,0.2226640234374999,909.8,1088.0,0.2732750132942199,24648.05,0.03496057419626476,13,0.0021900149767171365
2026-03-07,2026-03-20,25550.0,24643.016,106.6,122.0,0.2205106483650207,930.3,1104.0,0.2714172743034363,24647.15,0.03597604150662459,13,0.0021547329139121538
2026-03-07,2026-03-20,25575.0,24643.016,97.8,116.0,0.2196285084438323,945.0,1122.0,0.2707191916847229,24648.4,0.036903322177762744,13,0.0021409118296422777
2026-03-07,2026-03-20,25600.0,24643.016,91.7,108.0,0.2170736404991149,962.6,1140.0,0.2699085766220092,24648.55,0.03787427625640105,13,0.002111624546094982
2026-03-07,2026-03-20,25625.0,24643.016,84.8,102.0,0.2158376909446716,981.4,1158.0,0.2689825681209564,24648.7,0.03884427669730203,13,0.002092917045757544
2026-03-07,2026-03-20,25650.0,24643.016,77.2,94.0,0.2128126662635803,997.9,1176.0,0.267936397857666,24648.65,0.039821439362111744,13,0.0020579148044485647
2026-03-07,2026-03-20,25675.0,24643.016,71.0,88.0,0.2111609188652038,1017.3,1196.0,0.2681481114387511,24647.85,0.040828080225238504,13,0.0020456047293848823
2026-03-07,2026-03-20,25700.0,24643.016,66.2,82.0,0.2092955505561828,762.7,807.5,1.0000000000000004e-05,24989.0,0.028055263861377442,13,0.0003900784763131153
2026-03-07,2026-03-20,25725.0,24643.016,59.9,77.6,0.208618448562622,1055.5,1234.0,0.2668825982761383,24649.0,0.042726950005634305,13,0.002013230268549205
2026-03-07,2026-03-20,25750.0,24643.016,55.6,72.0,0.2066882310485839,1074.3,1254.0,0.2668034440994263,24649.65,0.04367192550481105,13,0.0019962512079781465
2026-03-07,2026-03-20,25775.0,24643.016,49.7,66.8,0.2048896192741393,805.8,849.8,1.0000000000000004e-05,25005.45,0.030311228793369942,13,0.00037382883679653017
2026-03-07,2026-03-20,25800.0,24643.016,50.7,69.0,0.2099993551635742,1114.7,1294.0,0.2663533143234253,24655.5,0.04537449259501896,13,0.002020448119490464
2026-03-07,2026-03-20,25825.0,24643.016,41.1,57.9,0.2020724935150146,1134.1,1314.0,0.2659756630706786,24650.45,0.04654785910554091,13,0.0019506150681386663
2026-03-07,2026-03-20,25850.0,24643.016,37.0,53.9,0.2008041193580627,1154.3,1336.0,0.2670361383056641,24650.3,0.04752153015440197,13,0.001948882593822746
2026-03-07,2026-03-20,25875.0,24643.016,33.7,49.8,0.199209591846466,1175.4,1358.0,0.2680374863243102,24650.05,0.04849832270132533,13,0.0019439437101155179
2026-03-07,2026-03-20,25900.0,24643.016,30.4,46.1,0.1978286852455139,1196.1,1378.0,0.2673889942741394,24651.2,0.0494173878601186,13,0.0019270940831434664
2026-03-07,2026-03-20,25925.0,24643.016,26.8,41.4,0.1949943935203552,1200.0,1396.7,0.2655655872154235,24660.75,0.04999484321657359,13,0.0018886996206297472
2026-03-07,2026-03-20,25950.0,24643.016,24.0,39.5,0.1953415275001526,1221.1,1421.1,0.26829306848526,24660.65,0.050962753747814345,13,0.00191400102858167
2026-03-07,2026-03-20,25975.0,24643.016,21.5,36.5,0.1941418172073364,1209.1,1509.1,0.3197890592575072,24644.9,0.052564554454360125,13,0.0023517974624595824
2026-03-07,2026-03-20,26000.0,24643.016,19.0,33.7,0.1929859754943848,1223.8,1565.6,0.345517027683258,24631.65,0.05406433665905157,13,0.0025820625326078246
2026-03-07,2026-03-20,26025.0,24643.016,16.9,31.0,0.1917462112808228,1211.3,1600.0,0.355545766506195,24643.3,0.05455255623191554,13,0.002667034668733104
2026-03-07,2026-03-20,26050.0,24643.016,14.9,28.6,0.1907162533187866,1228.1,1610.6,0.3490589386749267,24652.4,0.0551435093669899,13,0.002594276953831541
2026-03-07,2026-03-20,26075.0,24643.016,13.1,25.6,0.1884884923934936,1251.0,1605.7,0.3309717324638366,24666.0,0.055551223743039765,13,0.002402675361448469
2026-03-07,2026-03-20,26100.0,24643.016,14.3,27.3,0.1937031314086914,1282.9,1658.0,0.3541648599052428,24650.35,0.05714421515778893,13,0.002672651621084072
2026-03-07,2026-03-20,26125.0,24643.016,10.0,22.5,0.188110841140747,1297.5,1678.3,0.3542411530876158,24653.35,0.05797991639328585,13,0.002619105420113196
2026-03-07,2026-03-20,26150.0,24643.016,9.0,20.8,0.1874165731811523,1085.2,1151.0,1.0000000000000004e-05,25046.8,0.04310311565106116,13,0.00031278997558053964
2026-03-07,2026-03-20,26175.0,24643.016,8.4,19.2,0.1867146759033203,1344.5,1699.5,0.3396872748851776,24666.8,0.05934654682974416,13,0.002467319985836417
2026-03-07,2026-03-20,26200.0,24643.016,6.4,17.8,0.1862225848770141,1374.1,1757.7,0.367643957901001,24646.2,0.061136680376961135,13,0.002731497201174878
2026-03-07,2026-03-20,26225.0,24643.016,5.4,16.5,0.1857648257827758,1148.7,1211.9,1.0000000000000004e-05,25055.65,0.04561380328162104,13,0.00030730117577402
2026-03-07,2026-03-20,26250.0,24643.016,4.6,15.4,0.1855817221450805,1416.0,1792.3,0.3630358496856689,24655.85,0.06265179419025413,13,0.0026799699462870382
2026-03-07,2026-03-20,26275.0,24643.016,3.7,14.4,0.1854863556671142,1194.7,1261.4,1.0000000000000004e-05,25056.0,0.04750459695462217,13,0.0003063805983254431
2026-03-07,2026-03-20,26300.0,24643.016,4.7,15.1,0.1893734933090209,1464.3,1819.5,0.3521240172767639,24668.0,0.06406208205447254,13,0.002610859042203991
2026-03-07,2026-03-20,26325.0,24643.016,2.7,12.6,0.1853871745300293,1240.0,1306.1,1.0000000000000004e-05,25059.6,0.0492620703714456,13,0.0003060530549372164
2026-03-07,2026-03-20,26350.0,24643.016,2.55,11.7,0.1851201483917236,1260.6,1328.1,1.0000000000000004e-05,25062.775,0.05008459741220304,13,0.00030517207805893213
2026-03-07,2026-03-20,26375.0,24643.016,1.45,11.1,0.1855664635086059,1537.2,1889.6,0.3578107203578948,24667.875,0.06691480197348282,13,0.002629016391306134
2026-03-07,2026-03-20,26400.0,24643.016,2.1,11.7,0.1894078252410888,1561.6,1914.2,0.3606478730773925,24669.0,0.06781661549540244,13,0.0026940387166330252
2026-03-07,2026-03-20,26425.0,24643.016,0.7,9.9,0.1861806236267089,1586.1,1936.4,0.3615176153564453,24669.05,0.0687611102661879,13,0.002670995680005635
2026-03-07,2026-03-20,26450.0,24643.016,0.8,9.4,0.1866612706756591,1600.0,1957.7,0.3615996305274963,24676.25,0.06941491570656792,13,0.002676486441948801
2026-03-07,2026-03-20,26475.0,24643.016,0.8,8.2,0.1846089840698241,1318.7,1494.0,1.0000000000000004e-05,25073.15,0.054403339025258256,13,0.000303489178511412
2026-03-07,2026-03-20,26500.0,24643.016,3.9,9.4,0.190788731842041,1603.2,2121.1,0.453546266593933,24644.5,0.07259098113153213,13,0.0036966977210433735
2026-03-07,2026-03-20,26600.0,24643.016,0.0,7.1,0.1904148952484131,1660.2,2242.2,0.4818653422260284,24652.35,0.07603898515741839,13,0.0040243077603308135
2026-03-07,2026-03-20,26700.0,24643.016,0.0,6.1,0.1938557177734375,1531.1,1703.6,1.0000000000000004e-05,25085.7,0.06236560273674502,13,0.0003346513115489942
2026-03-07,2026-03-20,26800.0,24643.016,0.0,5.5,0.1985401191711425,1633.0,1807.8,1.0000000000000004e-05,25082.35,0.06623747598218714,13,0.0003510191422584751
2026-03-07,2026-03-20,26900.0,24643.016,0.0,4.9,0.2027515028381347,1985.9,2542.0,0.5217027810668945,24638.5,0.08781602641890777,13,0.004673179536362009
2026-03-07,2026-03-20,27000.0,24643.016,0.05,4.6,0.2083056465148925,2056.5,2645.1,0.5369404369163513,24651.525,0.09099810130349907,13,0.004945268783085553
2026-03-07,2026-03-20,27400.0,24643.016,0.0,3.9,0.2319107571411132,1612.4,1969.8,1.0000000000000004e-05,25610.85,0.06752692357327822,13,0.0004789274580190368
2026-03-07,2026-03-20,27500.0,24643.016,0.0,9.7,0.2706219178771973,2231.1,2408.9,1.0000000000000004e-05,25184.85,0.08794338141879503,13,0.0006521515442880622
2026-03-07,2026-03-20,28000.0,24643.016,0.0,3.5,0.2690045024108886,2952.4,3300.4,1.0000000000000004e-05,24875.35,0.11832715687777513,13,0.0025773273702062653
2026-03-07,2026-03-23,24600.0,24643.016,588.3,657.8,0.3000758545970916,531.5,607.0,0.2964547894287109,24653.8,-0.0021846038842355474,16,0.0038997129782119304
2026-03-07,2026-03-23,25000.0,24643.016,364.7,407.6,0.2659651727581024,689.3,768.4,0.2678639193344116,24657.3,0.013802822177461106,16,0.0031229972554993723
2026-03-07,2026-03-23,26300.0,24643.016,6.9,20.1,0.1816297352981567,1472.1,1862.0,0.3487289706611634,24646.45,0.06493606529353291,16,0.0030825244601298033
2026-03-07,2026-03-25,24700.0,24643.016,563.9,635.9,0.2957166528892516,600.2,678.1,0.28918261865139,24660.75,0.001590332734914031,18,0.00421775948032734
2026-03-07,2026-03-27,24000.0,24643.016,1024.2,1215.8,0.3679648660993576,418.9,491.9,0.3314619161605834,24664.6,-0.027315186894273275,20,0.006701340051267052
2026-03-07,2026-03-27,24600.0,24643.016,667.8,744.4,0.3067734423446654,595.2,669.1,0.2931179163646698,24673.95,-0.0030015882843260912,20,0.0049297211267689345
2026-03-07,2026-03-27,24700.0,24643.016,607.7,681.4,0.3005746212768554,633.2,709.6,0.2884287466430663,24673.15,0.0010876357958466134,20,0.004752396813986447
2026-03-07,2026-03-27,24800.0,24643.016,545.5,619.8,0.2940248515701293,668.3,743.7,0.2800326819229125,24676.65,0.004986200786131434,20,0.004514274681645408
2026-03-07,2026-03-27,25000.0,24643.016,427.3,503.5,0.280784169769287,750.9,827.1,0.2664410514831543,24676.4,0.013028503569519078,20,0.004102129353079224
2026-03-07,2026-03-27,25100.0,24643.016,386.3,432.2,0.266705216627121,803.3,871.1,0.2588365285301209,24672.05,0.017196822170027153,20,0.0037834811767523207
2026-03-07,2026-03-27,25200.0,24643.016,333.2,379.9,0.2595632210922241,804.3,993.0,0.28459692155838,24657.9,0.021746658558192154,20,0.004056304943144189
2026-03-07,2026-03-27,25300.0,24643.016,285.5,332.3,0.2531660377502441,847.6,1038.8,0.2758308349037169,24665.7,0.02539078115451991,20,0.0038333930312009733
2026-03-07,2026-03-27,25400.0,24643.016,242.3,287.1,0.2464236277580261,901.9,1092.9,0.2694870567893981,24667.3,0.029270694142369637,20,0.0036460799237012574
2026-03-07,2026-03-27,25500.0,24643.016,201.5,239.0,0.2365856218910217,959.8,1151.9,0.2640912214660644,24664.4,0.03331754374253084,20,0.0034339356366303577
2026-03-07,2026-03-27,25600.0,24643.016,176.1,192.2,0.2252484549903869,1021.6,1212.8,0.2582109244346618,24666.95,0.03712806052893932,20,0.0032018215281377146
2026-03-07,2026-03-27,25700.0,24643.016,140.7,156.8,0.2177116422367095,1087.3,1276.1,0.2520111497020721,24667.05,0.04102264694532639,20,0.0030224589214625196
2026-03-07,2026-03-27,25800.0,24643.016,110.0,128.0,0.2118504185009002,1157.0,1346.9,0.2482651544475555,24667.05,0.04490614697172414,20,0.002900086855749119
2026-03-07,2026-03-27,26000.0,24643.016,61.3,80.2,0.1997627174186706,1216.6,1608.3,0.3056958011436462,24658.3,0.05298298021227536,20,0.003499839917633041
2026-03-07,2026-03-30,25100.0,24643.016,400.3,464.8,0.2628090191698075,811.6,929.6,0.266065307559967,24661.95,0.017606276102045924,23,0.004406359746506206
2026-03-07,2026-03-30,26200.0,24643.016,39.7,55.4,0.1845689301490783,1381.4,1773.7,0.289573144378662,24670.0,0.060171480225785744,23,0.0035415385323710907
2026-03-07,2026-03-31,14000.0,24643.016,6419.1,7067.0,1.0000000000000004e-05,0.4,12.5,0.8393265579223632,20736.6,-0.39284292532117626,24,0.046321253972633564
2026-03-07,2026-03-31,14400.0,24643.016,6067.6,6715.5,1.0000000000000004e-05,279.3,311.0,1.511280596075058,20496.4,-0.3530210543851114,24,0.15017878619657968
2026-03-07,2026-03-31,14800.0,24643.016,9730.6,10359.5,1.319850507698059,4.6,9.8,0.7725547647094727,24837.85,-0.5177415186039501,24,0.039244330814814814
2026-03-07,2026-03-31,15000.0,24643.016,9538.6,10167.8,1.3029057071685788,3.0,15.5,0.7760947683715821,24843.95,-0.5045640610344571,24,0.03960480588451987
2026-03-07,2026-03-31,17200.0,24643.016,3754.5,4413.3,1.0000000000000004e-05,163.9,180.6,0.9550804815483092,21111.65,-0.20491563699485804,24,0.05997887514966904
2026-03-07,2026-03-31,17400.0,24643.016,3603.0,4261.6,1.0000000000000004e-05,14.1,28.2,0.6290320300292969,21311.15,-0.20276020370848846,24,0.026017400206210073
2026-03-07,2026-03-31,17900.0,24643.016,6789.2,7424.6,1.0653332713794708,817.3,860.4,1.4233246073293686,24168.05,-0.3002308000868952,24,0.13320676851480337
2026-03-07,2026-03-31,18000.0,24643.016,4451.1,4511.4,1.0000000000000004e-05,18.7,33.4,0.593349708633423,22455.2,-0.22115045530616573,24,0.023149405593558436
2026-03-07,2026-03-31,18200.0,24643.016,3315.5,3374.9,1.0000000000000004e-05,587.0,614.1,1.209528107042312,20944.65,-0.1404616497445437,24,0.09619451452440714
2026-03-07,2026-03-31,18400.0,24643.016,4139.0,4199.6,1.0000000000000004e-05,151.0,166.3,0.7929231370735169,22410.65,-0.19718562768578451,24,0.041340960085907326
2026-03-07,2026-03-31,18500.0,24643.016,6468.7,6573.0,0.9942675210094452,20.1,26.9,0.5394409459686281,24997.35,-0.3009990871655245,24,0.019134018686303232
2026-03-07,2026-03-31,18900.0,24643.016,5416.7,6186.8,0.5909197707748415,210.0,220.0,0.7953950361824035,24486.75,-0.2589702328646567,24,0.04159911870138785
2026-03-07,2026-03-31,19000.0,24643.016,3202.7,3720.5,1.0000000000000004e-05,28.5,32.0,0.5162859651184082,22431.35,-0.16602055480371639,24,0.01752665410048742
2026-03-07,2026-03-31,19900.0,24643.016,3004.0,3049.1,1.0000000000000004e-05,47.0,63.7,0.5026485587692261,22871.2,-0.1391587454130673,24,0.016612969225169104
2026-03-07,2026-03-31,20300.0,24643.016,1976.3,2037.0,1.0000000000000004e-05,58.0,75.3,0.4812216184997558,22240.0,-0.09127158333463999,24,0.0038068581475708685
2026-03-07,2026-03-31,21000.0,24643.016,3364.7,4151.7,0.7425219534683227,87.6,101.5,0.4435861916351318,24663.65,-0.16080806203641562,24,0.012938216509108593
2026-03-07,2026-03-31,21100.0,24643.016,2924.4,2949.9,1.0000000000000004e-05,92.3,110.2,0.4425657703208924,23935.9,-0.12610638349383235,24,0.012878759083379168
2026-03-07,2026-03-31,21200.0,24643.016,1960.4,2002.6,1.0000000000000004e-05,97.3,115.7,0.4377860024452209,23075.0,-0.08474859871094906,24,0.0031506631192934117
2026-03-07,2026-03-31,21300.0,24643.016,3000.8,3021.0,1.0000000000000004e-05,104.0,121.5,0.4330100492286682,24198.15,-0.1275691112441038,24,0.012328616070115966
2026-03-07,2026-03-31,21800.0,24643.016,1220.4,1272.0,1.0000000000000004e-05,140.1,155.2,0.4088403690528869,22898.55,-0.049163619983139666,24,0.0027478130017755914
2026-03-07,2026-03-31,22000.0,24643.016,2554.7,3123.2,0.5882447410678865,155.9,172.5,0.3999789159202576,24674.75,-0.1147380001976439,24,0.010519438894076348
2026-03-07,2026-03-31,22100.0,24643.016,3708.3,4357.6,1.054776149482727,165.7,182.2,0.3957665785884858,25959.0,-0.1609407617690043,24,0.010299036804008947
2026-03-07,2026-03-31,22200.0,24643.016,1051.1,1110.4,1.0000000000000004e-05,175.8,192.5,0.3915828512001037,23096.6,-0.03959313166938393,24,0.002520739086756601
2026-03-07,2026-03-31,22300.0,24643.016,2997.3,3480.2,0.7501932329559325,186.2,203.0,0.387137819662094,25344.15,-0.12796125570903383,24,0.009854839983302137
2026-03-07,2026-03-31,22400.0,24643.016,973.9,1031.2,1.0000000000000004e-05,196.8,214.4,0.3828844747447967,23196.95,-0.03495984565168018,24,0.002409997459563185
2026-03-07,2026-03-31,22500.0,24643.016,2096.7,2678.1,0.5466373003959656,206.4,226.4,0.3785948905658722,24671.0,-0.09211315557219679,24,0.01407213052918426
2026-03-07,2026-03-31,22600.0,24643.016,891.6,951.8,1.0000000000000004e-05,209.9,253.5,0.3828787527561187,23290.0,-0.030074177618009484,24,0.0024099254299255264
2026-03-07,2026-03-31,22700.0,24643.016,863.2,912.0,1.0000000000000004e-05,220.4,266.9,0.3783040228080748,23343.95,-0.027972925412780417,24,0.00235268218936814
2026-03-07,2026-03-31,22800.0,24643.016,828.2,876.7,1.0000000000000004e-05,233.5,276.9,0.3714214240932464,23397.25,-0.02585795812956229,24,0.002267857032393486
2026-03-07,2026-03-31,22900.0,24643.016,789.2,842.3,1.0000000000000004e-05,248.2,291.8,0.3668896090602875,23445.75,-0.023552331232969802,24,0.002212854626771372
2026-03-07,2026-03-31,23000.0,24643.016,1656.3,2249.4,0.5076543451976776,263.5,307.1,0.3621250998210906,24667.55,-0.06999439877652944,24,0.012435884103734076
2026-03-07,2026-03-31,23100.0,24643.016,728.9,776.3,1.0000000000000004e-05,279.6,323.7,0.3575799334812164,23550.95,-0.01933354182381508,24,0.0021019818168838485
2026-03-07,2026-03-31,23300.0,24643.016,667.4,714.1,1.0000000000000004e-05,312.9,357.6,0.3474300792312622,23655.5,-0.01514228546836967,24,0.0019843497313352175
2026-03-07,2026-03-31,23400.0,24643.016,638.1,684.3,1.0000000000000004e-05,331.3,376.3,0.342485327348709,23707.4,-0.013051213328744675,24,0.001928269302833414
2026-03-07,2026-03-31,23500.0,24643.016,1369.6,1742.4,0.4282531693077087,351.1,396.7,0.3378257212352753,24682.1,-0.04907786340820294,24,0.009647290956749084
2026-03-07,2026-03-31,23600.0,24643.016,1288.9,1663.7,0.4217911367607116,371.5,417.1,0.3326387384986878,24682.0,-0.04482752099942738,24,0.009356127726310896
2026-03-07,2026-03-31,23700.0,24643.016,2343.7,2582.7,0.7762988526344301,393.4,439.5,0.3278084263896941,25746.75,-0.08283335741082093,24,0.020039225483737894
2026-03-07,2026-03-31,23800.0,24643.016,1211.1,1411.1,0.367643957901001,409.7,476.0,0.3284864820480346,24668.25,-0.03583141098778238,24,0.00796598777134747
2026-03-07,2026-03-31,23900.0,24643.016,2180.3,2404.3,0.7500778395175933,422.2,499.7,0.3229733459568023,25731.35,-0.07383163391605495,24,0.018927761862706942
2026-03-07,2026-03-31,24000.0,24643.016,1073.2,1259.7,0.3552997209930418,447.8,524.1,0.31717697142601,24680.5,-0.027959627803311127,24,0.0074338340029622115
2026-03-07,2026-03-31,24100.0,24643.016,999.0,1186.6,0.3493984433364868,475.7,551.2,0.3118927148818969,24679.35,-0.02375502107867683,24,0.007188591714046214
2026-03-07,2026-03-31,24200.0,24643.016,930.8,1114.9,0.3434943046855926,503.4,579.1,0.3062951794576645,24681.6,-0.019705393594902216,24,0.00694070751292866
2026-03-07,2026-03-31,24300.0,24643.016,757.0,791.5,0.236624245314598,532.6,607.2,0.3001197231769561,24504.35,-0.008374302464269734,24,0.00473579322266404
2026-03-07,2026-03-31,24400.0,24643.016,1068.0,1077.2,0.3714686304998397,561.0,638.9,0.294682403435707,24872.65,-0.01918567392089669,24,0.007294638904329829
2026-03-07,2026-03-31,24500.0,24643.016,771.1,845.8,0.3010381023597717,593.8,672.5,0.2892565276718139,24675.3,-0.007129625749666658,24,0.005727908223191122
2026-03-07,2026-03-31,24550.0,24643.016,740.1,812.4,0.2979282015132903,412.4,416.6,0.1798006062507629,24911.75,-0.0146277254764171,24,0.003751640774262965
2026-03-07,2026-03-31,24575.0,24643.016,725.5,799.0,0.2975891736841201,619.4,698.0,0.2847990984916686,24678.55,-0.0042047792520569505,24,0.00557549752714357
2026-03-07,2026-03-31,24600.0,24643.016,709.2,780.0,0.295019523935318,628.6,706.8,0.2833314083957671,24676.9,-0.003121140429973569,24,0.005498462481012089
2026-03-07,2026-03-31,24625.0,24643.016,688.8,766.6,0.2945817918014526,638.3,714.5,0.2813849785804748,24676.3,-0.0020810817773405836,24,0.005453222804123635
2026-03-07,2026-03-31,24650.0,24643.016,673.1,750.6,0.2930826307678222,647.2,724.3,0.2802043415832518,24676.1,-0.0010582633711494183,24,0.00540259648220484
2026-03-07,2026-03-31,24675.0,24643.016,658.1,731.7,0.2904066473960875,656.3,732.8,0.278466287522316,24675.35,-1.4184296565428306e-05,24,0.005319721908208407
2026-03-07,2026-03-31,24700.0,24643.016,643.9,715.0,0.2885355570983886,664.7,742.2,0.2770248232078552,24676.0,0.0009721322865394012,24,0.0052579486647475575
2026-03-07,2026-03-31,24800.0,24643.016,580.3,653.7,0.282666704044342,702.2,780.1,0.2708307704639434,24675.85,0.005018620623021995,24,0.005036045823896714
2026-03-07,2026-03-31,24825.0,24643.016,567.4,642.0,0.2824769247531891,711.1,789.0,0.2689167652511596,24679.65,0.005872192518108827,24,0.0049978356390675905
2026-03-07,2026-03-31,24875.0,24643.016,535.4,609.1,0.2782302554893493,732.4,808.2,0.2654568694305419,24676.95,0.007993673491984996,24,0.004859107229649162
2026-03-07,2026-03-31,24900.0,24643.016,520.7,593.4,0.2763129124498367,740.9,819.0,0.2641055264377593,24677.1,0.008992115389480644,24,0.004800856259008871
2026-03-07,2026-03-31,24925.0,24643.016,506.0,578.6,0.2746883444976806,752.7,830.5,0.262968758020401,24675.7,0.010052362136417147,24,0.0047519204365173515
2026-03-07,2026-03-31,24950.0,24643.016,492.8,566.4,0.2740245938110351,763.4,841.3,0.2614958227682114,24677.25,0.010992055624784927,24,0.004714226573806185
2026-03-07,2026-03-31,24975.0,24643.016,478.9,550.1,0.271692406592369,772.5,850.5,0.2593305268859864,24678.0,0.011963166058275224,24,0.004635375713095196
2026-03-07,2026-03-31,25000.0,24643.016,463.1,535.6,0.2700048967647552,784.7,861.4,0.2577684239768982,24676.3,0.013032556032707598,24,0.004578816626082282
2026-03-07,2026-03-31,25050.0,24643.016,434.7,507.3,0.2667185679340363,800.1,880.1,0.2532137209892272,24680.9,0.014844162383867,24,0.004443774001068229
2026-03-07,2026-03-31,25100.0,24643.016,414.5,484.7,0.2654473327827453,821.2,901.2,0.249325152850151,24688.4,0.016534348444687666,24,0.00435601170352883
2026-03-07,2026-03-31,25200.0,24643.016,372.1,417.1,0.2530868835735321,836.2,1013.2,0.2690269135332107,24669.9,0.021260117490610606,24,0.004481142199384454
2026-03-07,2026-03-31,25225.0,24643.016,357.1,404.4,0.251499031715393,626.0,633.9,0.0914273521137237,24975.8,0.009928210186037961,24,0.0019331261050868167
2026-03-07,2026-03-31,25250.0,24643.016,347.0,391.2,0.249630802412033,861.4,1038.8,0.2663533143234253,24669.0,0.023278761064500723,24,0.00437654151325925
2026-03-07,2026-03-31,25300.0,24643.016,322.0,367.5,0.2467812520503998,876.9,1063.7,0.2631213443851471,24674.45,0.025036100429320373,24,0.004273983416740475
2026-03-07,2026-03-31,25350.0,24643.016,297.1,343.8,0.2436255752944946,913.1,1090.3,0.2603099406147003,24668.75,0.02724146960817207,24,0.004174537055254791
2026-03-07,2026-03-31,25375.0,24643.016,287.2,332.3,0.2420753931951522,922.9,1103.3,0.2586705908584595,24671.65,0.028109626203575912,24,0.004121860940479232
2026-03-07,2026-03-31,25400.0,24643.016,276.8,320.9,0.2404865876722335,939.8,1117.2,0.2573364138317108,24670.35,0.029147056311873698,24,0.00407388067111884
2026-03-07,2026-03-31,25450.0,24643.016,250.9,298.9,0.2374029126071929,957.9,1146.0,0.2548759587001801,24672.95,0.031008241168851085,24,0.003983646363873881
2026-03-07,2026-03-31,25500.0,24643.016,234.3,277.8,0.234371212272644,986.7,1172.8,0.2512448800516128,24676.3,0.032835183328887324,24,0.0038765422869744826
2026-03-07,2026-03-31,25550.0,24643.016,213.1,257.6,0.2313891025066375,1016.3,1202.1,0.2483786405563354,24676.15,0.034800126539795154,24,0.0037837329416505
2026-03-07,2026-03-31,25575.0,24643.016,211.2,232.5,0.2227918145179748,1031.5,1217.1,0.2469805679893493,24672.55,0.035924022227942616,24,0.0036277165704099884
2026-03-07,2026-03-31,25600.0,24643.016,202.0,222.0,0.2207824428272247,1054.3,1233.9,0.2463177709674835,24667.9,0.03708954819941509,24,0.003586563447568144
2026-03-07,2026-03-31,25650.0,24643.016,187.7,203.0,0.2173873962116241,1084.9,1265.8,0.2439946435642243,24670.0,0.03895564107551326,24,0.0034992885473050274
2026-03-07,2026-03-31,25700.0,24643.016,170.1,185.2,0.2141449359607696,1116.3,1297.3,0.2411527225208282,24670.85,0.04086860715005693,24,0.0034076047860628874
2026-03-07,2026-03-31,25725.0,24643.016,161.9,176.9,0.2126610335636138,1132.8,1313.5,0.2398137771701812,24671.25,0.04182468363393299,24,0.00336548144134658
2026-03-07,2026-03-31,25750.0,24643.016,153.6,168.6,0.2110655523872375,907.8,925.3,1.0000000000000004e-05,24994.55,0.029776826006998384,24,0.000732376254502643
2026-03-07,2026-03-31,25800.0,24643.016,136.5,152.2,0.2076209152030944,1183.4,1364.7,0.2365484289646148,24670.3,0.04477440094139604,24,0.0032430642131239377
2026-03-07,2026-03-31,25825.0,24643.016,128.3,146.3,0.2069781451416015,1200.0,1382.5,0.2356596133899688,24671.05,0.04571252355419449,24,0.0032207372922386747
2026-03-07,2026-03-31,25850.0,24643.016,120.4,138.5,0.205176672372818,1200.0,1391.9,0.2303467469024658,24683.5,0.046175596737072715,24,0.0031180380614339942
2026-03-07,2026-03-31,25875.0,24643.016,113.5,130.5,0.203121524772644,1208.2,1408.2,0.2284327416896819,24688.8,0.04692755208274025,24,0.0030614644093452516
2026-03-07,2026-03-31,25900.0,24643.016,106.7,124.3,0.2019761733722686,1223.4,1423.4,0.2258034878921508,24692.1,0.047759614287340685,24,0.0030081441960246804
2026-03-07,2026-03-31,25925.0,24643.016,100.2,117.8,0.2005361395549774,1241.6,1441.6,0.2246724414634704,24692.4,0.04871225013634242,24,0.002972093217069401
2026-03-07,2026-03-31,25950.0,24643.016,93.9,111.7,0.1992134065055847,1262.9,1462.9,0.2251750228023529,24689.9,0.049777356485773895,24,0.002960638996117124
2026-03-07,2026-03-31,25975.0,24643.016,88.8,106.5,0.1983341275787353,1210.7,1603.2,0.2871584651565551,24665.7,0.05172092240633644,24,0.003874570809876732
2026-03-07,2026-03-31,26000.0,24643.016,82.5,100.4,0.1967643953514098,1225.7,1616.1,0.2840294910144805,24670.55,0.052486313444174565,24,0.0037999358000024644
2026-03-07,2026-03-31,26025.0,24643.016,76.9,94.9,0.1954492916202545,1244.2,1607.4,0.2698885496616363,24685.1,0.05285779175526822,24,0.003559550244310524
2026-03-07,2026-03-31,26050.0,24643.016,71.4,89.0,0.1937250656986237,1263.8,1612.7,0.2623479222488404,24691.95,0.0535404886171281,24,0.0034192203342793596
2026-03-07,2026-03-31,26250.0,24643.016,37.7,55.5,0.1849961719703673,1206.4,1265.3,1.0000000000000004e-05,25060.75,0.04636311184516296,24,0.0005626402794596567
2026-03-07,2026-03-31,26275.0,24643.016,34.2,52.0,0.1838670328712463,1225.7,1287.6,1.0000000000000004e-05,25061.45,0.04728710783570314,24,0.0005557933679594531
2026-03-07,2026-03-31,26400.0,24643.016,21.0,37.5,0.1790243231201171,1200.0,1385.0,1.0000000000000004e-05,25136.75,0.04903309140113559,24,0.0005269033784396465
2026-03-07,2026-03-31,26500.0,24643.016,13.7,28.4,0.1753965822982788,2102.8,2119.0,0.3383340245628356,24410.15,0.08214570358365653,24,0.004338396763165298
2026-03-07,2026-03-31,26600.0,24643.016,8.5,21.5,0.1724669240951538,2166.8,2182.0,0.3283234053707122,24440.6,0.08466553186743615,24,0.004122591026079955
2026-03-07,2026-03-31,26900.0,24643.016,0.25,10.7,0.1703917495346069,1967.6,2535.8,0.3870958584117888,24653.775,0.08719625382821473,24,0.0051089167070760685
2026-03-07,2026-03-31,27000.0,24643.016,0.0,8.9,0.1713683022689819,2064.5,2625.7,0.3912204585838317,24659.35,0.09068072709078515,24,0.0052028402274724
2026-03-07,2026-03-31,27200.0,24643.016,0.0,6.7,0.1754843194580078,2261.6,2823.4,0.4088193884277343,24660.85,0.09800000738444332,24,0.005612232707655231
2026-03-07,2026-03-31,27225.0,24643.016,0.0,6.4,0.1757284576416015,2286.3,2856.8,0.4159003494167327,24656.65,0.0990890278372954,24,0.005753829786431797
2026-03-07,2026-03-31,28000.0,24643.016,0.0,4.2,0.2058184887695312,3056.2,3628.4,0.4834102791690827,24659.8,0.1270301227719755,24,0.002785397281273883
2026-03-07,2026-03-31,32000.0,24643.016,0.0,20.0,0.4670730478286743,6918.0,7712.0,0.8413492809200287,24695.0,0.2591351088071384,24,0.01434458511833208
2026-03-07,2026-03-31,33000.0,24643.016,0.0,20.0,0.5128222546386718,7915.5,8706.7,0.903227820148468,24698.9,0.2897488532371906,24,0.017292273853327607
2026-03-07,2026-04-10,24600.0,24643.016,825.1,933.4,0.2998155041122436,727.1,802.5,0.270965237197876,24714.45,-0.004641649880898662,34,0.0075869056562452115
2026-03-07,2026-04-10,24800.0,24643.016,705.2,776.0,0.2790914147853851,800.0,873.9,0.2597501393890381,24703.65,0.0038926471750481474,34,0.006761580477516209
2026-03-07,2026-04-10,25000.0,24643.016,582.5,658.0,0.2688423793983459,827.8,1019.0,0.270251895942688,24696.85,0.012200119731330136,34,0.00676792443971653
2026-03-07,2026-04-10,25400.0,24643.016,384.3,432.0,0.2428559678173064,1013.8,1204.9,0.2485183524465561,24698.8,0.02799451456670277,34,0.005622778471850877
2026-03-07,2026-04-10,26000.0,24643.016,163.8,182.8,0.2069638401699065,1287.8,1649.5,0.2537391902828216,24704.65,0.05110505299676105,34,0.0049427449295363895
2026-03-07,2026-04-17,18000.0,24643.016,6965.4,7313.8,0.8959675701808927,44.7,61.5,0.5158587232971192,25086.5,-0.3319580949435505,41,0.029891833201290647
2026-03-07,2026-04-17,21800.0,24643.016,2619.0,2630.9,1.0000000000000004e-05,220.9,265.7,0.3765006427097321,24181.65,-0.10368411127688192,41,0.0159229098421767
2026-03-07,2026-04-17,22000.0,24643.016,2479.4,2492.8,1.0000000000000004e-05,250.7,295.7,0.3722463441276551,24212.9,-0.09584309563069762,41,0.0038914837092292975
2026-03-07,2026-04-17,22500.0,24643.016,2246.0,2827.2,0.4778055912590027,309.1,351.2,0.3479460118770598,24706.45,-0.0935490339373511,41,0.01914828363928279
2026-03-07,2026-04-17,23000.0,24643.016,1825.8,2402.3,0.4452093290901183,395.5,439.9,0.3310089253902435,24696.35,-0.07116124350588277,41,0.016919935563102825
2026-03-07,2026-04-17,23200.0,24643.016,2788.0,3035.7,0.6540108947706222,413.9,484.3,0.3252993343544006,25662.75,-0.1008882454665443,41,0.011886591600515235
2026-03-07,2026-04-17,23400.0,24643.016,1600.0,1999.6,0.3951452659845353,454.3,524.7,0.3167850152015685,24710.3,-0.05448413839683419,41,0.014233310778122408
2026-03-07,2026-04-17,23500.0,24643.016,1534.2,1921.8,0.3899353952932357,473.5,542.4,0.3111946322631835,24720.05,-0.05061423409105283,41,0.013804736943282101
2026-03-07,2026-04-17,23600.0,24643.016,1590.8,1603.8,0.3054488019657135,507.7,573.7,0.3098575942420959,24656.6,-0.043797901097609504,41,0.010631972883413636
2026-03-07,2026-04-17,23900.0,24643.016,1225.4,1617.2,0.3684664937734604,565.1,639.9,0.294368170890808,24718.8,-0.03368562878442162,41,0.012337905136920768
2026-03-07,2026-04-17,24000.0,24643.016,1247.7,1493.4,0.3475140017318724,591.8,663.4,0.2889527854394911,24742.95,-0.030486769604869866,41,0.0113758142589464
2026-03-07,2026-04-17,24200.0,24643.016,1114.3,1301.1,0.3223582321739195,648.8,722.7,0.2807698647975921,24721.95,-0.02133887981085564,41,0.010215276407955864
2026-03-07,2026-04-17,24300.0,24643.016,1040.3,1228.7,0.3166505484676361,677.5,752.8,0.2761627102470396,24719.35,-0.017109987398898917,41,0.009868856128783859
2026-03-07,2026-04-17,24400.0,24643.016,975.9,1159.1,0.3114072995090484,708.4,783.8,0.2713772203826904,24721.4,-0.013086132990879344,41,0.00953777374085152
2026-03-07,2026-04-17,24500.0,24643.016,909.7,1098.9,0.3085916042470932,747.4,823.8,0.2688357037448882,24718.7,-0.008886924659195179,41,0.009363228860691457
2026-03-07,2026-04-17,24600.0,24643.016,842.8,1033.3,0.3037088405752182,780.8,857.6,0.2639195618057251,24718.85,-0.00481966753343718,41,0.009048138445733713
2026-03-07,2026-04-17,24700.0,24643.016,830.2,938.5,0.2896227349472045,805.3,930.8,0.2703062548351287,24716.3,-0.0006597013775274192,41,0.008804342066811802
2026-03-07,2026-04-17,24800.0,24643.016,773.4,846.7,0.2759748382854461,802.4,1000.0,0.2749553706359863,24708.85,0.003682174115834691,41,0.00852362184876078
2026-03-07,2026-04-17,24900.0,24643.016,709.4,785.2,0.2708937123394012,833.9,1020.0,0.2643119948625564,24720.35,0.007241012405351989,41,0.008044007609509211
2026-03-07,2026-04-17,25000.0,24643.016,659.5,734.2,0.2684308730459213,881.6,1070.0,0.2621233341932296,24721.05,0.011220717452623628,41,0.007904793451771041
2026-03-07,2026-04-17,25100.0,24643.016,599.4,677.1,0.2635686131668091,917.0,1102.0,0.2539032206249237,24728.75,0.014901311777573515,41,0.007519767842108854
2026-03-07,2026-04-17,25200.0,24643.016,537.1,614.0,0.2562644946193694,961.5,1146.0,0.2486809522914886,24721.8,0.019158549044829363,41,0.007160113752463185
2026-03-07,2026-04-17,25300.0,24643.016,486.1,561.9,0.2516792743587494,1008.0,1192.0,0.2434057555627822,24724.0,0.023029963936447607,41,0.0068832031924305195
2026-03-07,2026-04-17,25400.0,24643.016,441.9,518.0,0.2490099666404724,1056.8,1240.0,0.2380432985067367,24731.55,0.02666941754464668,41,0.006661682333364972
2026-03-07,2026-04-17,25500.0,24643.016,399.5,445.3,0.2364339891910553,1108.0,1290.0,0.2325544808673858,24723.4,0.030928288579636757,41,0.006176683278738391
2026-03-07,2026-04-17,25600.0,24643.016,361.0,406.4,0.2338886578941345,1161.8,1344.0,0.2275615689134597,24730.8,0.034542921102190885,41,0.005979718345652044
2026-03-07,2026-04-17,25700.0,24643.016,314.2,356.6,0.2269340574884414,1211.3,1436.5,0.2348089444065094,24711.5,0.039222269574726035,41,0.005987308624491356
2026-03-07,2026-04-17,25800.0,24643.016,276.8,322.3,0.2244154288053512,1217.2,1555.0,0.2506431175756454,24713.45,0.04302686208574875,41,0.006337606521968935
2026-03-07,2026-04-17,25900.0,24643.016,235.7,278.4,0.2176205672502517,1250.0,1638.1,0.2542365264654159,24713.0,0.046913547737663285,41,0.006252475200329896
2026-03-07,2026-04-17,26000.0,24643.016,202.6,250.0,0.2155868771076202,1315.5,1677.5,0.241866540608406,24729.8,0.050087543864167694,41,0.005876581373002055
2026-03-07,2026-04-17,26100.0,24643.016,181.3,198.0,0.2031787446594238,1377.6,1756.0,0.2426680958557128,24722.85,0.054207397122548545,41,0.0055821613788291195
2026-03-07,2026-04-17,26200.0,24643.016,152.8,170.0,0.1990546213197708,1243.7,1259.8,1.0000000000000004e-05,25109.65,0.04250717636455421,41,0.0011128052478825575
2026-03-07,2026-04-17,26400.0,24643.016,109.4,127.7,0.1939072156715393,1382.7,1457.6,1.0000000000000004e-05,25098.4,0.05055991106625273,41,0.0010559995533465027
2026-03-07,2026-04-17,26500.0,24643.016,85.7,104.0,0.1883158790683746,1454.6,1530.1,1.0000000000000004e-05,25102.5,0.054177290220722304,41,0.0009959808943848757
2026-03-07,2026-04-17,26600.0,24643.016,72.6,89.3,0.186435252122879,1584.0,1593.5,1.0000000000000004e-05,25092.2,0.05835417491698011,41,0.0009761884339765211
2026-03-07,2026-04-17,26700.0,24643.016,54.7,71.9,0.1817155651283264,1594.2,1672.0,1.0000000000000004e-05,25130.2,0.06059325526717162,41,0.0009273913848421875
2026-03-07,2026-04-17,26800.0,24643.016,43.1,59.4,0.1788927173805236,1440.7,1447.8,1.0000000000000004e-05,25407.0,0.05337716090923941,41,0.0008988037491312023
2026-03-07,2026-04-17,26900.0,24643.016,35.6,51.8,0.1787668336296081,1785.9,1866.9,1.0000000000000004e-05,25117.3,0.06856943486105593,41,0.0008975393191423093
2026-03-07,2026-04-17,27100.0,24643.016,21.2,35.6,0.1750246530342102,1962.6,2046.2,1.0000000000000004e-05,25124.0,0.07571016329352084,41,0.0008603577536130551
2026-03-07,2026-04-17,27200.0,24643.016,15.9,29.8,0.1739164945602417,2047.1,2132.1,1.0000000000000004e-05,25133.25,0.07902530261151507,41,0.0008494982506236748
2026-03-07,2026-04-17,27400.0,24643.016,7.6,19.5,0.1701781286239624,2392.4,2974.0,0.3068955114364624,24730.35,0.10251177911006183,41,0.00325310798339756
2026-03-07,2026-04-17,27600.0,24643.016,3.5,14.2,0.170357417602539,4035.1,4830.0,0.7669567524528506,23176.3,0.17468556791456583,41,0.0032599661343025764
2026-03-07,2026-04-17,30000.0,24643.016,0.0,3.8,0.2288132539367676,4515.9,4860.7,1.0000000000000004e-05,25313.6,0.16985558094949302,41,0.005881029348664108
2026-03-07,2026-04-17,32000.0,24643.016,0.0,3.3,0.2892832302856445,6855.9,7640.0,0.6088553442859651,24753.7,0.2567609300087887,41,0.009400208987135306
2026-03-07,2026-04-17,33000.0,24643.016,0.0,3.2,0.3181830877685546,7851.2,8636.0,0.6554523590850833,24758.0,0.2873588923568617,41,0.011372218002792329
2026-03-07,2026-04-30,24300.0,24643.016,1172.7,1361.7,0.3121173029375076,774.4,850.8,0.2674943742322921,24754.6,-0.01853497998448781,54,0.012425536712894352
2026-03-07,2026-04-30,24400.0,24643.016,1105.5,1293.8,0.307782419681549,800.3,880.3,0.262733679652214,24759.35,-0.014620063153262735,54,0.012038620176949765
2026-03-07,2026-04-30,24500.0,24643.016,1038.3,1228.1,0.3037088405752182,800.4,940.4,0.2656714440059662,24762.8,-0.010669409493987977,54,0.01199073360093598
2026-03-07,2026-04-30,24600.0,24643.016,973.1,1163.1,0.2994864897632598,822.9,1015.5,0.2721091581010818,24748.9,-0.006034600644254215,54,0.012084222994179893
2026-03-07,2026-04-30,25000.0,24643.016,785.2,857.9,0.2671362731075287,975.4,1160.4,0.2528980579471588,24753.65,0.009902871979358215,54,0.010002416503888223
2026-03-07,2026-04-30,25100.0,24643.016,722.6,800.6,0.2630145339298248,1017.6,1207.0,0.249738566532135,24749.3,0.014070640351288567,54,0.009724280869726744
2026-03-07,2026-04-30,25200.0,24643.016,671.5,744.7,0.2588179320669175,1061.5,1251.6,0.2455824954223632,24751.55,0.017955881200994662,54,0.009410047073680776
2026-03-07,2026-04-30,25300.0,24643.016,614.6,690.8,0.2546899940681457,1107.2,1293.3,0.2401466061782836,24752.45,0.021879921718962147,54,0.009056586363661644
2026-03-07,2026-04-30,25400.0,24643.016,565.5,638.9,0.2506164149618148,1154.9,1340.2,0.2355728298950195,24754.65,0.02573582386892202,54,0.00874282124519231
2026-03-07,2026-04-30,25500.0,24643.016,512.0,587.8,0.2462524449300765,1200.0,1393.8,0.2322893620586395,24753.0,0.029731758374064693,54,0.008469946641058478
2026-03-07,2026-04-30,25600.0,24643.016,464.2,541.4,0.2426576055431365,1239.5,1439.5,0.2262231003952026,24763.3,0.03322963306700559,54,0.00813140567511418
2026-03-07,2026-04-30,25700.0,24643.016,418.6,496.5,0.2389478495502471,1216.7,1610.0,0.255037604880333,24744.2,0.03789987378353138,54,0.009025457517948823
2026-03-07,2026-04-30,25800.0,24643.016,391.3,437.8,0.2306423829841613,1274.5,1651.6,0.2472170768547058,24751.5,0.041488398688739415,54,0.008445809466647032
2026-03-07,2026-04-30,25900.0,24643.016,348.9,396.3,0.2266431897306442,1333.2,1708.7,0.2432145457744598,24751.65,0.04535081524624941,54,0.008165328593941885
2026-03-07,2026-04-30,26000.0,24643.016,308.8,356.9,0.2226325524997711,1390.7,1776.9,0.2419576155948639,24749.05,0.04930943358184499,54,0.007983272131281414
2026-03-07,2026-04-30,26100.0,24643.016,273.5,322.2,0.2194291925048828,1450.5,1837.2,0.2377886700105666,24754.0,0.05294822221081716,54,0.007731918757104524
2026-03-07,2026-04-30,26200.0,24643.016,239.4,288.4,0.2158529495811462,1329.5,1353.7,1.0000000000000004e-05,25122.3,0.04200351284890679,54,0.0017234437685624067
2026-03-07,2026-04-30,26300.0,24643.016,209.0,257.2,0.2124440748262405,1383.5,1454.6,1.0000000000000004e-05,25114.05,0.04614148869753026,54,0.0016694408432567024
2026-03-07,2026-04-30,26400.0,24643.016,194.9,213.0,0.2035048980140686,1445.5,1521.6,1.0000000000000004e-05,25120.4,0.0496837451121722,54,0.0015319102332455783
2026-03-07,2026-04-30,26500.0,24643.016,168.9,187.4,0.2003539895820617,1627.9,2200.0,0.2558191331672669,24764.2,0.06774567112810059,54,0.007696624361383011
2026-03-07,2026-05-15,18200.0,24643.016,4307.9,5104.8,1.0000000000000004e-05,94.4,97.1,0.4365843848228454,22810.6,-0.225803746120117,69,0.036032352958654305
2026-03-07,2026-05-15,19500.0,24643.016,3798.3,3891.0,1.0000000000000004e-05,159.3,176.0,0.4092285106182098,23177.0,-0.17274594205072138,69,0.03165832931313172
2026-03-07,2026-05-15,21000.0,24643.016,3678.0,4408.6,0.5299791608572006,264.3,306.0,0.3667417910194397,24758.15,-0.16463229001555185,69,0.02542594068035644
2026-03-07,2026-05-15,21600.0,24643.016,2764.6,2786.6,1.0000000000000004e-05,331.4,375.1,0.3477791205406189,24022.35,-0.10629133231355871,69,0.02286458041423681
2026-03-07,2026-05-15,21700.0,24643.016,2861.1,2874.5,1.0000000000000004e-05,343.7,386.7,0.3441265844345092,24202.6,-0.10914780486170542,69,0.022386833758643115
2026-03-07,2026-05-15,21800.0,24643.016,3533.4,4180.8,0.5297841364097596,356.9,399.7,0.3408202286434174,25278.8,-0.1480561300025249,69,0.021958716573769972
2026-03-07,2026-05-15,21900.0,24643.016,4107.7,4756.4,0.7053185367488863,370.6,414.6,0.3380007187223434,25939.45,-0.16927833906542458,69,0.021596902805809937
2026-03-07,2026-05-15,22200.0,24643.016,3600.2,4250.3,0.6175794696903231,402.1,477.1,0.3341331312084198,25685.65,-0.14584018131997326,69,0.021105483579750336
2026-03-07,2026-05-15,22500.0,24643.016,3360.2,4012.9,0.6014935290193559,451.2,519.7,0.3221455649280548,25701.1,-0.13301848333125932,69,0.01961826242518979
2026-03-07,2026-05-15,22800.0,24643.016,1997.0,2021.0,0.1868987332057953,502.7,574.3,0.3122069474267959,24270.5,-0.0625010851316246,69,0.011772840513932072
2026-03-07,2026-05-15,23200.0,24643.016,2754.2,2917.5,0.507981929049492,585.8,655.9,0.2986773051977157,25415.0,-0.09118727222660157,69,0.030752218694208293
2026-03-07,2026-05-15,23500.0,24643.016,1689.0,2261.0,0.3871015804004668,654.3,724.3,0.2882346758604049,24785.7,-0.053266452812445166,69,0.021554421282473316
2026-03-07,2026-05-15,23600.0,24643.016,2499.3,2511.4,0.462468754272461,678.2,748.6,0.284690380706787,25391.95,-0.07318548262641658,69,0.026382895435495015
2026-03-07,2026-05-15,23800.0,24643.016,1548.0,1932.5,0.3483417827606201,725.9,798.1,0.2771240043449401,24778.25,-0.04028067156082744,69,0.01848857130680197
2026-03-07,2026-05-15,24000.0,24643.016,1404.0,1789.0,0.3402904678583145,785.4,853.7,0.270070699634552,24776.95,-0.03185995514614285,69,0.017606378137016848
2026-03-07,2026-05-15,24400.0,24643.016,2060.2,2550.0,0.5102049216508866,858.4,1040.0,0.2703873163414001,25755.9,-0.05408059477877934,69,0.028796830615721004
2026-03-07,2026-05-15,24500.0,24643.016,1216.6,1353.9,0.298591475367546,883.2,1074.0,0.2667171374368668,24806.65,-0.012438644837057191,69,0.015103146652088093
2026-03-07,2026-05-15,24600.0,24643.016,1102.8,1293.9,0.2959235981464386,918.1,1108.0,0.262750845618248,24785.3,-0.00750429255618495,69,0.014750741269855453
2026-03-07,2026-05-15,25000.0,24643.016,861.3,1045.9,0.280557674384117,1077.7,1259.5,0.2472905090427398,24785.0,0.00863719339566355,69,0.013167832621606338
2026-03-07,2026-05-15,25100.0,24643.016,800.6,984.2,0.2760301508426666,1118.9,1301.9,0.2436122239875793,24782.0,0.012750262943437042,69,0.012761606604538374
2026-03-07,2026-05-15,25200.0,24643.016,800.4,875.9,0.260251290230751,1155.5,1344.0,0.2394871469831466,24788.4,0.01646819270730734,69,0.011802710197534396
2026-03-07,2026-05-15,25300.0,24643.016,748.2,821.0,0.2565825418233871,1214.1,1385.4,0.2347970235967635,24784.85,0.020571816326860497,69,0.011411176393535774
2026-03-07,2026-05-15,25400.0,24643.016,693.0,767.2,0.2528060292959213,1241.7,1493.4,0.2455920320701599,24762.55,0.02541674281962893,69,0.011739481714088557
2026-03-07,2026-05-15,25500.0,24643.016,641.2,715.1,0.2490514510583877,1202.3,1589.6,0.2533725061750412,24782.2,0.02855279862898635,69,0.011929903057085472
2026-03-07,2026-05-15,25600.0,24643.016,591.8,666.4,0.2457217304801941,1252.5,1630.0,0.2474478637313842,24787.85,0.03223873771911751,69,0.011494466546015126
2026-03-07,2026-05-15,25700.0,24643.016,548.1,620.0,0.2425512719202041,1296.3,1682.0,0.2439069064044952,24794.9,0.03585300503939339,69,0.011183744923883535
2026-03-07,2026-05-15,25800.0,24643.016,504.3,573.3,0.2388877686691284,1359.8,1736.0,0.2404408117628097,24790.9,0.03989784157780362,69,0.010858326214591705
2026-03-07,2026-05-15,25900.0,24643.016,454.3,529.9,0.235613837480545,1414.0,1778.4,0.2335763326787948,24795.9,0.04356465178248479,69,0.010403849101655047
2026-03-07,2026-05-15,26000.0,24643.016,412.5,487.9,0.2322488313055038,1471.8,1848.0,0.2331886679458618,24790.3,0.047644090393714644,69,0.010238090776675467
2026-03-07,2026-05-15,26200.0,24643.016,348.9,396.0,0.2218700975084304,1382.7,1400.3,1.0000000000000004e-05,25180.95,0.03967165450670852,69,0.0023266600405850617
2026-03-07,2026-05-15,26300.0,24643.016,313.5,359.2,0.2183205571985244,1640.4,2096.7,0.2408170325183868,24767.8,0.060024516744405204,69,0.009962811995947106
2026-03-07,2026-05-15,26400.0,24643.016,283.6,328.7,0.2160494045257568,1614.5,2200.0,0.2485221671056747,24798.9,0.0625647128037485,69,0.01020003110725944
2026-03-07,2026-05-15,26500.0,24643.016,252.4,296.0,0.2126104893302917,1581.5,1657.0,1.0000000000000004e-05,25154.95,0.052090036727276405,69,0.0021365175351579693
2026-03-07,2026-05-15,26600.0,24643.016,232.1,260.3,0.2076047029018402,1641.5,1718.3,1.0000000000000004e-05,25166.3,0.05540541784334464,69,0.00203710046260982
2026-03-07,2026-05-15,26800.0,24643.016,183.2,200.0,0.1989501950263976,1793.7,1804.3,1.0000000000000004e-05,25192.6,0.06185158691692097,69,0.0018708054692746644
2026-03-07,2026-05-15,27000.0,24643.016,140.5,158.0,0.1940454970645904,1933.7,2016.5,1.0000000000000004e-05,25174.15,0.07001919162412708,69,0.0017797054657040976
2026-03-07,2026-05-15,28000.0,24643.016,28.6,45.9,0.1800104125022888,2321.5,2377.6,1.0000000000000004e-05,25687.7,0.08619223206098262,69,0.0015315801885665077
2026-03-07,2026-05-29,21800.0,24643.016,3123.4,3704.6,0.4433272716474533,404.3,469.3,0.3327040645360947,24777.2,-0.12801390567132803,83,0.025171056296941215
2026-03-07,2026-05-29,25300.0,24643.016,803.5,981.9,0.2687646557188034,1224.4,1556.8,0.2512920864582061,24802.1,0.019876068728113483,83,0.015375409761611272
2026-03-07,2026-05-29,30000.0,24643.016,0.65,14.0,0.1907162533187866,4752.2,5519.0,0.3041727984905242,24871.725,0.18746576557666988,83,0.008271049891058395
2026-03-07,2026-06-18,13000.0,24643.016,11375.5,12154.9,0.70513829410553,22.7,25.1,0.5406387489318849,24741.300000000003,-0.6435245546057148,103,0.08248190809644732
2026-03-07,2026-06-18,14400.0,24643.016,10263.7,10895.2,0.7663597583007813,46.0,63.0,0.5236215546035767,24924.95,-0.548641103245881,103,0.07737121052570699
2026-03-07,2026-06-18,14600.0,24643.016,10528.2,10872.9,0.9141263012504578,49.0,66.3,0.5166254697799683,25242.9,-0.5475233993474747,103,0.07531751570031071
2026-03-07,2026-06-18,15000.0,24643.016,10042.0,10389.2,0.8393422933912276,56.0,73.4,0.5031139471817019,25150.9,-0.5168434800915305,103,0.07142941182581229
2026-03-07,2026-06-18,17000.0,24643.016,7836.1,8472.9,0.649704144625664,107.7,124.7,0.4466770191860199,25038.3,-0.38719330849715616,103,0.05630300554876033
2026-03-07,2026-06-18,17100.0,24643.016,7744.2,8381.4,0.6454779791545867,74.8,78.7,0.4010966110420227,25086.05,-0.38323345123546854,103,0.045398587981117136
2026-03-07,2026-06-18,19000.0,24643.016,6324.8,6581.3,0.6000568330287934,203.4,228.8,0.3906902209663391,25236.95,-0.28387021126823,103,0.04307342855383252
2026-03-07,2026-06-18,20000.0,24643.016,4706.0,5468.3,0.5267758008623125,269.5,316.2,0.3662563756465912,24794.3,-0.21488151449030402,103,0.037854258817213764
2026-03-07,2026-06-18,20400.0,24643.016,5749.5,5833.8,0.6806720241832734,307.5,355.5,0.3552491767597198,25860.15,-0.23716827294075532,103,0.0356131607989349
2026-03-07,2026-06-18,20600.0,24643.016,4745.1,5393.0,0.5334156918907166,333.2,378.2,0.3501752032995223,25313.35,-0.20604084875433212,103,0.03460311046466784
2026-03-07,2026-06-18,20700.0,24643.016,4654.6,5302.5,0.52780194416523,344.6,388.7,0.3471959545278549,25311.9,-0.20114094061079366,103,0.034016816922116035
2026-03-07,2026-06-18,20800.0,24643.016,5386.0,5468.1,0.6533676478767396,355.3,399.9,0.3443440200042724,25849.45,-0.2173363374250712,103,0.033460270749612005
2026-03-07,2026-06-18,21000.0,24643.016,5211.6,5291.8,0.6412580125045776,378.8,423.9,0.3388261155891418,25850.35,-0.20780170279119237,103,0.032396501562570755
2026-03-07,2026-06-18,21200.0,24643.016,4156.1,4803.6,0.5655766060876848,401.1,448.8,0.3331479954910279,25254.9,-0.1750190146222519,103,0.031319784796350864
2026-03-07,2026-06-18,21500.0,24643.016,3425.7,4182.6,0.4646273745012284,430.2,504.2,0.3288598418092727,24836.95,-0.1442795285635563,103,0.030518701211360126
2026-03-07,2026-06-18,21600.0,24643.016,3833.0,4480.4,0.5488822272872926,443.9,518.4,0.325943534913063,25275.55,-0.1571442106126933,103,0.02997982564114296
2026-03-07,2026-06-18,22000.0,24643.016,3468.0,3701.0,0.4287538433170318,505.4,580.4,0.3144933587360381,25041.6,-0.12949598859578498,103,0.027910480786231946
2026-03-07,2026-06-18,22200.0,24643.016,3361.4,4008.9,0.5248627493143081,539.7,614.0,0.3087007988643646,25308.3,-0.13104011629536885,103,0.026891799648241583
2026-03-07,2026-06-18,22500.0,24643.016,3751.6,4027.3,0.5365999785900116,593.1,668.8,0.3001187695121764,25758.5,-0.13524936051669234,103,0.02541737372271451
2026-03-07,2026-06-18,22600.0,24643.016,2592.0,3162.3,0.393498286910057,615.3,689.1,0.2974656740951537,24824.95,-0.09389928955227701,103,0.03368178981303087
2026-03-07,2026-06-18,22800.0,24643.016,2461.1,3002.8,0.3855981278753279,653.0,727.7,0.2912806811666488,24841.6,-0.08575913126882898,103,0.03232259382150597
2026-03-07,2026-06-18,23000.0,24643.016,3321.3,3600.9,0.5055190897560118,698.3,770.4,0.2854523588657378,25726.75,-0.11203709068810219,103,0.02299384675547243
2026-03-07,2026-06-18,23200.0,24643.016,3205.7,3852.2,0.5412891483116152,742.1,815.2,0.2794867088365554,25950.3,-0.11203089156645063,103,0.022042795898295393
2026-03-07,2026-06-18,23400.0,24643.016,2985.1,2996.2,0.4550573484373093,791.2,865.1,0.2739773874044418,25562.5,-0.08839041143936471,103,0.03749564352368269
2026-03-07,2026-06-18,23500.0,24643.016,1925.6,2495.1,0.3650251944160462,808.4,912.6,0.2756277043056487,24849.85,-0.05585129515700254,103,0.028955426078063392
2026-03-07,2026-06-18,23600.0,24643.016,2977.1,3463.3,0.5207519772815704,833.2,965.0,0.278010435757637,25921.1,-0.09381059682363649,103,0.04501109823690028
2026-03-07,2026-06-18,23800.0,24643.016,2826.7,3312.9,0.510829333665371,852.9,1012.9,0.2705875859451294,25936.9,-0.08598108451580658,103,0.04307745029597054
2026-03-07,2026-06-18,24000.0,24643.016,1626.9,2080.3,0.3363380041790008,897.3,1072.1,0.2647449586725235,24868.9,-0.03556419649321356,103,0.025489023977895747
2026-03-07,2026-06-18,24200.0,24643.016,2542.1,2606.6,0.4584471498966218,959.3,1147.2,0.261256214492321,25721.1,-0.060959033565958325,103,0.03654192607494153
2026-03-07,2026-06-18,24400.0,24643.016,2409.0,2418.0,0.4403420624709129,1030.4,1213.2,0.2551887607479096,25691.7,-0.0515848502416673,103,0.03412849450882715
2026-03-07,2026-06-18,24500.0,24643.016,1334.0,1695.0,0.3103678048992156,1057.6,1250.0,0.2525800107431412,24860.7,-0.01461512581848859,103,0.022357366467849044
2026-03-07,2026-06-18,24600.0,24643.016,2264.8,2273.3,0.4303407415103913,1093.1,1284.0,0.2492226338863372,25680.5,-0.04298550609888188,103,0.03257949127506937
2026-03-07,2026-06-18,24800.0,24643.016,1705.5,1712.3,0.3403648537111282,1167.3,1358.0,0.2429980638694763,25246.25,-0.017833976669524614,103,0.024008333042219172
2026-03-07,2026-06-18,25000.0,24643.016,1109.2,1299.6,0.2785359050512314,1246.1,1492.4,0.2473682327222824,24835.15,0.006615836464030418,103,0.019511809382953563
2026-03-07,2026-06-18,25200.0,24643.016,994.8,1182.4,0.2722524462342262,1229.7,1605.9,0.2468451475906372,24870.8,0.013149569949617,103,0.019010012415904505
2026-03-07,2026-06-18,25400.0,24643.016,889.6,1072.9,0.2665745645523071,1328.8,1706.0,0.242823066382408,24863.85,0.02133423267598445,103,0.01830620032835324
2026-03-07,2026-06-18,25500.0,24643.016,847.1,1024.3,0.26458474298954,1364.9,1752.0,0.2396552304005622,24877.25,0.024724720948976552,103,0.01793737597858798
2026-03-07,2026-06-18,25600.0,24643.016,828.6,950.6,0.2574851855373383,1412.6,1786.5,0.2339620900821685,24890.05,0.028124226269142703,103,0.01703876968871579
2026-03-07,2026-06-18,25800.0,24643.016,746.1,813.6,0.2443894607830047,1512.4,1885.5,0.2275696750640869,24880.9,0.036274051077402475,103,0.01571423210183695
2026-03-07,2026-06-18,26000.0,24643.016,653.5,722.1,0.2391285690259933,1608.9,2036.3,0.2305656129693985,24865.2,0.04462730245258194,103,0.015563767351940401
2026-03-07,2026-06-18,26200.0,24643.016,567.3,639.6,0.2346010454845428,1630.2,2200.0,0.2354691188502311,24888.35,0.05135958826834841,103,0.015588694395866642
2026-03-07,2026-06-18,26400.0,24643.016,487.7,559.9,0.2295118133878707,1748.8,2332.0,0.2329314168715477,24883.4,0.05916309566931221,103,0.01508694201706496
2026-03-07,2026-06-18,26500.0,24643.016,450.1,521.4,0.2267967297601699,1810.5,2374.7,0.2261506218719482,24893.15,0.06255206777017785,103,0.014473708387059322
2026-03-07,2026-06-18,26600.0,24643.016,413.3,486.0,0.2244492839050292,1874.1,2432.1,0.2221643030929564,24896.55,0.06618197613338112,103,0.014071753902324895
2026-03-07,2026-06-18,26800.0,24643.016,359.6,406.0,0.2165720128250122,2006.2,2561.1,0.2163049866867065,24899.15,0.0735682211749989,103,0.013219450110099767
2026-03-07,2026-06-18,27000.0,24643.016,300.1,347.6,0.2123310655498504,2036.2,2243.4,1.0000000000000004e-05,25184.05,0.06962600838375956,103,0.0031809171207130994
2026-03-07,2026-06-18,27200.0,24643.016,253.1,292.9,0.2076171005439758,2176.3,2266.7,1.0000000000000004e-05,25251.5,0.07433141340445176,103,0.0030412522785415886
2026-03-07,2026-06-18,27500.0,24643.016,195.5,214.0,0.1982816760158538,2396.2,2491.1,1.0000000000000004e-05,25261.1,0.084920341588273,103,0.0027739161945542212
2026-03-07,2026-06-18,27600.0,24643.016,176.7,195.6,0.1966861948394775,2755.5,3208.0,0.213988058104515,24804.4,0.10679471593428146,103,0.010916718634971477
2026-03-07,2026-06-18,28000.0,24643.016,115.0,133.1,0.1903748413276672,3039.0,3488.4,0.1900248463535309,24860.35,0.11893034535023243,103,0.010227358251191917
2026-03-07,2026-06-18,29000.0,24643.016,34.6,52.7,0.1836534119606018,3513.1,3746.7,1.0000000000000004e-05,25413.75,0.1320054638501786,103,0.0095179268483599
2026-03-07,2026-06-30,20000.0,24643.016,4737.5,5512.1,0.5103741971492768,297.6,345.9,0.3571979907369613,24803.05,-0.21523435592601695,115,0.040199716513561815
2026-03-07,2026-06-30,22000.0,24643.016,3124.3,3706.3,0.4071132821369171,543.0,618.9,0.3069970767354965,24834.35,-0.12118532211840119,115,0.0296943249021264
2026-03-07,2026-06-30,22500.0,24643.016,3950.7,4026.8,0.5279740806579589,635.3,713.1,0.2939867049789428,25814.55,-0.1374229772435628,115,0.027230797290419818
2026-03-07,2026-06-30,24300.0,24643.016,1532.6,1898.7,0.3131787318372726,1040.4,1230.1,0.2537382366180419,24880.4,-0.023603994565657656,115,0.025315347704859496
2026-03-07,2026-06-30,24800.0,24643.016,1208.8,1583.4,0.2989839084243774,1207.0,1407.0,0.238936882405281,24889.1,-0.0035863034547678405,115,0.02279195847861821
2026-03-07,2026-06-30,24900.0,24643.016,1237.2,1437.2,0.2806637695908546,1203.0,1514.3,0.2483490769481659,24878.55,0.000861817040778745,115,0.022043341135192795
2026-03-07,2026-06-30,25000.0,24643.016,1177.9,1365.5,0.275621505484581,1202.8,1594.0,0.2525766729164124,24873.3,0.0050808858674880495,115,0.021975500891510052
2026-03-07,2026-06-30,25300.0,24643.016,1008.3,1197.9,0.2679418814301491,1330.0,1692.6,0.2386183583688736,24891.8,0.016265963768728544,115,0.02021190191965958
2026-03-07,2026-06-30,25400.0,24643.016,954.2,1141.7,0.2649304464721679,1368.1,1754.4,0.2387790508842468,24886.7,0.020415649801755642,115,0.019985051122336284
2026-03-07,2026-06-30,25600.0,24643.016,856.9,1044.3,0.2610342490148544,1461.2,1835.0,0.2305365261936188,24902.5,0.027624151448333013,115,0.01903343158184371
2026-03-07,2026-06-30,25700.0,24643.016,807.2,983.0,0.2564521281647682,1509.8,1883.4,0.2275246144032478,24898.5,0.031683431208927394,115,0.01844989797594245
2026-03-07,2026-07-17,18000.0,24643.016,6644.0,7419.1,0.5913460589313508,195.9,212.3,0.3917421132183075,24827.45,-0.32157813800130236,132,0.05549854408623116
2026-03-07,2026-07-17,22800.0,24643.016,3359.9,3375.4,0.4106652066087722,764.2,833.4,0.2784429227352142,25368.85,-0.10676150749450695,132,0.02803841337319276
2026-03-07,2026-07-17,23000.0,24643.016,3214.5,3229.8,0.4048268708276748,803.2,879.0,0.2733243654465674,25381.05,-0.09850861665972156,132,0.04157901445366943
2026-03-07,2026-07-17,23100.0,24643.016,3205.5,3224.1,0.4139591647577285,933.3,1097.4,0.3071978231716155,25299.45,-0.09095003883899361,132,0.0470197924408156
2026-03-07,2026-07-17,23200.0,24643.016,3071.2,3086.3,0.3990223901462555,957.8,1122.0,0.3043015432357788,25238.85,-0.08423219536369216,132,0.04472309677765264
2026-03-07,2026-07-17,23300.0,24643.016,3000.5,3015.5,0.3961566274833679,821.7,1008.8,0.2760454094791412,25392.75,-0.0860103396381977,132,0.04085269613804392
2026-03-07,2026-07-17,23400.0,24643.016,2930.4,2944.8,0.3932176710486412,849.1,1042.0,0.274715523943901,25392.05,-0.0817001105425923,132,0.040335470816732055
2026-03-07,2026-07-17,23500.0,24643.016,3001.4,3492.6,0.499611613278389,684.2,691.8,0.2030914843320846,26059.0,-0.10336277682490566,132,0.014916416255023662
2026-03-07,2026-07-17,23600.0,24643.016,2931.1,3422.2,0.4960198733019829,897.2,1094.0,0.2690169000530242,25781.05,-0.08839301389754228,132,0.05291584035977955
2026-03-07,2026-07-17,23800.0,24643.016,2377.5,2404.0,0.3354525264310837,953.9,1150.0,0.2634978035569191,25138.8,-0.05472688864853352,132,0.032434162814137905
2026-03-07,2026-07-17,24000.0,24643.016,2205.0,2219.4,0.3214970728778839,1011.7,1203.7,0.2570202739572526,25104.5,-0.044993282589065625,132,0.03025894953271909
2026-03-07,2026-07-17,24400.0,24643.016,2266.2,2278.6,0.3655876182198524,1152.0,1334.2,0.246268180398941,25429.3,-0.04131892021255717,132,0.03384692631236594
2026-03-07,2026-07-17,24500.0,24643.016,2326.4,2816.2,0.4652010038661957,1200.7,1374.8,0.2445308415865898,25783.55,-0.051063574126320656,132,0.045541744248887524
2026-03-07,2026-07-17,24600.0,24643.016,1460.2,1824.3,0.3043902340602875,1200.0,1600.0,0.2738488810753822,24842.25,-0.009799389735011604,132,0.030229851098644143
2026-03-07,2026-07-17,25000.0,24643.016,1215.5,1597.9,0.2965577852249145,1260.1,1653.2,0.2458728863477706,24950.05,0.001999998664665007,132,0.02660170987471838
2026-03-07,2026-07-17,25500.0,24643.016,1024.9,1207.1,0.2651159342718124,1473.7,1865.2,0.231362399892807,24946.55,0.021942916081043092,132,0.0222854638293997
2026-03-07,2026-07-17,25600.0,24643.016,971.5,1154.4,0.2626058885717392,1514.0,1908.4,0.2279778435897826,24951.75,0.025648391467142508,132,0.021759422308576488
2026-03-07,2026-07-17,25800.0,24643.016,869.3,1064.0,0.2596223483085632,1639.7,2200.0,0.2561643598175049,24846.8,0.037645520312656666,132,0.02405256337869685
2026-03-07,2026-07-17,26000.0,24643.016,801.0,1000.0,0.2605366744160651,1610.0,2200.0,0.2331481371927261,24995.5,0.039400729355225525,132,0.022035383222016033
2026-03-07,2026-07-17,26500.0,24643.016,610.0,686.8,0.2320054083704948,1779.8,1804.1,1.0000000000000004e-05,25356.45,0.044111597448986975,132,0.004866925865215909
2026-03-07,2026-07-17,27000.0,24643.016,658.1,686.1,0.2569237153983116,2060.7,2086.7,1.0000000000000004e-05,25598.4,0.05330701647201868,132,0.0059684734947303
2026-03-07,2026-07-17,27500.0,24643.016,305.2,351.7,0.2097523559856414,2444.6,2545.8,1.0000000000000004e-05,25333.25,0.08206824253339874,132,0.003978104431850273
2026-03-07,2026-08-21,22300.0,24643.016,3808.9,4050.6,0.4299471163725853,777.9,853.0,0.2817442717862128,25414.3,-0.130725329263792,167,0.03631899285557628
2026-03-07,2026-08-21,23000.0,24643.016,3236.8,3284.7,0.3691040186786652,879.4,1070.8,0.2754889460802078,25285.65,-0.09474282521325297,167,0.04752638018231359
2026-03-07,2026-08-21,23100.0,24643.016,3168.7,3216.6,0.3670925012421607,790.1,798.8,0.2233518541598319,25498.2,-0.09877524390987184,167,0.039876916198598934
2026-03-07,2026-08-21,23200.0,24643.016,3220.0,3239.9,0.3796467828178406,930.9,1118.7,0.2702285311555863,25405.15,-0.09079963070553784,167,0.048308515931447985
2026-03-07,2026-08-21,23300.0,24643.016,3034.3,3077.0,0.3622755404400826,957.6,1144.7,0.2677840499091148,25304.5,-0.08252888495825518,167,0.04540742437965531
2026-03-07,2026-08-21,23600.0,24643.016,2837.2,2885.1,0.3571894077539443,1039.8,1228.8,0.2607896339988708,25326.85,-0.07061838578064449,167,0.043682864410709926
2026-03-07,2026-08-21,23800.0,24643.016,2809.6,2827.5,0.3642684614133835,1101.0,1290.0,0.2563739276528358,25423.05,-0.06597066215070162,167,0.04406020194703607
2026-03-07,2026-08-21,24000.0,24643.016,2828.7,3318.7,0.4553870780348777,1156.6,1345.1,0.2505444132709503,25822.85,-0.0732059285299123,167,0.05700182065731791
2026-03-07,2026-08-21,24500.0,24643.016,1629.7,2214.4,0.3226686500596999,1249.2,1611.4,0.2533067033052444,24991.75,-0.01987265285553747,167,0.03794647293370322
2026-03-07,2026-08-21,24800.0,24643.016,1625.4,1929.4,0.3003843651533127,1338.4,1700.4,0.2425867959332465,25058.0,-0.010349484652424502,167,0.033722296476624385
2026-03-07,2026-08-21,25000.0,24643.016,1440.3,1810.5,0.2957300041961669,1409.9,1802.0,0.2410993172931671,25019.45,-0.0007776975148787632,167,0.03296370911547034
2026-03-07,2026-08-21,25100.0,24643.016,1378.3,1752.5,0.2934495532917975,1447.9,1842.0,0.2385187003993987,25020.45,0.0031743556492015742,167,0.032369429609718205
2026-03-07,2026-08-21,25200.0,24643.016,1319.7,1695.4,0.2911872220182417,1489.0,1882.0,0.235789311800003,25022.05,0.007086558382618376,167,0.03176480316546596
2026-03-07,2026-08-21,25500.0,24643.016,1249.6,1459.9,0.2740148187470436,1606.2,2036.4,0.2318625970697402,25033.45,0.018465521620531253,167,0.02927212143300618
2026-03-07,2026-08-21,26000.0,24643.016,1735.8,1745.8,0.3455306174063682,1754.8,2336.6,0.2288218369197845,25695.1,0.011796225777117622,167,0.03773293416370505
2026-03-07,2026-08-21,26400.0,24643.016,802.6,985.2,0.2497824351119995,1964.7,2543.5,0.2182471250104903,25039.8,0.05289745117271797,167,0.025055910101226958
2026-03-07,2026-08-21,26500.0,24643.016,804.2,899.5,0.2410192094516754,1902.8,1930.3,0.0854478739452362,25435.3,0.04100676001602108,167,0.012191086535932582
2026-03-07,2026-08-21,27000.0,24643.016,618.0,694.4,0.2300048580789566,2169.7,2198.1,1.0000000000000004e-05,25472.3,0.05824527877352145,167,0.006051672215406018
2026-03-07,2026-08-21,27500.0,24643.016,1106.9,1271.7,0.3466700084018707,2534.4,2649.1,1.0000000000000004e-05,26097.55,0.05234456448171771,167,0.013747420351823308
2026-03-07,2026-08-21,28000.0,24643.016,922.3,1086.7,0.338183107111454,2836.1,2953.4,1.0000000000000004e-05,26109.75,0.06989570238553242,167,0.013082571558572465
2026-03-07,2026-08-21,28500.0,24643.016,800.0,1000.0,0.3437870797729492,3213.1,3460.1,1.0000000000000004e-05,26063.4,0.08937205593771265,167,0.013519728872663062
2026-03-07,2026-09-18,17000.0,24643.016,7748.0,8524.2,0.5740060490751266,212.9,259.0,0.3877052502059936,24900.15,-0.3816604834926867,195,0.08030546685553963
2026-03-07,2026-09-18,19000.0,24643.016,6629.2,6782.4,0.507225672879219,373.0,419.9,0.3425115531301498,25309.35,-0.2867349135120207,195,0.06267469037092424
2026-03-07,2026-09-18,23100.0,24643.016,3495.0,4147.4,0.4780976510977746,967.6,978.2,0.2347574465084075,25948.3,-0.11627347934093431,195,0.02944289436924335
2026-03-07,2026-09-18,23200.0,24643.016,2683.1,3249.6,0.3529084065580368,1025.6,1214.4,0.2646700959873199,25046.35,-0.07657582965924828,195,0.05094083926520698
2026-03-07,2026-09-18,23300.0,24643.016,3425.2,3571.4,0.4081675585508347,1057.7,1244.2,0.2628538414144516,25647.35,-0.09598689186772524,195,0.06013876386727239
2026-03-07,2026-09-18,23500.0,24643.016,3215.4,3868.6,0.4662686315870286,1110.2,1297.6,0.258009701166153,25838.1,-0.09484972564910339,195,0.07006364735799114
2026-03-07,2026-09-18,24000.0,24643.016,2124.1,2699.2,0.3332047385454179,1260.8,1513.0,0.2559450169181824,25024.75,-0.04181150479344818,195,0.046358903904623217
2026-03-07,2026-09-18,24500.0,24643.016,1795.1,2377.3,0.3215538159322738,1324.2,1699.3,0.2468217828035354,25074.45,-0.023176281859352166,195,0.043147198727031835
2026-03-07,2026-09-18,24600.0,24643.016,2182.8,2193.3,0.3022483029651642,1367.4,1729.1,0.2436193764734268,25239.8,-0.0256756707730314,195,0.039797566488942546
2026-03-07,2026-09-18,24800.0,24643.016,1608.2,2186.4,0.3138765760397911,1438.0,1803.4,0.238919954855442,25076.6,-0.011091487215659354,195,0.040814301980213595
2026-03-07,2026-09-18,25000.0,24643.016,1661.8,1974.4,0.2965468180799483,1517.9,1902.0,0.2371103759360313,25108.15,-0.004316669760731961,195,0.038037020644778576
2026-03-07,2026-09-18,25500.0,24643.016,1314.7,1692.5,0.2860543597579001,1618.7,2200.0,0.2375631282901763,25094.25,0.016039715935651837,195,0.036619300266442875
2026-03-07,2026-09-18,25600.0,24643.016,1260.0,1638.9,0.284033782505989,1663.0,2254.0,0.2365028914713859,25090.95,0.02008512813328391,195,0.03618965318240304
2026-03-07,2026-09-18,26000.0,24643.016,1147.3,1334.3,0.2621512288880349,1850.1,2434.4,0.2258869335603714,25098.55,0.03528646247673518,195,0.03181187901450227
2026-03-07,2026-09-18,26200.0,24643.016,1050.5,1234.0,0.2577364762067795,1949.7,2532.6,0.2208124832677841,25101.1,0.04284774088839191,195,0.030586832732716823
2026-03-07,2026-09-18,26400.0,24643.016,958.8,1146.2,0.2546079788970948,2021.2,2031.5,0.1196551143431663,25426.15,0.03758583816876118,195,0.018708361833934813
2026-03-07,2026-09-18,26500.0,24643.016,913.9,1101.9,0.2527995920586585,2107.3,2684.2,0.212578541560173,25112.15,0.053792940230478536,195,0.028926354393052512
2026-03-07,2026-09-18,26600.0,24643.016,869.9,1058.8,0.2510367427134513,2162.1,2737.5,0.209886584303379,25114.55,0.05746385632530314,195,0.02837521308952839
2026-03-07,2026-09-18,26800.0,24643.016,800.6,951.4,0.2439545896434784,2274.8,2848.3,0.204570618405342,25114.45,0.06495850981798361,195,0.026869245301213245
2026-03-07,2026-09-18,27000.0,24643.016,764.0,837.4,0.2351515484786033,2392.4,2961.3,0.1987756743717193,25123.85,0.07201927181689881,195,0.02514870052908612
2026-03-07,2026-09-18,27200.0,24643.016,686.8,763.6,0.2317984631133079,2456.6,2467.2,1.0000000000000004e-05,25463.3,0.0659787734895179,195,0.007176956778312328
2026-03-07,2026-09-18,27400.0,24643.016,618.6,694.6,0.2286091696739197,2641.3,3206.0,0.1874859522938728,25132.95,0.08636327915392661,195,0.023124215309898267
2026-03-07,2026-09-18,27500.0,24643.016,584.9,661.8,0.2270630406498908,2706.5,3270.3,0.1845694069814681,25134.95,0.08992669678797242,195,0.022630854814302576
2026-03-07,2026-09-18,27600.0,24643.016,660.1,669.5,0.2320614361763,2772.8,3333.1,0.1810799475526809,25211.85,0.09050165063777364,195,0.022797076421336934
2026-03-07,2026-09-18,28000.0,24643.016,438.4,514.6,0.219855957493782,2924.4,3053.6,1.0000000000000004e-05,25487.5,0.09401637427463042,195,0.006456508668909743
2026-03-07,2026-09-18,28500.0,24643.016,334.0,381.0,0.2109124891901016,2930.9,2940.1,1.0000000000000004e-05,25922.0,0.09481205827342148,195,0.005941930004793811
2026-03-07,2026-09-18,30000.0,24643.016,130.0,148.3,0.1945008719968796,4258.0,4912.1,1.0000000000000004e-05,25554.1,0.1603996082190028,195,0.020210862727319385
2026-03-07,2026-09-30,22500.0,24643.016,4210.1,4859.2,0.5233240111923216,889.7,1087.3,0.2792468621444702,26046.15,-0.1463546553602493,207,0.04422359910583364
2026-03-07,2026-09-30,24500.0,24643.016,1919.9,2452.0,0.322306019027233,1518.6,1556.7,0.2202469600534438,25148.3,-0.026117182277060585,207,0.04173513230659499
2026-03-07,2026-09-30,24600.0,24643.016,1795.6,2382.7,0.3191107651829719,1552.3,1590.4,0.2177173642253875,25117.8,-0.020830315208527767,207,0.040859026841427545
2026-03-07,2026-09-30,25000.0,24643.016,1600.2,2200.0,0.3183001501202583,1558.7,1946.0,0.2361042595934867,25147.75,-0.0058926044547989356,207,0.04357835592368462
2026-03-07,2026-10-16,25000.0,24643.016,1642.8,2230.0,0.310618380320072,1621.1,2147.5,0.2536917454600335,25052.1,-0.0020818314842685134,223,0.04863934227871559
2026-03-07,2026-10-16,25200.0,24643.016,1963.5,1975.9,0.2885765646839141,1602.3,2191.6,0.2444617008900642,25272.75,-0.0028827456550601124,223,0.04339790667276962
2026-03-07,2026-10-16,25400.0,24643.016,1528.5,1914.0,0.2911705328845977,1488.3,1500.1,0.138272796587944,25627.05,-0.008899260234251954,223,0.02816850056845687
2026-03-07,2026-10-16,25600.0,24643.016,1417.5,1799.7,0.2866065316653251,1749.6,2340.0,0.2324986914777755,25163.8,0.01718589767134311,223,0.04115880951428902
2026-03-07,2026-10-16,26500.0,24643.016,1953.6,1971.4,0.3518705808615684,2174.0,2765.4,0.210172445321083,25992.8,0.01932515639789297,223,0.04824931302161866
2026-03-07,2026-10-16,27000.0,24643.016,1026.1,1046.6,0.2494486524391174,2322.6,2355.7,0.0395909030151367,25697.2,0.049454829454916034,223,0.0127604669929
2026-03-07,2026-11-20,24700.0,24643.016,2011.7,2602.0,0.3181127549910545,1588.0,1965.7,0.2341282661700248,25230.0,-0.021230519019034843,258,0.053891984607453536
2026-03-07,2026-11-20,25100.0,24643.016,1770.7,2355.6,0.3091857374048233,1491.8,1509.0,0.1518701490163803,25662.75,-0.022172678001070322,258,0.037564186879547656
2026-03-07,2026-11-20,25300.0,24643.016,1654.0,2248.9,0.3063123454236983,1735.6,2322.0,0.2360141382718086,25222.65,0.0030619953796933988,258,0.05197427934844074
2026-03-07,2026-11-20,25500.0,24643.016,1975.1,1992.0,0.2850179645586013,1817.6,2406.0,0.2316759171891212,25371.75,0.005042101822955249,258,0.04717734410847026
2026-03-07,2026-11-20,25700.0,24643.016,1861.8,1878.6,0.2807443542647361,1903.5,1920.3,0.156954612789154,25658.3,0.0016238858826555468,258,0.033854616113760914
2026-03-07,2026-11-20,27000.0,24643.016,1669.5,1690.8,0.3130771665382385,2538.0,3129.8,0.1961471358227729,25846.25,0.04367134327148651,258,0.045823166198414506
2026-03-07,2026-11-20,27500.0,24643.016,1374.6,1505.3,0.308863875541687,2828.0,3412.6,0.1823912366247177,25819.65,0.06305017472932793,258,0.04264626643098886
2026-03-07,2026-11-20,32000.0,24643.016,96.0,113.8,0.196602749171257,6103.5,6902.0,1.0000000000000004e-05,25602.15,0.22305957046569985,258,0.027321592803500327
2026-03-07,2026-12-18,12000.0,24643.016,13911.7,14261.9,0.935468365354538,98.0,111.4,0.4628616641616822,25982.1,-0.7725011895965468,286,0.16787096756999795
2026-03-07,2026-12-18,12300.0,24643.016,13547.8,13923.9,0.8972826739120481,76.5,82.7,0.4250698362731934,25956.25,-0.7468131660185547,286,0.14157733861059002
2026-03-07,2026-12-18,12400.0,24643.016,13453.3,13829.3,0.8905464627408981,102.0,121.2,0.4513967061805726,25929.699999999997,-0.7376925572621634,286,0.15965772629121006
2026-03-07,2026-12-18,12500.0,24643.016,7434.2,7984.2,1.0000000000000004e-05,106.0,124.1,0.4488103672981262,20094.15,-0.4747000836189048,286,0.15783340629359938
2026-03-07,2026-12-18,12600.0,24643.016,13264.3,13640.4,0.8772609586954117,104.9,112.2,0.4356507470035552,25943.8,-0.722235846106369,286,0.14871339721183593
2026-03-07,2026-12-18,12700.0,24643.016,13186.1,13546.5,0.8727858867168425,124.7,133.8,0.4461715768527984,25937.05,-0.7140704549782786,286,0.15598289242059016
2026-03-07,2026-12-18,12800.0,24643.016,11852.9,12632.0,0.5682349466609955,148.0,168.0,0.4626747458648682,24884.45,-0.6647979394730293,286,0.16773541164898745
2026-03-07,2026-12-18,13000.0,24643.016,12971.7,13319.5,0.8684362216567993,121.8,138.4,0.4353999331665039,26015.5,-0.6937431567769876,286,0.14854221127451855
2026-03-07,2026-12-18,13200.0,24643.016,6814.5,7364.5,1.0000000000000004e-05,140.8,150.1,0.433511676902771,20144.05,-0.42269212983525917,286,0.14725659991003018
2026-03-07,2026-12-18,13600.0,24643.016,8998.0,9198.0,1.0000000000000004e-05,122.5,130.0,0.4035542051792145,22571.75,-0.5066293316345812,286,0.12760771233999638
2026-03-07,2026-12-18,13800.0,24643.016,9056.0,9252.0,1.0000000000000004e-05,110.4,117.2,0.3869232450866699,22840.2,-0.5038535491537375,286,0.11730669838433475
2026-03-07,2026-12-18,13900.0,24643.016,8946.0,9146.0,1.0000000000000004e-05,223.3,233.7,0.4441393172073363,22717.5,-0.49124671245071894,286,0.15456516072210436
2026-03-07,2026-12-18,14000.0,24643.016,6812.0,7612.0,1.0000000000000004e-05,158.8,176.0,0.4120179800987243,21044.6,-0.40758666553664447,286,0.13301649686149308
2026-03-07,2026-12-18,14500.0,24643.016,5045.0,5595.0,1.0000000000000004e-05,179.4,198.0,0.4007885773181915,19631.3,-0.3029765818346144,286,0.12586466942657434
2026-03-07,2026-12-18,16100.0,24643.016,3254.0,3454.0,1.0000000000000004e-05,193.7,200.7,0.3352889729213714,19256.8,-0.17904497311967754,286,0.08808697773622762
2026-03-07,2026-12-18,17200.0,24643.016,6316.0,6516.0,1.0000000000000004e-05,368.0,418.0,0.3583948400354385,23223.0,-0.3002337830712786,286,0.10064603383592294
2026-03-07,2026-12-18,17300.0,24643.016,6240.0,6440.0,1.0000000000000004e-05,265.2,274.9,0.3135044083595276,23369.95,-0.3007445075496655,286,0.07701236718193212
2026-03-07,2026-12-18,18000.0,24643.016,4504.0,5304.0,1.0000000000000004e-05,400.3,476.3,0.3381170658254623,22465.7,-0.22161794372208032,286,0.08957923550107431
2026-03-07,2026-12-18,18300.0,24643.016,5246.0,5446.0,1.0000000000000004e-05,430.0,501.4,0.3308754123210906,23180.3,-0.23640172017202532,286,0.08578318357505312
2026-03-07,2026-12-18,18500.0,24643.016,4228.0,4428.0,1.0000000000000004e-05,493.3,504.6,0.3229361530303954,22329.05,-0.18811778919954666,286,0.08171588782231314
2026-03-07,2026-12-18,18600.0,24643.016,5244.0,5444.0,1.0000000000000004e-05,468.4,544.0,0.327149444026947,23437.8,-0.23118852292955466,286,0.08386206300263616
2026-03-07,2026-12-18,18700.0,24643.016,5192.0,5392.0,1.0000000000000004e-05,478.2,556.0,0.3253174539852142,23474.9,-0.22740824137380725,286,0.08292546169337722
2026-03-07,2026-12-18,19400.0,24643.016,6608.0,7408.0,0.5583106341314317,566.0,638.5,0.3109960315728186,25805.75,-0.2853242692439118,286,0.07578493165220791
2026-03-07,2026-12-18,19500.0,24643.016,6082.0,6882.0,0.4880164800548554,578.0,652.8,0.3092641763329506,25366.6,-0.2630188825054822,286,0.07494322903613407
2026-03-07,2026-12-18,19700.0,24643.016,3430.0,3630.0,1.0000000000000004e-05,474.7,484.6,0.2680999513673782,22750.35,-0.1439618941500592,286,0.05632051781378766
2026-03-07,2026-12-18,19900.0,24643.016,2908.9,3458.9,1.0000000000000004e-05,496.6,507.3,0.2643096107006073,22581.95,-0.1264311828725674,286,0.05473927974873997
2026-03-07,2026-12-18,20000.0,24643.016,6629.2,6808.1,0.5091256115365029,659.3,732.0,0.3012195370841026,26023.0,-0.2632484888105143,286,0.07109506280288236
2026-03-07,2026-12-18,20100.0,24643.016,1362.0,1562.0,1.0000000000000004e-05,584.9,595.1,0.2724150460791587,20972.0,-0.04246839964525634,286,0.01453808632817279
2026-03-07,2026-12-18,20200.0,24643.016,1324.0,1524.0,1.0000000000000004e-05,688.8,764.0,0.2976845401620863,20897.6,-0.03395171543396062,286,0.017360207687193412
2026-03-07,2026-12-18,20300.0,24643.016,1288.0,1488.0,1.0000000000000004e-05,618.2,629.8,0.2700306457138061,21064.0,-0.03694453614626661,286,0.014284710819543418
2026-03-07,2026-12-18,20500.0,24643.016,5724.0,6524.0,0.5226764728069305,737.2,812.6,0.2921039322876929,25849.1,-0.23185089795639383,286,0.06685716787881879
2026-03-07,2026-12-18,20700.0,24643.016,2500.0,2700.0,1.0000000000000004e-05,769.3,845.7,0.2882504113292693,22492.5,-0.08304822003781337,286,0.016277330490109446
2026-03-07,2026-12-18,20800.0,24643.016,2450.0,2650.0,1.0000000000000004e-05,790.1,864.4,0.2865888888669013,22522.75,-0.07957292278568105,286,0.01609022740173037
2026-03-07,2026-12-18,20900.0,24643.016,3922.0,4122.0,0.1991085033798217,714.9,725.5,0.2599012952566146,24201.8,-0.14667785159109725,286,0.05292855730672566
2026-03-07,2026-12-18,21000.0,24643.016,4620.0,5386.7,0.4048354538106918,802.5,972.7,0.2939018288135527,25115.75,-0.17897270166459883,286,0.06768271097059161
2026-03-07,2026-12-18,21200.0,24643.016,2960.0,3560.0,0.1291428868198395,763.2,773.9,0.2541702467632294,23691.45,-0.1111130418800868,286,0.05062005233191438
2026-03-07,2026-12-18,21500.0,24643.016,2572.0,2772.0,1.0000000000000004e-05,879.3,1064.0,0.2833418987083434,23200.35,-0.07611442963174793,286,0.015727707788674158
2026-03-07,2026-12-18,21600.0,24643.016,2500.0,2700.0,1.0000000000000004e-05,730.5,738.9,0.2308858059191703,23465.3,-0.08282941947346883,286,0.010443480638797305
2026-03-07,2026-12-18,21700.0,24643.016,2216.0,2416.0,1.0000000000000004e-05,732.7,776.1,0.2319899113178253,23261.6,-0.06949167179657338,286,0.010543597418851327
2026-03-07,2026-12-18,21800.0,24643.016,1477.4,2027.4,1.0000000000000004e-05,863.8,874.2,0.2417943005013466,22683.4,-0.039723409645433104,286,0.011453579072541385
2026-03-07,2026-12-18,22000.0,24643.016,3955.2,4616.8,0.3800919058537484,976.2,1172.0,0.2738896502447128,25211.9,-0.13627365191945895,286,0.0587793002361505
2026-03-07,2026-12-18,22100.0,24643.016,3186.0,3386.0,0.2232047513675689,1247.6,1306.7,0.2870440253829955,24108.85,-0.08700138448118294,286,0.051000815653546513
2026-03-07,2026-12-18,22200.0,24643.016,1910.0,2110.0,1.0000000000000004e-05,943.1,954.3,0.2343125618886947,23261.3,-0.04669874659031093,286,0.010755767137591242
2026-03-07,2026-12-18,22400.0,24643.016,3012.0,3212.0,0.2265328030323982,1067.3,1262.3,0.2658593159675598,24347.2,-0.08335589432271885,286,0.047493629912352654
2026-03-07,2026-12-18,22500.0,24643.016,3591.8,4252.6,0.3690453682947159,1182.0,1286.1,0.2638711633181572,25188.15,-0.11285833661515951,286,0.054557822952413675
2026-03-07,2026-12-18,22600.0,24643.016,672.0,752.0,1.0000000000000004e-05,1117.4,1311.3,0.2620057950091361,22097.65,0.022478638250112017,286,0.013448322722329535
2026-03-07,2026-12-18,22800.0,24643.016,2836.0,3036.0,0.2362999992895126,954.7,964.0,0.2068424863266944,24776.65,-0.08314114143256643,286,0.038468030884670906
2026-03-07,2026-12-18,22900.0,24643.016,2622.0,2822.0,0.2166182655668258,1194.0,1386.5,0.2559905544114113,24331.75,-0.06064517130989058,286,0.043753905248129735
2026-03-07,2026-12-18,23000.0,24643.016,3233.8,3959.1,0.365673686466217,1201.7,1450.1,0.2586863263273239,25270.55,-0.09414547017276272,286,0.07636306281822429
2026-03-07,2026-12-18,23500.0,24643.016,2896.0,3474.5,0.3378710203123093,1264.0,1656.5,0.2567685064554214,25225.0,-0.07083514508955936,286,0.06926609842687774
2026-03-07,2026-12-18,23800.0,24643.016,2343.1,2464.6,0.2355089343547821,1274.6,1303.2,0.1977697964453697,24914.95,-0.04578244423072635,286,0.03677459667756442
2026-03-07,2026-12-18,24000.0,24643.016,2570.5,3139.8,0.3272567313146591,1420.0,1801.0,0.2454864136958122,25244.65,-0.050560421735314304,286,0.06425885418133899
2026-03-07,2026-12-18,24200.0,24643.016,3475.2,3493.1,0.3798332242822647,1486.0,1863.6,0.2410597402048111,26009.35,-0.07210345559734221,286,0.07551733491641853
2026-03-07,2026-12-18,24400.0,24643.016,3341.8,3355.6,0.3742685902929306,1515.2,1528.6,0.1902327452754975,26226.8,-0.072198656424757,286,0.06242278270379601
2026-03-07,2026-12-18,24500.0,24643.016,3274.6,3289.1,0.3716848739886284,1590.0,1963.8,0.2345979460740089,26004.95,-0.05961378696533444,286,0.07200517353444372
2026-03-07,2026-12-18,24600.0,24643.016,2762.0,3362.0,0.3852869947409629,1514.2,1544.4,0.1800795531988143,26132.7,-0.06044096076239295,286,0.0626142804036927
2026-03-07,2026-12-18,24800.0,24643.016,2640.0,3240.0,0.3811002871501445,1580.0,1610.6,0.1753424618220329,26144.7,-0.052802839934019505,286,0.06065326055119322
2026-03-07,2026-12-18,25000.0,24643.016,2025.8,2556.0,0.3118965295410155,1690.5,2278.0,0.2391304763555526,25306.65,-0.01219138217715785,286,0.059478354596587825
2026-03-07,2026-12-18,25500.0,24643.016,1737.9,2269.0,0.3025253425836563,1887.7,2477.1,0.2282756254172325,25321.05,0.007042386553915629,286,0.05519205817970867
2026-03-07,2026-12-18,26000.0,24643.016,1510.0,1893.5,0.2813556533885002,2102.0,2690.9,0.2168070911931991,25305.3,0.027082678061162487,286,0.04861336325034452
2026-03-07,2026-12-18,26200.0,24643.016,1410.0,1791.7,0.2779436792230606,2194.0,2781.9,0.2121384252643585,25312.9,0.034445263556015134,286,0.04704905080390537
2026-03-07,2026-12-18,26400.0,24643.016,1312.0,1692.1,0.2744906974720955,2292.0,2876.7,0.2074704745841026,25317.7,0.04186025428503117,286,0.04550271192586182
2026-03-07,2026-12-18,26500.0,24643.016,1313.7,1645.5,0.2730237226247787,2340.0,2925.5,0.2051273202204704,25346.85,0.04449027103097162,286,0.04478611510641355
2026-03-07,2026-12-18,26600.0,24643.016,1265.8,1600.0,0.2716099145889282,2384.8,2399.6,0.1294225490164756,25640.7,0.03673028301580842,286,0.03150447434486985
2026-03-07,2026-12-18,27000.0,24643.016,1154.3,1339.3,0.2557940994668007,2602.0,3180.3,0.1927892821335792,25355.65,0.06283528111670557,286,0.039418449569135046
2026-03-07,2026-12-18,27500.0,24643.016,946.9,1138.0,0.2487965841460228,2884.0,3458.1,0.1796237014341354,25371.4,0.08056344929652935,286,0.03595449805042679
2026-03-07,2026-12-18,28000.0,24643.016,813.8,978.9,0.2449657127261161,3190.0,3760.1,0.1650064045238495,25421.3,0.0966171048875549,286,0.03292469942452877
2026-03-07,2026-12-18,28800.0,24643.016,681.4,693.0,0.229921412410736,3627.5,4419.4,0.160931633336544,25463.75,0.12311951499226996,286,0.04142208981669878
2026-03-07,2026-12-18,29000.0,24643.016,537.5,605.8,0.2226139560365676,3512.0,4312.0,1.0000000000000004e-05,25659.65,0.12237611079847724,286,0.038830943558256836
2026-03-07,2026-12-18,29500.0,24643.016,422.0,498.0,0.2187063146018981,3732.2,3746.0,1.0000000000000004e-05,26220.9,0.117833460656516,286,0.03747967475443536
2026-03-07,2026-12-18,30000.0,24643.016,340.0,385.2,0.2113568969774245,3885.1,4391.1,1.0000000000000004e-05,26224.5,0.13450329333847913,286,0.03500306038185953
2026-03-07,2026-12-18,32500.0,24643.016,102.0,121.9,0.1980032059001922,5868.5,6228.2,1.0000000000000004e-05,26563.6,0.20169823174379392,286,0.03071974545307292
2026-03-07,2026-12-31,24000.0,24643.016,2811.9,3246.1,0.3323507317352294,1293.0,1445.3,0.1991054039692878,25659.85,-0.06687368314825756,299,0.057843316184394165
2026-03-07,2026-12-31,25500.0,24643.016,2224.6,2413.8,0.3121418598055839,1785.9,1954.5,0.1642868644475936,25949.0,-0.0174546210595281,299,0.046485146889561346
2026-03-07,2026-12-31,26300.0,24643.016,1580.3,1789.1,0.275546285175085,2113.3,2285.4,0.1405048490047454,25785.35,0.01976243798971235,299,0.03544963378729086
2026-03-07,2027-01-15,24000.0,24643.016,3175.1,3197.7,0.318883792965412,1481.1,1872.0,0.2423154783034324,25509.85,-0.06101082174144638,314,0.06773466529508367
2026-03-07,2027-01-15,24300.0,24643.016,2976.5,2999.5,0.3124422642111778,1534.4,1559.1,0.1905882238221168,25741.25,-0.05761841319091803,314,0.05442086094094423
2026-03-07,2027-01-15,25000.0,24643.016,2084.0,2683.2,0.3116883922028541,1733.1,2328.0,0.2337463234257698,25353.05,-0.014023213513506346,314,0.06398266788359154
2026-03-07,2027-01-15,25400.0,24643.016,1858.0,2457.7,0.3050494548392295,1888.0,2484.6,0.2253321390748023,25371.55,0.0011207064971514545,314,0.060499764000764206
2026-03-07,2027-01-15,25500.0,24643.016,2239.7,2262.0,0.2879919681739806,1930.0,2519.7,0.2225810546016692,25526.0,-0.0010190883961185369,314,0.056065089615128044
2026-03-07,2027-01-15,26000.0,24643.016,1959.2,1983.3,0.2784188426995277,2209.2,2748.0,0.213311671359539,25492.65,0.0197063626989955,314,0.05200332473659816
2026-03-07,2027-01-15,27000.0,24643.016,1460.2,1483.8,0.2605733905100822,2642.0,3203.7,0.1868667854356766,25549.15,0.0552328180097725,314,0.0430572953902854
2026-03-07,2027-01-15,31000.0,24643.016,260.0,307.6,0.2082016970539092,4870.6,5518.5,1.0000000000000004e-05,26089.25,0.17246385239592654,314,0.0372911102740387
2026-03-07,2027-01-15,31500.0,24643.016,202.4,252.0,0.2061794508886337,5283.7,5931.7,1.0000000000000004e-05,26119.5,0.18730538402617733,314,0.036570217299133956
2026-03-07,2027-02-19,26500.0,24643.016,1540.0,1930.4,0.2771693034219741,2452.8,3052.0,0.1994918766212463,25482.8,0.039141018215799656,349,0.05431154268185492
2026-03-07,2027-06-17,26000.0,24643.016,2742.0,3340.0,0.3503534194052218,2212.4,2253.0,0.1294217145597934,26808.3,-0.030615003040258416,467,0.07362740525542893
2026-03-07,2027-12-17,14000.0,24643.016,7514.0,8314.0,1.0000000000000004e-05,278.9,311.3,0.3131811159992218,21618.9,-0.4345106024855216,650,0.17466730800558006
2026-03-07,2027-12-17,14200.0,24643.016,7364.0,8164.0,1.0000000000000004e-05,330.6,363.5,0.3194815023660659,21616.95,-0.4202357645716232,650,0.18176569789082483
2026-03-07,2027-12-17,14400.0,24643.016,6668.0,6868.0,1.0000000000000004e-05,353.9,453.9,0.3329391429042816,20764.1,-0.36599732739917085,650,0.1974013900564232
2026-03-07,2027-12-17,15400.0,24643.016,8760.0,8960.0,1.0000000000000004e-05,464.0,624.0,0.3309469371795653,23716.0,-0.4317824164255378,650,0.1950460791741037
2026-03-07,2027-12-17,17000.0,24643.016,4624.0,4824.0,1.0000000000000004e-05,641.2,801.2,0.3039372432899475,21002.8,-0.21144241811244133,650,0.16450849618671307
2026-03-07,2027-12-17,17500.0,24643.016,4326.0,4526.0,1.0000000000000004e-05,588.4,621.7,0.2616341041612625,21320.95,-0.1974892764748854,650,0.12190154218951542
2026-03-07,2027-12-17,18000.0,24643.016,6398.0,6598.0,1.0000000000000004e-05,685.2,742.0,0.2628810208606721,23784.4,-0.2786581456871374,650,0.12306624721558063
2026-03-07,2027-12-17,18400.0,24643.016,6574.0,6774.0,0.2207347595882415,800.0,1052.0,0.2889034332871436,24148.0,-0.27185089631923975,650,0.14863664643099825
2026-03-07,2027-12-17,18500.0,24643.016,4532.0,4732.0,1.0000000000000004e-05,798.6,834.0,0.2588651384735108,22315.7,-0.18751973453923818,650,0.11933494231778477
2026-03-07,2027-12-17,19000.0,24643.016,8102.0,8900.0,0.496135505156517,885.9,923.7,0.2536464463829995,26596.2,-0.3363293692733022,650,0.11457188450896026
2026-03-07,2027-12-17,19200.0,24643.016,4118.0,4318.0,1.0000000000000004e-05,896.0,1096.0,0.266843736436367,22422.0,-0.15513234069766602,650,0.1268044569560516
2026-03-07,2027-12-17,19500.0,24643.016,4738.0,5538.0,0.1704420553517342,1094.6,1139.4,0.2615246711277961,23521.0,-0.18747917356370541,650,0.1217995886178801
2026-03-07,2027-12-17,20000.0,24643.016,5194.0,5994.0,0.2662943063151837,1132.3,1532.3,0.2849756456840037,24261.7,-0.19316670170303912,650,0.14462254003139624
2026-03-07,2027-12-17,20600.0,24643.016,2706.0,2906.0,1.0000000000000004e-05,1830.0,2030.0,0.3106584342408179,21476.0,-0.0416449567647877,650,0.042968951658812954
2026-03-07,2027-12-17,20700.0,24643.016,6680.0,7480.0,0.4441326415538786,1200.0,1730.0,0.2787385588169098,26315.0,-0.24000541853441884,650,0.1383612868804469
2026-03-07,2027-12-17,20800.0,24643.016,4666.0,4866.0,0.2062619428920745,1200.5,1750.5,0.2769957364320755,24090.5,-0.1468645852043229,650,0.1366364786328934
2026-03-07,2027-12-17,21000.0,24643.016,4738.0,5538.0,0.282641193511486,1211.3,1798.0,0.2740521308815479,24633.35,-0.1595787781523809,650,0.13374786516840023
2026-03-07,2027-12-17,21300.0,24643.016,2396.0,2596.0,1.0000000000000004e-05,1237.0,1868.0,0.2693475833153724,22243.5,-0.04334275838571687,650,0.0323012191768312
2026-03-07,2027-12-17,21400.0,24643.016,2354.0,2554.0,1.0000000000000004e-05,1205.2,1892.0,0.2677938249731064,22305.4,-0.0414378795904588,650,0.031929642216196596
2026-03-07,2027-12-17,21500.0,24643.016,5650.0,6450.0,0.388118783096075,1214.6,1916.0,0.2662167018437386,25984.7,-0.18945496813795684,650,0.1262092219763362
2026-03-07,2027-12-17,21600.0,24643.016,4382.0,4582.0,0.228417125428915,1227.0,1942.0,0.2647934763681889,24497.5,-0.12587775683771718,650,0.12486337077437781
2026-03-07,2027-12-17,21800.0,24643.016,5444.0,6244.0,0.383200614619255,1208.0,1992.0,0.2616956155395508,26044.0,-0.1778774455795723,650,0.12195886815124887
2026-03-07,2027-12-17,22000.0,24643.016,4156.0,4356.0,0.2295906099402904,1322.3,2122.3,0.2654302860248088,24533.7,-0.1090052292488938,650,0.12546466816571966
2026-03-07,2027-12-17,22100.0,24643.016,5242.0,6042.0,0.3784787818789482,1516.4,1556.7,0.2126960807442665,26205.45,-0.17038979587834377,650,0.08056371177145616
2026-03-07,2027-12-17,22400.0,24643.016,5044.0,5844.0,0.3739416024816035,1488.0,1888.0,0.2303341108441353,26156.0,-0.15501765083803531,650,0.09447937452584373
2026-03-07,2027-12-17,22500.0,24643.016,5446.0,6246.0,0.4115937184798717,1600.1,2800.0,0.303023036390543,26145.95,-0.15017899358905798,650,0.1635203407648598
2026-03-07,2027-12-17,22800.0,24643.016,4784.0,5584.0,0.3679765484929085,1693.8,1746.6,0.2036987303805351,26263.8,-0.14143102922360928,650,0.07389195148799249
2026-03-07,2027-12-17,22900.0,24643.016,4718.0,5518.0,0.3663577025294304,1721.5,1774.6,0.2023475065958499,26269.95,-0.13728878982368078,650,0.07291488692222572
2026-03-07,2027-12-17,23000.0,24643.016,1730.0,1930.0,0.068547026720047,1749.6,1803.0,0.2009937794411182,23053.7,-0.002332061238828958,650,0.032345178096511676
2026-03-07,2027-12-17,23200.0,24643.016,4528.0,5328.0,0.3620482105982304,1600.1,2800.0,0.2743457404255867,25927.95,-0.11116925874796747,650,0.13403460394049643
2026-03-07,2027-12-17,23600.0,24643.016,4746.0,5546.0,0.3940363922619819,1730.5,2330.0,0.2204891909074783,26715.75,-0.12400656709976506,650,0.08657551821800648
2026-03-07,2027-12-17,24000.0,24643.016,4486.9,5030.3,0.3663454240953922,2052.4,2096.8,0.1862268763685226,26684.0,-0.10601030449932339,650,0.061759704556945336
2026-03-07,2027-12-17,24200.0,24643.016,1334.0,1534.0,0.0998504770720005,1920.0,2520.0,0.2111400574481486,23414.0,0.033018499105160096,650,0.043058098058036454
2026-03-07,2027-12-17,24300.0,24643.016,4512.0,5312.0,0.3986573749518395,2148.5,2192.4,0.1816252053904533,27041.55,-0.10689822167059682,650,0.05874524630556391
2026-03-07,2027-12-17,24500.0,24643.016,4325.7,4836.9,0.3675040075945853,2299.5,3499.5,0.2744589881181717,26181.8,-0.0663913953422085,650,0.18347651856981045
2026-03-07,2027-12-17,25000.0,24643.016,4042.2,4522.5,0.3585809238755703,2474.4,3674.4,0.2657196040773392,26207.95,-0.04718697498623049,650,0.17351934724759108
2026-03-07,2027-12-17,25500.0,24643.016,3755.3,4221.9,0.3502698545289039,2380.6,2463.4,0.1506406366991997,27066.6,-0.05962204327792154,650,0.11170709461955276
2026-03-07,2027-12-17,26000.0,24643.016,2511.8,3711.8,0.3254276022672653,2341.3,3541.3,0.209299246007204,26170.5,-0.006536284184447034,650,0.1272988503237026
2026-03-07,2027-12-17,26500.0,24643.016,2758.0,3358.0,0.3121225480937957,2694.0,3894.0,0.2117176206803321,26264.0,0.008945552792885007,650,0.12216817779030775
2026-03-07,2027-12-17,27000.0,24643.016,2729.1,3196.0,0.3128375582623481,3089.5,3172.8,0.1275412068223953,26831.4,0.006264022533065521,650,0.08634023758864133
2026-03-07,2027-12-17,27500.0,24643.016,2280.0,2880.0,0.3011855627763271,3093.7,4293.7,0.189677831581831,26386.3,0.04134106860984311,650,0.1072708676359782
2026-03-07,2027-12-17,28000.0,24643.016,2412.0,3012.0,0.3231487010681628,3470.7,3887.1,0.1225718980717659,27033.1,0.035142469078555345,650,0.08844757131745003
2026-03-07,2028-12-15,15000.0,24643.016,12072.0,12872.0,0.5229370617079734,512.2,584.0,0.2705248824858666,26923.9,-0.5849641668809875,1014,0.20331036715782963
2026-03-07,2028-12-15,16000.0,24643.016,10874.0,11674.0,0.4984347909402847,646.5,720.0,0.2611563181066513,26590.75,-0.5079746887098788,1014,0.18947249096394728
2026-03-07,2028-12-15,18000.0,24643.016,9858.0,10658.0,0.4992139350652695,1023.3,1084.7,0.2456828686404228,27204.0,-0.4129922634172276,1014,0.16768524096053333
2026-03-07,2028-12-15,19500.0,24643.016,8310.0,9110.0,0.4333732763016224,1200.0,1600.0,0.2483851970016956,26810.0,-0.31836048667816685,1014,0.17139435335568529
2026-03-07,2028-12-15,20000.0,24643.016,8146.0,8946.0,0.4390310118150712,1205.1,1364.2,0.2146912666714191,27261.35,-0.3097376745989517,1014,0.12804830888977559
2026-03-07,2028-12-15,23000.0,24643.016,6020.0,6820.0,0.3826097000801562,1878.3,2010.5,0.1746806184649467,27475.6,-0.17780412215666583,1014,0.08476850664613267
2026-03-07,2028-12-15,25000.0,24643.016,4746.0,5546.0,0.3513697876441478,2383.6,3583.6,0.2073053713691234,27162.4,-0.08295783916132106,1014,0.21677231805800193
2026-03-07,2028-12-15,28000.0,24643.016,3524.0,4324.0,0.3388379171907901,3568.0,4368.0,0.132887570785284,27956.0,0.00157266456032139,1014,0.15454814048654308
2026-03-07,2029-12-21,8000.0,24643.016,16711.0,18311.0,0.517325459728241,198.9,238.9,0.3676897338104248,25292.1,-1.1510505523281038,1385,0.51300301475115
2026-03-07,2029-12-21,9000.0,24643.016,15902.9,17502.9,0.5011784845113756,200.6,300.5,0.3500135571193694,25452.350000000002,-1.0395834993149147,1385,0.46486477775831603
2026-03-07,2029-12-21,10000.0,24643.016,15105.3,16705.3,0.5945627702331542,266.6,366.5,0.3327836955451966,25588.75,-0.9395677087786484,1385,0.4202241326265605
2026-03-07,2029-12-21,11000.0,24643.016,14320.3,15920.3,0.5682420991468429,384.2,484.2,0.3249798566532134,25686.1,-0.8480547167562924,1385,0.4007465520932198
2026-03-07,2029-12-21,12000.0,24643.016,13546.9,15146.9,0.5444898857283592,400.0,553.6,0.3066227633094788,25870.1,-0.7681812118837188,1385,0.35675140763469537
2026-03-07,2029-12-21,15000.0,24643.016,11672.2,13272.2,0.5162670110309122,700.0,977.1,0.2765502557718753,26633.65,-0.5741252527935533,1385,0.2902050983423923
2026-03-07,2029-12-21,16000.0,24643.016,10594.0,12194.0,0.4683798069930077,855.9,1255.9,0.2767208425593375,26338.1,-0.49842783783654393,1385,0.29056322799684453
2026-03-07,2029-12-21,16500.0,24643.016,11636.0,12436.0,0.5068085637462139,830.0,1030.0,0.2424182356834411,27606.0,-0.5146727594948516,1385,0.22299107499655688
2026-03-07,2029-12-21,17000.0,24643.016,11384.0,12184.0,0.5050951857614516,1018.0,1218.0,0.2466168640840054,27666.0,-0.4869908783964074,1385,0.23078227546882435
2026-03-07,2029-12-21,17500.0,24643.016,9879.0,11479.0,0.4695048930168152,1075.9,1475.9,0.2551181895542145,26903.1,-0.4300406406742056,1385,0.2469674727078544
2026-03-07,2029-12-21,18000.0,24643.016,9342.3,10942.3,0.4475021776366233,1194.0,1394.0,0.235452429716587,26848.3,-0.39983074634288857,1385,0.21036004828309704
2026-03-07,2029-12-21,18500.0,24643.016,9484.0,10278.0,0.4173142766606806,1200.0,1599.9,0.2383384577560424,26981.05,-0.3773640356548833,1385,0.21554857621111614
2026-03-07,2029-12-21,20000.0,24643.016,8678.0,9472.0,0.4096934221982956,1410.0,1810.0,0.214244236305952,27465.0,-0.31718019324059277,1385,0.17417074250573705
2026-03-07,2029-12-21,20500.0,24643.016,8884.0,9684.0,0.4372741228747367,1497.2,2297.1,0.2327723932695389,27886.85,-0.30773036540899223,1385,0.20559845778020275
2026-03-07,2029-12-21,21500.0,24643.016,6328.0,7128.0,0.3064763757658004,2010.6,2294.9,0.2055853177309036,26075.25,-0.19293365343496555,1385,0.16037663608253555
2026-03-07,2029-12-21,22000.0,24643.016,6050.0,6850.0,0.3037834648442268,1858.0,2458.0,0.2018014143013954,26292.0,-0.17822225704301395,1385,0.15452733692452095
2026-03-07,2029-12-21,23000.0,24643.016,7318.0,8118.0,0.4024636895036698,2113.2,2392.1,0.170944755898714,28465.35,-0.21319334220016464,1385,0.1108838952149047
2026-03-07,2029-12-21,23500.0,24643.016,6362.0,7162.0,0.3583696871268749,2516.3,2712.3,0.1748970407658815,27647.7,-0.16254212071821816,1385,0.11607049367971903
2026-03-07,2029-12-21,24500.0,24643.016,6108.0,6908.0,0.3652736240911483,2826.4,3027.6,0.1631689309096337,28081.0,-0.1364200735084303,1385,0.10102569457440287
2026-03-07,2029-12-21,25000.0,24643.016,5536.0,6336.0,0.3436667988026141,2710.6,3009.8,0.1473332676392794,28075.8,-0.11603217045273265,1385,0.08236800569390557
2026-03-07,2029-12-21,25500.0,24643.016,5274.0,6074.0,0.3390867044901848,3157.6,3365.9,0.1505365680301189,27912.25,-0.09038720840110487,1385,0.22741600298355194
2026-03-07,2029-12-21,30000.0,24643.016,3736.0,4536.0,0.3307053023660183,4424.1,4850.2,1.0000000000000004e-05,29498.85,0.016846102127087665,1385,0.10375415516327396
